match_id,match_timestamp,p1_name,p2_name,p1_avg_1st_sv_speed,p2_avg_1st_sv_speed,p1_avg_2nd_sv_speed,p2_avg_2nd_sv_speed,p1_winners,p2_winners,p1_unforced_errors,p2_unforced_errors,p1_net_points_won,p2_net_points_won,p1_net_points_played,p2_net_points_played,data_added_timestamp
fuR6hT6m,1756144500,Chen C.,Kikuchi Y.,,,,,,,,,,,,,1756162727.489406
63pOnkHr,1756143900,Charlton J.,Santillan A.,,,,,,,,,,,,,1756162723.990676
pKWqVPkt,1756143600,Huang T.,Nam Ji S.,,,,,,,,,,,,,1756162720.511507
Ikh0RMX7,1756139100,Uesugi K.,Watt J.,,,,,,,,,,,,,1756162716.653895
pdpnkQPE,1756139100,Uchida K.,Yuzuki T.,,,,,,,,,,,,,1756162713.145705
WCGTSZ8C,1756139100,Peliwo F.,Liu H.,,,,,,,,,,,,,1756162709.859972
vJNhnywo,1756141500,Pieczonka F.,De Schepper K.,,,,,,,,,,,,,1756162706.211551
fie44zaT,1756137000,Jorda Sanchis D.,Cacao T.,,,,,,,,,,,,,1756162702.973114
vuD8LYYR,1756136700,McKennon M.,Kielan S.,,,,,,,,,,,,,1756162699.627015
G4AIAd3C,1756130700,Wallin O.,Martinez A.,,,,,,,,,,,,,1756162696.141068
4xicc1on,1756130700,Martin D.,Torres T.,,,,,,,,,,,,,1756162692.608825
EsVRWtL7,1756130700,Alcala Gurri M.,Gima S.,,,,,,,,,,,,,1756162689.178341
nTGYapMs,1756154700,Araujo P.,Ymer E.,,,,,,,,,,,,,1756162685.489225
dtqOA1z0,1756152900,Barrena A.,Negritu Ch.,,,,,,,,,,,,,1756162682.008184
Cz2bftjJ,1756150200,Hernandez A.,Olivieri G. A.,,,,,,,,,,,,,1756162678.729893
reAsbOjf,1756148700,Alvarez Varona N.,Strombachs R.,,,,,,,,,,,,,1756162675.021817
Gtf1Ihx9,1756145400,Pereira T.,Dodig M.,,,,,,,,,,,,,1756162671.76698
h8xX8u5C,1756143600,Bailly G. A.,Mrva M.,,,,,,,,,,,,,1756162668.294519
b5uu7JZO,1756138200,Seyboth Wild T.,Sanchez Izquierdo N.,,,,,,,,,,,,,1756162664.803945
U30ZzTj5,1756150800,Chidekh C.,Wiskandt M.,,,,,,,,,,,,,1756162661.315968
Qm5IzKdM,1756144800,Escoffier A.,Stewart H.,,,,,,,,,,,,,1756162657.841152
xU3sZ6LH,1756143300,Masur D.,Karol M.,,,,,,,,,,,,,1756162654.36035
8lCQxkMh,1756142100,Gerasimov E.,Poullain L.,,,,,,,,,,,,,1756162650.674368
U1LFGb5j,1756141800,Barroso Campos A.,Glinka D.,,,,,,,,,,,,,1756162647.190932
rmfdTykd,1756134600,Honda N.,Lokoli L.,,,,,,,,,,,,,1756162643.506644
0GIyZrxH,1756133100,Soriano Barrera A.,Poljak D.,,,,,,,,,,,,,1756162639.852814
Me81v2cc,1756133100,Soriano Barrera A.,Reymond A.,,,,,,,,,,,,,1756162636.337871
xOGgwBt9,1756132800,Pichler D.,Callejon H. S.,,,,,,,,,,,,,1756162632.85648
0O8IvBit,1756132200,Misolic F.,Callejon H. S.,,,,,,,,,,,,,1756162628.955477
02w3wWc6,1756128600,Parker S.,Tsitsipas Pa.,,,,,,,,,,,,,1756162625.278496
ALtkVcKq,1756128300,Parker S.,Jones M.,,,,,,,,,,,,,1756162621.280519
bexqius3,1756127100,Pieczkowski O.,Langmo C.,,,,,,,,,,,,,1756162617.493383
IN1AxtS9,1756127100,Paul J.,Milavsky D.,,,,,,,,,,,,,1756162613.404967
W8zikJBF,1756127100,Geerts M.,Qi H.,,,,,,,,,,,,,1756162610.122921
6HkuYKyH,1756137900,Brancaccio R.,Iannaccone F.,,,,,,,,,,,,,1756162606.64123
dfUHzauP,1756136100,Fonio G.,Vasami J.,,,,,,,,,,,,,1756162602.965599
p8AEnKjA,1756134300,Boitan G. A.,Dalla Valle E.,,,,,,,,,,,,,1756162599.283897
Sv4m8Ia4,1756127400,Montes-De La Torre I.,Pennaforti G.,,,,,,,,,,,,,1756162595.582028
C2f5euGb,1756127100,Molleker R.,Squire H.,,,,,,,,,,,,,1756162591.691858
ClFWtt15,1756127100,Compagnucci T.,Faurel T.,,,,,,,,,,,,,1756162587.598762
Ug7cUwE6,1756149600,Martin Tiffon P.,Torres J. B.,,,,,,,,,,,,,1756162583.602233
j9e6SHrJ,1756149300,Gakhov I.,Ajdukovic D.,,,,,,,,,,,,,1756162579.768759
jmKVFvaD,1756144800,Bueno G.,Diaz Acosta F.,,,,,,,,,,,,,1756162575.632837
zXTOpabm,1756143300,Jianu F. C.,Martin A.,,,,,,,,,,,,,1756162571.621372
2RmlYLEs,1756141200,Caniato C. A.,Rodriguez Taverna S.,,,,,,,,,,,,,1756162567.626945
URbUBjn4,1756172400,Duckworth J.,Boyer T.,,,,,,,,,,,,,1756162563.839246
lQrdA6mT,1756168500,Dellien H.,Majchrzak K.,,,,,,,,,,,,,1756162559.948021
2ucxAUGG,1756167900,Munar J.,Faria J.,,,,,,,,,,,,,1756162556.530495
Y9hkuRn3,1756167600,Van De Zandschulp B.,Rune H.,,,,,,,,,,,,,1756162553.02925
0O8VKd1l,1756167600,Tiafoe F.,Nishioka Y.,,,,,,,,,,,,,1756162549.215561
tfGs3CIl,1756166400,Brooksby J.,Vukic A.,,,,,,,,,,,,,1756162543.714453
2wIIk0V1,1756164000,Passaro F.,Cobolli F.,,,,,,,,,,,,,1756162539.062727
xpWikaCd,1756164000,Bellucci M.,Shang J.,,,,,,,,,,,,,1756162534.760433
MB2XvIhK,1756161600,Comesana F.,Michelsen A.,,,,,,,,,,,,,1756162529.805792
Y3cKTLun,1756160400,Galan D. E.,Collignon R.,,,,,,,,,,,,,1756162524.724158
Ya5LDCHi,1756158900,Gomez F. A.,Draper J.,,,,,,,,,,,,,1756162520.139158
tdq4ZeGs,1756157100,Fonseca J.,Kecmanovic M.,,,,,,,,,,,,,1756162514.689456
UHFoHE0D,1756152600,Norrie C.,Korda S.,,,,,,,,,,,,,1756162510.32477
rZf5D3N8,1756152600,Kovacevic A.,Wong C.,,,,,,,,,,,,,1756162506.687102
K6SFQRX9,1756152600,Humbert U.,Walton A.,,,,,,,,,,,,,1756162503.219388
hdhPnCk5,1756152600,Bergs Z.,Tseng C. H.,,,,,,,,,,,,,1756162498.560946
zRWZEGbD,1756152300,Damm M.,Blanch Dar.,,,,,,,,,,,,,1756162494.528804
GG0vQt7E,1756152300,Baez S.,Harris L.,,,,,,,,,,,,,1756162491.137568
jN0B9lF8,1756152000,Djere L.,Collignon R.,,,,,,,,,,,,,1756162487.675246
OYcpg8DU,1756101900,Medvedev D.,Bonzi B.,,,,,,,,,,,,,1756162484.174483
ngnCXZpf,1756095600,Djokovic N.,Tien L.,,,,,,,,,,,,,1756162480.859622
S2IZk9Pp,1756095000,Nakashima B.,De Jong J.,,,,,,,,,,,,,1756162477.208312
rLuj267r,1756092000,Navone M.,Giron M.,,,,,,,,,,,,,1756162473.710357
O0fZ1xd2,1756088400,Thompson J.,Moutet C.,,,,,,,,,,,,,1756162470.260843
KCL9P1uo,1756032000,Samrej K.,Chen C.,,,,,,,,,,,,,1756123021.903737
f3DKwh0e,1756031400,Tajima N.,Kikuchi Y.,,,,,,,,,,,,,1756123015.878352
08bdm5Xi,1756030200,Zeng Y.,Santillan A.,,,,,,,,,,,,,1756123012.071061
f5hvbMoA,1756027200,Peliwo F.,Wang A.,,,,,,,,,,,,,1756123007.055238
40eDqNWG,1756026000,Rai A.,Charlton J.,,,,,,,,,,,,,1756123001.833235
xEgLs11T,1756026000,Huang T.,Nakagawa S.,,,,,,,,,,,,,1756122997.017284
6qCqxuPj,1756025700,Kaliyanda Poonacha N.,Nam Ji S.,,,,,,,,,,,,,1756122989.847446
SGBSyWU7,1756021200,Liu H.,Kusuhara Y.,,,,,,,,,,,,,1756122983.294962
8Y14oq24,1756019400,Yuzuki T.,Leong M. W. K.,,,,,,,,,,,,,1756122976.739582
Yk4VarHc,1756019400,Watanabe S.,Watt J.,,,,,,,,,,,,,1756122971.63161
04KBuEVr,1756019400,Uchida K.,Sun Qian,,,,,,,,,,,,,1756122967.344497
jcVwVNHN,1756018800,Delaney Ja.,Uesugi K.,,,,,,,,,,,,,1756122961.572588
hpr6QKGO,1756065600,Cacao T.,Freitas J.,,,,,,,,,,,,,1756122956.461287
GnFAvwf4,1756062300,Massard L.,Pieczonka F.,,,,,,,,,,,,,1756122952.166168
fXQ1taPi,1756062000,Cacao T.,Baadi T.,,,,,,,,,,,,,1756122947.229744
bV6RzegT,1756057800,Bangoura S.,De Schepper K.,,,,,,,,,,,,,1756122942.532278
8thqOH9N,1756056900,Jorda Sanchis D.,Valdoleiros G.,,,,,,,,,,,,,1756122937.413195
A9zpgx9c,1756055100,Torres T.,McCormick T.,,,,,,,,,,,,,1756122932.086486
fFXVqYVq,1756051800,Kielan S.,Vilicich B.,,,,,,,,,,,,,1756122925.757315
2HhiiGwA,1756050600,McKennon M.,Jermar J.,,,,,,,,,,,,,1756122919.181478
23DIxHOG,1756050000,Martin D.,Maia H.,,,,,,,,,,,,,1756122912.626297
SQYFIeXp,1756044600,Heinonen A.,Martinez A.,,,,,,,,,,,,,1756122906.072016
f1hcVYGj,1756044600,Bocchi L.,Gima S.,,,,,,,,,,,,,1756122900.966936
zTgyQwuB,1756044600,Alcala Gurri M.,Luis T.,,,,,,,,,,,,,1756122896.239838
xU9adg2N,1756072800,Brancaccio R.,Somani P.,,,,,,,,,,,,,1756122889.685111
fs2ScoMU,1756068900,Boitan G. A.,Duda F.,,,,,,,,,,,,,1756122883.337626
0OEz2cYo,1756065600,Kalyanpur A.,Dalla Valle E.,,,,,,,,,,,,,1756122877.607389
6aSNjXPp,1756065600,Cukierman D.,Iannaccone F.,,,,,,,,,,,,,1756122872.684046
dp5Z8WoT,1756063200,Vasami J.,Vrbensky M.,,,,,,,,,,,,,1756122866.53975
4GBibFXA,1756062600,Barnat J.,Pennaforti G.,,,,,,,,,,,,,1756122863.059357
fL8ICEn4,1756062000,Fossati C.,Squire H.,,,,,,,,,,,,,1756122859.34687
8lIr0y3b,1756060200,Montes-De La Torre I.,Kravchenko G.,,,,,,,,,,,,,1756122855.478411
2oCQAhHG,1756055700,Fonio G.,Piatti R.,,,,,,,,,,,,,1756122850.767111
hGj53A9j,1756055700,Compagnucci T.,Basile P.,,,,,,,,,,,,,1756122847.103474
Y5K9EzIi,1756055400,Molleker R.,Latinovic S.,,,,,,,,,,,,,1756122842.778866
8OYiRD1c,1756055100,Faurel T.,Janvier M.,,,,,,,,,,,,,1756122838.886721
I5htm1Ad,1756001400,Van De Zandschulp B.,Fucsovics M.,,,,,,,,,,,,,1756122835.404112
joqb0pxe,1756085700,Ugo Carabelli C.,Etcheverry T. M.,,,,,,,,,,,,,1756122824.548715
dtFAiM0k,1756084500,Kym J.,Quinn E.,,,,,,,,,,,,,1756122820.861613
jabDBshL,1756084500,Carreno-Busta P.,Llamas Ruiz P.,,,,,,,,,,,,,1756122817.176419
rVt3eV1N,1756081800,Svajda Z.,Piros Z.,,,,,,,,,,,,,1756122813.487743
YkMxJzW0,1756080600,Nardi L.,Machac T.,,,,,,,,,,,,,1756122809.800663
bm4J7SqL,1756078200,Mannarino A.,Griekspoor T.,,,,,,,,,,,,,1756122805.908543
E3M2BkTb,1756077900,Lehecka J.,Coric B.,,,,,,,,,,,,,1756122802.223291
6JfD0YEt,1756074600,Darderi L.,Hijikata R.,,,,,,,,,,,,,1756122798.534191
nT2LbCqg,1756074300,Dostanic S.,Spizzirri E.,,,,,,,,,,,,,1756122794.847383
88zLVDF6,1756073400,Nava E.,Fritz T.,,,,,,,,,,,,,1756122791.160353
lA8h2wF7,1756073400,Blanchet U.,Marozsan F.,,,,,,,,,,,,,1756122787.474752
8EuJIbal,1756070100,Shelton B.,Buse I.,,,,,,,,,,,,,1756122783.786571
W2Ff9K3S,1756066200,Shevchenko A.,Davidovich Fokina A.,,,,,,,,,,,,,1756122780.09916
tzdcw5HF,1756066200,Mensik J.,Jarry N.,,,,,,,,,,,,,1756122776.41201
G8fxeUrI,1756066200,Carballes Baena R.,Rinderknech A.,,,,,,,,,,,,,1756122772.931722
bPJuvdDj,1755962700,Molcan A.,Schwaerzler J. J.,,,,,,,,,,,,,1756079228.993183
0CtR6tG6,1755963300,Echargui M.,Added D.,,,,,,,,,,,,,1756079225.308481
IR98AreE,1755965400,Stebe C.,Ritschard A.,,,,,,,,,,,,,1756079221.824968
Ecey7nrn,1755921300,Van De Zandschulp B.,Mpetshi Perricard G.,,,,,,,,,,,,,1756079214.247377
6RUvfhzK,1755873000,Dodig M.,Molcan A.,,,,,,,,,,,,,1756079199.091452
C83tuJQp,1755868200,Schwaerzler J. J.,Sharipov M.,,,,,,,,,,,,,1756079195.617771
AeqWNehg,1755877200,Echargui M.,Bertrand R.,,,,,,,,,,,,,1756079192.128527
69y9cRtC,1755867900,Jodar R.,Added D.,,,,,,,,,,,,,1756079187.651658
GhIAvEwp,1755885900,Squire H.,Ritschard A.,,,,,,,,,,,,,1756079184.141173
GxEGlD3e,1755877200,Kolar Z.,Stebe C.,,,,,,,,,,,,,1756079180.659579
Awnyq3TP,1755875400,Ritschard A.,Negritu Ch.,,,,,,,,,,,,,1756079176.973355
tCaTFsBU,1755910800,Korda S.,Fucsovics M.,,,,,,,,,,,,,1756079170.000546
0QRmfWt3,1755908100,Bu Y.,Van De Zandschulp B.,,,,,,,,,,,,,1756079166.52846
d2lyobT8,1755834600,Medjedovic H.,Mpetshi Perricard G.,,,,,,,,,,,,,1756079162.852065
0rTruXwq,1755908400,Faria J.,Blanchet U.,,,,,,,,,,,,,1756079159.35945
l2UcldYg,1755907500,Kym J.,Wu Y.,,,,,,,,,,,,,1756079155.059246
dpRyq1dE,1755904500,Mochizuki S.,Galan D. E.,,,,,,,,,,,,,1756079148.504571
WMa4Losg,1755903300,Kubler J.,Prizmic D.,,,,,,,,,,,,,1756079144.554992
OdddN7Ct,1755901500,Duckworth J.,Piros Z.,,,,,,,,,,,,,1756079141.16401
hjToYOQb,1755900900,Merida Aguilar D.,Harris L.,,,,,,,,,,,,,1756079137.552919
tvdIOBg2,1755900900,De Jong J.,Krueger M.,,,,,,,,,,,,,1756079133.005336
dOZxzodn,1755900600,Wong C.,Harris B.,,,,,,,,,,,,,1756079129.314718
6ebqwB8e,1755900600,Passaro F.,Rocha H.,,,,,,,,,,,,,1756079125.587045
0IXcEUZP,1755900300,Huesler M.,Svajda Z.,,,,,,,,,,,,,1756079121.10333
0xUH4D86,1755893400,Gomez F. A.,Grenier H.,,,,,,,,,,,,,1756079117.446172
4xiomPwB,1755893400,Coppejans K.,Buse I.,,,,,,,,,,,,,1756079113.738885
lYrQdJBL,1755893400,Cazaux A.,Struff J-L.,,,,,,,,,,,,,1756079110.230977
8IPdicZr,1755893100,Trungelliti M.,Llamas Ruiz P.,,,,,,,,,,,,,1756079106.783236
nuTLNmg2,1755893100,Shimizu Y.,Damm M.,,,,,,,,,,,,,1756079103.060871
b347iPC6,1755893100,Riedi L.,Johns G.,,,,,,,,,,,,,1756079099.41069
t01BAshM,1755834900,van Assche L.,Wu Y.,,,,,,,,,,,,,1756079095.363337
z9LQhaE6,1755834000,Kym J.,Zheng M.,,,,,,,,,,,,,1756079091.654214
lxJPwold,1755832800,Maloney P.,Galan D. E.,,,,,,,,,,,,,1756079088.309955
hvkscTkA,1755829800,Blanchet U.,Popko D.,,,,,,,,,,,,,1756079084.669816
fyil9EM7,1755791400,Schwaerzler J. J.,Agamenone F.,,,,,,,,,,,,,1756079068.316751
2oCESQBT,1755786600,Nedic A.,Dodig M.,,,,,,,,,,,,,1756079064.008592
M9kGjfhL,1755781800,Molcan A.,Roncadelli F.,,,,,,,,,,,,,1756079060.314959
8AaRbtME,1755781800,Ferreira Silva F.,Sharipov M.,,,,,,,,,,,,,1756079056.497403
69FL1ly3,1755790200,Paul J.,Bertrand R.,,,,,,,,,,,,,1756079052.559331
08v6ibEl,1755787200,Added D.,Xilas I.,,,,,,,,,,,,,1756079049.056492
4lXPrbJO,1755782100,Echargui M.,Rosenkranz M.,,,,,,,,,,,,,1756079045.17073
hdfLbFYr,1755781800,Sakellaridis S.,Jodar R.,,,,,,,,,,,,,1756079041.431804
tWN5UnsH,1755807900,Sanchez Izquierdo N.,Squire H.,,,,,,,,,,,,,1756079037.378605
jgXn8rNG,1755806400,Sanchez Martinez B.,Kolar Z.,,,,,,,,,,,,,1756079033.629067
h2uDAIW1,1755803100,Stebe C.,Cerny M.,,,,,,,,,,,,,1756079030.172262
f7DNu8bk,1755785400,Ritschard A.,Schoenhaus M.,,,,,,,,,,,,,1756079026.555648
zNtcEZBD,1755824700,Munar J.,Fucsovics M.,,,,,,,,,,,,,1756079019.301268
v94deWT1,1755817800,Korda S.,Kecmanovic M.,,,,,,,,,,,,,1756079015.241171
I1f2F90n,1755754800,Baez S.,Van De Zandschulp B.,,,,,,,,,,,,,1756079010.91924
Aqa9MrET,1755747600,Bu Y.,Navone M.,,,,,,,,,,,,,1756079007.239757
pYwd7RQF,1755745800,Sonego L.,Munar J.,,,,,,,,,,,,,1756079003.795092
jF6B2qqm,1755827400,Passaro F.,Pacheco Mendez R.,,,,,,,,,,,,,1756078986.157647
SSH2x6aM,1755826800,Faria J.,Zeppieri G.,,,,,,,,,,,,,1756078982.505444
Cjf8cyu1,1755825600,Merida Aguilar D.,Droguet T.,,,,,,,,,,,,,1756078978.964187
l2Qe0iV7,1755825000,Mochizuki S.,Burruchaga R. A.,,,,,,,,,,,,,1756078974.744274
2eNIfLqf,1755824100,Jacquet K.,Kubler J.,,,,,,,,,,,,,1756078971.358204
4OXhp2TI,1755823200,Sun F.,Harris L.,,,,,,,,,,,,,1756078967.676966
jLkjXTcm,1755822300,Harris B.,Kukushkin M.,,,,,,,,,,,,,1756078963.997357
pKI9NAJc,1755821100,Zhukayev B.,Svajda Z.,,,,,,,,,,,,,1756078960.244767
M3OckLzR,1755821100,Tomic B.,Rocha H.,,,,,,,,,,,,,1756078956.294589
tCmBBDyR,1755819300,De Jong J.,Mayot H.,,,,,,,,,,,,,1756078952.852916
23wn3SsC,1755819000,Piros Z.,Tirante T. A.,,,,,,,,,,,,,1756078949.463126
4p1C1lt3,1755819000,Basilashvili N.,Huesler M.,,,,,,,,,,,,,1756078945.800369
ltXGrS35,1755818100,Krueger M.,Collarini A.,,,,,,,,,,,,,1756078942.078637
CS1FvLZr,1755818100,Duckworth J.,McCabe J.,,,,,,,,,,,,,1756078938.615413
KlH64Am3,1755817500,Gigante M.,Wong C.,,,,,,,,,,,,,1756078935.102968
hxj8AeS6,1755816000,Daniel T.,Struff J-L.,,,,,,,,,,,,,1756078931.631412
CbnyWsYR,1755815700,Cazaux A.,Clarke J.,,,,,,,,,,,,,1756078927.947845
EibWzwZ7,1755815700,Cassone M.,Prizmic D.,,,,,,,,,,,,,1756078924.249287
fqT2t2Bs,1755814200,Garin C.,Trungelliti M.,,,,,,,,,,,,,1756078920.646667
Kda2DZ6E,1755813600,Grenier H.,Landaluce M.,,,,,,,,,,,,,1756078917.286644
nDSk4VT0,1755812700,Gomez F. A.,Cina F.,,,,,,,,,,,,,1756078913.601309
GGSJ7z0C,1755812400,Martin A.,Llamas Ruiz P.,,,,,,,,,,,,,1756078909.913071
jaAdrKim,1755807000,Sakamoto R.,Buse I.,,,,,,,,,,,,,1756078906.019793
v3VuPNf2,1755806700,Virtanen O.,Riedi L.,,,,,,,,,,,,,1756078899.056454
fgAhe6FU,1755806700,Damm M.,Hassan B.,,,,,,,,,,,,,1756078895.41136
OYJRkC8l,1755806700,Crawford O.,Johns G.,,,,,,,,,,,,,1756078891.683243
6DZtOrxS,1755806700,Cerundolo J. M.,Shimizu Y.,,,,,,,,,,,,,1756078887.996584
vuRc4qho,1755806700,Blockx A.,Coppejans K.,,,,,,,,,,,,,1756078884.108491
KpD2C3N9,1755708900,Nagal S.,Nedic A.,,,,,,,,,,,,,1756078868.779061
d2K01A16,1755707400,Donski A.,Dodig M.,,,,,,,,,,,,,1756078865.265672
AH6m3vTb,1755700800,Vasilev A.,Molcan A.,,,,,,,,,,,,,1756078861.783978
nBgW2Zwp,1755700800,Sharipov M.,Guillen Meza A.,,,,,,,,,,,,,1756078857.91915
Qk8DglkB,1755699900,Karol M.,Agamenone F.,,,,,,,,,,,,,1756078853.843768
xYRa0fcB,1755693300,Schwaerzler J. J.,Jorda Sanchis D.,,,,,,,,,,,,,1756078850.313279
fqVJ86Fk,1755693300,Ferreira Silva F.,Brunold M.,,,,,,,,,,,,,1756078846.810145
Ew5ibTs9,1755693300,Cecchinato M.,Roncadelli F.,,,,,,,,,,,,,1756078843.146387
bcTaIp8j,1755712500,Echargui M.,Tsitsipas Pa.,,,,,,,,,,,,,1756078839.46251
8GvROG03,1755709200,Jodar R.,Poullain L.,,,,,,,,,,,,,1756078835.979761
Y54mws8m,1755702600,Xilas I.,Parker S.,,,,,,,,,,,,,1756078832.292418
vT4RXAkm,1755702600,Added D.,Searle H.,,,,,,,,,,,,,1756078828.810632
I1r471e3,1755700500,Moroni F.,Bertrand R.,,,,,,,,,,,,,1756078825.127748
lr0jPov3,1755691800,Sakellaridis S.,Jones M.,,,,,,,,,,,,,1756078821.640619
UZUXLh65,1755691800,Rosenkranz M.,Langmo C.,,,,,,,,,,,,,1756078817.942501
UkVL5kZj,1755691800,Paul J.,Bicknell B.,,,,,,,,,,,,,1756078814.685274
pWnswPA7,1755715500,Kolar Z.,Barton H.,,,,,,,,,,,,,1756078810.933142
8roM6yJi,1755710100,Squire H.,Montes-De La Torre I.,,,,,,,,,,,,,1756078807.279067
t6Y5Qb7t,1755705600,Stebe C.,Gadamauri B.,,,,,,,,,,,,,1756078803.824184
KrjDRlo4,1755704700,Popovic S.,Negritu Ch.,,,,,,,,,,,,,1756078800.344237
KSuWiX3c,1755697200,Sanchez Izquierdo N.,Dedura D.,,,,,,,,,,,,,1756078796.658178
CK9fEPhc,1755696900,Cerny M.,Paroulek T.,,,,,,,,,,,,,1756078792.970418
MTZjS7dk,1755696900,Bailly G. A.,Sanchez Martinez B.,,,,,,,,,,,,,1756078789.081091
Cfjv4Npd,1755740100,Diallo G.,Medjedovic H.,,,,,,,,,,,,,1756078777.202672
nFRB1F67,1755737700,Mpetshi Perricard G.,Muller A.,,,,,,,,,,,,,1756078773.514579
KvACJmSh,1755736200,Bautista-Agut R.,Fucsovics M.,,,,,,,,,,,,,1756078769.634983
OS4J0NDa,1755731400,Majchrzak K.,Korda S.,,,,,,,,,,,,,1756078766.141953
boaS2WGt,1755731400,Kecmanovic M.,Darderi L.,,,,,,,,,,,,,1756078762.396631
6ooIbtRE,1755671700,Sonego L.,Dostanic S.,,,,,,,,,,,,,1756078758.973139
f1pBr1NE,1755665400,Tsitsipas S.,Bu Y.,,,,,,,,,,,,,1756078755.290971
KKRfynTj,1755660300,Bellucci M.,Munar J.,,,,,,,,,,,,,1756078751.819116
tO1k8Ko2,1755659400,Baez S.,Carreno-Busta P.,,,,,,,,,,,,,1756078748.323529
UqQpRvil,1755659100,Van De Zandschulp B.,Arnaldi M.,,,,,,,,,,,,,1756078744.842757
2ekT083e,1755661500,Zink T.,Sakamoto R.,,,,,,,,,,,,,1756078741.167278
nqPWKTfR,1755661500,Neumayer L.,Buse I.,,,,,,,,,,,,,1756078737.673478
niulkH3j,1755661200,Blockx A.,Reis Da Silva J.,,,,,,,,,,,,,1756078733.988901
AsUBBPHD,1755660300,Hassan B.,Barrios Vera T.,,,,,,,,,,,,,1756078730.505555
OYy2dvfJ,1755660300,Damm M.,Travaglia S.,,,,,,,,,,,,,1756078726.410642
W08WQ1MO,1755659700,Barrena A.,Coppejans K.,,,,,,,,,,,,,1756078722.826748
xGQVUhHr,1755658200,Droguet T.,Kachmazov A.,,,,,,,,,,,,,1756078719.243654
rZGuNbKc,1755656100,Svrcina D.,Merida Aguilar D.,,,,,,,,,,,,,1756078715.76062
bLFcoEjI,1755633600,Serdarusic N.,Nedic A.,,,,,,,,,,,,,1755648458.11165
WYD5qhLU,1755631200,Molcan A.,Ivanov I.,,,,,,,,,,,,,1755648454.632327
fTItkdig,1755619200,Midon L.,Agamenone F.,,,,,,,,,,,,,1755648451.15347
pIkOWEyP,1755618000,Roncadelli F.,Kuzmanov D.,,,,,,,,,,,,,1755648447.46666
YDUXjIMt,1755616200,Bondioli F.,Karol M.,,,,,,,,,,,,,1755648442.962995
2gMlmzM5,1755612300,Honda N.,Jorda Sanchis D.,,,,,,,,,,,,,1755648436.207969
OWUXgd1T,1755611700,Pieczonka F.,Nagal S.,,,,,,,,,,,,,1755648429.66205
voKkHNTN,1755610200,Coria F.,Nagal S.,,,,,,,,,,,,,1755648425.964268
IchEHWN6,1755605400,Dellien Velasco M. A.,Guillen Meza A.,,,,,,,,,,,,,1755648422.494586
ljdFYz7C,1755605400,Blanch D.,Brunold M.,,,,,,,,,,,,,1755648418.809604
v52YMRan,1755605100,Rincon D.,Cecchinato M.,,,,,,,,,,,,,1755648415.125127
CI0tL5Ub,1755604800,Midon L.,Fatic N.,,,,,,,,,,,,,1755648411.022749
z3h6m4Xo,1755631800,Castagnola L.,Tsitsipas Pa.,,,,,,,,,,,,,1755648407.552362
ro7lmew3,1755630900,Added D.,Fellin P. O.,,,,,,,,,,,,,1755648403.868489
vD0coZ7F,1755624600,Moroni F.,Andaloro F.,,,,,,,,,,,,,1755648400.18343
rTeEor2b,1755624300,Sakellaridis S.,Giunta M.,,,,,,,,,,,,,1755648394.453703
ATEIbXZH,1755619200,Searle H.,Reymond A.,,,,,,,,,,,,,1755648390.771449
84I12Fzg,1755617100,Azoidis D.,Bertrand R.,,,,,,,,,,,,,1755648387.085547
M7ryHEkn,1755612600,Wiskandt M.,Jones M.,,,,,,,,,,,,,1755648381.765506
4rpNqMWA,1755611400,Bicknell B.,Potenza L.,,,,,,,,,,,,,1755648378.084851
Wr3RdB4U,1755605400,Thanos A.,Rosenkranz M.,,,,,,,,,,,,,1755648373.587738
jiK2Piod,1755605400,Paul J.,Wendelken H.,,,,,,,,,,,,,1755648367.644763
AsCfRDGq,1755605400,Jodar R.,Wallart E.,,,,,,,,,,,,,1755648363.961344
d05hBAJN,1755604800,Sakellaridis S.,Shelbayh A.,,,,,,,,,,,,,1755648359.245499
E1mSlBOq,1755636000,Marterer M.,Negritu Ch.,,,,,,,,,,,,,1755648355.771611
neHi3Gnp,1755627600,Strombachs R.,Cerny M.,,,,,,,,,,,,,1755648350.242919
KMUb1fHd,1755625200,Ehrenschneider N.,Popovic S.,,,,,,,,,,,,,1755648345.327727
2NuL8xPM,1755624300,Berrettini J.,Gadamauri B.,,,,,,,,,,,,,1755648339.183935
xbaq96z3,1755621300,Paroulek T.,Denolly C.,,,,,,,,,,,,,1755648335.291504
Y33Tnkgd,1755618300,Kolar Z.,Mikrut L.,,,,,,,,,,,,,1755648330.993591
MPqO8WFF,1755618000,Poljicak M.,Stebe C.,,,,,,,,,,,,,1755648327.509056
IV1dfX0M,1755610800,Torres J. B.,Squire H.,,,,,,,,,,,,,1755648323.413559
YHr21l8k,1755610800,Prado Angelo J. C.,Bailly G. A.,,,,,,,,,,,,,1755648319.522003
fcxDAbfA,1755610800,Masur D.,Sanchez Martinez B.,,,,,,,,,,,,,1755648314.19886
2RmJtuhR,1755654600,McDonald M.,Darderi L.,,,,,,,,,,,,,1755648297.611016
nDMwBzce,1755654300,Navone M.,Giron M.,,,,,,,,,,,,,1755648292.487701
URnUlBdc,1755652800,Kecmanovic M.,Kovacevic A.,,,,,,,,,,,,,1755648288.802534
K8DtAtHk,1755651900,Medjedovic H.,Fearnley J.,,,,,,,,,,,,,1755648281.837675
4ztQA4Mk,1755650700,Diallo G.,Basavareddy N.,,,,,,,,,,,,,1755648277.966363
EiKYA7qg,1755645000,Mpetshi Perricard G.,Martinez P.,,,,,,,,,,,,,1755648274.261577
zaEJ3mFM,1755644700,Fucsovics M.,Griekspoor T.,,,,,,,,,,,,,1755648269.754252
belhEwTs,1755644700,Blanch Dar.,Muller A.,,,,,,,,,,,,,1755648265.248907
vXKA59pA,1755644700,Bautista-Agut R.,O'Connell C.,,,,,,,,,,,,,1755648261.357365
rVth2w1L,1755581400,Borges N.,Majchrzak K.,,,,,,,,,,,,,1755648257.264136
4K3EWuCT,1755576300,Dostanic S.,Vukic A.,,,,,,,,,,,,,1755648251.118746
UuImIH4l,1755573000,Comesana F.,Bellucci M.,,,,,,,,,,,,,1755648247.430069
CEjcGg2k,1755652800,Kypson P.,Tomic B.,,,,,,,,,,,,,1755648216.302352
t8NnRAG7,1755651000,Rocha H.,Herbert P.,,,,,,,,,,,,,1755648212.40689
tAOj9xeM,1755651000,Cerundolo J. M.,Hemery C.,,,,,,,,,,,,,1755648207.903018
ziUq2rQs,1755650700,Shimizu Y.,Shimabukuro S.,,,,,,,,,,,,,1755648203.191853
rFA2F7Il,1755648900,Johns G.,Smith C.,,,,,,,,,,,,,1755648198.279607
h6gdJyyK,1755647400,Kennedy J.,Tirante T. A.,,,,,,,,,,,,,1755648194.591121
zDLrBbQ9,1755646200,Bouquier A.,Piros Z.,,,,,,,,,,,,,1755648189.673116
dxaE6wzH,1755645900,Bolt A.,Crawford O.,,,,,,,,,,,,,1755648183.941706
zD5KEL9m,1755642300,Zheng M.,Uchiyama Y.,,,,,,,,,,,,,1755648180.459316
IHWDwu6U,1755642000,Pavlovic L.,Riedi L.,,,,,,,,,,,,,1755648175.545652
rZYvhvLN,1755641400,Draxl L.,Jacquet K.,,,,,,,,,,,,,1755648172.060468
6TwGcrin,1755640200,Virtanen O.,Willwerth B.,,,,,,,,,,,,,1755648167.351475
fuoAdaBG,1755639000,Taberner C.,Kym J.,,,,,,,,,,,,,1755648161.616832
S6bHfwtT,1755639000,Kubler J.,Loffhagen G.,,,,,,,,,,,,,1755648156.701552
ImwyCgTg,1755634500,Zeppieri G.,Habib H.,,,,,,,,,,,,,1755648153.015806
rw9SCav0,1755634500,Lajovic D.,van Assche L.,,,,,,,,,,,,,1755648149.534029
p4Y5u1yI,1755634200,Zhukayev B.,Pinnington Jones J.,,,,,,,,,,,,,1755648145.845981
xx2yBw9C,1755634200,Wu Y.,Ficovich J. P.,,,,,,,,,,,,,1755648140.726729
48wE742K,1755634200,Rodriguez Taverna S.,Krueger M.,,,,,,,,,,,,,1755648137.250107
2HQ3Dom1,1755634200,Mochizuki S.,Rodionov J.,,,,,,,,,,,,,1755648133.564543
0jFBnIro,1755634200,Holmgren A.,Svajda Z.,,,,,,,,,,,,,1755648129.66785
hp2cALzh,1755634200,Burruchaga R. A.,Engel J.,,,,,,,,,,,,,1755648125.776329
Qs0N3GIq,1755633900,Faria J.,Noguchi R.,,,,,,,,,,,,,1755648121.474068
G6RPeIWG,1755633900,Choinski J.,Collarini A.,,,,,,,,,,,,,1755648115.534585
YPd1bLt4,1755633600,Choinski J.,Atmane T.,,,,,,,,,,,,,1755648108.562088
tCykqqxg,1755576600,Passaro F.,Hsu Y. H.,,,,,,,,,,,,,1755648105.089926
Y73V1fmd,1755574800,Gueymard Wayenburg S.,Pacheco Mendez R.,,,,,,,,,,,,,1755648101.609333
GnFmLxkA,1755574500,Martin Tiffon P.,Sun F.,,,,,,,,,,,,,1755648096.489177
jHVNMkQE,1755573900,Galarneau A.,Prizmic D.,,,,,,,,,,,,,1755648092.800357
2LGFUqNa,1755572700,Popko D.,Seyboth Wild T.,,,,,,,,,,,,,1755648089.114693
OAwxanY7,1755572400,Harris L.,Evans D.,,,,,,,,,,,,,1755648085.223135
SQYhaeSj,1755572400,Cassone M.,Monteiro T.,,,,,,,,,,,,,1755648081.129397
YsKvTWoe,1755569700,Maestrelli F.,McCabe J.,,,,,,,,,,,,,1755648075.80178
veDRNC6M,1755525600,Jorda Sanchis D.,Nesterov P.,,,,,,,,,,,,,1755648056.551111
Aw4cIjUq,1755523500,Bondioli F.,Agamenone F.,,,,,,,,,,,,,1755648053.070757
QFRKilQQ,1755522900,Serdarusic N.,Fomin S.,,,,,,,,,,,,,1755648047.744897
Kpc0sf9k,1755519000,Roncadelli F.,Kovalik J.,,,,,,,,,,,,,1755648043.649913
feuBduXq,1755519000,Molcan A.,Pieczonka F.,,,,,,,,,,,,,1755648039.75763
v9WHXbbE,1755519000,Gulin S.,Blanch D.,,,,,,,,,,,,,1755648036.069986
QNeMFAhJ,1755542100,Donski A.,Michalski D.,,,,,,,,,,,,,1755648031.977685
dr45Jhgf,1755535500,Gakhov I.,Vasilev A.,,,,,,,,,,,,,1755648027.67445
OIeMB1io,1755534300,Ferreira Silva F.,Pereira T.,,,,,,,,,,,,,1755648023.78987
hv7lGL4D,1755534000,Shah A.,Sharipov M.,,,,,,,,,,,,,1755648020.096277
WKGsJqaB,1755528600,Jianu F. C.,Dodig M.,,,,,,,,,,,,,1755648016.0064
pj5RQz1K,1755528600,Ajdukovic D.,Schwaerzler J. J.,,,,,,,,,,,,,1755648011.902204
4znbLEOs,1755518400,Yevseyev D.,Sharipov M.,,,,,,,,,,,,,1755648008.001859
l6hBk1ft,1755526800,Potenza L.,Leong M. W. K.,,,,,,,,,,,,,1755648004.324626
0pUFWtkf,1755526200,Castagnola L.,Giunta M.,,,,,,,,,,,,,1755648000.265746
Au510I8b,1755525000,Fellin P. O.,Kimhi O.,,,,,,,,,,,,,1755647995.519111
dKycPkOp,1755519000,Wendelken H.,Raquillet L.,,,,,,,,,,,,,1755647991.012247
SnILlxHF,1755519000,Wallart E.,Matsuoka H.,,,,,,,,,,,,,1755647987.529833
lbApAqqg,1755519000,Moroni F.,Vales A.,,,,,,,,,,,,,1755647981.590492
4WBA0g55,1755546900,Ursu V.,Xilas I.,,,,,,,,,,,,,1755647977.700951
IZypFhKb,1755539400,Lokoli L.,Langmo C.,,,,,,,,,,,,,1755647973.602965
ziKg4y6t,1755536700,Parker S.,Gengel M.,,,,,,,,,,,,,1755647969.711551
dQlqpYKO,1755536400,Echargui M.,Hara Friend J. D.,,,,,,,,,,,,,1755647965.820161
jmzhDWlB,1755532200,Poullain L.,Martineau M.,,,,,,,,,,,,,1755647962.135116
CItf99c6,1755494100,Svrcina D.,Tirante T. A.,,,,,,,,,,,,,1755647958.037476
Q7uPcJmg,1755532500,Popovic S.,Covato M.,,,,,,,,,,,,,1755647954.555558
4Iz7Y2Ks,1755530700,Paroulek T.,Steiner M.,,,,,,,,,,,,,1755647950.869124
4bGM8eJ8,1755528600,Lopez Morillo I.,Ehrenschneider N.,,,,,,,,,,,,,1755647947.184427
Iw2161rI,1755524400,Kasnikowski M.,Gadamauri B.,,,,,,,,,,,,,1755647943.496236
ja86u2Er,1755524400,Barsukov N.,Sanchez Martinez B.,,,,,,,,,,,,,1755647939.399616
KCgsIsz1,1755524400,Arias B.,Cerny M.,,,,,,,,,,,,,1755647935.098578
Ew5ubF1c,1755549300,Martin A.,Dedura D.,,,,,,,,,,,,,1755647931.208741
6VtAaSx2,1755544500,Sanchez Izquierdo N.,Brancaccio R.,,,,,,,,,,,,,1755647927.292975
YsShzC9j,1755541800,Petkovic M.,Barton H.,,,,,,,,,,,,,1755647923.014711
0AeFAho3,1755539700,Schoenhaus M.,Nicod J.,,,,,,,,,,,,,1755647918.918703
M38mdgW9,1755537600,Montes-De La Torre I.,Zahraj P.,,,,,,,,,,,,,1755647914.823826
UkmW6ApS,1755537300,Ritschard A.,Molleker R.,,,,,,,,,,,,,1755647910.931027
hxWPCTEt,1755566100,Kopriva V.,Korda S.,,,,,,,,,,,,,1755647902.738637
z3fpRJZj,1755565500,Navone M.,Suresh D.,,,,,,,,,,,,,1755647898.645814
EgyrB0cL,1755564600,Kovacevic A.,Misolic F.,,,,,,,,,,,,,1755647894.342783
Y9WHNwsR,1755558600,Gaston H.,Fucsovics M.,,,,,,,,,,,,,1755647890.244766
vBw9PaCE,1755558300,Safiullin R.,O'Connell C.,,,,,,,,,,,,,1755647885.943647
r5F5Y1sH,1755558300,Coric B.,Blanch Dar.,,,,,,,,,,,,,1755647881.87327
jccbzOC4,1755558300,Collignon R.,Basavareddy N.,,,,,,,,,,,,,1755647876.933732
C4oN1dK7,1755492600,McDonald M.,Holt B.,,,,,,,,,,,,,1755647872.668296
YZF8d1rS,1755488400,Nishioka Y.,Carreno-Busta P.,,,,,,,,,,,,,1755647867.920269
QXfmkJz2,1755487500,Bu Y.,Tseng C. H.,,,,,,,,,,,,,1755647863.414439
SxD0bNDF,1755483300,Medjedovic H.,Rinderknech A.,,,,,,,,,,,,,1755647857.886082
l22Xap3e,1755562200,Sinner J.,Alcaraz C.,,,,,,,,,,,,,1755647852.357871
voSZCKec,1755566400,Duckworth J.,Bagnis F.,,,,,,,,,,,,,1755647810.368502
OlpSDFbs,1755566400,Den Ouden G.,Galan D. E.,,,,,,,,,,,,,1755647806.886528
z9VWg0jB,1755566100,Maloney P.,Ymer E.,,,,,,,,,,,,,1755647803.199605
tWaRLFvS,1755564000,Gojo B.,Blanchet U.,,,,,,,,,,,,,1755647799.458026
WINh0Mff,1755563400,Clarke J.,Satterfield J.,,,,,,,,,,,,,1755647796.033031
lxucsN65,1755562800,Basilashvili N.,Onclin G.,,,,,,,,,,,,,1755647792.355096
8OO8hVho,1755561300,Chidekh C.,Struff J-L.,,,,,,,,,,,,,1755647788.817567
4WL0b0P6,1755560400,Cazaux A.,Lajal M.,,,,,,,,,,,,,1755647784.939526
AmXL2UYr,1755559500,Huesler M.,Napolitano S.,,,,,,,,,,,,,1755647780.573151
juUmKsnQ,1755558300,Daniel T.,Sachko V.,,,,,,,,,,,,,1755647774.627326
6gN6W5hm,1755554700,Klein L.,Gomez F. A.,,,,,,,,,,,,,1755647769.814343
zZENSNiC,1755554100,Stricker D.,Cina F.,,,,,,,,,,,,,1755647765.208082
EgsOeMLb,1755553500,Garin C.,Watanuki Y.,,,,,,,,,,,,,1755647760.192223
M30ZlE8E,1755553200,Trungelliti M.,Eubanks C.,,,,,,,,,,,,,1755647756.50227
Qagg0sCi,1755553200,Monday J.,Mayot H.,,,,,,,,,,,,,1755647749.741921
lGoIPcu3,1755552900,Kukushkin M.,Pellegrino A.,,,,,,,,,,,,,1755647745.891365
MTqQNyAF,1755552600,Trotter J. K.,Harris B.,,,,,,,,,,,,,1755647742.457827
OC0Rq1AD,1755552300,De Jong J.,Gaubas V.,,,,,,,,,,,,,1755647738.073794
tpu0zFgL,1755547500,Tabur C.,Landaluce M.,,,,,,,,,,,,,1755647732.742025
IimN4H4T,1755547500,Rodesch C.,Wong C.,,,,,,,,,,,,,1755647728.645872
Kdmto57t,1755547500,Martin A.,Durasovic V.,,,,,,,,,,,,,1755647723.121063
lCe68a54,1755547500,Llamas Ruiz P.,Hanfmann Y.,,,,,,,,,,,,,1755647718.405715
YTv6EXW1,1755547500,Grenier H.,Jasika O.,,,,,,,,,,,,,1755647713.692401
0zXixyP8,1755547500,Gigante M.,Butvilas E.,,,,,,,,,,,,,1755647708.571614
SGye8EfM,1755461100,Bellucci M.,Shevchenko A.,,,,,,,,,,,,,1755647691.980586
IFopEcHE,1755455400,Bondioli F.,Markov V.,,,,,,,,,,,,,1755647685.530077
dUOW4gv1,1755451800,Kirov V.,Nesterov P.,,,,,,,,,,,,,1755647681.326845
QukhCynR,1755450600,Couacaud E.,Agamenone F.,,,,,,,,,,,,,1755647674.980059
AwAFuwBk,1755446700,Boitan G. A.,Jorda Sanchis D.,,,,,,,,,,,,,1755647668.42256
E7OqoamS,1755445500,Milev Y.,Fomin S.,,,,,,,,,,,,,1755647662.682998
Y5OMmBlC,1755444900,Serdarusic N.,Latinovic S.,,,,,,,,,,,,,1755647655.629096
ADQO6F9l,1755444900,Shah A.,Latinovic S.,,,,,,,,,,,,,1755647651.106403
zeCtfxQr,1755442200,Molcan A.,Dev S D P.,,,,,,,,,,,,,1755647647.44576
rcX11KX8,1755440400,Mazdrashki A.,Blanch D.,,,,,,,,,,,,,1755647643.935974
GjuGwHu2,1755438900,Pieczonka F.,Mrva M.,,,,,,,,,,,,,1755647640.248092
273cjfP7,1755432600,Roncadelli F.,Kalyanpur A.,,,,,,,,,,,,,1755647636.559608
4CLAab2L,1755432300,Kovalik J.,Alcala Gurri M.,,,,,,,,,,,,,1755647632.271215
Ug5khGfe,1755432300,Gulin S.,Georgiev G.,,,,,,,,,,,,,1755647628.7876
UkV1XfyJ,1755456600,Makk P.,Giunta M.,,,,,,,,,,,,,1755647624.679108
tGJoywxf,1755452700,Fellin P. O.,Thomson C.,,,,,,,,,,,,,1755647620.268371
E135e7N8,1755452400,Tsitsipas Pe.,Leong M. W. K.,,,,,,,,,,,,,1755647615.144246
250IZP0k,1755450300,Ivanov S.,Kimhi O.,,,,,,,,,,,,,1755647609.513024
K0Vxwa7s,1755446700,Potenza L.,Kountourakis I.,,,,,,,,,,,,,1755647601.424514
rLJounwS,1755444900,Castagnola L.,Bilozertsev N.,,,,,,,,,,,,,1755647596.387407
tUbKkxim,1755441300,Nefve A.,Raquillet L.,,,,,,,,,,,,,1755647588.518887
zeGws88F,1755440400,Moroni F.,Holban V.,,,,,,,,,,,,,1755647582.565719
lf2SmGLa,1755438300,Wendelken H.,Nouchakis G.,,,,,,,,,,,,,1755647578.265785
MqImebTP,1755432600,Sakellaridis M.,Matsuoka H.,,,,,,,,,,,,,1755647573.581193
ltNgZG66,1755432600,Nedelko I.,Vales A.,,,,,,,,,,,,,1755647569.04379
zJbQX3V1,1755432600,Broady L.,Wallart E.,,,,,,,,,,,,,1755647564.541752
Q3y9ezGO,1755406800,Buse I.,Svrcina D.,,,,,,,,,,,,,1755647559.729743
Sb6uGnuI,1755400500,Wawrinka S.,Tirante T. A.,,,,,,,,,,,,,1755647554.826852
xr5RDHVh,1755412200,Fery A.,Tomic B.,,,,,,,,,,,,,1755647550.920293
vLjcoxIi,1755463200,Lopez Morillo I.,Wiedenmann L.,,,,,,,,,,,,,1755647547.237615
80rEsfHG,1755461400,Uzhylovskyi V.,Covato M.,,,,,,,,,,,,,1755647543.354732
4SyNuYoT,1755452700,Held J.,Ehrenschneider N.,,,,,,,,,,,,,1755647539.454662
MuSOTPGM,1755452100,Arias B.,Hellum-Lilleengen L.,,,,,,,,,,,,,1755647535.835788
S0gikoJP,1755450900,Duda F.,Steiner M.,,,,,,,,,,,,,1755647532.291438
OWvNqPtm,1755445800,Ymer M.,Hellum-Lilleengen L.,,,,,,,,,,,,,1755647528.602923
zmp6qGn4,1755445200,Schifris J.,Cerny M.,,,,,,,,,,,,,1755647524.921137
SOyvtstC,1755439800,Bellifemine A.,Gadamauri B.,,,,,,,,,,,,,1755647521.230968
KbYVs3Ba,1755439500,Sanchez Martinez B.,Donald M.,,,,,,,,,,,,,1755647517.545951
nDlCNYPp,1755439500,Guerrieri A.,Barsukov N.,,,,,,,,,,,,,1755647514.06322
K0mxtMOE,1755468600,Vukic A.,Poling K.,,,,,,,,,,,,,1755647510.377297
KCew2zHj,1755468600,Tabilo A.,Suresh D.,,,,,,,,,,,,,1755647506.897053
Eg5TsCUr,1755468600,Schoolkate T.,Basavareddy N.,,,,,,,,,,,,,1755647503.418994
lC3KFvTa,1755468600,Royer V.,Blanch Dar.,,,,,,,,,,,,,1755647499.730002
I7iuiu6k,1755477300,Van De Zandschulp B.,Walton A.,,,,,,,,,,,,,1755647484.373708
jkcE3Ike,1755477300,Goffin D.,Martinez P.,,,,,,,,,,,,,1755647480.688368
ttwzDMS8,1755475800,Ofner S.,Kopriva V.,,,,,,,,,,,,,1755647477.001742
rPg65vLr,1755475800,Majchrzak K.,Jarry N.,,,,,,,,,,,,,1755647473.317951
Q7BdGeZ0,1755401400,Zverev A.,Alcaraz C.,,,,,,,,,,,,,1755647469.631687
pr5gKwr3,1755387600,Skatov T.,Travaglia S.,,,,,,,,,,,,,1755647453.660058
dCNvwVW0,1755384000,Mochizuki S.,Shevchenko A.,,,,,,,,,,,,,1755647449.976716
AiDr6mNh,1755375000,Faria J.,Bellucci M.,,,,,,,,,,,,,1755647446.113692
p25X83cD,1755314700,Basilashvili N.,Shevchenko A.,,,,,,,,,,,,,1755647442.603921
n3T0AIQF,1755355800,Kolar Z.,Dellien Velasco M. A.,,,,,,,,,,,,,1755647439.123554
bebrirYh,1755349200,Jodar R.,Added D.,,,,,,,,,,,,,1755647434.647834
zRhbOcFj,1755327600,De Jong J.,Svrcina D.,,,,,,,,,,,,,1755647425.817706
OnZhpuxA,1755320100,Wawrinka S.,Cerundolo J. M.,,,,,,,,,,,,,1755647422.131013
vshTTJiT,1755313800,Altmaier D.,Buse I.,,,,,,,,,,,,,1755647418.447634
8x4Q4i13,1755312600,Tirante T. A.,Cazaux A.,,,,,,,,,,,,,1755647414.761886
lxPnvXzP,1755327900,Ficovich J. P.,Fery A.,,,,,,,,,,,,,1755647411.076606
ImiRRWLr,1755317700,Tomic B.,Rodriguez J. A.,,,,,,,,,,,,,1755647407.391394
bgVXp7vh,1755388500,Tabilo A.,Seelig K.,,,,,,,,,,,,,1755647403.332417
Knr6W7Pb,1755388500,Schoolkate T.,Kingsley C.,,,,,,,,,,,,,1755647399.817449
SCoEUofB,1755384900,Suresh D.,Mayo A.,,,,,,,,,,,,,1755647395.518023
KAQhN3no,1755384000,Rybakov A.,Basavareddy N.,,,,,,,,,,,,,1755647391.833309
bXgcYTfn,1755382200,Royer V.,Miyoshi K.,,,,,,,,,,,,,1755647388.148864
6JYuqo94,1755379800,Blanch Dar.,Boyer T.,,,,,,,,,,,,,1755647384.464411
AcYiI9DO,1755375300,Kwiatkowski T. S.,Poling K.,,,,,,,,,,,,,1755647380.577438
OvuNSPON,1755375000,Vukic A.,Pow L.,,,,,,,,,,,,,1755647376.894314
OQalEQ9U,1755375000,Kwiatkowski T. S.,Nava E.,,,,,,,,,,,,,1755647373.207351
hULwsl9d,1755389400,Sinner J.,Atmane T.,,,,,,,,,,,,,1755647365.022617
d60xeMWo,1755317400,Shelton B.,Zverev A.,,,,,,,,,,,,,1755647361.133835
hlxaOTvA,1755302100,Travaglia S.,Prado Angelo J. C.,,,,,,,,,,,,,1755647344.967241
McVzeO3c,1755293100,Skatov T.,Vacherot V.,,,,,,,,,,,,,1755647341.080262
GCrUjAKU,1755306000,Mochizuki S.,Misolic F.,,,,,,,,,,,,,1755647333.790323
rapMhWkI,1755294600,Lajal M.,Faria J.,,,,,,,,,,,,,1755647330.233652
Q5QIw6qL,1755288600,Bellucci M.,Klein L.,,,,,,,,,,,,,1755647326.546179
WSp6C5Ug,1755230100,Basilashvili N.,Cassone M.,,,,,,,,,,,,,1755647322.859559
GnyaJwr4,1755229800,Shimabukuro S.,Shevchenko A.,,,,,,,,,,,,,1755647318.970189
pQsjrHMq,1755225000,Mochizuki S.,Poling K.,,,,,,,,,,,,,1755647315.282091
pxKIlujJ,1755223200,Bigun K.,Faria J.,,,,,,,,,,,,,1755647311.59568
pn7ionLt,1755266700,Dellien Velasco M. A.,Blanch D.,,,,,,,,,,,,,1755647308.114857
f5tsvVDD,1755263100,Fatic N.,Kolar Z.,,,,,,,,,,,,,1755647304.224387
6FrjgGy8,1755275100,Jodar R.,Brunclik P.,,,,,,,,,,,,,1755647300.537472
hdYJZUvI,1755268200,Lokoli L.,Added D.,,,,,,,,,,,,,1755647296.646402
nXjDfhL5,1755241800,De Jong J.,Pacheco Mendez R.,,,,,,,,,,,,,1755647285.791684
v14dbzMt,1755239700,Buse I.,Zhukayev B.,,,,,,,,,,,,,1755647281.694762
0Gh5dEjg,1755236700,Wong C.,Cazaux A.,,,,,,,,,,,,,1755647278.212869
Q906bR2c,1755235200,Burruchaga R. A.,Cerundolo J. M.,,,,,,,,,,,,,1755647274.53262
6JYTrXSh,1755231300,Galarneau A.,Svrcina D.,,,,,,,,,,,,,1755647271.047054
4EbCUt8r,1755231000,Noguchi R.,Wawrinka S.,,,,,,,,,,,,,1755647267.38638
WUgsblG6,1755228900,Tabilo A.,Tirante T. A.,,,,,,,,,,,,,1755647263.067115
6X301RLt,1755228600,Altmaier D.,Hanfmann Y.,,,,,,,,,,,,,1755647259.458341
biSeZme4,1755225900,Pellegrino A.,Wong C.,,,,,,,,,,,,,1755647256.110482
K8oobfhn,1755237600,Mejia N.,Tomic B.,,,,,,,,,,,,,1755647252.001868
YgdbwZY9,1755228300,Rodriguez J. A.,Barrios Vera T.,,,,,,,,,,,,,1755647248.509689
Q3R3BJpg,1755303300,Rublev A.,Alcaraz C.,,,,,,,,,,,,,1755647245.185945
AZkxWjRq,1755238200,Atmane T.,Rune H.,,,,,,,,,,,,,1755647241.828938
Wj1zFqY1,1755225000,Shelton B.,Lehecka J.,,,,,,,,,,,,,1755647238.53295
ngfuXj3d,1755220200,Travaglia S.,Neumayer L.,,,,,,,,,,,,,1755647222.988618
tGqCmrOr,1755207300,Cecchinato M.,Prado Angelo J. C.,,,,,,,,,,,,,1755647219.702669
WMLHEyJO,1755197400,Ferrari G.,Skatov T.,,,,,,,,,,,,,1755647215.960102
M1B1YQKr,1755196800,Budkov Kjaer N.,Vacherot V.,,,,,,,,,,,,,1755647212.193354
2kd2bax1,1755222300,Trotter J. K.,Misolic F.,,,,,,,,,,,,,1755647193.984371
Ic2zixyn,1755215700,McCabe J.,Klein L.,,,,,,,,,,,,,1755647189.870498
WAVKqbNr,1755215400,Bergs Z.,Lajal M.,,,,,,,,,,,,,1755647186.511053
6PFv4S8c,1755215400,Bellucci M.,Rocha H.,,,,,,,,,,,,,1755647182.904843
8bqWF7Q1,1755139500,Blanch Dar.,Cassone M.,,,,,,,,,,,,,1755647179.349439
W6wEe8sS,1755183900,Fatic N.,Gima S.,,,,,,,,,,,,,1755647175.735067
pdIU9RAa,1755182700,Dellien Velasco M. A.,Kopp S.,,,,,,,,,,,,,1755647172.052646
jZQ8E7VG,1755177000,Kolar Z.,Sanchez Izquierdo N.,,,,,,,,,,,,,1755647168.182108
r70G2TVj,1755177000,Blanch D.,Ajdukovic D.,,,,,,,,,,,,,1755647164.548646
x8p5cUCF,1755184200,Lokoli L.,Fellin P. O.,,,,,,,,,,,,,1755647160.247169
OUmrWi6k,1755184200,Jones M.,Brunclik P.,,,,,,,,,,,,,1755647156.510794
j7hcdwdR,1755184200,Jodar R.,Wendelken H.,,,,,,,,,,,,,1755647153.0839
0nci8k8T,1755177000,Added D.,Xilas I.,,,,,,,,,,,,,1755647149.392389
4YlNxTQk,1755220200,Zhukayev B.,Schoolkate T.,,,,,,,,,,,,,1755647135.78123
MXyoDcv2,1755220200,Trungelliti M.,Pacheco Mendez R.,,,,,,,,,,,,,1755647132.463677
Q5rxFJ9k,1755220200,Lajovic D.,Burruchaga R. A.,,,,,,,,,,,,,1755647128.926048
f5tWISAN,1755220200,Galan D. E.,Buse I.,,,,,,,,,,,,,1755647125.556165
pl8jrk3S,1755204000,Wawrinka S.,Harper C.,,,,,,,,,,,,,1755647122.245056
jyS1D6Yp,1755204000,Tabilo A.,Passaro F.,,,,,,,,,,,,,1755647118.851453
vykjQis9,1755204000,Llamas Ruiz P.,Noguchi R.,,,,,,,,,,,,,1755647115.461473
xnmVz7e2,1755204000,Gaston H.,Galarneau A.,,,,,,,,,,,,,1755647112.113179
xO4rpBYF,1755203400,Draxl L.,Noguchi R.,,,,,,,,,,,,,1755647108.841806
jZQNxjAb,1755222300,Kingsley C.,Fery A.,,,,,,,,,,,,,1755647101.673136
jHXitPGj,1755221700,Ficovich J. P.,Perez A.,,,,,,,,,,,,,1755647098.052283
WEJzEeJU,1755143100,Andrade A.,Barrios Vera T.,,,,,,,,,,,,,1755647094.739496
63v0w6G7,1755138600,Bagnis F.,Tomic B.,,,,,,,,,,,,,1755647091.195676
z1icERas,1755216600,Sinner J.,Auger-Aliassime F.,,,,,,,,,,,,,1755647084.219392
0GzzTVm3,1755152400,Khachanov K.,Zverev A.,,,,,,,,,,,,,1755647080.878233
j78WVPpg,1755151200,Comesana F.,Rublev A.,,,,,,,,,,,,,1755647077.475987
rJEFVpRj,1755149400,Nardi L.,Alcaraz C.,,,,,,,,,,,,,1755647074.231343
S4oTofxQ,1755142800,Fritz T.,Atmane T.,,,,,,,,,,,,,1755647070.543125
K6GJeA4b,1755141600,Auger-Aliassime F.,Bonzi B.,,,,,,,,,,,,,1755647067.070894
4SBeSItP,1755128100,Vatutin A.,Cecchinato M.,,,,,,,,,,,,,1755647051.701914
fiuOdNPk,1755120300,Travaglia S.,Vasami J.,,,,,,,,,,,,,1755647048.232023
YsSZh7fB,1755114000,Prado Angelo J. C.,Jorda Sanchis D.,,,,,,,,,,,,,1755647044.697419
tYO4gLLs,1755106800,Sanchez Jover C.,Neumayer L.,,,,,,,,,,,,,1755647041.287359
Yaep9mLk,1755104400,Romano F.,Skatov T.,,,,,,,,,,,,,1755647037.77503
rqj5nHkg,1755096600,Juarez F.,Ferrari G.,,,,,,,,,,,,,1755647034.293518
0rkPoiAM,1755090600,Forti F.,Vacherot V.,,,,,,,,,,,,,1755647030.781487
bDmguVuo,1755090600,Budkov Kjaer N.,Pucinelli de Almeida M.,,,,,,,,,,,,,1755647027.369983
6s5G8dmS,1755131100,Gojo B.,Evans D.,,,,,,,,,,,,,1755647020.106981
SdFN3JEE,1755130800,Poling K.,Evans D.,,,,,,,,,,,,,1755647016.869615
0hWHwBI8,1755130800,Trotter J. K.,Landaluce M.,,,,,,,,,,,,,1755647012.994082
xlb0Cvl3,1755123000,Rocha H.,Damm M.,,,,,,,,,,,,,1755647009.570996
bupe1Eu2,1755120900,Lajal M.,Kirchheimer S.,,,,,,,,,,,,,1755647005.991581
AFB7AIIF,1755115800,Seggerman R.,Klein L.,,,,,,,,,,,,,1755647002.621069
2Djn3zBk,1755115800,McCabe J.,Fearnley J.,,,,,,,,,,,,,1755646999.044804
EajNHTek,1755051300,Basilashvili N.,Eubanks C.,,,,,,,,,,,,,1755646995.503811
bRdI1bWi,1755104400,Gima S.,Rincon D.,,,,,,,,,,,,,1755646992.079926
bgepURrK,1755102000,Andreescu S. A.,Kolar Z.,,,,,,,,,,,,,1755646988.629443
ChBGN8oR,1755098100,Dellien Velasco M. A.,Yevseyev D.,,,,,,,,,,,,,1755646985.139809
zR4uio7d,1755096600,Sanchez Izquierdo N.,Sharipov M.,,,,,,,,,,,,,1755646981.458434
8YsvTvKD,1755095700,Fatic N.,Ambrogi L. E.,,,,,,,,,,,,,1755646977.97288
0Iwl0HaK,1755088800,Shah A.,Ajdukovic D.,,,,,,,,,,,,,1755646974.486913
ITMpme2k,1755088800,Kopp S.,Karol M.,,,,,,,,,,,,,1755646971.009578
EBGWh7xp,1755088800,Brunold M.,Blanch D.,,,,,,,,,,,,,1755646967.745361
ld7zXrHi,1755110700,Loffhagen G.,Jodar R.,,,,,,,,,,,,,1755646964.420355
ADWjlO7j,1755106800,Jones M.,Papamalamis T.,,,,,,,,,,,,,1755646960.977002
02qjRrmB,1755102300,Brunclik P.,Moroni F.,,,,,,,,,,,,,1755646957.894308
rXN7F5Nj,1755097500,Sakellaridis S.,Lokoli L.,,,,,,,,,,,,,1755646954.424552
nobUSSQa,1755096600,Wendelken H.,Ivashka I.,,,,,,,,,,,,,1755646951.004213
MHXbPMHN,1755095400,Rosenkranz M.,Fellin P. O.,,,,,,,,,,,,,1755646947.71789
IFi5s3x0,1755089100,Tarvet O.,Xilas I.,,,,,,,,,,,,,1755646944.148468
A9M9LGrg,1755088800,Added D.,Wiskandt M.,,,,,,,,,,,,,1755646940.717788
SSTFxjaC,1755054600,Harper C.,Guinard M.,,,,,,,,,,,,,1755646937.39584
6qAlyAQi,1755066000,Hanfmann Y.,Struff J-L.,,,,,,,,,,,,,1755646934.130932
K6G4XRPG,1755060300,Hernandez A.,Svrcina D.,,,,,,,,,,,,,1755646930.868915
EROWz1W8,1755060300,Gigante M.,Tirante T. A.,,,,,,,,,,,,,1755646927.386674
MRMzo6y0,1755132300,Mejia N.,Sheehy J.,,,,,,,,,,,,,1755646917.408087
bJW5F40C,1755125700,Ficovich J. P.,Bertran P.,,,,,,,,,,,,,1755646913.870051
EBOGvtwf,1755124800,Fery A.,Tobon M.,,,,,,,,,,,,,1755646910.388958
z5114AHU,1755119700,Perez A.,Kuzuhara B.,,,,,,,,,,,,,1755646906.962187
vmVroWPp,1755119400,Sachko V.,Rodriguez J. A.,,,,,,,,,,,,,1755646903.631765
vwzBfl6d,1755119400,Kingsley C.,Gomez J. S.,,,,,,,,,,,,,1755646899.957339
4UKNjbJG,1755062700,Mejia N.,Ganesan A.,,,,,,,,,,,,,1755646896.500285
GlhtPHCM,1755052800,Bagnis F.,Corwin F.,,,,,,,,,,,,,1755646893.21041
8nXKHZ4d,1755052200,Soriano Barrera A.,Sheehy J.,,,,,,,,,,,,,1755646889.79851
8xxOzUTO,1755125400,Sinner J.,Mannarino A.,,,,,,,,,,,,,1755646879.261317
Msm6nu1t,1755124200,Shelton B.,Bautista-Agut R.,,,,,,,,,,,,,1755646875.627045
Yumm6ibT,1755122700,Nakashima B.,Zverev A.,,,,,,,,,,,,,1755646872.264695
x4ro7lOO,1755115800,Tiafoe F.,Rune H.,,,,,,,,,,,,,1755646868.991627
rab4VX7b,1755053400,Lehecka J.,Walton A.,,,,,,,,,,,,,1755646865.642376
Sb4XwPL6,1754928300,Juarez F.,Noce G. M.,,,,,,,,,,,,,1755053520.908165
6PisT77l,1754926800,Jorda Sanchis D.,Bosio G.,,,,,,,,,,,,,1755053517.835314
jXkSa6rQ,1754925300,Picchione A.,Tabacco F.,,,,,,,,,,,,,1755053514.557046
GKSSdqRh,1754921400,Liutarevich I.,Ferrari G.,,,,,,,,,,,,,1755053511.077741
Q1Wyh6A6,1754917800,Vasa E.,de Marchi A.,,,,,,,,,,,,,1755053507.596873
QH8H11Ls,1754917800,Guerrieri A.,Romano F.,,,,,,,,,,,,,1755053504.129301
GlYcVz7T,1754956500,Sanchez Jover C.,Basile P.,,,,,,,,,,,,,1755053500.434334
IF9iO1gn,1754954700,Ferreira Silva F.,Vatutin A.,,,,,,,,,,,,,1755053497.155825
jsmYzuwh,1754949300,Travaglia S.,Pereira T.,,,,,,,,,,,,,1755053493.468896
bm0nDyoo,1754943000,Poljicak M.,Prado Angelo J. C.,,,,,,,,,,,,,1755053490.364424
CSPK2EcE,1754937600,Villanueva G.,Pucinelli de Almeida M.,,,,,,,,,,,,,1755053487.225487
fZqkXdxH,1754937600,Budkov Kjaer N.,Torres J. B.,,,,,,,,,,,,,1755053483.949148
ne18KJhB,1754937000,Dodig M.,Pucinelli de Almeida M.,,,,,,,,,,,,,1755053480.662741
E13jLsop,1754960100,Kobelt A.,Seggerman R.,,,,,,,,,,,,,1755053476.986337
fHMJQ3NM,1754957700,Jung J.,Kirchheimer S.,,,,,,,,,,,,,1755053472.981056
QyV2UoOc,1754957100,Damm M.,Flores J.,,,,,,,,,,,,,1755053469.118821
K8DBSNLb,1754943600,Trhac P.,Melnic V.,,,,,,,,,,,,,1755053465.841548
0bwH6rWj,1754943300,Zink T.,Melnic V.,,,,,,,,,,,,,1755053462.563419
tEdpC48T,1754943000,Vandecasteele Q.,Boulais J.,,,,,,,,,,,,,1755053459.279766
niJBSPhA,1754943000,Stalder R.,Poling K.,,,,,,,,,,,,,1755053455.594193
0nDGs7Ms,1754925300,Djuric B.,Andreescu S. A.,,,,,,,,,,,,,1755053452.522461
6qGOuoif,1754924100,Faurel T.,Gima S.,,,,,,,,,,,,,1755053449.245757
6PB4ltNc,1754920500,Blanch D.,Paroulek T.,,,,,,,,,,,,,1755053445.975049
GphcNZmI,1754914500,Wallin O.,Kivattsev K.,,,,,,,,,,,,,1755053442.695497
O6qQtXze,1754914200,Markov V.,Fomin S.,,,,,,,,,,,,,1755053439.215197
zySKktAd,1754914200,Agamenone F.,Mazdrashki A.,,,,,,,,,,,,,1755053435.938522
zwwRjVL0,1754937600,Kopp S.,Nedic A.,,,,,,,,,,,,,1755053432.77909
SjMT6sCb,1754937300,Donski A.,Shah A.,,,,,,,,,,,,,1755053428.057399
GQXq3aBN,1754931300,Karol M.,Midon L.,,,,,,,,,,,,,1755053424.782171
lt305Uzf,1754928600,Brunold M.,Prihodko O.,,,,,,,,,,,,,1755053421.50674
zHPy5LtB,1754927400,Honda N.,Ajdukovic D.,,,,,,,,,,,,,1755053418.438531
tSDhiueU,1754925300,Reymond A.,Papamalamis T.,,,,,,,,,,,,,1755053415.1612
t2WqmTbK,1754922900,Fellin P. O.,Leong M. W. K.,,,,,,,,,,,,,1755053411.884994
KU6pqooI,1754922900,Castagnola L.,Raquillet L.,,,,,,,,,,,,,1755053408.610564
rcwBUBCr,1754914200,Vales A.,Ivashka I.,,,,,,,,,,,,,1755053405.33658
bidoEjS1,1754914200,Moroni F.,Kimhi O.,,,,,,,,,,,,,1755053402.059425
hfRKRfvB,1754914200,Makk P.,Holban V.,,,,,,,,,,,,,1755053398.784532
OhljypN6,1754937900,Cui J.,Jones M.,,,,,,,,,,,,,1755053395.714394
zZnFZWo2,1754937300,Sakellaridis S.,Binda A.,,,,,,,,,,,,,1755053392.444429
2uu1czv9,1754929200,Wiskandt M.,Parker S.,,,,,,,,,,,,,1755053389.164218
CEUpcRqQ,1754928600,Jodar R.,Potenza L.,,,,,,,,,,,,,1755053386.010899
UTRlcdFb,1754970300,Zhukayev B.,Matos R.,,,,,,,,,,,,,1755053381.691819
GQaxlhxo,1754970300,Magadan A.,Guinard M.,,,,,,,,,,,,,1755053378.417909
4ntX9Zb4,1754966400,Haase R.,Llamas Ruiz P.,,,,,,,,,,,,,1755053375.144289
IkbWvFaU,1754965500,Galarneau A.,Lemaitre L.,,,,,,,,,,,,,1755053372.073157
OSKcezpB,1754961000,Noguchi R.,Ho R.,,,,,,,,,,,,,1755053368.595112
M3OtaIpn,1754961000,Frantzen C.,Alvarez Valdes L. C.,,,,,,,,,,,,,1755053365.355345
dtJ5gEEN,1754961000,Bayldon B.,Watt J.,,,,,,,,,,,,,1755053362.063779
6ypkajXG,1754957400,Schachter N.,Osorio J. S.,,,,,,,,,,,,,1755053358.770899
xEgv8DTG,1754955900,Baadi T.,Kumar P.,,,,,,,,,,,,,1755053355.496018
I9tFpJVh,1754949900,Bagnis F.,Villalon N.,,,,,,,,,,,,,1755053352.222847
GWhTLKz2,1754949300,Kuzuhara B.,Lilov V.,,,,,,,,,,,,,1755053347.619124
zZfdXgwn,1754948400,Sheehy J.,Castaneda M.,,,,,,,,,,,,,1755053344.13909
YPxgm4eR,1754943300,Sanchez Rojas C. F.,Osorio J. S.,,,,,,,,,,,,,1755053341.069739
nXdbRMY7,1754943000,Schachter N.,Torres Fernandez B. I.,,,,,,,,,,,,,1755053337.796511
QJTA2NGc,1754943000,Brumm J.,Perez B.,,,,,,,,,,,,,1755053334.115661
48TOsrJl,1754890800,Kumar P.,Price S.,,,,,,,,,,,,,1755053330.838515
EaCIoCyK,1754885700,Bagnis F.,Craig C.,,,,,,,,,,,,,1755053327.367045
0zNXuMm1,1754883000,Baadi T.,Marin T.,,,,,,,,,,,,,1755053324.078693
6cicvUTg,1754880600,Robledo Hoyos P.,Lilov V.,,,,,,,,,,,,,1755053320.82123
YmLuv0ID,1754879400,Huertas Del Pino Cordova A.,Villalon N.,,,,,,,,,,,,,1755053317.542791
M5il7J3c,1754966700,Sachko V.,Cid Subervi R.,,,,,,,,,,,,,1755053314.45143
6BWVhTrm,1754961000,Perez A.,Martin D.,,,,,,,,,,,,,1755053311.174467
ziOnkorC,1754957400,Rodriguez Taverna S.,Kingsley C.,,,,,,,,,,,,,1755053307.90074
joq53y3M,1754961900,Fritz T.,Sonego L.,,,,,,,,,,,,,1755053303.903986
WhUQEzWI,1754960100,Tsitsipas S.,Bonzi B.,,,,,,,,,,,,,1755053300.831639
nRkabkLP,1754949900,Tiafoe F.,Humbert U.,,,,,,,,,,,,,1755053297.75936
YkWAFXAE,1754943000,Rinderknech A.,Auger-Aliassime F.,,,,,,,,,,,,,1755053294.484157
80n6vyjK,1754943000,Michelsen A.,Rune H.,,,,,,,,,,,,,1755053291.205613
bmW0tQDN,1754893800,Basavareddy N.,Zverev A.,,,,,,,,,,,,,1755053287.928515
tlqR5sKa,1754885400,Shelton B.,Ugo Carabelli C.,,,,,,,,,,,,,1755053284.856578
29UvrE1t,1754885100,Nakashima B.,Blockx A.,,,,,,,,,,,,,1755053281.579705
rNUMLIDj,1754883900,Khachanov K.,Royer V.,,,,,,,,,,,,,1755053278.300948
6F4fwEio,1754877900,Griekspoor T.,Medjedovic H.,,,,,,,,,,,,,1755053274.939733
OCvjxuQj,1754858700,Prashanth V.,Tabacco F.,,,,,,,,,,,,,1755053259.148269
4ScJs12T,1754857800,Juarez F.,Pearson K.,,,,,,,,,,,,,1755053255.910211
nT4RqWRa,1754852400,Jorda Sanchis D.,Angelini L.,,,,,,,,,,,,,1755053252.798851
GvVniEZP,1754851800,Bosio G.,Dominko S.,,,,,,,,,,,,,1755053249.523091
0vDBVxun,1754851500,Liutarevich I.,Zeballos F.,,,,,,,,,,,,,1755053246.24442
EsL7P1to,1754847000,Villanueva G.,Zeballos F.,,,,,,,,,,,,,1755053242.956957
rebzrAdC,1754845800,Picchione A.,Hrazdil J.,,,,,,,,,,,,,1755053239.895186
zm62oq34,1754845500,Genier T.,Noce G. M.,,,,,,,,,,,,,1755053236.617588
d2fBqNXG,1754840100,Agostini S.,Ferrari G.,,,,,,,,,,,,,1755053233.342121
lYx1TAsJ,1754839800,Vasa E.,Betti E.,,,,,,,,,,,,,1755053230.063857
0C6Johcm,1754835900,Umena A.,Romano F.,,,,,,,,,,,,,1755053226.806353
h6qhVWC6,1754831400,Guerrieri A.,Tabacco G.,,,,,,,,,,,,,1755053223.527271
Uk3fm5Yi,1754830800,de Marchi A.,Bronzetti A.,,,,,,,,,,,,,1755053219.515933
zZvbvtFt,1754855700,Obradovic D.,Andreescu S. A.,,,,,,,,,,,,,1755053216.238153
lr6uMbaC,1754854200,Djuric B.,Bilardo J.,,,,,,,,,,,,,1755053212.974845
pAalKxUO,1754852700,Vanshelboim E.,Faurel T.,,,,,,,,,,,,,1755053209.682359
GU7XNKUa,1754846400,Blanch D.,Sinha N. K.,,,,,,,,,,,,,1755053206.446115
dECcBsof,1754845800,Dev S D P.,Fomin S.,,,,,,,,,,,,,1755053203.144462
Aio67apJ,1754837100,Milev Y.,Gima S.,,,,,,,,,,,,,1755053199.646192
4GXIIPhK,1754834400,Wallin O.,Mashtakov N.,,,,,,,,,,,,,1755053196.369161
2Rsb9LF6,1754833800,Georgiev G.,Paroulek T.,,,,,,,,,,,,,1755053192.889973
jmOhV2xQ,1754831700,Nesterov P.,Markov V.,,,,,,,,,,,,,1755053189.656391
O0EkD3Gs,1754828100,Kirov V.,Kivattsev K.,,,,,,,,,,,,,1755053186.538505
MVEOPt0m,1754827800,Agamenone F.,Latinovic S.,,,,,,,,,,,,,1755053183.262274
dlT6xKqg,1754827500,Mazdrashki A.,Chazal M.,,,,,,,,,,,,,1755053179.983087
2oYcAGIj,1754852100,Wallart E.,Leong M. W. K.,,,,,,,,,,,,,1755053176.910877
dpgJHbQG,1754851500,Reymond A.,Poljak D.,,,,,,,,,,,,,1755053173.635491
zV4AJKe4,1754848500,Fellin P. O.,Vasiliauskas M.,,,,,,,,,,,,,1755053170.370917
CdJFcwZp,1754844900,Wang A.,Papamalamis T.,,,,,,,,,,,,,1755053167.284755
j7EhWcuA,1754844600,Nefve A.,Raquillet L.,,,,,,,,,,,,,1755053163.600082
r1iRFxeT,1754841000,Castagnola L.,Azoidis D.,,,,,,,,,,,,,1755053160.320749
d4H0UyAM,1754839200,Moroni F.,Nedelko I.,,,,,,,,,,,,,1755053157.043034
txgXOFXq,1754838000,Antonopoulos C.,Ivashka I.,,,,,,,,,,,,,1755053153.151396
fuLqYJAc,1754834100,Kountourakis I.,Kimhi O.,,,,,,,,,,,,,1755053149.877875
4AvSpcf3,1754827800,Te R.,Vales A.,,,,,,,,,,,,,1755053146.597185
S412LtRi,1754827800,Holban V.,Naw H.,,,,,,,,,,,,,1755053143.524503
l2duNg2d,1754827800,Andaloro F.,Makk P.,,,,,,,,,,,,,1755053140.247046
jsJKHa3s,1754841900,Majchrzak K.,Prizmic D.,,,,,,,,,,,,,1755053136.972092
4hoOMlIs,1754860800,Neumayer L.,Lajovic D.,,,,,,,,,,,,,1755053133.693886
G6LJxdyh,1754863800,Hsu Y. H.,Zheng M.,,,,,,,,,,,,,1755053130.437497
GOAcGK97,1754841900,Rodionov J.,Skatov T.,,,,,,,,,,,,,1755053127.342859
j53kTr4e,1754877300,Beltran Rubio M.,Castaneda M.,,,,,,,,,,,,,1755053114.234546
pr3ltjas,1754862000,Kuzuhara B.,Rico Arias N. E.,,,,,,,,,,,,,1755053110.97539
Ii5sV4Zr,1754858400,Sheehy J.,Ordonez Vargas J. P.,,,,,,,,,,,,,1755053107.680147
CAlpkQQE,1754858400,Brumm J.,Arcila A.,,,,,,,,,,,,,1755053104.403263
b7OAzRBL,1754858400,Braga V.,Perez B.,,,,,,,,,,,,,1755053100.921052
8IFYy60e,1754875200,Nardi L.,Shapovalov D.,,,,,,,,,,,,,1755053090.88647
zcoxqDbm,1754873700,Walton A.,Medvedev D.,,,,,,,,,,,,,1755053087.403789
IqLSkn43,1754871900,Brooksby J.,Cazaux A.,,,,,,,,,,,,,1755053084.131086
jinXyV3l,1754871300,Dzumhur D.,Alcaraz C.,,,,,,,,,,,,,1755053080.84985
GCprT0LG,1754868300,Popyrin A.,Landaluce M.,,,,,,,,,,,,,1755053076.959228
E1PR0aWP,1754864700,Mensik J.,Quinn E.,,,,,,,,,,,,,1755053073.681882
I5nJSiE6,1754864400,Bautista-Agut R.,Norrie C.,,,,,,,,,,,,,1755053070.408432
ro71GNyB,1754863800,Tien L.,Rublev A.,,,,,,,,,,,,,1755053067.332233
ATzr2aJO,1754856900,Lehecka J.,Boyer T.,,,,,,,,,,,,,1755053064.260042
h44TI1Si,1754856600,De Minaur A.,Opelka R.,,,,,,,,,,,,,1755053060.983635
4fWW9x9t,1754856600,Comesana F.,Darderi L.,,,,,,,,,,,,,1755053057.719554
trbJ1O9j,1754856000,Brooksby J.,Fils A.,,,,,,,,,,,,,1755053054.420567
zcoAAfs1,1754805600,Fritz T.,Nava E.,,,,,,,,,,,,,1755053051.151021
r3h3DnZi,1754799900,Tiafoe F.,Carballes Baena R.,,,,,,,,,,,,,1755053047.873897
bmYFi0mC,1754797800,Atmane T.,Cobolli F.,,,,,,,,,,,,,1755053044.429001
0IZJZRRQ,1754793600,Bergs Z.,Sonego L.,,,,,,,,,,,,,1755053041.322717
SICBX5Ra,1754755200,Majchrzak K.,Blanchet U.,,,,,,,,,,,,,1755053026.779588
2kvD80sA,1754748000,Mayot H.,Prizmic D.,,,,,,,,,,,,,1755053023.507229
QuqXvI96,1754777400,Taberner C.,Neumayer L.,,,,,,,,,,,,,1755053020.441556
GWhtB8Lb,1754769600,Stebe C.,Lajovic D.,,,,,,,,,,,,,1755053017.354711
tAKbKpTF,1754785500,Holmgren A.,Hsu Y. H.,,,,,,,,,,,,,1755053014.102841
fT0mDg26,1754777400,Zheng M.,Johns G.,,,,,,,,,,,,,1755053011.041732
MNzj7CHP,1754766900,Rodionov J.,Schwaerzler J. J.,,,,,,,,,,,,,1755053007.933826
M3lMwfjJ,1754755200,Skatov T.,Collignon R.,,,,,,,,,,,,,1755053004.658345
Kn0vlW5t,1754790900,Davidovich Fokina A.,Fonseca J.,,,,,,,,,,,,,1755052994.416315
WbcbRTaJ,1754788500,Wong C.,Humbert U.,,,,,,,,,,,,,1755052991.139241
Wzsaerlm,1754782500,Sinner J.,Galan D. E.,,,,,,,,,,,,,1755052987.865841
YXEfs1am,1754782500,Baez S.,Diallo G.,,,,,,,,,,,,,1755052984.585288
nN9nh9fM,1754781300,Machac T.,Mannarino A.,,,,,,,,,,,,,1755052981.307893
08WgPSw2,1754780400,Tsitsipas S.,Marozsan F.,,,,,,,,,,,,,1755052978.03227
l0eBBQ34,1754775900,Martinez P.,Paul T.,,,,,,,,,,,,,1755052974.756
IPE3EBPq,1754774400,Etcheverry T. M.,Auger-Aliassime F.,,,,,,,,,,,,,1755052971.667326
vVabzgn3,1754770500,Michelsen A.,Moutet C.,,,,,,,,,,,,,1755052968.611155
S4yCylcE,1754770200,Safiullin R.,Rune H.,,,,,,,,,,,,,1755052965.538701
YHWgM7bt,1754770200,Ruud C.,Rinderknech A.,,,,,,,,,,,,,1755052962.263912
rPorVB0f,1754770200,Bonzi B.,Musetti L.,,,,,,,,,,,,,1755052958.984689
vgSB1Qom,1754721000,Vukic A.,Basavareddy N.,,,,,,,,,,,,,1755052955.749865
U5eJy4Sr,1754717400,Monfils G.,Basavareddy N.,,,,,,,,,,,,,1755052952.624499
Kvvov9de,1754713800,Ofner S.,Royer V.,,,,,,,,,,,,,1755052949.565077
pYJnsQ4L,1754713800,Bellucci M.,Dzumhur D.,,,,,,,,,,,,,1755052946.495831
EJzwpvTG,1754712600,Tien L.,Riedi L.,,,,,,,,,,,,,1755052943.009235
2aDlbUmR,1754710800,Landaluce M.,Kypson P.,,,,,,,,,,,,,1755052939.797593
2k2dW8j3,1754705400,Altmaier D.,Bautista-Agut R.,,,,,,,,,,,,,1755052936.729945
f9Uxvu9m,1754687400,Majchrzak K.,Glinka D.,,,,,,,,,,,,,1755052922.336891
jR63xf8K,1754680200,Cina F.,Blanchet U.,,,,,,,,,,,,,1755052919.254151
OdEVEm9N,1754672400,Zeppieri G.,Mayot H.,,,,,,,,,,,,,1755052916.180589
h0pWn2NE,1754665800,Maestrelli F.,Prizmic D.,,,,,,,,,,,,,1755052913.108459
KbQvD7Fk,1754697900,Taberner C.,Bueno G.,,,,,,,,,,,,,1755052909.831122
tf02qNx2,1754685300,Neumayer L.,Kicker N.,,,,,,,,,,,,,1755052906.769798
hzJ1uqJs,1754679600,Rodriguez Taverna S.,Lajovic D.,,,,,,,,,,,,,1755052903.688092
dYQdYWr2,1754671200,Stebe C.,Piros Z.,,,,,,,,,,,,,1755052900.41033
fFiufVP9,1754699400,Holmgren A.,Hussey G.,,,,,,,,,,,,,1755052897.133564
0Kpij0Xa,1754694600,Wu Y.,Hsu Y. H.,,,,,,,,,,,,,1755052893.891356
K2GjU5kl,1754693700,Zheng M.,Habib H.,,,,,,,,,,,,,1755052890.787142
nuisLuLb,1754687400,Svajda T.,Johns G.,,,,,,,,,,,,,1755052887.714812
pWdcdBSF,1754620500,Holmgren A.,Ghibaudo A.,,,,,,,,,,,,,1755052884.436333
ObVKWFIF,1754684100,Gaubas V.,Schwaerzler J. J.,,,,,,,,,,,,,1755052881.162155
WdSA7vyg,1754671200,Skatov T.,Milev Y.,,,,,,,,,,,,,1755052877.885804
zXeyn5Vi,1754668800,Midon L.,Rodionov J.,,,,,,,,,,,,,1755052874.612234
8G2V2zk2,1754662200,Reis Da Silva J.,Collignon R.,,,,,,,,,,,,,1755052871.356231
j3AW8uJq,1754628300,Khachanov K.,Shelton B.,,,,,,,,,,,,,1755052868.263417
MaYiLrr2,1754704500,Medjedovic H.,Kovacevic A.,,,,,,,,,,,,,1755052858.636903
MBIVo0b4,1754703600,Walton A.,Navone M.,,,,,,,,,,,,,1755052855.379962
bcXSiGIt,1754703600,Dellien H.,Opelka R.,,,,,,,,,,,,,1755052852.289796
x8Gvqnz9,1754701800,Brooksby J.,Muller A.,,,,,,,,,,,,,1755052849.013208
GMgRZsce,1754697900,Comesana F.,Munar J.,,,,,,,,,,,,,1755052845.805966
WAVzjfmg,1754697600,Kecmanovic M.,Quinn E.,,,,,,,,,,,,,1755052842.681982
fwdCbwrA,1754694600,Coric B.,Nava E.,,,,,,,,,,,,,1755052839.596231
bVbKh8Bl,1754691900,Giron M.,Blockx A.,,,,,,,,,,,,,1755052836.518735
GzZalsCl,1754683800,Ugo Carabelli C.,Nishikori K.,,,,,,,,,,,,,1755052833.243263
80Ku0jJE,1754683800,Nardi L.,Tirante T. A.,,,,,,,,,,,,,1755052829.764828
xjN8nLt1,1754683800,Boyer T.,Holt B.,,,,,,,,,,,,,1755052826.691176
0ATUg3lR,1754638800,Baez S.,Goffin D.,,,,,,,,,,,,,1755052823.616292
6HFHxdLj,1754629500,Smith C.,Marozsan F.,,,,,,,,,,,,,1755052820.548407
ClmzYLR7,1754626200,Moutet C.,McDonald M.,,,,,,,,,,,,,1755052817.277387
UcTbZi2b,1754604300,Cina F.,Karatsev A.,,,,,,,,,,,,,1755052802.750898
2ykOq9uH,1754585700,Blanchet U.,Huesler M.,,,,,,,,,,,,,1755052799.660509
tSBR9rKD,1754583900,Brunclik P.,Zeppieri G.,,,,,,,,,,,,,1755052796.583086
tIQlDAM6,1754579400,Cui J.,Mayot H.,,,,,,,,,,,,,1755052793.30399
2muuDycB,1754610300,Taberner C.,Alcala Gurri M.,,,,,,,,,,,,,1755052790.030225
SGHjXMxS,1754603700,Neumayer L.,Piraino G.,,,,,,,,,,,,,1755052786.750247
bZOVhwal,1754592900,Kicker N.,Prihodko O.,,,,,,,,,,,,,1755052783.490523
AD0zzJg2,1754584800,Bueno G.,Clarke J.,,,,,,,,,,,,,1755052780.379751
OKjgEql1,1754610300,Hussey G.,Dostanic S.,,,,,,,,,,,,,1755052774.199304
OG8lbXc3,1754607000,Banerjee S.,Habib H.,,,,,,,,,,,,,1755052770.868609
xhKFsHxq,1754600700,Zheng M.,Zhou Y.,,,,,,,,,,,,,1755052767.726342
viw1QXi2,1754597400,Schwaerzler J. J.,Coria F.,,,,,,,,,,,,,1755052764.629809
2PWvGO2T,1754586300,Gaubas V.,Krumich M.,,,,,,,,,,,,,1755052761.350431
8K6Ds7O7,1754579400,Blancaneaux G.,Reis Da Silva J.,,,,,,,,,,,,,1755052758.080424
0pYdu5Cb,1754575800,Kym J.,Collignon R.,,,,,,,,,,,,,1755052754.84907
ngOoKZyK,1754553000,Shelton B.,Fritz T.,,,,,,,,,,,,,1755052751.766243
xIBPFF35,1754539800,Zverev A.,Khachanov K.,,,,,,,,,,,,,1755052748.673257
0rHGZvzh,1754537400,Cazaux A.,Tirante T. A.,,,,,,,,,,,,,1755052745.599501
MZ2BOERj,1754537100,Navone M.,Nava E.,,,,,,,,,,,,,1755052742.475475
zZOorIcT,1754618100,Thompson J.,Mannarino A.,,,,,,,,,,,,,1755052739.434816
YagvGm6M,1754613300,Etcheverry T. M.,Shang J.,,,,,,,,,,,,,1755052736.15979
CEzwtVRr,1754609400,Atmane T.,Nishioka Y.,,,,,,,,,,,,,1755052732.965634
WUgDSQkS,1754608200,Safiullin R.,Tabilo A.,,,,,,,,,,,,,1755052729.80862
MPc40aDc,1754607600,Galan D. E.,Kopriva V.,,,,,,,,,,,,,1755052726.532128
pGQGpaBD,1754607000,Bergs Z.,Fearnley J.,,,,,,,,,,,,,1755052723.458607
tfSgxmR7,1754604900,Mpetshi Perricard G.,Wong C.,,,,,,,,,,,,,1755052720.220265
zqAA85bd,1754597700,Martinez P.,Jarry N.,,,,,,,,,,,,,1755052717.119191
xYaVH9yA,1754597400,Rinderknech A.,Borges N.,,,,,,,,,,,,,1755052714.03599
lnzpN4Dk,1754597400,Fonseca J.,Bu Y.,,,,,,,,,,,,,1755052710.761961
4rzMePJE,1754597400,Carballes Baena R.,Gaston H.,,,,,,,,,,,,,1755052707.27646
UVvAARTq,1754597400,Bonzi B.,Arnaldi M.,,,,,,,,,,,,,1755052704.204529
O4j5UnLF,1754596800,Coric B.,O'Connell C.,,,,,,,,,,,,,1755052700.917158
SpTaCwod,1754517900,Glinka D.,Kasnikowski M.,,,,,,,,,,,,,1755052686.223533
IL0nQako,1754507100,Pieczkowski O.,Prizmic D.,,,,,,,,,,,,,1755052683.130074
YD2bYQJ8,1754501700,Majchrzak K.,Berkieta T.,,,,,,,,,,,,,1755052680.03526
bmzx7SO6,1754489400,Maestrelli F.,Engel J.,,,,,,,,,,,,,1755052676.837823
vPA9zYdJ,1754489400,Binda A.,Cui J.,,,,,,,,,,,,,1755052673.686018
dEzG0V7U,1754526600,Caniato C. A.,Lajovic D.,,,,,,,,,,,,,1755052670.524914
UBxyB2o4,1754517600,Rodriguez Taverna S.,Sanchez Jover C.,,,,,,,,,,,,,1755052667.440154
xYoT8lff,1754509500,Vacherot V.,Piros Z.,,,,,,,,,,,,,1755052664.266733
W65Anqhl,1754498400,Pereira T.,Stebe C.,,,,,,,,,,,,,1755052660.987663
jep1GO5F,1754528400,Wu Y.,Nakagawa N.,,,,,,,,,,,,,1755052657.712272
4CyRunlC,1754519400,Bolt A.,Johns G.,,,,,,,,,,,,,1755052654.44116
O6DfF1cL,1754514900,Zhukayev B.,Svajda T.,,,,,,,,,,,,,1755052651.159039
CIGd1gGk,1754514600,Sell K.,Hsu Y. H.,,,,,,,,,,,,,1755052647.880272
AXbWlIO8,1754451600,Hussey G.,Damm M.,,,,,,,,,,,,,1755052644.604895
Ae997rFl,1754448900,Dostanic S.,Tomic B.,,,,,,,,,,,,,1755052641.123144
6ahumdgL,1754446200,Ghibaudo A.,Vallejo D.,,,,,,,,,,,,,1755052637.840914
n75WdmI0,1754515200,Mackenzie J.,Rodionov J.,,,,,,,,,,,,,1755052634.773129
jVIT07aT,1754502900,Rosenkranz M.,Midon L.,,,,,,,,,,,,,1755052631.601265
UoHlGVJE,1754497500,Jianu F. C.,Skatov T.,,,,,,,,,,,,,1755052626.791256
OSl05AGE,1754493900,Milev Y.,Moller E.,,,,,,,,,,,,,1755052623.414408
6HyuyBfd,1754459400,De Minaur A.,Shelton B.,,,,,,,,,,,,,1755052619.018848
YTCZdhHF,1754453400,Rublev A.,Fritz T.,,,,,,,,,,,,,1755052615.729694
zgXBbrFc,1754527200,Vukic A.,Kypson P.,,,,,,,,,,,,,1755052605.696057
U3rL1coC,1754524800,Tu L.,Atmane T.,,,,,,,,,,,,,1755052602.419065
fyPMOmED,1754523600,Smith C.,Basilashvili N.,,,,,,,,,,,,,1755052599.354897
YN1AqiN9,1754523600,Navone M.,Struff J-L.,,,,,,,,,,,,,1755052596.097298
UkeJsViM,1754521500,Trotter J. K.,Tirante T. A.,,,,,,,,,,,,,1755052592.798156
4vfbgTgo,1754521500,Nardi L.,Blockx A.,,,,,,,,,,,,,1755052589.526429
WMBELReR,1754520900,Mannarino A.,Svrcina D.,,,,,,,,,,,,,1755052586.449267
vRLUlRsh,1754520000,Cazaux A.,Lajal M.,,,,,,,,,,,,,1755052583.179539
SpNqbjx3,1754519400,Vukic A.,Cassone M.,,,,,,,,,,,,,1755052580.104945
GAeXlnak,1754512800,Kukushkin M.,Nava E.,,,,,,,,,,,,,1755052576.965162
pjLs7OnB,1754511000,Wong C.,Mochizuki S.,,,,,,,,,,,,,1755052573.350495
jmj8gKz2,1754511000,Shevchenko A.,Galan D. E.,,,,,,,,,,,,,1755052570.182108
faTWHpYG,1754511000,Royer V.,Draxl L.,,,,,,,,,,,,,1755052566.343127
G4hZ7Jke,1754511000,Riedi L.,Harris L.,,,,,,,,,,,,,1755052562.691181
Yec7mith,1754511000,Fery A.,Landaluce M.,,,,,,,,,,,,,1755052559.257111
OCGhdU6F,1754448000,Watanuki Y.,Svrcina D.,,,,,,,,,,,,,1755052556.163958
vikbvD34,1754429100,Jodar R.,Huesler M.,,,,,11.0,14.0,27.0,26.0,3.0,16.0,6.0,17.0,1754646852.438523
zJr7xiYG,1754424000,Shelbayh A.,Blanchet U.,,,,,10.0,18.0,27.0,21.0,5.0,5.0,13.0,7.0,1754646849.365943
4YhGWOeo,1754424000,Chidekh C.,Mayot H.,,,,,17.0,28.0,38.0,31.0,7.0,4.0,9.0,7.0,1754646846.089379
8WtFzV2T,1754420400,Pieczonka F.,Karatsev A.,,,,,22.0,41.0,26.0,46.0,1.0,17.0,4.0,22.0,1754646842.814201
AqJhvGcf,1754418900,Monday J.,Zeppieri G.,,,,,16.0,22.0,27.0,22.0,4.0,4.0,4.0,6.0,1754646839.5366
827pxoYN,1754418600,Jacquet K.,Cina F.,,,,,17.0,15.0,28.0,18.0,5.0,8.0,9.0,12.0,1754646836.473148
GpQqtxTs,1754413200,Hemery C.,Brunclik P.,,,,,11.0,13.0,41.0,11.0,3.0,5.0,6.0,6.0,1754646833.191776
QJFTuTYb,1754411400,Kasnikowski M.,Grenier H.,,,,,24.0,23.0,39.0,37.0,23.0,4.0,27.0,13.0,1754646829.913156
SGNoV8Qj,1754408400,Maestrelli F.,Jones M.,,,,,8.0,6.0,23.0,34.0,4.0,2.0,4.0,4.0,1754646826.636263
hzijtZYi,1754403000,Glinka D.,Albot R.,,,,,18.0,9.0,33.0,27.0,4.0,5.0,6.0,6.0,1754646823.36076
M9N0vyFi,1754403000,Engel J.,Moro Canas A.,,,,,29.0,24.0,50.0,52.0,10.0,8.0,12.0,9.0,1754646820.505641
44RKsk4n,1754403000,Berkieta T.,Soto M.,,,,,40.0,19.0,47.0,29.0,0.0,2.0,0.0,3.0,1754646817.216554
StsI3ir3,1754431800,Taberner C.,Bondioli F.,,,,,16.0,17.0,22.0,30.0,7.0,5.0,8.0,9.0,1754646813.939028
6ydNsALq,1754422200,Piraino G.,Sels J.,,,,,20.0,12.0,20.0,34.0,3.0,7.0,3.0,10.0,1754646810.669166
EwHrkhT9,1754419800,Prihodko O.,Travaglia S.,,,,,36.0,27.0,54.0,34.0,7.0,5.0,13.0,8.0,1754646807.385864
6sssnsC4,1754419500,Bueno G.,Nijboer R.,,,,,26.0,50.0,36.0,65.0,7.0,30.0,9.0,38.0,1754646804.109181
S4P4fm5k,1754414100,Torres J. B.,Clarke J.,,,,,12.0,10.0,36.0,17.0,7.0,2.0,10.0,3.0,1754646800.832891
lQYcraBT,1754413800,Neumayer L.,Kestelboim M.,,,,,21.0,13.0,22.0,33.0,5.0,7.0,5.0,13.0,1754646797.760047
pShYm3sh,1754412000,Alcala Gurri M.,Giustino L.,,,,,20.0,32.0,23.0,52.0,4.0,12.0,6.0,24.0,1754646794.483825
pdKTxwZj,1754408700,De Krom M.,Vacherot V.,,,,,15.0,27.0,23.0,21.0,7.0,10.0,11.0,13.0,1754646791.207351
hbukpLtH,1754405700,Kicker N.,Prado Angelo J. C.,,,,,9.0,9.0,20.0,21.0,3.0,2.0,3.0,6.0,1754646787.933264
dfQ9ZOqd,1754404500,Kolar Z.,Piros Z.,,,,,17.0,15.0,35.0,37.0,6.0,3.0,9.0,5.0,1754646784.654058
fy1siEbc,1754399700,Rodriguez Taverna S.,Sanchez Izquierdo N.,,,,,31.0,17.0,37.0,36.0,7.0,11.0,10.0,22.0,1754646781.377426
0SW0yoFq,1754399400,Sanchez Jover C.,Vrbensky M.,,,,,13.0,22.0,22.0,37.0,3.0,10.0,4.0,15.0,1754646778.102052
E1aVuljd,1754399400,Caniato C. A.,Paulson A.,,,,,15.0,12.0,10.0,30.0,1.0,3.0,3.0,9.0,1754646774.824409
dMYYa9sS,1754398800,Olivieri G. A.,Piros Z.,,,,,,,,,,,,,1754646772.148304
QRH6YdvS,1754444700,Banerjee S.,Rybakov A.,,,,,18.0,14.0,20.0,37.0,4.0,11.0,5.0,15.0,1754646759.260309
r97H5Mq1,1754442600,Holmgren A.,King D.,,,,,27.0,13.0,31.0,20.0,13.0,3.0,20.0,4.0,1754646755.778728
dA8xTz2k,1754440800,Zhou Y.,Sheehy J.,,,,,13.0,11.0,14.0,27.0,6.0,3.0,7.0,4.0,1754646752.503655
IPdoREW1,1754437200,Fenty A.,Hsu Y. H.,,,,,10.0,20.0,24.0,15.0,4.0,4.0,5.0,9.0,1754646749.634962
UaOczJ9F,1754436600,Jung J.,Svajda T.,,,,,32.0,28.0,39.0,29.0,10.0,8.0,18.0,13.0,1754646746.358063
2VwBszHr,1754434800,Bolt A.,Huang T.,,,,,20.0,18.0,28.0,32.0,7.0,7.0,11.0,9.0,1754646743.081067
4fUUEQME,1754428200,Tobon M.,Sell K.,,,,,15.0,15.0,30.0,26.0,3.0,8.0,4.0,10.0,1754646739.805887
O25p9ejg,1754427900,Pacheco Mendez R.,Zheng M.,,,,,27.0,32.0,37.0,22.0,16.0,8.0,24.0,11.0,1754646736.528099
2mHyBHLt,1754427900,Kang K.,Habib H.,,,,,16.0,15.0,30.0,36.0,3.0,14.0,5.0,20.0,1754646733.455933
vy1Q30ED,1754424000,Wu Tung-Lin,Rybakov A.,,,,,,,,,,,,,1754646730.164771
Sf215DkI,1754362500,Johns G.,Harris B.,,,,,27.0,36.0,23.0,41.0,6.0,7.0,10.0,15.0,1754646727.516495
2awGk1zK,1754424600,Gaubas V.,Dedura D.,,,,,20.0,7.0,30.0,31.0,4.0,2.0,5.0,4.0,1754646724.855839
IPjbsbPq,1754421600,Fajta P.,Collignon R.,,,,,27.0,13.0,33.0,19.0,7.0,3.0,8.0,4.0,1754646721.577388
QX2JkJKD,1754418900,Schwaerzler J. J.,Negritu Ch.,,,,,23.0,18.0,18.0,26.0,4.0,6.0,5.0,8.0,1754646718.301175
OAgio7QH,1754417100,Cecchinato M.,Coria F.,,,,,21.0,14.0,43.0,16.0,6.0,4.0,8.0,5.0,1754646714.818511
Q9KWbNcR,1754416500,Kym J.,Yevseyev D.,,,,,22.0,10.0,32.0,17.0,8.0,6.0,10.0,6.0,1754646711.543715
buARnK1M,1754412900,Krumich M.,Zahraj P.,,,,,17.0,24.0,16.0,30.0,6.0,9.0,7.0,10.0,1754646708.265528
WARN0qTE,1754408700,Reis Da Silva J.,Wallin O.,,,,,24.0,19.0,29.0,42.0,1.0,5.0,3.0,7.0,1754646704.987803
jwk6uxfd,1754408100,McDonald N.,Milev Y.,,,,,18.0,32.0,44.0,43.0,6.0,8.0,9.0,8.0,1754646701.710331
IBBPSbAj,1754407200,Rosenkranz M.,Tabur C.,,,,,19.0,15.0,27.0,29.0,2.0,3.0,4.0,5.0,1754646692.495158
jF6JltX9,1754403000,Boscardin Dias P.,Midon L.,,,,,9.0,16.0,42.0,24.0,2.0,8.0,3.0,9.0,1754646688.499214
UaIAj22c,1754401500,Villanueva G.,Moller E.,,,,,14.0,27.0,22.0,29.0,3.0,4.0,4.0,7.0,1754646685.22281
Mu62g1Ll,1754400900,Choinski J.,Blancaneaux G.,,,,,15.0,20.0,24.0,15.0,10.0,3.0,16.0,4.0,1754646681.945017
xfkpgzsC,1754378100,Michelsen A.,Khachanov K.,194.0,192.0,163.0,160.0,24.0,16.0,40.0,27.0,12.0,6.0,16.0,6.0,1754646678.664774
08093iKU,1754367000,Zverev A.,Popyrin A.,203.0,200.0,166.0,162.0,28.0,30.0,30.0,45.0,13.0,16.0,14.0,21.0,1754646675.393211
lEjRATL8,1754444700,Kypson P.,Gigante M.,,,,,18.0,27.0,20.0,33.0,11.0,5.0,14.0,7.0,1754646668.839799
p2ZHw1Zj,1754443800,Nardi L.,Mayo A.,,,,,24.0,21.0,26.0,32.0,3.0,7.0,5.0,11.0,1754646665.564879
EJrnqNBT,1754442000,Jasika O.,Atmane T.,,,,,10.0,28.0,23.0,38.0,2.0,2.0,6.0,7.0,1754646662.08144
dvfZ87jL,1754440500,Mannarino A.,Krueger M.,,,,,23.0,9.0,6.0,21.0,4.0,2.0,5.0,5.0,1754646658.972345
pviVn5C4,1754440500,Kachmazov A.,Blockx A.,,,,,9.0,2.0,15.0,5.0,1.0,2.0,3.0,3.0,1754646655.734328
hWGAqW5C,1754437800,Duckworth J.,Tu L.,,,,,26.0,22.0,34.0,21.0,6.0,3.0,9.0,7.0,1754646653.073036
8IDvmQT1,1754436900,Schoolkate T.,Smith C.,,,,,18.0,25.0,27.0,30.0,6.0,9.0,10.0,11.0,1754646649.795231
0Yokx9Fq,1754435100,Harris L.,Spizzirri E.,,,,,31.0,22.0,45.0,33.0,9.0,7.0,16.0,11.0,1754646646.519722
0A32oDhc,1754433900,Shevchenko A.,Zink T.,,,,,40.0,36.0,44.0,46.0,12.0,9.0,16.0,13.0,1754646643.319007
vTjyVWjJ,1754433900,Bagnis F.,Mochizuki S.,,,,,15.0,19.0,41.0,40.0,5.0,11.0,10.0,14.0,1754646640.213442
OjPgmE6m,1754433300,Daniel T.,Galan D. E.,,,,,14.0,25.0,43.0,25.0,7.0,6.0,13.0,6.0,1754646637.100067
GOz63oEr,1754432400,Eubanks C.,Basilashvili N.,,,,,31.0,35.0,33.0,40.0,4.0,2.0,7.0,3.0,1754646633.823656
fyZNhzqQ,1754430600,Carreno-Busta P.,Riedi L.,,,,,20.0,29.0,7.0,27.0,1.0,11.0,2.0,12.0,1754646630.549492
dQE0f8yS,1754427600,Cerundolo J. M.,Wong C.,,,,,13.0,22.0,19.0,18.0,3.0,13.0,7.0,16.0,1754646627.272129
06LlDDWr,1754423400,Fery A.,Svajda Z.,,,,,40.0,47.0,41.0,53.0,15.0,10.0,25.0,10.0,1754646623.995214
nXYrRNko,1754422800,Tseng C. H.,Svajda Z.,,,,,,,,,,,,,1754646620.703453
h4fwoqsH,1754422800,Royer V.,Ficovich J. P.,,,,,20.0,7.0,22.0,16.0,8.0,2.0,11.0,5.0,1754646617.441024
p6D2ohy0,1754422800,Martin A.,Draxl L.,,,,,29.0,24.0,26.0,21.0,14.0,21.0,20.0,25.0,1754646614.193951
Mmzbzmpd,1754422800,Landaluce M.,Garin C.,,,,,21.0,19.0,47.0,32.0,5.0,6.0,7.0,7.0,1754646611.503654
fLnK4Q1B,1754323200,Berankis R.,Pieczonka F.,,,,,13.0,11.0,14.0,11.0,3.0,4.0,3.0,8.0,1754646596.963922
8v32H6V6,1754321400,Andaloro F.,Jones M.,,,,,6.0,17.0,29.0,13.0,4.0,2.0,7.0,2.0,1754646593.483304
CxVTg9mg,1754319600,Shelbayh A.,Rossi L.,,,,,15.0,17.0,26.0,30.0,7.0,7.0,7.0,8.0,1754646590.208212
EeCsphBm,1754316600,Albot R.,Paroulek T.,,,,,19.0,13.0,28.0,40.0,9.0,7.0,13.0,10.0,1754646586.931683
6ivO23Mj,1754316300,Kodat T.,Jodar R.,,,,,2.0,9.0,10.0,11.0,1.0,6.0,4.0,6.0,1754646584.272019
S4c1UDQh,1754316300,Glinka D.,Vales A.,,,,,14.0,5.0,24.0,32.0,2.0,2.0,2.0,5.0,1754646581.00025
rcH0xfS6,1754334600,Majchrzak K.,Ivashka I.,,,,,27.0,20.0,40.0,53.0,6.0,14.0,7.0,20.0,1754646577.721482
CzEyv73B,1754328300,Durasovic V.,Pieczkowski O.,,,,,16.0,9.0,33.0,22.0,3.0,4.0,7.0,5.0,1754646574.444436
EHu8xFq4,1754327400,Onclin G.,Prizmic D.,,,,,11.0,23.0,21.0,24.0,5.0,6.0,7.0,6.0,1754646571.169263
hfsvXiU0,1754325000,Kolar Z.,Vanshelboim E.,,,,,,,,,,,,,1754646568.077363
4U8jtd7E,1754322600,Nijboer R.,Sorger S.,,,,,14.0,10.0,23.0,33.0,5.0,3.0,9.0,3.0,1754646565.020847
4AhQO9fU,1754322300,Kestelboim M.,Vrbensky M.,,,,,22.0,31.0,19.0,44.0,7.0,23.0,12.0,31.0,1754646561.746294
GxvEr0it,1754316600,Prado Angelo J. C.,De Krom M.,,,,,27.0,8.0,18.0,17.0,8.0,6.0,10.0,13.0,1754646558.468716
zDNuTpI5,1754316600,Kicker N.,Guerrieri A.,,,,,12.0,16.0,37.0,50.0,2.0,3.0,5.0,4.0,1754646555.192455
MJIrmzpI,1754316300,Alcala Gurri M.,Kellovsky D.,,,,,9.0,18.0,14.0,36.0,3.0,9.0,5.0,13.0,1754646551.914541
M3KjmWcM,1754346900,Arnaboldi F.,Stebe C.,,,,,14.0,19.0,43.0,24.0,4.0,2.0,12.0,5.0,1754646548.663367
0fuQ1VCF,1754341800,Dellien Velasco M. A.,Lajovic D.,,,,,10.0,8.0,34.0,16.0,4.0,4.0,5.0,4.0,1754646544.850304
rcXOYWrT,1754330700,Coppejans K.,Pereira T.,,,,,22.0,26.0,61.0,45.0,8.0,11.0,11.0,14.0,1754646541.369325
2sEeTA6j,1754312400,Bueno G.,Mrva M.,,,,,,,,,,,,,1754646538.283421
fRg2KBj5,1754354400,Banerjee S.,Boulais J.,,,,,,,,,,,,,1754646535.223977
4ftSMKZo,1754349000,Kozlov S.,Huang T.,,,,,19.0,34.0,32.0,39.0,8.0,19.0,14.0,29.0,1754646532.361165
GK81vpo2,1754347800,Banerjee S.,Kim A.,,,,,27.0,16.0,35.0,28.0,8.0,12.0,10.0,22.0,1754646529.083173
lr6I2HlU,1754346900,Ghibaudo A.,Johnson S.,,,,,13.0,23.0,16.0,49.0,4.0,10.0,7.0,18.0,1754646526.421445
UuQ2Agqf,1754342100,Hussey G.,Svajda T.,,,,,16.0,18.0,37.0,23.0,8.0,4.0,9.0,4.0,1754646523.144414
GhEd2B9N,1754341800,Suresh D.,Fenty A.,,,,,17.0,18.0,22.0,10.0,5.0,2.0,7.0,3.0,1754646520.073851
84OxhmI5,1754341800,Sheehy J.,Hilderbrand T.,,,,,26.0,11.0,16.0,13.0,3.0,1.0,3.0,3.0,1754646515.773268
Oz9e0R7L,1754274900,Johnson S.,Martin D.,,,,,22.0,11.0,30.0,30.0,12.0,7.0,13.0,7.0,1754646512.496774
WS8h7ZK5,1754358600,Zhukayev B.,Maloney P.,,,,,43.0,29.0,41.0,25.0,11.0,6.0,16.0,9.0,1754646505.229096
ObiriNU7,1754358000,Wu Y.,Ilagan A.,,,,,12.0,9.0,23.0,32.0,0.0,1.0,1.0,2.0,1754646501.952032
jBSxD4iR,1754350800,Nakagawa N.,Perez A.,,,,,15.0,20.0,37.0,29.0,7.0,7.0,8.0,10.0,1754646498.674711
YDWgCFEs,1754322300,Rosenkranz M.,Fajta P.,,,,,21.0,41.0,24.0,27.0,8.0,2.0,13.0,2.0,1754646495.810133
dSmVYDal,1754321100,Cecchinato M.,Nicod J.,,,,,31.0,33.0,36.0,52.0,12.0,8.0,15.0,10.0,1754646492.738299
jsq5BgL6,1754321100,Boscardin Dias P.,Ymer M.,,,,,,,,,,,,,1754646489.445667
QqcavzxR,1754314800,Villanueva G.,Fomin S.,,,,,27.0,17.0,18.0,29.0,3.0,1.0,4.0,3.0,1754646486.388775
GCxrDxMU,1754314800,Molcan A.,Krumich M.,,,,,25.0,26.0,31.0,39.0,3.0,3.0,4.0,5.0,1754646483.112417
nRuzETUi,1754314500,Milev Y.,Gima S.,,,,,25.0,10.0,35.0,19.0,9.0,2.0,11.0,8.0,1754646479.998447
I7aBiuj1,1754338200,Hassan B.,Jianu F. C.,,,,,51.0,9.0,50.0,22.0,13.0,10.0,18.0,16.0,1754646476.459321
44Zywty8,1754337900,Nagal S.,Rodionov J.,,,,,20.0,29.0,27.0,22.0,5.0,5.0,9.0,10.0,1754646473.181632
rkoTv26e,1754331000,Skatov T.,Popko D.,,,,,16.0,15.0,27.0,28.0,6.0,4.0,8.0,5.0,1754646469.90494
zPsLtOyq,1754331000,Mackenzie J.,Pucinelli de Almeida M.,,,,,24.0,11.0,22.0,22.0,9.0,2.0,11.0,2.0,1754646466.62907
6gPdnpEL,1754312400,Van De Zandschulp B.,Tabur C.,,,,,,,,,,,,,1754646463.338738
8vi49bQN,1754290500,Lehecka J.,Fritz T.,201.0,201.0,165.0,165.0,34.0,31.0,52.0,48.0,11.0,7.0,17.0,9.0,1754646460.720381
2H87Ri36,1754280600,Cobolli F.,Shelton B.,189.0,204.0,153.0,169.0,31.0,26.0,44.0,46.0,11.0,13.0,15.0,20.0,1754646457.41619
llH07a9j,1754233800,Echargui M.,Maestrelli F.,,,,,10.0,8.0,20.0,35.0,1.0,5.0,2.0,9.0,1754646443.081241
pCCtglXr,1754235600,Olivieri G. A.,Bueno G.,,,,,,,,,,,,,1754646439.804472
tEG2tcc6,1754259000,Svajda Z.,Tomic B.,,,,,27.0,19.0,24.0,32.0,5.0,6.0,7.0,12.0,1754646436.529367
IFFv0nlJ,1754242200,Den Ouden G.,Hanfmann Y.,,,,,23.0,32.0,45.0,28.0,9.0,12.0,14.0,15.0,1754646433.253372
Q9KZdcYG,1754231400,Hanfmann Y.,Wallin O.,,,,,17.0,11.0,19.0,27.0,1.0,1.0,1.0,1.0,1754646429.976395
2DIAYy8k,1754230500,Den Ouden G.,Kym J.,,,,,20.0,14.0,12.0,29.0,3.0,4.0,4.0,7.0,1754646426.702225
dtgJPGr1,1754255400,Berankis R.,Knitter K.,,,,,17.0,7.0,31.0,29.0,7.0,1.0,9.0,5.0,1754646423.424477
bVrvZKLE,1754253600,Rossi L.,Malige M.,,,,,12.0,14.0,30.0,38.0,5.0,8.0,11.0,9.0,1754646420.35405
fcxmXbjR,1754252700,Shelbayh A.,Piasek I.,,,,,10.0,6.0,14.0,29.0,7.0,5.0,8.0,10.0,1754646417.076729
A92qDwae,1754251200,Pieczonka F.,Ursu V.,,,,,19.0,8.0,18.0,21.0,6.0,5.0,9.0,10.0,1754646413.5973
jTNIRxEl,1754240400,Vales A.,Potenza L.,,,,,17.0,27.0,32.0,60.0,4.0,11.0,6.0,12.0,1754646409.093349
d6xAbvp2,1754240400,Andaloro F.,Majchrzak A.,,,,,13.0,17.0,25.0,34.0,5.0,4.0,6.0,6.0,1754646406.226078
CEKdMsx9,1754238900,Latinovic S.,Jones M.,,,,,19.0,7.0,44.0,27.0,7.0,4.0,11.0,6.0,1754646403.154254
pSI4KL6L,1754235600,Albot R.,Plenkiewicz H.,,,,,19.0,13.0,13.0,26.0,7.0,3.0,8.0,7.0,1754646399.674973
Akv200Fk,1754235000,Glinka D.,Poljak D.,,,,,18.0,13.0,17.0,34.0,1.0,8.0,2.0,18.0,1754646396.397993
46dRNfDD,1754230200,Kodat T.,Matsuoka H.,,,,,15.0,16.0,31.0,53.0,8.0,9.0,12.0,11.0,1754646393.121074
WOjhBHT7,1754230200,Juszczak P.,Paroulek T.,,,,,7.0,18.0,23.0,18.0,6.0,9.0,8.0,11.0,1754646389.640816
4CayFaUr,1754229900,Nam Ji S.,Jodar R.,,,,,7.0,17.0,26.0,18.0,4.0,7.0,8.0,11.0,1754646386.368282
ruEXyTz3,1754247300,Janvier M.,Vrbensky M.,,,,,21.0,9.0,48.0,27.0,7.0,4.0,13.0,5.0,1754646383.091154
Q3qmUGHd,1754246400,Kestelboim M.,Balestrieri A.,,,,,11.0,4.0,11.0,30.0,2.0,1.0,2.0,1.0,1754646380.224408
IwtuWxmp,1754241600,Sorger S.,Couacaud E.,,,,,9.0,8.0,24.0,42.0,4.0,3.0,5.0,8.0,1754646376.946966
GhCuz75F,1754241000,Nijboer R.,Basic M.,,,,,11.0,12.0,16.0,22.0,5.0,6.0,8.0,9.0,1754646373.673097
pWhhusQc,1754240400,Miletich I.,Vanshelboim E.,,,,,29.0,17.0,56.0,32.0,25.0,14.0,38.0,19.0,1754646371.012154
QLxJQsB4,1754236200,Pampanin P.,De Krom M.,,,,,2.0,12.0,32.0,17.0,1.0,7.0,3.0,8.0,1754646367.734097
hx66HwYj,1754235600,Kolar Z.,Planinsek F. J.,,,,,16.0,9.0,19.0,17.0,2.0,3.0,3.0,6.0,1754646363.816666
tbn1wLfA,1754233800,Donski A.,Kellovsky D.,,,,,30.0,25.0,50.0,27.0,7.0,8.0,13.0,11.0,1754646360.67698
IeZAS3th,1754232300,Prado Angelo J. C.,Fondriest M.,,,,,3.0,3.0,10.0,13.0,1.0,3.0,2.0,4.0,1754646357.39807
nyRROLuH,1754226900,Guerrieri A.,Kivattsev K.,,,,,17.0,22.0,15.0,34.0,4.0,4.0,5.0,10.0,1754646354.528466
YiPZMaAT,1754226600,Kicker N.,Scomparin P. R.,,,,,12.0,7.0,14.0,24.0,3.0,2.0,5.0,3.0,1754646351.299511
Y548yaPM,1754226600,Alcala Gurri M.,Dominko S.,,,,,9.0,26.0,16.0,48.0,1.0,8.0,1.0,15.0,1754646348.206421
f5Kht6Gk,1754271000,Kozlov S.,Ramanathan R.,,,,,41.0,38.0,22.0,45.0,15.0,24.0,22.0,37.0,1754646342.493198
GYmzgq0e,1754269800,Seggerman R.,Huang T.,,,,,17.0,11.0,35.0,15.0,8.0,14.0,13.0,18.0,1754646339.385337
W6FDkAg3,1754269500,Boulais J.,Miyoshi K.,,,,,40.0,28.0,63.0,39.0,27.0,14.0,35.0,20.0,1754646335.901746
K6fRf5Vr,1754265300,Fenty A.,Watt J.,,,,,14.0,23.0,7.0,29.0,6.0,11.0,6.0,19.0,1754646331.907493
O0hnZl9M,1754260200,Ghibaudo A.,Kumar P.,,,,,37.0,20.0,46.0,44.0,12.0,8.0,16.0,12.0,1754646328.633862
4KDLmlOF,1754259300,Hussey G.,Heck H.,,,,,10.0,17.0,14.0,45.0,3.0,4.0,4.0,11.0,1754646325.358356
OMTMoShS,1754258700,Matsuda R.,Suresh D.,,,,,16.0,28.0,33.0,30.0,3.0,3.0,4.0,4.0,1754646322.084387
8YTITSWq,1754252100,Vandecasteele Q.,Svajda T.,,,,,30.0,8.0,47.0,15.0,9.0,4.0,13.0,6.0,1754646318.806933
rR0m2mw9,1754252100,Hilderbrand T.,Ganesan A.,,,,,41.0,29.0,37.0,43.0,8.0,8.0,17.0,11.0,1754646315.123307
GbXQR61d,1754251800,Tudorica A. N.,Sheehy J.,,,,,6.0,32.0,22.0,41.0,7.0,8.0,14.0,15.0,1754646312.274037
MqdEAaem,1754259000,Rosenkranz M.,Hardt N.,,,,,21.0,11.0,29.0,20.0,10.0,4.0,16.0,6.0,1754646307.67776
rgsDHY8U,1754253900,Fajta P.,Matusevich A.,,,,,28.0,11.0,37.0,30.0,1.0,3.0,2.0,6.0,1754646304.176454
ja4vYggB,1754250300,Ymer M.,Campana Lee G.,,,,,32.0,21.0,37.0,32.0,8.0,3.0,12.0,4.0,1754646300.907829
jPmV6HfC,1754247900,Boscardin Dias P.,Schifris J.,,,,,15.0,11.0,28.0,38.0,4.0,5.0,6.0,7.0,1754646297.625836
MJCNyxfn,1754243400,Dedura-Palomero M.,Nicod J.,,,,,12.0,19.0,38.0,23.0,2.0,3.0,4.0,3.0,1754646294.350419
IBkN8wQa,1754241600,Cecchinato M.,Vasquez A.,,,,,26.0,14.0,24.0,26.0,7.0,4.0,10.0,6.0,1754646291.281833
AR3W4ePO,1754240100,Leite W.,Fomin S.,,,,,8.0,29.0,36.0,29.0,4.0,3.0,6.0,3.0,1754646288.098452
Auq5JfvI,1754238600,Molcan A.,Raquillet L.,,,,,16.0,16.0,23.0,23.0,3.0,4.0,4.0,7.0,1754646284.994673
UqGVZFOb,1754235300,Villanueva G.,Schoenhaus M.,,,,,11.0,24.0,13.0,47.0,3.0,5.0,3.0,5.0,1754646281.862159
UVzcLG95,1754230200,Braynin A.,Krumich M.,,,,,12.0,32.0,36.0,46.0,6.0,6.0,9.0,10.0,1754646278.58572
M5XlNxug,1754229900,Oberleitner N.,Milev Y.,,,,,38.0,27.0,42.0,32.0,10.0,2.0,14.0,6.0,1754646275.306128
0jqtPbAt,1754229900,Gima S.,Broska F.,,,,,8.0,11.0,17.0,38.0,2.0,6.0,3.0,9.0,1754646272.235994
QZ3QVKZH,1754219400,Binda A.,Budkov Kjaer N.,,,,,1.0,4.0,0.0,4.0,,,,,1754646269.576496
vR3WQF3t,1754267400,Rublev A.,Davidovich Fokina A.,201.0,186.0,147.0,162.0,26.0,22.0,37.0,37.0,12.0,5.0,14.0,7.0,1754646266.297766
xITUaDON,1754257500,Tiafoe F.,De Minaur A.,194.0,189.0,143.0,152.0,29.0,23.0,49.0,35.0,3.0,4.0,4.0,8.0,1754646262.815539
6ybUYgId,1754202900,Zverev A.,Cerundolo F.,202.0,164.0,164.0,133.0,7.0,3.0,15.0,16.0,3.0,1.0,3.0,3.0,1754646259.539035
nHOMnJbU,1754194500,Popyrin A.,Rune H.,198.0,188.0,159.0,157.0,29.0,24.0,24.0,39.0,7.0,19.0,10.0,21.0,1754646256.730352
846fZGUI,1754155200,Grenier H.,Echargui M.,,,,,21.0,39.0,28.0,34.0,12.0,16.0,22.0,17.0,1754646242.37526
QLW9ogB5,1754147400,Maestrelli F.,Moro Canas A.,,,,,25.0,7.0,35.0,31.0,9.0,3.0,15.0,5.0,1754646239.284989
EwHGGZBN,1754155800,Bueno G.,Gombos N.,,,,,,,,,,,,,1754646236.197732
hYgxIw4j,1754148600,Michalski D.,Olivieri G. A.,,,,,,,,,,,,,1754646233.119188
rw39IipT,1754145900,Gombos N.,Mrva M.,,,,,,,,,,,,,1754646230.396532
2Z1wOIdE,1754172600,Tomic B.,Spizzirri E.,,,,,10.0,2.0,,,,,,,1754646226.97568
f1QkIoL8,1754164800,Svajda Z.,Hsu Y. H.,,,,,14.0,14.0,13.0,30.0,3.0,7.0,4.0,11.0,1754646223.8043
0zBg2xxS,1754111100,Hussey G.,Tomic B.,,,,,23.0,13.0,44.0,23.0,16.0,14.0,18.0,18.0,1754646219.813813
UTXaHf26,1754155800,Choinski J.,Hanfmann Y.,,,,,14.0,29.0,37.0,30.0,8.0,5.0,11.0,5.0,1754646216.574597
2muFyjtC,1754148600,Wallin O.,Gaubas V.,,,,,27.0,27.0,53.0,32.0,9.0,1.0,10.0,1.0,1754646213.462711
Eer4Recl,1754145600,Van De Zandschulp B.,Den Ouden G.,,,,,21.0,18.0,55.0,40.0,,,,,1754646210.204288
6c3ardiC,1754144400,Kym J.,McDonald N.,,,,,24.0,19.0,26.0,35.0,5.0,2.0,12.0,3.0,1754646207.546245
SQId10Hl,1754150100,Imai S.,Budkov Kjaer N.,,,,,6.0,4.0,1.0,2.0,,,,,1754646204.247402
dtugkyCt,1754133000,Shelbayh A.,Binda A.,,,,,0.0,3.0,4.0,0.0,,,,,1754646200.970631
KArskckB,1754176800,Khachanov K.,Ruud C.,195.0,191.0,151.0,159.0,29.0,23.0,23.0,25.0,6.0,2.0,6.0,8.0,1754646197.743907
pW8F4i7l,1754170800,Michelsen A.,Tien L.,191.0,185.0,163.0,162.0,13.0,9.0,11.0,20.0,8.0,4.0,10.0,5.0,1754646194.677077
nRiQHzlS,1754164800,O'Connell C.,De Minaur A.,,,,,,,,,,,,,1754646191.538651
6mW2k8B5,1754113500,Nakashima B.,Shelton B.,190.0,207.0,146.0,177.0,19.0,46.0,30.0,47.0,16.0,13.0,19.0,22.0,1754646188.482019
2agcAht2,1754107800,Diallo G.,Fritz T.,204.0,199.0,171.0,158.0,15.0,11.0,33.0,16.0,7.0,1.0,13.0,2.0,1754646185.001966
0zcBsrk1,1754100600,Cobolli F.,Marozsan F.,188.0,178.0,155.0,154.0,29.0,16.0,44.0,53.0,6.0,8.0,7.0,14.0,1754646181.808266
xfy8FYWI,1754073600,Ymer E.,Grenier H.,,,,,28.0,27.0,33.0,33.0,9.0,17.0,11.0,26.0,1754646167.60532
QwAwDAjg,1754072100,Echargui M.,Butvilas E.,,,,,14.0,23.0,31.0,50.0,8.0,10.0,11.0,14.0,1754646164.532479
Eu2OWfTj,1754067300,Maestrelli F.,Escoffier A.,,,,,14.0,12.0,27.0,33.0,7.0,9.0,7.0,11.0,1754646161.263305
j5DrV1b5,1754061300,Rocha H.,Moro Canas A.,,,,,4.0,17.0,27.0,26.0,2.0,7.0,3.0,9.0,1754646158.200111
nLn9BK3c,1754069700,Collarini A.,Bueno G.,,,,,,,,,,,,,1754646155.146311
h2X702v1,1754064000,Michalski D.,Vacherot V.,,,,,,,,,,,,,1754646152.467459
6afnnuH6,1754061600,Pinnington Jones J.,Olivieri G. A.,,,,,,,,,,,,,1754646149.168703
ABTchNUh,1754093400,Suresh D.,Spizzirri E.,,,,,29.0,17.0,37.0,23.0,16.0,9.0,19.0,10.0,1754646145.914134
U788JnmD,1754087100,Zheng M.,Hsu Y. H.,,,,,7.0,25.0,27.0,28.0,3.0,7.0,6.0,10.0,1754646142.841398
AoEFBPVp,1754079000,Basavareddy N.,Svajda Z.,,,,,18.0,30.0,32.0,41.0,5.0,12.0,9.0,14.0,1754646139.746241
vD6hyuPH,1754026200,Sakamoto R.,Spizzirri E.,,,,,40.0,20.0,54.0,35.0,9.0,2.0,14.0,3.0,1754646136.473798
2kYugBNi,1754061000,Nagal S.,McDonald N.,,,,,17.0,31.0,31.0,41.0,3.0,11.0,7.0,14.0,1754646133.196926
hYqDZXC6,1754073000,Berankis R.,Budkov Kjaer N.,,,,,3.0,4.0,1.0,4.0,,,,,1754646130.117871
lEQSEqtS,1754069400,Imai S.,Bakshi A.,,,,,7.0,2.0,2.0,4.0,,,,,1754646126.840656
8O046bnD,1754059200,Chidekh C.,Shelbayh A.,,,,,3.0,6.0,7.0,3.0,,,,,1754646123.563774
jo5cxrqK,1754058600,Singh K.,Binda A.,,,,,7.0,6.0,3.0,4.0,,,,,1754646120.33848
IgSqWvSs,1754094600,Tiafoe F.,Vukic A.,183.0,185.0,141.0,159.0,22.0,21.0,36.0,45.0,6.0,7.0,7.0,10.0,1754646113.976297
jPP3mYxK,1754085000,Fils A.,Lehecka J.,187.0,204.0,163.0,167.0,21.0,26.0,27.0,38.0,9.0,6.0,10.0,10.0,1754646110.859693
4CVY2emD,1754084400,Rublev A.,Sonego L.,187.0,198.0,147.0,165.0,29.0,27.0,35.0,40.0,14.0,11.0,18.0,16.0,1754646107.60288
fsYmJD5j,1754079000,Davidovich Fokina A.,Mensik J.,182.0,200.0,156.0,153.0,10.0,14.0,16.0,32.0,4.0,2.0,7.0,8.0,1754646104.501562
2a3bvuBE,1754032800,Medvedev D.,Popyrin A.,203.0,196.0,161.0,160.0,20.0,37.0,40.0,46.0,11.0,23.0,16.0,26.0,1754646101.230083
nP8rDrYr,1754022300,Muller A.,Rune H.,183.0,191.0,156.0,163.0,11.0,18.0,22.0,21.0,4.0,4.0,6.0,4.0,1754646098.418477
fXWEab06,1754021700,Zverev A.,Arnaldi M.,203.0,186.0,161.0,148.0,34.0,27.0,35.0,38.0,15.0,4.0,19.0,5.0,1754646095.296275
ULw4CPMc,1754014800,Tien L.,Opelka R.,181.0,215.0,147.0,200.0,9.0,32.0,14.0,40.0,1.0,5.0,3.0,6.0,1754646092.218046
O4Ynaccm,1753990500,Butvilas E.,van Assche L.,,,,,21.0,12.0,26.0,30.0,10.0,5.0,12.0,7.0,1754096124.883639
04WLZsOM,1753981500,Pereira T.,Escoffier A.,,,,,18.0,31.0,39.0,57.0,9.0,9.0,18.0,14.0,1754096121.611218
xrT7enad,1753979400,Maestrelli F.,Loffhagen G.,,,,,17.0,15.0,16.0,30.0,6.0,7.0,6.0,8.0,1754096118.127862
ANwU7md3,1753974900,Ferreira Silva F.,Echargui M.,,,,,6.0,16.0,27.0,29.0,5.0,3.0,10.0,3.0,1754096114.645632
WUyecySa,1753985700,Martin A.,Mrva M.,,,,,,,,,,,,,1754096111.403993
xATSg2L7,1753973700,Gombos N.,Dedura D.,,,,,,,,,,,,,1754096108.292737
f3JuFQEE,1753973700,Bueno G.,Travaglia S.,,,,,,,,,,,,,1754096105.230791
UTFgvzHa,1753967700,Collarini A.,Stebe C.,,,,,,,,,,,,,1754096101.960078
nTnDvr6j,1753999800,Suresh D.,Lajal M.,,,,,30.0,27.0,46.0,51.0,15.0,10.0,20.0,15.0,1754096098.873242
EZnGcxVI,1753994400,Hsu Y. H.,Eubanks C.,,,,,18.0,20.0,15.0,27.0,2.0,5.0,4.0,6.0,1754096095.800574
8bVVLWfm,1753989000,Evans D.,Zheng M.,,,,,11.0,23.0,23.0,12.0,6.0,2.0,13.0,5.0,1754096092.523369
I7VPxylg,1753988100,Kym J.,Cecchinato M.,,,,,21.0,11.0,27.0,30.0,5.0,4.0,9.0,9.0,1754096089.248464
0dWOoWWN,1753982100,Van De Zandschulp B.,Masur D.,,,,,29.0,15.0,21.0,26.0,13.0,3.0,17.0,7.0,1754096086.173948
40JOqZ4T,1753971900,Negritu Ch.,Den Ouden G.,,,,,47.0,44.0,46.0,42.0,8.0,17.0,18.0,19.0,1754096083.101951
SGHhpJjJ,1753968900,Shin W.,Shelbayh A.,,,,,1.0,5.0,1.0,3.0,,,,,1754096079.889572
Q5GKBb7L,1753967700,Jones M.,Budkov Kjaer N.,,,,,2.0,5.0,1.0,3.0,,,,,1754096076.753322
C4HcWyQi,1753959900,Chidekh C.,Leong M. W. K.,,,,,0.0,7.0,3.0,1.0,,,,,1754096073.474465
nNmuEfAN,1753959900,Berankis R.,Castelnuovo L.,,,,,11.0,11.0,2.0,8.0,,,,,1754096070.207058
vNZb2obc,1754008200,Borges N.,Ruud C.,192.0,191.0,156.0,155.0,16.0,19.0,36.0,23.0,7.0,3.0,8.0,7.0,1754096063.851848
Mo3YoQDG,1754001900,Etcheverry T. M.,Cerundolo F.,209.0,188.0,145.0,142.0,11.0,14.0,31.0,34.0,6.0,3.0,8.0,6.0,1754096060.570196
Q9tJMuAO,1753998000,Musetti L.,Michelsen A.,194.0,193.0,158.0,154.0,27.0,32.0,37.0,48.0,7.0,28.0,9.0,42.0,1754096057.292448
zoX8aAog,1753992900,Khachanov K.,Nava E.,197.0,199.0,162.0,166.0,18.0,36.0,22.0,53.0,4.0,10.0,4.0,12.0,1754096054.013832
dv2WFLdC,1753943400,Comesana F.,De Minaur A.,194.0,192.0,171.0,154.0,13.0,9.0,36.0,22.0,1.0,10.0,2.0,11.0,1754096050.932694
lhuIvKi3,1753942200,Carballes Baena R.,Fritz T.,181.0,196.0,145.0,148.0,15.0,32.0,30.0,45.0,3.0,10.0,4.0,14.0,1754096047.867139
f9YK3nrT,1753935900,Fils A.,Carreno-Busta P.,188.0,172.0,159.0,147.0,28.0,10.0,39.0,24.0,4.0,5.0,5.0,9.0,1754096044.591039
K6IR21yg,1753935300,Tsitsipas S.,O'Connell C.,197.0,191.0,157.0,147.0,31.0,20.0,36.0,29.0,9.0,3.0,18.0,8.0,1754096041.313697
QTt47Ur4,1753935000,Marozsan F.,Auger-Aliassime F.,185.0,195.0,149.0,165.0,12.0,11.0,9.0,14.0,8.0,2.0,10.0,6.0,1754096038.237492
CKJ8NFeB,1753929600,Davidovich Fokina A.,Moutet C.,190.0,169.0,157.0,137.0,25.0,8.0,34.0,20.0,20.0,4.0,23.0,7.0,1754096035.162959
AV183Jxn,1753928700,McDonald M.,Lehecka J.,182.0,204.0,155.0,166.0,18.0,26.0,9.0,9.0,2.0,12.0,3.0,15.0,1754096031.884311
rPau8MrQ,1753909500,Ymer E.,Kukushkin M.,,,,,21.0,19.0,40.0,38.0,8.0,4.0,10.0,6.0,1754096017.326603
0pfAYflU,1753896300,Moro Canas A.,Landaluce M.,,,,,36.0,17.0,59.0,60.0,6.0,7.0,9.0,15.0,1754096014.051411
MF2FJbtn,1753888500,Rocha H.,Coulibaly E.,,,,,16.0,23.0,26.0,42.0,4.0,10.0,7.0,20.0,1754096010.975624
lKZubafR,1753888200,Soto M.,Grenier H.,,,,,23.0,11.0,31.0,18.0,6.0,4.0,10.0,5.0,1754096007.699161
vV51zHJH,1753899900,Pinnington Jones J.,Nicod J.,,,,,,,,,,,,,1754096004.433305
jTc15yJi,1753890900,Coria F.,Michalski D.,,,,,,,,,,,,,1754096001.354554
ln86vC8b,1753886100,Olivieri G. A.,Barrena A.,,,,,,,,,,,,,1754095998.075716
l2Ipxnh2,1753881000,Vacherot V.,Gueymard Wayenburg S.,,,,,,,,,,,,,1754095994.600088
UB6tp4rT,1753914300,Habib H.,Hussey G.,,,,,19.0,13.0,46.0,21.0,6.0,5.0,11.0,7.0,1754095991.323643
QH8jZRCD,1753912200,Basavareddy N.,Kachmazov A.,,,,,11.0,15.0,16.0,36.0,1.0,4.0,1.0,6.0,1754095988.046992
WvNftAfo,1753909200,Matsuda R.,Svajda Z.,,,,,4.0,14.0,25.0,21.0,3.0,5.0,6.0,5.0,1754095984.772826
MwFFq6Za,1753902900,Tomic B.,Mejia N.,,,,,24.0,25.0,25.0,46.0,12.0,6.0,14.0,9.0,1754095981.497175
Ys07i0Wp,1753853700,Mayo A.,Eubanks C.,,,,,29.0,29.0,35.0,53.0,3.0,18.0,5.0,26.0,1754095978.225158
IXnd0nYI,1753851300,Evans D.,Andrade A.,,,,,14.0,14.0,27.0,36.0,6.0,6.0,8.0,9.0,1754095974.949235
lEWFG7Ia,1753846800,Harris L.,Lajal M.,,,,,21.0,14.0,39.0,21.0,2.0,4.0,4.0,5.0,1754095971.720995
0lhgF3Oi,1753842600,Hussey G.,Bolt A.,,,,,19.0,18.0,40.0,39.0,2.0,6.0,2.0,7.0,1754095968.608489
SYhQaXnT,1753908000,Skatov T.,Hanfmann Y.,,,,,14.0,45.0,30.0,54.0,1.0,15.0,6.0,18.0,1754095965.338107
8lUcRJ2U,1753897800,Schwaerzler J. J.,Gaubas V.,,,,,13.0,14.0,31.0,27.0,4.0,3.0,7.0,4.0,1754095962.065507
tKsfXzNb,1753890300,Choinski J.,Popko D.,,,,,27.0,15.0,36.0,29.0,8.0,3.0,10.0,7.0,1754095958.796787
pt0o7UNj,1753889400,Tabur C.,Wallin O.,,,,,16.0,19.0,31.0,24.0,5.0,5.0,7.0,6.0,1754095955.425189
vg0X1y4s,1753881000,Winter E.,Imai S.,,,,,,,,,,,,,1754095952.29673
0UqTbw7N,1753876200,Bakshi A.,Sasikumar M.,,,,,,,,,,,,,1754095949.05031
vH8Iz6Js,1753875600,Gakhov I.,Singh K.,,,,,,,,,,,,,1754095945.925828
G8AWakp9,1753870200,Pieczkowski O.,Binda A.,,,,,,,,,,,,,1754095942.863447
jBvBocs1,1753870200,Kumasaka T.,Budkov Kjaer N.,,,,,,,,,,,,,1754095939.768606
IwCs7dw1,1753926300,Tiafoe F.,Watanuki Y.,184.0,194.0,150.0,157.0,19.0,45.0,32.0,35.0,5.0,0.0,8.0,3.0,1754095930.142508
nRTPDjmm,1753923300,Boyer T.,Mensik J.,191.0,206.0,151.0,158.0,12.0,28.0,7.0,13.0,10.0,6.0,15.0,9.0,1754095926.876503
MiGZFmS8,1753917600,Nakashima B.,Quinn E.,190.0,197.0,149.0,162.0,23.0,26.0,31.0,30.0,7.0,9.0,9.0,15.0,1754095923.791152
lQG7oS4m,1753916700,Diallo G.,Gigante M.,184.0,193.0,167.0,163.0,19.0,15.0,35.0,33.0,11.0,7.0,14.0,7.0,1754095920.580305
xriMKYJD,1753912800,Cobolli F.,Galarneau A.,188.0,186.0,157.0,146.0,24.0,22.0,46.0,47.0,10.0,8.0,18.0,11.0,1754095917.481912
SOZju4eK,1753911900,Bu Y.,Sonego L.,184.0,199.0,155.0,164.0,4.0,22.0,17.0,22.0,3.0,8.0,3.0,10.0,1754095914.432279
fVJGi2LN,1753911600,Vukic A.,Norrie C.,190.0,178.0,159.0,145.0,40.0,32.0,9.0,13.0,4.0,10.0,7.0,12.0,1754095911.347197
445vEaRO,1753911600,Mannarino A.,Shelton B.,183.0,210.0,141.0,177.0,6.0,24.0,17.0,23.0,3.0,3.0,3.0,4.0,1754095908.21218
M3tzuPyI,1753906500,Rublev A.,Gaston H.,193.0,170.0,151.0,146.0,19.0,14.0,17.0,7.0,14.0,1.0,20.0,3.0,1754095905.023022
82oWyZGr,1753855800,Zverev A.,Walton A.,206.0,188.0,168.0,144.0,23.0,13.0,32.0,26.0,8.0,2.0,12.0,2.0,1754095901.909835
2o0ye52d,1753854300,Schoolkate T.,Arnaldi M.,196.0,183.0,155.0,149.0,21.0,32.0,38.0,30.0,12.0,13.0,21.0,18.0,1754095898.678946
lv8NBc4T,1753850700,Opelka R.,Machac T.,219.0,186.0,187.0,157.0,46.0,17.0,55.0,29.0,11.0,4.0,16.0,7.0,1754095895.47471
OQo6EEx1,1753848600,Shapovalov D.,Tien L.,192.0,179.0,167.0,159.0,13.0,8.0,23.0,11.0,9.0,3.0,12.0,3.0,1754095892.002211
h4bJsCZ8,1753847700,Medvedev D.,Svrcina D.,203.0,165.0,147.0,136.0,22.0,9.0,38.0,41.0,12.0,5.0,18.0,8.0,1754095888.921699
xCdJggJO,1753842600,Borges N.,Bagnis F.,189.0,187.0,159.0,162.0,45.0,33.0,43.0,53.0,12.0,16.0,14.0,23.0,1754095885.641975
GrTysGZI,1753841400,Safiullin R.,Ruud C.,182.0,193.0,157.0,158.0,16.0,18.0,29.0,22.0,3.0,5.0,6.0,6.0,1754095882.565483
rsuhUrK6,1753824900,Sultanov K.,Echargui M.,,,,,20.0,26.0,51.0,49.0,6.0,2.0,10.0,3.0,1754095867.210849
WCQoyKsg,1753824000,Butvilas E.,Yevseyev D.,,,,,27.0,14.0,38.0,32.0,6.0,4.0,12.0,9.0,1754095864.104033
hnwxnydB,1753821000,Huesler M.,Ferreira Silva F.,,,,,21.0,30.0,57.0,51.0,7.0,9.0,12.0,13.0,1754095860.934386
zBhyYQKs,1753818600,Soriano Barrera A.,van Assche L.,,,,,11.0,13.0,33.0,19.0,4.0,6.0,8.0,7.0,1754095857.71117
jm2Jp44m,1753815300,McKennon M.,Pereira T.,,,,,9.0,18.0,39.0,24.0,3.0,6.0,5.0,7.0,1754095854.365111
dQtpW4kf,1753815300,Maestrelli F.,Torres T.,,,,,29.0,15.0,46.0,34.0,17.0,7.0,22.0,12.0,1754095851.24952
W2LnjQtQ,1753810200,Loffhagen G.,Zeppieri G.,,,,,21.0,17.0,36.0,37.0,3.0,6.0,7.0,9.0,1754095847.976022
xhIJXpy1,1753809300,Araujo P.,Grenier H.,,,,,12.0,17.0,31.0,23.0,6.0,9.0,7.0,11.0,1754095844.711078
zB6BVFBU,1753807500,Elias G.,Landaluce M.,,,,,12.0,9.0,38.0,41.0,6.0,3.0,9.0,5.0,1754095841.049402
hSEfZcC5,1753802100,Karatsev A.,Kukushkin M.,,,,,29.0,13.0,49.0,16.0,9.0,0.0,11.0,2.0,1754095837.958585
v9Y0SMlJ,1753801800,Rocha H.,Searle H.,,,,,8.0,17.0,22.0,44.0,2.0,11.0,3.0,17.0,1754095834.39567
A5GRVO5D,1753801800,Alvarez Varona N.,Soto M.,,,,,19.0,26.0,21.0,29.0,9.0,5.0,19.0,6.0,1754095831.221692
reQQHnRE,1753822200,Martin A.,Vasa E.,,,,,,,,,,,,,1754095827.952888
vJ5WAVa6,1753822200,Blancaneaux G.,Gombos N.,,,,,,,,,,,,,1754095824.498352
zoau99UI,1753819200,Mrva M.,Rodriguez Taverna S.,,,,,,,,,,,,,1754095821.226036
657OCiVg,1753815600,Kucera J.,Barrena A.,,,,,,,,,,,,,1754095817.915454
tONqKZxK,1753815300,Dedura D.,Berrettini J.,,,,,,,,,,,,,1754095814.491311
2iiRWCMP,1753812900,Bueno G.,Barton H.,,,,,,,,,,,,,1754095811.2234
UibE8rl1,1753811100,Molcan A.,Travaglia S.,,,,,,,,,,,,,1754095808.0231
4AEZFQeR,1753808400,Pinnington Jones J.,Gima S.,,,,,,,,,,,,,1754095804.869997
C6EFED0s,1753803000,Collarini A.,Paulson A.,,,,,,,,,,,,,1754095801.687685
zg55A4Jl,1753802400,Coria F.,Krumich M.,,,,,,,,,,,,,1754095798.444324
IFkWcnit,1753801500,Karol M.,Olivieri G. A.,,,,,,,,,,,,,1754095795.298188
0pIIYDzG,1753800900,Zahraj P.,Michalski D.,,,,,,,,,,,,,1754095792.142267
WWvjG5Kl,1753794900,Vacherot V.,Brunclik P.,,,,,,,,,,,,,1754095788.961815
babaCNJD,1753794600,Geerts M.,Stebe C.,,,,,,,,,,,,,1754095785.84172
25dM6MID,1753794600,Dellien Velasco M. A.,Nicod J.,,,,,,,,,,,,,1754095782.702983
jZfiEqk1,1753794600,Brancaccio R.,Gueymard Wayenburg S.,,,,,,,,,,,,,1754095779.661336
As0cTp25,1753839900,Hsu Y. H.,Cassone M.,,,,,11.0,17.0,17.0,31.0,5.0,5.0,6.0,8.0,1754095769.734325
M3t2Dsg4,1753833600,Harris B.,Suresh D.,,,,,19.0,27.0,27.0,21.0,5.0,3.0,5.0,3.0,1754095766.506301
jwTWCPHO,1753832100,Zhukayev B.,Kachmazov A.,,,,,35.0,45.0,51.0,52.0,15.0,7.0,22.0,11.0,1754095762.13068
2HdkV6Xh,1753829700,Ghibaudo A.,Sakamoto R.,,,,,16.0,20.0,34.0,37.0,3.0,6.0,6.0,7.0,1754095757.894054
dGiyOkQP,1753827900,Habib H.,Zhou Y.,,,,,18.0,8.0,20.0,25.0,3.0,4.0,4.0,5.0,1754095754.614869
pKll2836,1753827000,Zheng M.,Martin A.,,,,,26.0,10.0,32.0,22.0,6.0,3.0,7.0,7.0,1754095751.244795
rgNYBUHa,1753823100,Dostanic S.,Spizzirri E.,,,,,19.0,18.0,39.0,21.0,13.0,4.0,18.0,7.0,1754095748.109532
UTqABLNG,1753816500,Matsuda R.,Jasika O.,,,,,20.0,22.0,42.0,54.0,10.0,14.0,19.0,24.0,1754095744.998191
G6LtA8nC,1753816200,Rybakov A.,Svajda Z.,,,,,26.0,33.0,26.0,16.0,15.0,10.0,24.0,12.0,1754095741.705422
6k3tXS2t,1753762200,Basavareddy N.,Pacheco Mendez R.,,,,,11.0,4.0,12.0,21.0,4.0,1.0,5.0,2.0,1754095738.221137
dvzOEomC,1753755300,Mejia N.,Holmgren A.,,,,,23.0,36.0,26.0,65.0,4.0,6.0,4.0,16.0,1754095734.328146
Sbr7ITmm,1753754700,Banerjee S.,Tomic B.,,,,,21.0,15.0,39.0,13.0,9.0,4.0,10.0,6.0,1754095731.051762
n7wbvwTG,1753821600,Van De Zandschulp B.,Mikrut L.,,,,,25.0,9.0,16.0,20.0,10.0,8.0,11.0,12.0,1754095727.157753
IRosrLTi,1753821300,Villanueva G.,Den Ouden G.,,,,,8.0,30.0,26.0,28.0,,,,,1754095723.781717
vszjtab4,1753821300,Blanch D.,Negritu Ch.,,,,,29.0,24.0,46.0,37.0,3.0,13.0,6.0,14.0,1754095720.597893
zJGSMVgf,1753819800,Reis Da Silva J.,Cecchinato M.,,,,,15.0,20.0,32.0,19.0,3.0,6.0,4.0,7.0,1754095717.158008
ShDKOiPs,1753816500,Kym J.,Coppejans K.,,,,,13.0,12.0,13.0,20.0,5.0,3.0,5.0,6.0,1754095714.048349
rLylUD1K,1753814400,Sanchez Jover C.,Nagal S.,,,,,10.0,24.0,27.0,21.0,6.0,9.0,8.0,11.0,1754095710.155424
OxI3OrVb,1753812300,Engel J.,Masur D.,,,,,27.0,28.0,28.0,29.0,9.0,5.0,12.0,10.0,1754095706.860323
rPBOaoz0,1753811100,McDonald N.,Rodionov J.,,,,,22.0,22.0,18.0,26.0,10.0,5.0,15.0,9.0,1754095703.179626
ngbPPwEN,1753810800,Skatov T.,Donski A.,,,,,14.0,13.0,19.0,35.0,,,,,1754095699.674406
GEq26A9D,1753810800,Choinski J.,Giustino L.,,,,,31.0,25.0,57.0,50.0,5.0,2.0,8.0,3.0,1754095696.37325
GCEeQ40n,1753807200,Hara Friend J. D.,Hanfmann Y.,,,,,13.0,24.0,28.0,16.0,7.0,4.0,10.0,5.0,1754095693.068722
6wudKHyo,1753802700,Wallin O.,Schoenhaus M.,,,,,14.0,16.0,16.0,35.0,0.0,2.0,1.0,2.0,1754095689.99314
Eu0HRaqB,1753801800,Popko D.,Matusevich A.,,,,,23.0,21.0,33.0,46.0,,,,,1754095686.712496
W84KK0UN,1753801800,Midon L.,Gaubas V.,,,,,22.0,35.0,42.0,37.0,9.0,11.0,12.0,15.0,1754095683.449568
ID68TLEb,1753801500,Kestelboim M.,Schwaerzler J. J.,,,,,31.0,40.0,34.0,49.0,5.0,7.0,6.0,10.0,1754095680.16138
ph6CMMaB,1753797600,Rodionov J.,Negritu Ch.,,,,,,,,,,,,,1754095677.076828
2V7qJmgJ,1753797600,McDonald N.,Diaz Acosta F.,,,,,,,,,,,,,1754095674.006355
h0UVf1KE,1753807800,Jones M.,Tokuda R.,,,,,,,,,,,,,1754095670.94994
K8Z78RDa,1753802700,Castelnuovo L.,Park U.,,,,,,,,,,,,,1754095667.673195
Uej2mJCl,1753802400,Chidekh C.,Shin S.,,,,,,,,,,,,,1754095664.398153
htvgEdpL,1753801500,Azkara A.,Shin W.,,,,,,,,,,,,,1754095661.122539
ney0Amqm,1753796400,Zhukov M.,Shelbayh A.,,,,,,,,,,,,,1754095657.847569
Ygd1dEeJ,1753796400,Leong M. W. K.,Shin M.,,,,,,,,,,,,,1754095654.778767
4YxX6Exe,1753794000,Palan D.,Pieczkowski O.,,,,,,,,,,,,,1754095651.501747
jkJROnbt,1753791000,Bouzige M.,Winter E.,,,,,,,,,,,,,1754095648.227797
8nBy2IRs,1753789200,Imai S.,Omarkhanov A.,,,,,,,,,,,,,1754095644.952688
Cv8hbzR6,1753784400,Gakhov I.,Arutiunian E.,,,,,,,,,,,,,1754095641.884772
KSuoGIF8,1753784100,Sasikumar M.,Purtseladze S.,,,,,,,,,,,,,1754095638.812765
4E4p0ddf,1753783800,Gerasimov E.,Singh K.,,,,,,,,,,,,,1754095635.537688
bBOknXP1,1753839000,Munar J.,Cerundolo F.,191.0,184.0,152.0,142.0,9.0,35.0,45.0,56.0,6.0,5.0,6.0,10.0,1754095622.250431
n3yLpbzf,1753834200,Griekspoor T.,Etcheverry T. M.,199.0,198.0,168.0,152.0,28.0,26.0,30.0,14.0,18.0,4.0,26.0,8.0,1754095618.975716
ImcFLSJ5,1753833600,Moutet C.,Brooksby J.,162.0,173.0,142.0,146.0,11.0,10.0,14.0,32.0,6.0,8.0,10.0,15.0,1754095615.699488
fTvTrx56,1753833000,Arseneault N.,Popyrin A.,183.0,197.0,155.0,163.0,14.0,26.0,24.0,27.0,2.0,14.0,2.0,16.0,1754095612.424818
Sf0AQZmn,1753830900,Musetti L.,Duckworth J.,197.0,203.0,160.0,164.0,17.0,19.0,12.0,31.0,4.0,10.0,4.0,15.0,1754095608.949258
YuDiqoak,1753826400,Khachanov K.,Ficovich J. P.,194.0,186.0,157.0,152.0,27.0,12.0,28.0,19.0,12.0,5.0,15.0,11.0,1754095605.475328
EizyCzZh,1753825200,Muller A.,Kecmanovic M.,183.0,188.0,158.0,151.0,20.0,14.0,21.0,11.0,7.0,2.0,8.0,4.0,1754095602.080288
QicbursH,1753825200,Mpetshi Perricard G.,Rune H.,215.0,193.0,184.0,155.0,15.0,20.0,8.0,4.0,4.0,6.0,11.0,7.0,1754095599.005908
CCqAW7Fq,1753825200,Barrios Vera T.,Michelsen A.,190.0,198.0,159.0,167.0,14.0,35.0,29.0,40.0,3.0,8.0,6.0,13.0,1754095595.882985
Is08Mj0J,1753819800,Nava E.,Atmane T.,201.0,190.0,169.0,121.0,20.0,11.0,24.0,27.0,9.0,6.0,10.0,9.0,1754095592.673243
rkLN4JRP,1753819800,Nava E.,Humbert U.,,,,,,,,,,,,,1754095589.586997
dGFzRNeo,1753771800,Rinderknech A.,Galarneau A.,201.0,186.0,172.0,141.0,20.0,13.0,44.0,22.0,1.0,0.0,4.0,1.0,1754095586.509315
pOGdY53B,1753765800,Marozsan F.,Dellien H.,189.0,184.0,149.0,151.0,17.0,7.0,18.0,8.0,3.0,0.0,4.0,1.0,1754095583.412752
xfanIgDD,1753762200,Draxl L.,Carreno-Busta P.,189.0,177.0,153.0,147.0,35.0,16.0,54.0,31.0,11.0,3.0,14.0,6.0,1754095580.324528
QD0NJ6lI,1753755300,Coric B.,Gigante M.,190.0,197.0,155.0,159.0,20.0,36.0,38.0,48.0,14.0,10.0,21.0,13.0,1754095577.0853
UTevKFr1,1753755000,Carballes Baena R.,Ugo Carabelli C.,179.0,200.0,140.0,155.0,9.0,14.0,13.0,34.0,5.0,5.0,6.0,6.0,1754095573.979255
j349v8eU,1753721100,Searle H.,Malige M.,,,,,18.0,7.0,26.0,18.0,11.0,1.0,14.0,3.0,1753783095.97694
SOJqpCRh,1753720800,Soriano Barrera A.,Polmans M.,,,,,34.0,17.0,36.0,25.0,10.0,11.0,14.0,17.0,1753783092.781868
G6ykl365,1753720500,Torres T.,Potenza L.,,,,,17.0,32.0,35.0,48.0,8.0,8.0,11.0,10.0,1753783089.685704
UZSAWwu3,1753715400,Zeppieri G.,Silva T.,,,,,15.0,13.0,16.0,31.0,1.0,2.0,2.0,3.0,1753783086.88244
8U18axtH,1753715400,Rossi L.,McKennon M.,,,,,11.0,14.0,33.0,11.0,1.0,4.0,3.0,4.0,1753783084.270156
4YjkonL6,1753715400,Echargui M.,Marques D.,,,,,17.0,8.0,21.0,25.0,2.0,8.0,3.0,14.0,1753783081.082474
vqD2XysI,1753738200,Escoffier A.,Merida Aguilar D.,,,,,23.0,11.0,20.0,27.0,8.0,1.0,11.0,1.0,1753783077.867903
nkzUmcRb,1753728900,Albot R.,Coulibaly E.,,,,,5.0,14.0,29.0,20.0,,,,,1753783074.729669
jNtLkJdn,1753728000,Faria J.,Ymer E.,,,,,35.0,18.0,71.0,38.0,10.0,10.0,14.0,18.0,1753783071.584416
OnNwwtDt,1753726800,Cui J.,Moro Canas A.,,,,,19.0,30.0,30.0,23.0,9.0,4.0,16.0,6.0,1753783068.383804
2qVYio7t,1753716000,Molcan A.,Ymer M.,,,,,,,,,,,,,1753783064.992678
jRb2eo14,1753713600,Karol M.,Reymond A.,,,,,,,,,,,,,1753783061.942951
xrcAgPVG,1753712100,Prihodko O.,Gima S.,,,,,,,,,,,,,1753783059.161557
vHlOWn6D,1753708200,Nicod J.,Pieczonka F.,,,,,,,,,,,,,1753783055.888712
r9BzGl7E,1753708200,Milev Y.,Vasa E.,,,,,,,,,,,,,1753783052.68374
pjX4uHlo,1753708200,Krumich M.,Castagnola L.,,,,,,,,,,,,,1753783049.63321
IRgjs4C4,1753748700,Suresh D.,Ilagan A.,,,,,24.0,11.0,33.0,21.0,3.0,4.0,7.0,6.0,1753783046.514124
t6GasPT1,1753746900,Wu Tung-Lin,Matsuda R.,,,,,18.0,8.0,32.0,22.0,7.0,2.0,11.0,3.0,1753783043.418444
x4ENpUaD,1753738500,Mayo A.,Damm M.,,,,,26.0,31.0,22.0,51.0,2.0,15.0,4.0,26.0,1753783040.324264
dG1RLdpR,1753737900,Rybakov A.,Svajda T.,,,,,21.0,12.0,33.0,42.0,6.0,3.0,9.0,5.0,1753783037.239648
UBAgc7Wi,1753730100,Maloney P.,Dostanic S.,,,,,31.0,32.0,32.0,33.0,1.0,6.0,2.0,9.0,1753783034.101451
GW2yIvQ9,1753730100,Johns G.,Hussey G.,,,,,12.0,36.0,21.0,41.0,8.0,13.0,9.0,19.0,1753783031.029305
AZsGE5JH,1753720800,Oberleitner N.,Donski A.,,,,,37.0,47.0,29.0,56.0,11.0,12.0,18.0,20.0,1753783021.854075
faLdNZ1k,1753720500,Wallin O.,Broska F.,,,,,28.0,18.0,41.0,33.0,4.0,2.0,5.0,6.0,1753783019.232893
25I7Z3vo,1753718700,Kestelboim M.,Gadamauri B.,,,,,22.0,34.0,31.0,41.0,5.0,10.0,6.0,16.0,1753783015.964449
jeItkULs,1753711800,Villanueva G.,Juarez F.,,,,,28.0,28.0,30.0,36.0,12.0,6.0,16.0,7.0,1753783012.876993
ABDG175m,1753711800,Matusevich A.,Kivattsev K.,,,,,17.0,20.0,14.0,34.0,4.0,6.0,9.0,10.0,1753783010.218777
UPy12pe5,1753711500,Mikrut L.,Blanch D.,,,,,12.0,20.0,20.0,35.0,7.0,3.0,9.0,7.0,1753783007.150019
UH9yL9O6,1753727700,Hassan B.,Tabur C.,,,,,26.0,8.0,38.0,15.0,7.0,1.0,10.0,5.0,1753783003.941938
O0loYfAU,1753713600,Palan D.,Taguchi R.,,,,,,,,,,,,,1753783000.869146
4bYqzHuI,1753711800,Winter E.,Krajci M.,,,,,,,,,,,,,1753782997.57519
0StmhfYj,1753708800,Ichikawa T.,Park U.,,,,,,,,,,,,,1753782994.914601
KC9BiTtm,1753706400,Azkara A.,Philippov E.,,,,,,,,,,,,,1753782991.834826
IP4cgmvI,1753704900,Sasikumar M.,Tkemaladze Z.,,,,,,,,,,,,,1753782988.762116
CKTYNbq9,1753702500,Zhukov M.,Milushev A.,,,,,,,,,,,,,1753782985.625436
EiETwYAl,1753697400,Winter E.,Ivanov S.,,,,,,,,,,,,,1753782982.542471
nwbmb2d3,1753697400,Tazabekov D.,Taguchi R.,,,,,,,,,,,,,1753782979.45497
8hnddtRF,1753697400,Palan D.,Atlangeriev B.,,,,,,,,,,,,,1753782976.433341
CGP57v4K,1753722000,Berankis R.,Nurlanuly Z.,,,,,,,,,,,,,1753782973.775819
byrJqyCD,1753717500,Binda A.,Bar Biryukov P.,,,,,,,,,,,,,1753782970.683808
bDaWhukR,1753713300,Bakshi A.,Isomura K.,,,,,,,,,,,,,1753782968.052195
Gz7LlhUr,1753671300,Davidovich Fokina A.,De Minaur A.,184.0,199.0,150.0,156.0,28.0,23.0,57.0,45.0,7.0,8.0,7.0,12.0,1753782965.033323
hCYyZikQ,1753749300,Boyer T.,Kovacevic A.,183.0,187.0,146.0,150.0,29.0,24.0,35.0,49.0,7.0,2.0,8.0,5.0,1753782955.655738
CdF8TVCm,1753748700,Giron M.,Mannarino A.,179.0,184.0,151.0,138.0,20.0,16.0,31.0,18.0,3.0,8.0,4.0,10.0,1753782952.525583
ML36Nlkg,1753748700,Comesana F.,Dzumhur D.,200.0,173.0,167.0,150.0,22.0,4.0,25.0,18.0,8.0,6.0,11.0,10.0,1753782949.397167
Y9jJi30T,1753744200,Schoolkate T.,Fonseca J.,194.0,193.0,155.0,169.0,21.0,20.0,26.0,26.0,3.0,4.0,6.0,5.0,1753782946.274168
IZgZEWcf,1753741500,Watanuki Y.,Altmaier D.,190.0,184.0,162.0,162.0,17.0,15.0,40.0,37.0,5.0,5.0,10.0,7.0,1753782942.896468
GrPuxl4n,1753740900,Vukic A.,Martinez P.,184.0,143.0,157.0,136.0,38.0,12.0,41.0,28.0,11.0,5.0,14.0,6.0,1753782939.783171
tjA5WqYN,1753740000,Bellucci M.,Gaston H.,184.0,166.0,158.0,136.0,21.0,15.0,44.0,33.0,9.0,11.0,15.0,16.0,1753782937.12954
S0LJnK5s,1753739400,Blockx A.,Svrcina D.,191.0,163.0,149.0,133.0,14.0,12.0,33.0,26.0,10.0,8.0,13.0,10.0,1753782933.988329
joNq8OpA,1753738800,Martin D.,Munar J.,171.0,191.0,146.0,150.0,6.0,19.0,12.0,3.0,1.0,3.0,3.0,3.0,1753782930.960527
UuxknsOj,1753738200,Blockx A.,Darderi L.,,,,,,,,,,,,,1753782927.817182
YTniK9kt,1753733700,O'Connell C.,Tseng C. H.,184.0,165.0,151.0,147.0,26.0,12.0,25.0,28.0,1.0,7.0,2.0,12.0,1753782924.610967
n5rTWDq4,1753733400,Quinn E.,Nishioka Y.,197.0,174.0,166.0,136.0,24.0,13.0,15.0,15.0,8.0,3.0,12.0,5.0,1753782921.334162
vuuLYZEi,1753733400,McDonald M.,Goffin D.,181.0,182.0,160.0,151.0,11.0,21.0,8.0,23.0,3.0,7.0,7.0,7.0,1753782917.807464
nTlWHpJU,1753733400,Kopriva V.,Bu Y.,174.0,191.0,143.0,147.0,22.0,21.0,29.0,11.0,0.0,4.0,1.0,4.0,1753782914.574755
nFojBlcJ,1753684800,Shang J.,Duckworth J.,185.0,201.0,144.0,162.0,11.0,16.0,11.0,11.0,2.0,6.0,4.0,8.0,1753782911.295594
CAIlzSYb,1753677600,Kecmanovic M.,Halys Q.,187.0,188.0,151.0,156.0,36.0,50.0,34.0,42.0,7.0,13.0,9.0,18.0,1753782908.0209
tx7PPmCC,1753675800,Bagnis F.,Pospisil V.,182.0,190.0,154.0,157.0,19.0,17.0,25.0,42.0,5.0,6.0,7.0,11.0,1753782904.743603
YqPWNRtP,1753673700,Nava E.,Bergs Z.,203.0,193.0,165.0,159.0,15.0,13.0,24.0,41.0,3.0,5.0,4.0,7.0,1753782901.467557
AZZHkGUr,1753670400,Arseneault N.,Royer V.,175.0,195.0,143.0,160.0,14.0,21.0,23.0,48.0,3.0,10.0,3.0,12.0,1753782898.343863
xMq8GRl5,1753668600,Safiullin R.,Blanchet U.,177.0,185.0,152.0,157.0,24.0,19.0,23.0,23.0,6.0,3.0,10.0,7.0,1753782895.218354
QacsDAS6,1753668300,Fearnley J.,Ficovich J. P.,190.0,186.0,170.0,146.0,6.0,7.0,16.0,4.0,6.0,3.0,7.0,3.0,1753782892.046616
fTdG7uXp,1753641600,Mayot H.,Klein L.,,,,,20.0,0.0,33.0,31.0,6.0,11.0,7.0,16.0,1753704929.308872
2VTrerTE,1753622100,Paul J.,Klein L.,,,,,10.0,19.0,16.0,20.0,4.0,6.0,6.0,7.0,1753704926.03004
S8wwREx2,1753621200,Sakellaridis S.,Mayot H.,,,,,29.0,30.0,32.0,30.0,11.0,5.0,20.0,5.0,1753704922.753511
MytJlkP6,1753621500,Gueymard Wayenburg S.,Budkov Kjaer N.,,,,,,,,,,,,,1753704919.471888
SI4IlwqK,1753650600,Alvarez Varona N.,Loffhagen G.,,,,,26.0,47.0,27.0,56.0,14.0,17.0,17.0,21.0,1753704916.195809
QoAi3Kth,1753658100,Pinho T.,Polmans M.,,,,,9.0,11.0,30.0,21.0,0.0,3.0,0.0,4.0,1753704912.917933
reQEHYp3,1753656000,Domingues J.,Polmans M.,,,,,,,,,,,,,1753704909.624926
IyNqL7ie,1753654500,Rocha F.,Malige M.,,,,,21.0,20.0,46.0,34.0,,,,,1753704906.572868
WKb28U7k,1753653300,Maia H.,Potenza L.,,,,,5.0,21.0,34.0,22.0,3.0,4.0,4.0,5.0,1753704903.493927
vNJNFCFF,1753650600,Soriano Barrera A.,Matsuoka H.,,,,,28.0,30.0,38.0,37.0,9.0,10.0,17.0,14.0,1753704900.215566
xvwoJoM7,1753649400,Zeppieri G.,Ho R.,,,,,23.0,21.0,12.0,18.0,3.0,6.0,6.0,12.0,1753704896.936996
pOOyNTMr,1753645500,Bertrand R.,Torres T.,,,,,10.0,16.0,25.0,24.0,0.0,1.0,0.0,1.0,1753704893.661267
QaJuuTrR,1753644600,Searle H.,Leote Prata V.,,,,,29.0,9.0,42.0,24.0,1.0,0.0,1.0,0.0,1753704890.381803
Qwr5SkaL,1753644000,Silva T.,Wiskandt M.,,,,,11.0,12.0,24.0,31.0,2.0,4.0,2.0,5.0,1753704887.106113
IDvcUBU8,1753640100,Pavel B.,McKennon M.,,,,,14.0,20.0,17.0,13.0,7.0,9.0,11.0,9.0,1753704883.825299
xI1A68x2,1753638000,Ursu V.,Rossi L.,,,,,13.0,19.0,29.0,33.0,6.0,8.0,11.0,13.0,1753704880.549069
CzIVDjpS,1753632600,Marques D.,Te R.,,,,,24.0,32.0,24.0,49.0,9.0,10.0,13.0,14.0,1753704877.269091
4pVWtkEE,1753632600,Echargui M.,Braithwaite T.,,,,,16.0,7.0,20.0,27.0,5.0,5.0,7.0,9.0,1753704873.991533
ttoNlorB,1753649700,Vales A.,Ymer M.,,,,,,,,,,,,,1753704870.5071
YFsFj7Db,1753643400,Karol M.,Sinha N. K.,,,,,,,,,,,,,1753704867.230605
GIZDN8qC,1753643100,Jermar J.,Reymond A.,,,,,,,,,,,,,1753704863.950843
0UceWxSq,1753638000,Prihodko O.,Cerny M.,,,,,,,,,,,,,1753704860.878048
b1i4YPcU,1753636800,Molcan A.,Nikles J.,,,,,,,,,,,,,1753704857.600768
f9fmx8b5,1753636200,Dev S D P.,Castagnola L.,,,,,,,,,,,,,1753704854.353886
lWXLLnEO,1753631700,Nicod J.,Klimas J.,,,,,,,,,,,,,1753704851.045546
Yg6vvUTh,1753629300,Krumich M.,Ramskogler G.,,,,,,,,,,,,,1753704847.563917
2ZceznTH,1753625700,Faurel T.,Gima S.,,,,,,,,,,,,,1753704844.285862
Sd3Wujat,1753621800,Pieczonka F.,Paroulek T.,,,,,,,,,,,,,1753704841.008699
EDRDhTrn,1753621500,Vrbensky M.,Milev Y.,,,,,,,,,,,,,1753704837.015434
8f13UGdd,1753621500,Petak D.,Vasa E.,,,,,,,,,,,,,1753704833.737331
hpxY39Hd,1753664400,Mayo K.,Matsuda R.,,,,,25.0,27.0,47.0,41.0,7.0,17.0,12.0,19.0,1753704830.462659
hMgoDDfA,1753662300,Rankin M.,Ilagan A.,,,,,22.0,17.0,46.0,34.0,5.0,4.0,9.0,7.0,1753704827.185733
QZigBiPM,1753659600,Svajda T.,Huang T.,,,,,18.0,9.0,35.0,38.0,5.0,3.0,8.0,4.0,1753704823.910892
dfG0BCtK,1753657800,Rybakov A.,Stephenson E.,,,,,22.0,19.0,23.0,29.0,12.0,6.0,18.0,12.0,1753704820.630634
MPaQ9a5F,1753655400,Wu Tung-Lin,Kiger M.,,,,,21.0,16.0,25.0,37.0,9.0,11.0,13.0,23.0,1753704817.354874
z91IBLz3,1753653900,Nakagawa N.,Suresh D.,,,,,9.0,25.0,31.0,23.0,5.0,6.0,7.0,9.0,1753704814.078708
tSiX5j4s,1753649700,Hilderbrand T.,Damm M.,,,,,17.0,32.0,17.0,17.0,7.0,9.0,17.0,12.0,1753704810.803274
bN0xFZPc,1753648500,Mayo A.,Kirchheimer S.,,,,,21.0,24.0,30.0,51.0,1.0,3.0,5.0,8.0,1753704807.526515
p69Fm9lD,1753648500,Kumar P.,Hussey G.,,,,,13.0,21.0,21.0,12.0,12.0,5.0,21.0,6.0,1753704804.249938
pKYP5Vnp,1753643700,Weekes J.,Dostanic S.,,,,,13.0,21.0,26.0,25.0,3.0,8.0,4.0,11.0,1753704800.971454
lvG6kVJ0,1753643700,Maloney P.,Fenty A.,,,,,27.0,7.0,14.0,20.0,4.0,3.0,5.0,8.0,1753704797.693504
GQHbiikl,1753643400,Johns G.,Ramanathan R.,,,,,20.0,17.0,16.0,26.0,3.0,4.0,5.0,11.0,1753704794.413503
UsgSgXP7,1753650000,Wallin O.,Vasquez A.,,,,,24.0,13.0,13.0,17.0,4.0,1.0,5.0,1.0,1753704791.133339
8pbkhKl3,1753648500,Orlov V.,Broska F.,,,,,15.0,18.0,21.0,20.0,4.0,6.0,6.0,7.0,1753704787.852141
SIdBcFQr,1753647000,Oberleitner N.,Sperle J.,,,,,20.0,17.0,23.0,22.0,10.0,9.0,12.0,12.0,1753704784.573667
88txqGBk,1753642200,Donski A.,Romano F.,,,,,36.0,24.0,36.0,28.0,8.0,8.0,17.0,8.0,1753704781.292045
UNUpsft2,1753640400,Donald M.,Gadamauri B.,,,,,17.0,29.0,41.0,45.0,12.0,11.0,13.0,19.0,1753704778.215757
xQk6lxlS,1753639800,Kestelboim M.,Oetzbach A.,,,,,15.0,31.0,17.0,44.0,4.0,9.0,4.0,12.0,1753704774.933886
tbdcjbJF,1753636200,Latinovic S.,Kivattsev K.,,,,,19.0,16.0,28.0,17.0,9.0,2.0,14.0,4.0,1753704771.655075
I3ZMFEnR,1753634700,Mertgens N.,Juarez F.,,,,,14.0,12.0,29.0,14.0,5.0,2.0,6.0,2.0,1753704768.368722
zLHW4cY8,1753631700,Matusevich A.,Bocchi L.,,,,,33.0,27.0,33.0,33.0,9.0,6.0,15.0,15.0,1753704765.082993
AwWEHzIE,1753625100,Villanueva G.,Van Sambeek F.,,,,,31.0,40.0,35.0,63.0,5.0,14.0,6.0,19.0,1753704761.808334
WnBu3y3L,1753625100,Mikrut L.,Mackenzie J.,,,,,39.0,35.0,37.0,42.0,9.0,12.0,9.0,19.0,1753704758.51113
OpjKegee,1753625100,Braynin A.,Blanch D.,,,,,14.0,31.0,24.0,25.0,6.0,11.0,16.0,14.0,1753704755.219834
bqQlkyw8,1753654200,Lajal M.,Martin A.,,,,,54.0,34.0,62.0,36.0,21.0,8.0,32.0,15.0,1753704751.926323
8j7xxCu1,1753633800,Bakhtiyar E.,Park U.,,,,,,,,,,,,,1753704748.628034
8IVnV3SG,1753623300,Ichikawa T.,Lomakin G.,,,,,,,,,,,,,1753704745.328213
4b4UssCM,1753622100,Horoz A.,Krajci M.,,,,,,,,,,,,,1753704742.230733
KW51za4d,1753621500,Borisiouk M.,Philippov E.,,,,,,,,,,,,,1753704739.135754
067DoPCc,1753618500,Milushev A.,Lobanov A.,,,,,,,,,,,,,1753704735.858649
0Uk0xLZq,1753616400,Zhukov M.,Tamm K.,,,,,,,,,,,,,1753704732.379469
KAUQNLKj,1753613100,Azkara A.,Orynbasar I.,,,,,,,,,,,,,1753704729.127267
8WALq3sA,1753611600,Tiukaev R.,Tkemaladze Z.,,,,,,,,,,,,,1753704726.033875
4pPeTscT,1753611300,Sasikumar M.,Nakagawa S.,,,,,,,,,,,,,1753704722.963711
Sfp0NqI5,1753601100,Davidovich Fokina A.,Shelton B.,187.0,211.0,155.0,177.0,10.0,14.0,20.0,35.0,7.0,7.0,8.0,11.0,1753704716.465844
YR9iW4sf,1753593300,Moutet C.,De Minaur A.,169.0,189.0,141.0,160.0,13.0,20.0,26.0,33.0,3.0,17.0,8.0,21.0,1753704713.34649
Ue0OgauI,1753644600,Schoolkate T.,Nanda G.,,,,,30.0,10.0,16.0,17.0,7.0,8.0,7.0,11.0,1753704710.070962
zgLqcYoA,1753644600,Daniel T.,Martin D.,,,,,28.0,41.0,49.0,48.0,8.0,8.0,10.0,9.0,1753704706.794575
2sKaOAp9,1753644600,Blockx A.,Ajdukovic D.,,,,,5.0,20.0,7.0,25.0,3.0,2.0,4.0,6.0,1753704703.546928
plKyApGc,1753666500,Herbert P.,Etcheverry T. M.,,,,,42.0,17.0,45.0,16.0,23.0,3.0,32.0,3.0,1753704687.759519
M70QGhTs,1753665600,Mochizuki S.,Mpetshi Perricard G.,,,,,13.0,12.0,16.0,9.0,11.0,3.0,15.0,4.0,1753704684.482627
tfjaImKh,1753660500,Monfils G.,Barrios Vera T.,,,,,25.0,27.0,23.0,25.0,4.0,13.0,5.0,17.0,1753704681.207669
pADGR9s0,1753659900,Smith C.,Tien L.,,,,,20.0,17.0,47.0,26.0,6.0,2.0,9.0,2.0,1753704677.72884
l85bPAKt,1753652700,Arseneault N.,Djere L.,,,,,,,,,,,,,1753704674.44059
8E7VLyEl,1753652400,Ofner S.,Opelka R.,,,,,21.0,29.0,28.0,40.0,2.0,4.0,4.0,5.0,1753704671.178054
xWGaRcjR,1753647000,Walton A.,Bonzi B.,,,,,31.0,25.0,31.0,40.0,3.0,10.0,6.0,12.0,1753704667.902139
rs5GNuW9,1753550700,Nagal S.,Gueymard Wayenburg S.,,,,,,,,,,,,,1753704653.780083
KMMD88BD,1753542300,Barton H.,Budkov Kjaer N.,,,,,,,,,,,,,1753704650.502322
jaQPEK6L,1753568700,Shah A.,Alvarez Varona N.,,,,,35.0,28.0,37.0,25.0,18.0,9.0,23.0,12.0,1753704647.229251
Uwus9tHG,1753560600,Butvilas E.,Loffhagen G.,,,,,22.0,39.0,16.0,44.0,13.0,7.0,18.0,10.0,1753704643.749734
lvhmF67e,1753568100,Hsu Y. H.,Lajal M.,,,,,9.0,22.0,23.0,12.0,6.0,4.0,9.0,4.0,1753704640.475688
44Nu8O7d,1753560900,Spizzirri E.,Martin A.,,,,,11.0,12.0,28.0,23.0,7.0,8.0,10.0,11.0,1753704637.200214
dGi8I4Z7,1753500600,Fery A.,Lajal M.,,,,,14.0,27.0,36.0,45.0,6.0,12.0,12.0,14.0,1753704633.925062
2D6CUPpg,1753515900,Fritz T.,Davidovich Fokina A.,199.0,188.0,150.0,161.0,42.0,39.0,59.0,51.0,8.0,8.0,10.0,10.0,1753704630.650821
0jRLjA2l,1753507800,Shelton B.,Tiafoe F.,219.0,192.0,176.0,148.0,28.0,20.0,19.0,27.0,6.0,8.0,9.0,9.0,1753704627.377453
pE1xWRCU,1753573200,Taberner C.,Darderi L.,186.0,202.0,152.0,151.0,7.0,19.0,10.0,6.0,5.0,4.0,8.0,4.0,1753704624.101958
KbIVmU8d,1753578000,Barrios Vera T.,Wong C.,,,,,9.0,18.0,8.0,15.0,4.0,2.0,6.0,5.0,1753704620.825124
rJOieCGM,1753577700,Boyer T.,Trotter J. K.,,,,,16.0,22.0,13.0,18.0,13.0,9.0,14.0,11.0,1753704617.345648
4nhZ7k0S,1753576500,Smith C.,Kypson P.,,,,,21.0,13.0,21.0,31.0,5.0,6.0,5.0,9.0,1753704613.868175
z70IBX03,1753576200,Tseng C. H.,Blanchet U.,,,,,14.0,22.0,17.0,12.0,4.0,4.0,9.0,4.0,1753704610.387274
EwXzafHc,1753572000,Royer V.,Tudorica A. N.,,,,,23.0,10.0,14.0,9.0,6.0,10.0,8.0,17.0,1753704607.112936
ELw52TNk,1753569300,Nava E.,Krueger M.,,,,,27.0,15.0,39.0,38.0,7.0,15.0,8.0,17.0,1753704604.041854
SO3vHSxq,1753567800,Herbert P.,Tu L.,,,,,27.0,19.0,23.0,21.0,22.0,6.0,26.0,8.0,1753704600.770244
AmXD07h2,1753567500,Svrcina D.,Watanuki Y.,,,,,12.0,38.0,46.0,67.0,6.0,6.0,8.0,11.0,1753704597.082274
nXvkyiPj,1753566900,Duckworth J.,Boulais J.,,,,,20.0,8.0,22.0,28.0,4.0,4.0,4.0,8.0,1753704593.651539
rX3Q9BVF,1753560600,Mochizuki S.,Uchiyama Y.,,,,,16.0,18.0,31.0,38.0,10.0,2.0,13.0,3.0,1753704590.533946
b9D8MlFL,1753560600,Mannarino A.,Aguilar J. C. M.,,,,,18.0,10.0,30.0,32.0,6.0,4.0,6.0,6.0,1753704586.85145
dr2GeLA5,1753560600,Ficovich J. P.,Jacquet K.,,,,,21.0,27.0,13.0,27.0,16.0,9.0,23.0,15.0,1753704583.372712
noKNkjvp,1753560600,Atmane T.,Bagnis F.,,,,,20.0,11.0,44.0,22.0,9.0,7.0,18.0,9.0,1753704579.892912
8tjr8FlD,1753551600,Bublik A.,Cazaux A.,,,,,26.0,18.0,33.0,17.0,5.0,5.0,6.0,12.0,1753704576.41441
hM9PqBQE,1753485900,Klein L.,Huesler M.,,,,,40.0,15.0,25.0,0.0,,,,,1753704561.890285
KQCNjCiR,1753475100,Diaz Acosta F.,Paul J.,,,,,16.0,24.0,39.0,26.0,6.0,9.0,9.0,14.0,1753704558.416433
MZKmJtPh,1753464600,Piros Z.,Sakellaridis S.,,,,,36.0,27.0,43.0,39.0,8.0,10.0,11.0,22.0,1753704554.855213
jJnK8xat,1753458900,Mayot H.,Brunold M.,,,,,14.0,14.0,24.0,25.0,6.0,3.0,8.0,7.0,1753704551.46987
MZQYT2xQ,1753452600,Burruchaga R. A.,Huesler M.,,,,,19.0,32.0,23.0,24.0,1.0,11.0,2.0,17.0,1753704548.203253
MsHXvWsH,1753467000,Bailly G. A.,Gueymard Wayenburg S.,,,,,,,,,,,,,1753704544.612245
Whnno79j,1753464600,Nagal S.,Kicker N.,,,,,,,,,,,,,1753704541.473692
vBqXyuIk,1753459500,Cina F.,Barton H.,,,,,,,,,,,,,1753704538.175716
pARAKex9,1753459500,Budkov Kjaer N.,Erhard M.,,,,,,,,,,,,,1753704534.380412
pzgnIio2,1753479600,Alvarez Varona N.,Monday J.,,,,,20.0,31.0,22.0,32.0,5.0,10.0,7.0,18.0,1753704531.302648
Sl3zRIWq,1753472400,Shah A.,Crawford O.,,,,,33.0,21.0,23.0,19.0,3.0,7.0,8.0,15.0,1753704527.73752
n1UY8A1c,1753464000,Butvilas E.,Soriano Barrera A.,,,,,34.0,25.0,25.0,33.0,20.0,7.0,24.0,10.0,1753704524.144696
xA1yYhSi,1753456200,Jodar R.,Loffhagen G.,,,,,20.0,20.0,32.0,21.0,12.0,5.0,12.0,5.0,1753704521.062238
tMA7a1id,1753491600,Hsu Y. H.,Wu Tung-Lin,,,,,33.0,31.0,56.0,51.0,9.0,23.0,15.0,27.0,1753704513.894423
YBTc2ew0,1753480200,Martin A.,Galarneau A.,,,,,31.0,38.0,36.0,43.0,17.0,11.0,22.0,17.0,1753704510.825186
OMkVPAhL,1753474200,Spizzirri E.,Zhou Y.,,,,,14.0,14.0,19.0,38.0,2.0,3.0,5.0,3.0,1753704507.474212
zeCrFO3U,1753408800,Lajal M.,Holmgren A.,,,,,13.0,11.0,6.0,27.0,1.0,4.0,2.0,4.0,1753704503.658058
f1vfBD8b,1753494600,De Minaur A.,Nakashima B.,196.0,192.0,155.0,156.0,21.0,18.0,17.0,27.0,13.0,6.0,16.0,9.0,1753704500.583573
fVejzoOp,1753487100,Medvedev D.,Moutet C.,200.0,151.0,150.0,134.0,34.0,22.0,43.0,29.0,19.0,9.0,26.0,12.0,1753704497.452721
rDPhhHEa,1753420800,Fritz T.,Arnaldi M.,203.0,189.0,158.0,150.0,24.0,25.0,26.0,29.0,6.0,7.0,8.0,10.0,1753704493.771614
Am5I97L6,1753413000,Cobolli F.,Tiafoe F.,183.0,197.0,157.0,142.0,11.0,19.0,20.0,28.0,2.0,4.0,3.0,4.0,1753704490.493579
fHvreAyp,1753488600,Taberner C.,Dzumhur D.,182.0,172.0,146.0,145.0,26.0,11.0,15.0,37.0,6.0,5.0,12.0,8.0,1753704487.401608
n14vqLkI,1753479600,Ugo Carabelli C.,Darderi L.,204.0,202.0,155.0,157.0,23.0,20.0,30.0,15.0,10.0,8.0,14.0,11.0,1753704484.183256
WtYS16z9,1753474200,Bublik A.,Van De Zandschulp B.,,,,,16.0,18.0,13.0,26.0,2.0,5.0,3.0,12.0,1753704480.72629
IXQP3WfJ,1753458000,Cazaux A.,Rinderknech A.,,,,,20.0,17.0,18.0,25.0,8.0,12.0,10.0,16.0,1753704477.447521
rPuFaqaS,1753391100,Klein L.,Bernet H.,,,,,21.0,25.0,40.0,26.0,10.0,3.0,15.0,7.0,1753485455.456194
h8SS2ctB,1753389300,Paul J.,Hemery C.,,,,,20.0,16.0,11.0,17.0,6.0,5.0,6.0,7.0,1753485452.141137
2qRla1Tr,1753380600,Diaz Acosta F.,Vallejo D.,,,,,26.0,16.0,33.0,32.0,8.0,8.0,11.0,12.0,1753485449.018962
8hKYdI0E,1753375200,Kicker N.,Durasovic V.,,,,,,,,,,,,,1753485445.886959
tzUzkcGc,1753373400,Nagal S.,Houkes M.,,,,,,,,,,,,,1753485442.803351
tlgMKdS0,1753366200,Reis Da Silva J.,Gueymard Wayenburg S.,,,,,,,,,,,,,1753485439.700099
jmdQaEUF,1753366200,Bailly G. A.,Faurel T.,,,,,,,,,,,,,1753485436.622648
IZcI1z03,1753394400,Dougaz A.,Alvarez Varona N.,,,,,,,,,,,,,1753485433.474336
je0tOJc6,1753389300,Montes-De La Torre I.,Monday J.,,,,,17.0,48.0,26.0,63.0,8.0,22.0,8.0,28.0,1753485430.479658
40R6xTc2,1753377300,Escoffier A.,Butvilas E.,,,,,20.0,12.0,43.0,25.0,5.0,5.0,8.0,5.0,1753485427.366945
292x6QKN,1753366500,Brancaccio R.,Soriano Barrera A.,,,,,55.0,44.0,58.0,51.0,15.0,18.0,23.0,33.0,1753485423.50541
ruWo1sw3,1753403100,Blockx A.,Fery A.,,,,,15.0,18.0,23.0,19.0,4.0,12.0,8.0,18.0,1753485416.916503
UHuhu0Gq,1753394400,Wu Tung-Lin,Tu L.,,,,,34.0,38.0,26.0,33.0,15.0,5.0,20.0,9.0,1753485413.827545
bZlMpMhM,1753387800,Hsu Y. H.,Mayo A.,,,,,22.0,17.0,17.0,25.0,10.0,5.0,15.0,8.0,1753485410.759977
lhuflA7k,1753325100,Zhou Y.,Eubanks C.,,,,,24.0,20.0,22.0,28.0,6.0,5.0,8.0,6.0,1753485407.624556
EsyYjiGl,1753404300,Shelton B.,Diallo G.,215.0,202.0,175.0,178.0,21.0,13.0,7.0,15.0,4.0,5.0,6.0,11.0,1753485401.250217
UwutxEso,1753401900,Davidovich Fokina A.,Tien L.,190.0,176.0,160.0,149.0,14.0,13.0,19.0,28.0,4.0,2.0,4.0,4.0,1753485398.112269
QF1TSuUj,1753395600,De Minaur A.,Lehecka J.,192.0,206.0,160.0,173.0,25.0,35.0,26.0,60.0,11.0,12.0,14.0,20.0,1753485395.013889
8fqq8P9T,1753394700,Evans D.,Moutet C.,180.0,171.0,155.0,152.0,10.0,27.0,29.0,24.0,14.0,8.0,24.0,10.0,1753485391.882865
Ugc5l4gc,1753387800,Nakashima B.,Norrie C.,186.0,179.0,151.0,145.0,31.0,17.0,31.0,31.0,4.0,6.0,7.0,9.0,1753485388.579739
OATJx2uP,1753387800,Medvedev D.,Wu Y.,199.0,183.0,168.0,142.0,18.0,8.0,5.0,14.0,2.0,5.0,4.0,8.0,1753485385.293642
v79W2rig,1753334700,Kovacevic A.,Tiafoe F.,191.0,193.0,156.0,143.0,33.0,34.0,34.0,26.0,2.0,8.0,4.0,13.0,1753485382.230276
xOrI2fE7,1753330800,Davidovich Fokina A.,Munar J.,191.0,191.0,163.0,148.0,14.0,7.0,29.0,27.0,11.0,2.0,15.0,4.0,1753485379.044059
8Q3YyGy9,1753330500,Cobolli F.,Nishioka Y.,188.0,169.0,153.0,136.0,26.0,12.0,34.0,34.0,7.0,2.0,11.0,5.0,1753485375.885384
ri0FehFF,1753326600,Tien L.,Rublev A.,181.0,197.0,153.0,150.0,15.0,13.0,31.0,42.0,2.0,6.0,2.0,9.0,1753485372.614774
pxY52Gfc,1753401900,Dzumhur D.,Droguet T.,164.0,200.0,143.0,156.0,32.0,33.0,27.0,49.0,14.0,18.0,16.0,31.0,1753485369.434392
zoNlzOyH,1753392300,Prizmic D.,Darderi L.,197.0,203.0,159.0,169.0,19.0,26.0,32.0,27.0,10.0,12.0,14.0,14.0,1753485366.313763
88pINyZR,1753391400,Taberner C.,De Jong J.,185.0,189.0,145.0,159.0,20.0,26.0,10.0,28.0,8.0,10.0,12.0,12.0,1753485363.222907
8EaCNoc3,1753386000,Llamas Ruiz P.,Ugo Carabelli C.,186.0,199.0,154.0,155.0,15.0,14.0,22.0,17.0,9.0,10.0,17.0,12.0,1753485360.103378
MiOGJ7Gd,1753399800,Seyboth Wild T.,Van De Zandschulp B.,,,,,16.0,27.0,35.0,26.0,7.0,14.0,8.0,16.0,1753485357.028361
vmDJI8Jk,1753381500,Bublik A.,Shevchenko A.,,,,,27.0,7.0,24.0,20.0,6.0,5.0,7.0,8.0,1753485353.7665
CEncHejC,1753375500,Cazaux A.,Struff J-L.,,,,,16.0,20.0,20.0,25.0,4.0,8.0,7.0,11.0,1753485350.643329
rNUDNqQi,1753366200,Rinderknech A.,Hanfmann Y.,,,,,32.0,24.0,28.0,35.0,8.0,7.0,12.0,11.0,1753485347.527109
67b3p3ef,1753313100,Collarini A.,Brunold M.,,,,,13.0,37.0,33.0,37.0,4.0,10.0,8.0,12.0,1753485333.073998
EBnyifrh,1753304400,Piros Z.,Fatic N.,,,,,24.0,16.0,19.0,19.0,6.0,8.0,8.0,15.0,1753485329.854333
AVsPYP8m,1753289100,Mayot H.,Ymer E.,,,,,26.0,18.0,16.0,23.0,8.0,7.0,10.0,13.0,1753485326.753118
8Im66Hho,1753283400,Blancaneaux G.,Sakellaridis S.,,,,,9.0,24.0,18.0,23.0,7.0,5.0,12.0,6.0,1753485323.652837
U1NHDScC,1753291200,Ferreira Silva F.,Budkov Kjaer N.,,,,,,,,,,,,,1753485320.427016
YspUlLLO,1753287600,Gueymard Wayenburg S.,Coppejans K.,,,,,,,,,,,,,1753485317.36033
0jaDkzgl,1753286100,Erhard M.,Onclin G.,,,,,,,,,,,,,1753485314.270466
46UdVrgJ,1753279800,Cina F.,Gakhov I.,,,,,,,,,,,,,1753485311.158417
tMp6axw2,1753279500,Barton H.,Rincon D.,,,,,,,,,,,,,1753485307.993591
0IF8CiEL,1753313100,Martineau M.,Jodar R.,,,,,24.0,48.0,50.0,45.0,10.0,14.0,14.0,16.0,1753485304.872724
Grc6Ej8C,1753301400,Loffhagen G.,Grenier H.,,,,,44.0,24.0,59.0,39.0,16.0,22.0,18.0,26.0,1753485301.742699
ttizW9Dt,1753285500,Bertrand R.,Crawford O.,,,,,5.0,24.0,21.0,16.0,3.0,8.0,3.0,14.0,1753485298.487072
zoD7CUxP,1753279800,Shah A.,Purtseladze S.,,,,,16.0,19.0,14.0,27.0,5.0,3.0,11.0,6.0,1753485294.97945
pSQioFFM,1753318800,Galarneau A.,Noguchi R.,,,,,30.0,19.0,28.0,25.0,4.0,14.0,5.0,18.0,1753485288.76091
dE2AWFm2,1753312500,Martin A.,Shimizu Y.,,,,,12.0,17.0,30.0,44.0,5.0,15.0,9.0,20.0,1753485285.570276
Eck4erW0,1753301400,Spizzirri E.,Zheng M.,,,,,31.0,37.0,51.0,47.0,12.0,7.0,18.0,9.0,1753485282.489028
AJonGYEk,1753237500,Johns G.,Holmgren A.,,,,,12.0,27.0,13.0,19.0,0.0,15.0,0.0,16.0,1753485279.271736
8lnLSBbe,1753316100,Fritz T.,Vukic A.,204.0,189.0,159.0,164.0,28.0,15.0,14.0,18.0,1.0,0.0,1.0,2.0,1753485273.069504
nFkZchaS,1753312200,De Minaur A.,Bu Y.,192.0,197.0,160.0,153.0,23.0,15.0,25.0,30.0,12.0,6.0,20.0,12.0,1753485269.995006
lzI4gjb6,1753310100,Arnaldi M.,Sonego L.,183.0,200.0,149.0,174.0,27.0,23.0,27.0,29.0,11.0,13.0,12.0,26.0,1753485266.758196
CAzbUfaJ,1753307400,Medvedev D.,Opelka R.,198.0,210.0,161.0,176.0,21.0,30.0,21.0,51.0,3.0,11.0,3.0,18.0,1753485263.651659
8zymzPt9,1753301400,Wu Y.,Popyrin A.,190.0,196.0,154.0,164.0,27.0,28.0,38.0,47.0,8.0,6.0,9.0,9.0,1753485260.384078
tnfyEYP6,1753301400,Svajda Z.,Lehecka J.,196.0,204.0,142.0,171.0,21.0,36.0,29.0,37.0,6.0,18.0,10.0,20.0,1753485257.094824
lhH2UgAm,1753244400,Muller A.,Moutet C.,175.0,163.0,149.0,136.0,9.0,11.0,27.0,13.0,6.0,5.0,10.0,6.0,1753485253.727766
Sj0QjLDs,1753243200,Muller A.,Rune H.,,,,,,,,,,,,,1753485250.576874
jaSkvImI,1753240800,Michelsen A.,Evans D.,195.0,183.0,168.0,158.0,32.0,14.0,36.0,22.0,10.0,6.0,17.0,11.0,1753485247.561912
EF6CmsrT,1753240200,Shelton B.,McDonald M.,210.0,181.0,177.0,156.0,23.0,12.0,15.0,23.0,9.0,5.0,15.0,6.0,1753485244.397775
IDYgltX8,1753319700,Dzumhur D.,Wawrinka S.,171.0,193.0,141.0,151.0,23.0,27.0,31.0,35.0,6.0,11.0,8.0,25.0,1753485241.124318
p0lyHkTH,1753312800,Tseng C. H.,Darderi L.,184.0,201.0,145.0,162.0,18.0,23.0,18.0,16.0,6.0,7.0,9.0,11.0,1753485237.85623
27eDnrO9,1753311900,Basilashvili N.,Prizmic D.,201.0,197.0,162.0,164.0,27.0,18.0,38.0,20.0,10.0,4.0,11.0,4.0,1753485234.79256
fP4WYnhd,1753306200,Droguet T.,Kopriva V.,194.0,179.0,165.0,143.0,23.0,13.0,16.0,24.0,5.0,4.0,9.0,10.0,1753485231.707436
GKEJNfoQ,1753299600,Cerundolo F.,Taberner C.,187.0,185.0,147.0,154.0,50.0,20.0,65.0,36.0,4.0,5.0,10.0,11.0,1753485228.579621
MJU9SXv0,1753299300,De Jong J.,Navone M.,191.0,182.0,144.0,155.0,18.0,17.0,22.0,21.0,6.0,12.0,10.0,24.0,1753485225.23349
GSIF7Hpp,1753303800,Bautista-Agut R.,Seyboth Wild T.,,,,,17.0,31.0,30.0,30.0,11.0,4.0,14.0,4.0,1753485221.976732
MelSJx4d,1753298100,Bublik A.,Tirante T. A.,,,,,30.0,14.0,22.0,15.0,5.0,5.0,7.0,8.0,1753485218.852516
CbtCKdXo,1753295400,Shevchenko A.,Fucsovics M.,,,,,14.0,13.0,20.0,33.0,5.0,2.0,8.0,5.0,1753485215.735438
hKhe0i76,1753290900,Van De Zandschulp B.,Misolic F.,,,,,28.0,12.0,25.0,25.0,12.0,5.0,15.0,6.0,1753485212.446347
t0Pffrv2,1753290000,Struff J-L.,Martinez P.,,,,,24.0,7.0,30.0,30.0,3.0,2.0,3.0,3.0,1753485209.174611
UTkH5I85,1753289400,Comesana F.,Cazaux A.,,,,,18.0,18.0,38.0,26.0,5.0,5.0,6.0,6.0,1753485206.09555
2yFT1EJb,1753279800,Rinderknech A.,Gombos N.,,,,,40.0,24.0,47.0,31.0,8.0,3.0,9.0,4.0,1753485202.834335
WpWXW3w0,1753279800,Hanfmann Y.,Baez S.,,,,,27.0,15.0,61.0,43.0,10.0,7.0,17.0,13.0,1753485199.502692
r3rMZMwq,1753226400,Stricker D.,Burruchaga R. A.,,,,,18.0,23.0,27.0,24.0,11.0,7.0,15.0,8.0,1753223371.939728
lfhMPDnd,1753213800,Merida Aguilar D.,Huesler M.,,,,,20.0,0.0,,,3.0,10.0,4.0,16.0,1753223368.812035
rDyPqZwS,1753205700,Piros Z.,Ritschard A.,,,,,15.0,8.0,20.0,23.0,5.0,4.0,7.0,5.0,1753223365.666074
G0p8mHv3,1753205100,Diaz Acosta F.,Sharipov M.,,,,,12.0,14.0,19.0,30.0,3.0,2.0,4.0,6.0,1753223362.461572
ANL3xiW1,1753203300,Yevseyev D.,Hemery C.,,,,,8.0,24.0,15.0,23.0,4.0,5.0,7.0,8.0,1753223359.189533
dKwVhCGr,1753200600,Mena F.,Vallejo D.,,,,,8.0,14.0,30.0,13.0,4.0,3.0,5.0,4.0,1753223355.915284
nXdjuqGL,1753199100,Paul J.,Neuchrist M.,,,,,23.0,21.0,15.0,30.0,10.0,12.0,13.0,12.0,1753223352.83689
vVyVX08e,1753194900,Mayot H.,Brunclik P.,,,,,19.0,19.0,15.0,30.0,6.0,7.0,9.0,11.0,1753223349.68065
xzcbbYhL,1753194900,Giustino L.,Blancaneaux G.,,,,,30.0,21.0,29.0,23.0,11.0,5.0,15.0,10.0,1753223346.487621
OhSnLNOk,1753190100,Sakellaridis S.,Hassan B.,,,,,19.0,15.0,18.0,31.0,7.0,2.0,9.0,4.0,1753223343.214085
p8GeJ1g2,1753189800,Rodriguez Taverna S.,Klein L.,,,,,10.0,17.0,23.0,19.0,3.0,11.0,5.0,15.0,1753223339.934468
j53ss5o9,1753189800,Bertola R.,Ymer E.,,,,,24.0,27.0,55.0,38.0,7.0,8.0,9.0,12.0,1753223336.858135
SCiAygZR,1753222200,Reis Da Silva J.,Bueno G.,,,,,,,,,,,,,1753223333.580894
xlxXCX7E,1753215600,Popko D.,Bailly G. A.,,,,,,,,,,,,,1753223330.505904
QaVokUF7,1753215600,Ahti V.,Houkes M.,,,,,,,,,,,,,1753223327.432564
6c31wF4F,1753215000,Skatov T.,Faurel T.,,,,,,,,,,,,,1753223324.158162
ClXe3KzI,1753209600,Erhard M.,Paldanius O.,,,,,,,,,,,,,1753223320.681276
bertWWdk,1753206900,Kicker N.,Geerts M.,,,,,,,,,,,,,1753223317.430784
dxk5fPim,1753204500,Zahraj P.,Durasovic V.,,,,,,,,,,,,,1753223314.134832
42hDh3Ma,1753198800,Clarke J.,Nagal S.,,,,,,,,,,,,,1753223310.87365
bXaguyz3,1753198200,Thanos A.,Onclin G.,,,,,,,,,,,,,1753223307.58898
WAgHXOGd,1753198200,Molcan A.,Gakhov I.,,,,,,,,,,,,,1753223304.322182
bce9Zpnp,1753193400,Michalski D.,Barton H.,,,,,,,,,,,,,1753223301.016489
4OTm5t65,1753193400,Cina F.,Pucinelli de Almeida M.,,,,,,,,,,,,,1753223297.732995
0UoMjsiC,1753193400,Budkov Kjaer N.,Barrena A.,,,,,,,,,,,,,1753223294.45552
nL6AyYHU,1753216800,Jodar R.,Wiskandt M.,,,,,23.0,9.0,23.0,21.0,8.0,7.0,9.0,13.0,1753223291.181562
IuFguGI5,1753213500,Dougaz A.,Catry R.,,,,,20.0,17.0,32.0,48.0,5.0,7.0,9.0,15.0,1753223287.910796
4EET22FO,1753209600,Sun F.,Alvarez Varona N.,,,,,13.0,13.0,22.0,14.0,4.0,2.0,8.0,5.0,1753223284.625329
4dwyhg2B,1753209600,Shelbayh A.,Butvilas E.,,,,,11.0,18.0,32.0,19.0,6.0,8.0,10.0,10.0,1753223281.34787
MDLpsxlg,1753198800,Soriano Barrera A.,Bouquier A.,,,,,12.0,24.0,18.0,38.0,2.0,1.0,12.0,2.0,1753223278.219845
dWZSgFXb,1753198500,Reymond A.,Monday J.,,,,,24.0,23.0,23.0,26.0,11.0,8.0,15.0,9.0,1753223275.207901
jgD1wfmI,1753198500,Escoffier A.,Echeverria J.,,,,,29.0,22.0,48.0,37.0,11.0,9.0,19.0,16.0,1753223271.925423
tzU386om,1753191600,Soto M.,Crawford O.,,,,,19.0,15.0,41.0,32.0,6.0,4.0,9.0,5.0,1753223268.654988
AiwYDSNP,1753191600,Coulibaly E.,Brancaccio R.,,,,,17.0,16.0,43.0,40.0,5.0,4.0,9.0,6.0,1753223265.372787
CpLoho16,1753191600,Alves M.,Montes-De La Torre I.,,,,,23.0,14.0,44.0,18.0,13.0,1.0,22.0,1.0,1753223262.101696
r917NGMF,1753233900,Blockx A.,Huang T.,,,,,5.0,7.0,16.0,34.0,5.0,3.0,5.0,4.0,1753223259.025359
M5Fzl7Za,1753231500,Basavareddy N.,Hsu Y. H.,,,,,11.0,30.0,18.0,18.0,9.0,9.0,12.0,10.0,1753223255.743157
MgDbPxh3,1753230300,Maloney P.,Wu Tung-Lin,,,,,33.0,15.0,34.0,22.0,4.0,8.0,8.0,11.0,1753223252.57056
dGLC1Zad,1753224600,Bolt A.,Fery A.,,,,,29.0,36.0,44.0,41.0,17.0,14.0,29.0,20.0,1753223249.281424
rL3qno4C,1753221900,Spizzirri E.,Sakamoto R.,,,,,22.0,29.0,35.0,46.0,8.0,8.0,9.0,12.0,1753223246.116999
jZ4FLfiS,1753221600,Kachmazov A.,Mayo A.,,,,,28.0,14.0,60.0,32.0,4.0,4.0,7.0,7.0,1753223242.840577
82X14SJt,1753217700,Lajal M.,Jasika O.,,,,,18.0,3.0,14.0,21.0,3.0,2.0,3.0,5.0,1753223239.560805
EuCSkT4m,1753215900,Kotzen N. I.,Tu L.,,,,,22.0,32.0,38.0,44.0,6.0,6.0,11.0,11.0,1753223236.286799
tUArH53n,1753211700,Mejia N.,Shimizu Y.,,,,,11.0,11.0,36.0,25.0,1.0,6.0,4.0,12.0,1753223233.214067
xrPI0pJ5,1753211400,Noguchi R.,Mochizuki S.,,,,,3.0,11.0,15.0,25.0,4.0,4.0,5.0,6.0,1753223229.951903
UksQbOmI,1753211400,Kypson P.,Galarneau A.,,,,,33.0,32.0,33.0,29.0,10.0,7.0,13.0,12.0,1753223226.686418
KfAIbmCc,1753235700,Marozsan F.,Diallo G.,,,,,9.0,23.0,13.0,6.0,3.0,6.0,7.0,10.0,1753223223.380556
6aGLUQMO,1753233000,Munar J.,Giron M.,,,,,10.0,13.0,28.0,43.0,6.0,8.0,7.0,11.0,1753223219.924222
f5EodzUg,1753228800,Norrie C.,Musetti L.,,,,,24.0,23.0,39.0,30.0,16.0,9.0,18.0,13.0,1753223216.621995
Iwpvm8xg,1753228800,Halys Q.,Kovacevic A.,,,,,24.0,39.0,26.0,32.0,8.0,5.0,16.0,6.0,1753223213.751682
tAADfcvI,1753222500,Svajda Z.,Kecmanovic M.,,,,,28.0,20.0,27.0,38.0,3.0,4.0,7.0,7.0,1753223210.692124
lzELhy9U,1753222500,Monfils G.,Wu Y.,,,,,8.0,9.0,26.0,20.0,0.0,4.0,1.0,5.0,1753223207.402662
tSspFTcU,1753215000,Nakashima B.,Quinn E.,,,,,16.0,20.0,13.0,25.0,4.0,6.0,5.0,11.0,1753223204.123358
vRg2s46U,1753215000,Goffin D.,Bu Y.,,,,,23.0,21.0,37.0,26.0,5.0,9.0,8.0,10.0,1753223200.847636
OGO4Y8Na,1753157100,Mpetshi Perricard G.,Vukic A.,,,,,33.0,33.0,27.0,19.0,7.0,10.0,15.0,13.0,1753223197.777052
AXMCWnhC,1753150200,Nishioka Y.,Brooksby J.,,,,,27.0,29.0,37.0,51.0,12.0,13.0,18.0,25.0,1753223194.703447
4fbGwdNF,1753229700,Prizmic D.,Moller E.,,,,,11.0,16.0,28.0,43.0,2.0,3.0,6.0,6.0,1753223191.842965
vZH4H56D,1753223400,De Jong J.,Poljicak M.,,,,,17.0,13.0,15.0,25.0,3.0,10.0,3.0,13.0,1753223188.763876
MVdIdjp3,1753220400,Llamas Ruiz P.,Atmane T.,,,,,14.0,14.0,15.0,32.0,7.0,3.0,9.0,3.0,1753223184.895233
bZjDVk5k,1753213200,Passaro F.,Ugo Carabelli C.,,,,,36.0,23.0,28.0,13.0,10.0,13.0,15.0,15.0,1753223181.797716
zBYZpoCD,1753216500,Seyboth Wild T.,Engel J.,,,,,13.0,21.0,19.0,33.0,4.0,3.0,7.0,4.0,1753223178.519017
Ojm0Y7S7,1753212000,Faria J.,Tirante T. A.,,,,,15.0,20.0,27.0,12.0,2.0,2.0,5.0,3.0,1753223175.468968
z1VL8l4K,1753205700,Misolic F.,Etcheverry T. M.,,,,,34.0,19.0,43.0,36.0,9.0,10.0,9.0,18.0,1753223172.171045
SpVRn7s1,1753203000,Cazaux A.,Buse I.,,,,,35.0,17.0,38.0,28.0,10.0,9.0,12.0,15.0,1753223169.096826
pMudmlOE,1753200900,Ofner S.,Struff J-L.,,,,,15.0,13.0,30.0,14.0,1.0,3.0,2.0,3.0,1753223165.819923
zmjmfkkR,1753193400,Van De Zandschulp B.,Jarry N.,,,,,13.0,29.0,29.0,48.0,2.0,8.0,3.0,14.0,1753223162.562089
IZw4oShR,1753193400,Hanfmann Y.,Neumayer L.,,,,,37.0,14.0,28.0,25.0,4.0,1.0,6.0,3.0,1753223159.470982
AL0Bgfml,1753121400,Paul J.,Gadamauri B.,,,,,23.0,26.0,17.0,39.0,10.0,10.0,13.0,11.0,1753223145.131232
0bcEB35t,1753120200,Olivieri G. A.,Neuchrist M.,,,,,22.0,56.0,25.0,57.0,4.0,31.0,4.0,47.0,1753223141.85435
IuenrOC7,1753116900,Bertola R.,Nijboer R.,,,,,25.0,14.0,28.0,22.0,4.0,1.0,7.0,2.0,1753223138.576149
nXOCRYvJ,1753108800,Sakellaridis S.,Pokorny L.,,,,,17.0,35.0,23.0,52.0,5.0,8.0,5.0,9.0,1753223135.301859
prVX99DG,1753108800,Burruchaga R. A.,Kestelboim M.,,,,,23.0,7.0,19.0,17.0,4.0,1.0,4.0,3.0,1753223132.022335
MNGVD5Hk,1753108500,Brunclik P.,Dellavedova M.,,,,,41.0,21.0,44.0,18.0,16.0,9.0,28.0,15.0,1753223128.744706
jJbj0fO8,1753145400,Bernet H.,Dellien Velasco M. A.,,,,,21.0,18.0,29.0,28.0,9.0,3.0,10.0,4.0,1753223125.470854
AawHoe9F,1753138800,Brunold M.,Maestrelli F.,,,,,13.0,16.0,25.0,38.0,8.0,1.0,9.0,3.0,1753223122.234495
Sv4DRZHq,1753134300,Kuzmanov D.,Fatic N.,,,,,27.0,37.0,34.0,23.0,6.0,14.0,12.0,16.0,1753223119.525551
2cIevD1k,1753130400,Feldbausch K.,Collarini A.,,,,,18.0,25.0,28.0,40.0,4.0,23.0,4.0,30.0,1753223116.272316
AZsY5R4E,1753113300,Barton H.,Dominko S.,,,,,,,,,,,,,1753223113.174592
2ZqE96wn,1753112700,Kicker N.,Suarez B.,,,,,,,,,,,,,1753223109.895781
4WBixOFD,1753110600,Karol M.,Thanos A.,,,,,,,,,,,,,1753223106.639106
GtrMKTEq,1753107000,Sels J.,Faurel T.,,,,,,,,,,,,,1753223103.362147
MgciKMdC,1753106700,Reis Da Silva J.,Wallin O.,,,,,,,,,,,,,1753223100.089749
Q3mEJ4Oi,1753106700,Molcan A.,Castagnola L.,,,,,,,,,,,,,1753223096.806443
r9uu72yg,1753128600,Negritu Ch.,Rincon D.,,,,,,,,,,,,,1753223093.549481
zqxX8O6t,1753123200,Ferreira Silva F.,Vasa E.,,,,,,,,,,,,,1753223090.231376
SGVVdTgt,1753113900,De Schepper K.,Catry R.,,,,,7.0,20.0,23.0,15.0,5.0,11.0,11.0,14.0,1753223086.956364
hxzXxTzS,1753113000,Soriano Barrera A.,Pieczkowski O.,,,,,27.0,30.0,53.0,54.0,11.0,13.0,20.0,18.0,1753223083.680744
04jwBDnB,1753107600,Wiskandt M.,Kalyanpur A.,,,,,32.0,14.0,28.0,17.0,13.0,25.0,19.0,52.0,1753223080.43249
no4otYgC,1753103400,Shelbayh A.,Munk Mesa B.,,,,,26.0,17.0,44.0,48.0,5.0,2.0,8.0,4.0,1753223077.126804
lEE7hbkC,1753103400,Matsuoka H.,Echeverria J.,,,,,29.0,9.0,74.0,41.0,12.0,7.0,18.0,8.0,1753223073.860316
hfojbcdE,1753103400,Binda A.,Reymond A.,,,,,9.0,15.0,22.0,13.0,1.0,3.0,4.0,8.0,1753223070.776611
GhrnLqVh,1753130400,Gonzalez Fernandez M.,Grenier H.,,,,,8.0,15.0,29.0,17.0,3.0,9.0,4.0,11.0,1753223067.503976
AFLK4OpC,1753130400,Chidekh C.,Martineau M.,,,,,20.0,24.0,40.0,38.0,14.0,5.0,17.0,8.0,1753223064.221874
pbJgjPVI,1753127100,Purtseladze S.,Sultanov K.,,,,,20.0,26.0,43.0,42.0,4.0,7.0,6.0,10.0,1753223061.034992
KQlwN50t,1753122900,Bertrand R.,Cui J.,,,,,21.0,20.0,29.0,38.0,3.0,7.0,4.0,8.0,1753223057.895171
GIRxf7Wg,1753120800,Peniston R.,Loffhagen G.,,,,,12.0,21.0,35.0,37.0,4.0,5.0,5.0,6.0,1753223054.66486
2kIC6pGa,1753113900,Ajdukovic D.,Shah A.,,,,,31.0,29.0,34.0,30.0,1.0,2.0,4.0,5.0,1753223051.548193
KtsWsKfC,1753142400,Johns G.,Kim A.,,,,,19.0,38.0,26.0,62.0,6.0,14.0,10.0,22.0,1753223048.447462
OhfrSGbc,1753133700,Mayo A.,Ilagan A.,,,,,20.0,28.0,40.0,56.0,4.0,7.0,8.0,11.0,1753223045.170598
bB8Qvfr3,1753133100,Wu Tung-Lin,Johnson S.,,,,,8.0,11.0,15.0,36.0,7.0,2.0,8.0,7.0,1753223041.893021
KbdhHvTs,1753125000,Maloney P.,Matsuda R.,,,,,24.0,11.0,26.0,16.0,2.0,0.0,2.0,4.0,1753223038.642494
2NPR0Jr1,1753125000,Bigun K.,Fery A.,,,,,30.0,19.0,49.0,25.0,8.0,9.0,17.0,14.0,1753223035.338861
QNepltae,1753125000,Andrade A.,Huang T.,,,,,24.0,23.0,58.0,44.0,4.0,12.0,5.0,23.0,1753223032.060718
Uy2ipPYO,1753145100,Uchiyama Y.,Eubanks C.,,,,,21.0,42.0,29.0,37.0,7.0,8.0,7.0,10.0,1753223028.784154
j5VYd2IU,1753138800,Zhou Y.,Shimabukuro S.,,,,,30.0,39.0,42.0,53.0,6.0,14.0,10.0,18.0,1753223025.508899
xd4iFqYb,1753137600,Habib H.,Martin A.,,,,,12.0,11.0,21.0,14.0,5.0,4.0,10.0,4.0,1753223022.229848
tGV926lg,1753131000,Pacheco Mendez R.,Zheng M.,,,,,15.0,31.0,24.0,25.0,3.0,3.0,8.0,4.0,1753223018.130763
jq6MM05K,1753063800,Harris B.,Bouzige M.,,,,,21.0,26.0,31.0,37.0,2.0,11.0,6.0,15.0,1753223014.855246
W0jfqQyI,1753148100,Tien L.,Nava E.,,,,,10.0,18.0,14.0,40.0,4.0,0.0,6.0,1.0,1753223008.300861
Sn4cbuug,1753143000,Opelka R.,Cassone M.,,,,,46.0,26.0,41.0,34.0,5.0,6.0,9.0,6.0,1753223005.021883
WKAl01At,1753140900,Norrie C.,Harris B.,,,,,15.0,20.0,31.0,34.0,6.0,1.0,10.0,3.0,1753223001.768048
S0qWCvfn,1753139400,McDonald M.,Smith C.,,,,,11.0,9.0,19.0,26.0,6.0,3.0,7.0,4.0,1753222998.470586
KfM4dJ95,1753134000,Zhukayev B.,Muller A.,,,,,18.0,17.0,36.0,20.0,5.0,4.0,12.0,5.0,1753222995.19048
IiPC17in,1753133700,Evans D.,Bergs Z.,,,,,12.0,29.0,30.0,63.0,4.0,13.0,8.0,18.0,1753222991.707002
j5NKaoMb,1753128600,Quinn E.,O'Connell C.,,,,,22.0,18.0,14.0,24.0,10.0,0.0,16.0,2.0,1753222988.451712
Ao2oon75,1753128600,Bonzi B.,Marozsan F.,,,,,18.0,21.0,27.0,20.0,2.0,3.0,8.0,4.0,1753222985.155993
MBjVlU7t,1753128600,Arnaldi M.,Altmaier D.,,,,,28.0,32.0,21.0,19.0,12.0,31.0,21.0,40.0,1753222981.877669
UVY8DHq4,1753143000,Guillen Meza A.,Wawrinka S.,,,,,8.0,17.0,9.0,11.0,4.0,6.0,4.0,7.0,1753222978.60233
I1ILHE0d,1753140000,Barrios Vera T.,Navone M.,,,,,6.0,12.0,15.0,2.0,3.0,4.0,5.0,6.0,1753222975.32128
6LJdJRy1,1753138200,Carballes Baena R.,Basilashvili N.,,,,,13.0,32.0,8.0,15.0,1.0,6.0,1.0,12.0,1753222971.856369
dIz1FwFi,1753134600,Droguet T.,Garin C.,,,,,21.0,21.0,11.0,23.0,3.0,6.0,5.0,14.0,1753222968.586868
ruA7uIh3,1753133700,Lajovic D.,Atmane T.,,,,,11.0,25.0,16.0,26.0,5.0,8.0,6.0,9.0,1753222965.493479
YNVP9ZrT,1753132200,Majchrzak K.,Llamas Ruiz P.,,,,,18.0,23.0,26.0,17.0,7.0,5.0,12.0,5.0,1753222962.21607
QcSHBeEG,1753126800,Tseng C. H.,Zeppieri G.,,,,,24.0,18.0,20.0,36.0,8.0,8.0,10.0,9.0,1753222959.141343
4Syqu9bK,1753126800,Taberner C.,Herbert P.,,,,,12.0,33.0,10.0,43.0,2.0,17.0,3.0,23.0,1753222955.866585
UDc9PpW7,1753140000,Rinderknech A.,Bagnis F.,,,,,49.0,18.0,60.0,35.0,16.0,12.0,22.0,15.0,1753222952.611468
xKKzt6Gl,1753140000,Gaston H.,Gombos N.,,,,,12.0,20.0,25.0,30.0,3.0,9.0,3.0,12.0,1753222949.56431
6VtJlTCl,1753132200,Schwaerzler J. J.,Fucsovics M.,,,,,24.0,18.0,44.0,24.0,4.0,6.0,5.0,8.0,1753222946.441636
SOgizUce,1753107300,Comesana F.,Boyer T.,,,,,25.0,16.0,16.0,26.0,10.0,9.0,10.0,15.0,1753222943.179591
GpzndBKE,1753107000,Shevchenko A.,Galan D. E.,,,,,33.0,24.0,47.0,41.0,6.0,4.0,9.0,7.0,1753222939.681113
Ewi7Glho,1753038300,Paul J.,Von der Schulenburg J.,,,,,16.0,6.0,15.0,24.0,9.0,2.0,11.0,6.0,1753222925.557476
6Xwgvhph,1753036800,Gadamauri B.,Karlovskiy E.,,,,,48.0,20.0,38.0,33.0,6.0,16.0,10.0,25.0,1753222922.270649
2aX1xWE4,1753034400,Olivieri G. A.,Janvier M.,,,,,10.0,42.0,14.0,58.0,1.0,12.0,1.0,19.0,1753222919.003382
C6nIxu9m,1753030800,Forti F.,Neuchrist M.,,,,,24.0,12.0,28.0,15.0,6.0,4.0,7.0,8.0,1753222915.714865
tOenr1oQ,1753029600,Bertola R.,Braynin A.,,,,,22.0,21.0,39.0,39.0,4.0,6.0,7.0,13.0,1753222912.233627
UBOIYmET,1753029000,Thomas F.,Nijboer R.,,,,,8.0,13.0,22.0,20.0,1.0,9.0,4.0,11.0,1753222908.958278
IVqZzvec,1753025400,Nam Ji S.,Pokorny L.,,,,,16.0,20.0,38.0,22.0,8.0,3.0,10.0,3.0,1753222905.574567
0fFlTRyi,1753022700,Burruchaga R. A.,Romano F.,,,,,16.0,22.0,24.0,37.0,4.0,7.0,5.0,10.0,1753222902.400443
8dzAzAqH,1753022100,Djosic N.,Kestelboim M.,,,,,25.0,15.0,39.0,14.0,5.0,7.0,7.0,9.0,1753222899.122922
YLzRzJw0,1753017000,Villanueva G.,Brunclik P.,,,,,,,,,0.0,5.0,0.0,0.0,1753222895.843201
KxZYYd8C,1753017000,Sakellaridis S.,De Krom M.,,,,,,,,,,,,,1753222892.36046
jqrsZHP9,1753017000,Casanova A.,Dellavedova M.,,,,,,,,,,,,,1753222889.082117
vq5L2YRG,1753038000,Suarez B.,Cazacu D. N.,,,,,,,,,,,,,1753222885.810902
4QjwjerB,1753035300,Fondriest M.,Thanos A.,,,,,,,,,,,,,1753222882.731535
rHBC4fc4,1753032600,Karol M.,Brown P.,,,,,,,,,,,,,1753222879.454269
d0mViHDb,1753032600,Dominko S.,Krumich M.,,,,,,,,,,,,,1753222876.381975
MocKZZcU,1753028400,Faurel T.,Blanch D.,,,,,,,,,,,,,1753222873.105349
A3D46GSi,1753027500,Barton H.,Tiainen H.,,,,,,,,,,,,,1753222869.828871
b5Nn67Y8,1753027200,Kicker N.,Niklas-Salminen P.,,,,,,,,,,,,,1753222866.550765
QuunlZCN,1753022100,Sels J.,Eerola O.,,,,,,,,,,,,,1753222863.276862
dOVHrDzo,1753021800,Tamm K.,Wallin O.,,,,,,,,,,,,,1753222860.205027
xbXTgwqn,1753017000,Reis Da Silva J.,Wazny A.,,,,,,,,,,,,,1753222856.925133
prXhpQBk,1753017000,Molcan A.,Cizek J.,,,,,,,,,,,,,1753222853.643971
6cL1r4t2,1753017000,Denisov I.,Castagnola L.,,,,,,,,,,,,,1753222850.364933
pzFBVpT1,1753038600,Carou I.,De Schepper K.,,,,,8.0,21.0,22.0,19.0,2.0,6.0,4.0,8.0,1753222847.253961
O6TAkwNH,1753038000,Pereira T.,De Schepper K.,,,,,,,,,,,,,1753222844.136883
xzwyw0wC,1753037100,Catry R.,Barroso Campos A.,,,,,23.0,18.0,39.0,43.0,13.0,11.0,16.0,17.0,1753222841.150788
2iu2iah5,1753034400,Kalyanpur A.,Bakshi A.,,,,,0.0,24.0,10.0,0.0,18.0,7.0,0.0,9.0,1753222838.017093
fRyfgLNh,1753031400,Wiskandt M.,Cesar Porras J.,,,,,12.0,12.0,23.0,25.0,5.0,3.0,15.0,7.0,1753222834.799922
CQUoijbM,1753028400,Tkemaladze Z.,Pieczkowski O.,,,,,7.0,12.0,31.0,23.0,7.0,5.0,11.0,7.0,1753222831.391466
lE6gesgt,1753027800,Soriano Barrera A.,Perez I.,,,,,29.0,30.0,24.0,35.0,18.0,8.0,26.0,9.0,1753222828.250249
6BYZU3il,1753026300,Shelbayh A.,Poljak D.,,,,,11.0,7.0,21.0,35.0,2.0,4.0,2.0,5.0,1753222824.998826
U5erXU6j,1753024200,Duarte R.,Reymond A.,,,,,4.0,26.0,14.0,19.0,2.0,10.0,5.0,19.0,1753222821.713013
rowVfYbc,1753021800,Shelbayh A.,Tobon M.,,,,,,,,,,,,,1753222818.397772
GbywgCT9,1753021800,Munk Mesa B.,Martinez A.,,,,,11.0,14.0,19.0,32.0,0.0,4.0,1.0,6.0,1753222815.252426
zTs4zQTQ,1753019700,Sanchez L.,Matsuoka H.,,,,,10.0,18.0,16.0,11.0,,,,,1753222812.088252
Y1Wqyv8O,1753017600,Paris T.,Matsuoka H.,,,,,,,,,,,,,1753222808.8168
4O9Qq8jd,1753017000,Echeverria J.,Sanchez Quilez A.,,,,,0.0,3.0,3.0,2.0,,,,,1753222805.539055
r9LHoULq,1753017000,Binda A.,Masjuan Ginel P.,,,,,10.0,25.0,28.0,48.0,6.0,5.0,10.0,7.0,1753222802.259732
E7tS1GVN,1753051200,Klein L.,Prizmic D.,,,,,23.0,12.0,25.0,21.0,13.0,6.0,16.0,8.0,1753222798.96943
WlYAFuaU,1753056900,Merida Aguilar D.,Sun F.,,,,,16.0,8.0,33.0,30.0,2.0,4.0,4.0,6.0,1753222795.683293
E93HnV7T,1753058100,Holmgren A.,Draxl L.,,,,,28.0,4.0,24.0,18.0,9.0,2.0,10.0,3.0,1753222792.464754
YoKH9tu1,1753026000,Coppejans K.,Choinski J.,,,,,,,,,,,,,1753222789.328406
EazD0tPr,1753061100,Kim A.,Imamura M.,,,,,16.0,2.0,19.0,16.0,5.0,1.0,5.0,2.0,1753222786.083583
ruSTdbO7,1753059000,Johns G.,Takahashi Y.,,,,,18.0,33.0,17.0,37.0,4.0,26.0,5.0,32.0,1753222782.776995
4Qls621L,1753057200,Johnson S.,Chung H.,,,,,23.0,11.0,26.0,29.0,11.0,2.0,15.0,3.0,1753222779.556733
rB0Y7OW8,1753056300,Mayo A.,Stalder R.,,,,,20.0,12.0,23.0,31.0,4.0,8.0,5.0,16.0,1753222776.430957
KxFwnsAk,1753053300,Wu Tung-Lin,Dostanic S.,,,,,12.0,15.0,22.0,30.0,5.0,0.0,8.0,1.0,1753222772.665521
lUjm2g0m,1753051800,Cooksey W.,Ilagan A.,,,,,10.0,23.0,20.0,15.0,4.0,2.0,7.0,5.0,1753222769.484503
Aqud0XUa,1753049100,Matsuda R.,Langmo C.,,,,,12.0,25.0,21.0,46.0,9.0,11.0,10.0,15.0,1753222766.388394
ARTLbKge,1753046400,van Wyk K.,Fery A.,,,,,17.0,17.0,43.0,29.0,3.0,6.0,4.0,8.0,1753222763.169561
bmAGK1GE,1753044600,Maloney P.,Sheehy J.,,,,,22.0,26.0,26.0,37.0,0.0,8.0,3.0,10.0,1753222760.06921
O6T7i3nS,1753039200,Nakagawa N.,Bigun K.,,,,,20.0,20.0,35.0,22.0,2.0,1.0,2.0,3.0,1753222756.748337
G48npLv2,1753039200,Huang T.,Moriya H.,,,,,18.0,20.0,48.0,52.0,6.0,14.0,8.0,15.0,1753222753.587541
U7zagPHF,1753039200,Andrade A.,Jung J.,,,,,21.0,11.0,21.0,37.0,7.0,10.0,7.0,13.0,1753222750.441346
GKIfMqNi,1753059600,Moutet C.,Wu Y.,,,,,15.0,30.0,41.0,58.0,8.0,18.0,10.0,23.0,1753222743.933241
UXywijoe,1753056000,Hijikata R.,Cassone M.,,,,,9.0,15.0,21.0,25.0,2.0,4.0,3.0,3.0,1753222740.813642
2yFKkCnD,1753053300,Svajda Z.,Watanuki Y.,,,,,24.0,29.0,40.0,40.0,3.0,3.0,4.0,6.0,1753222737.536945
pYZ2H1UH,1753049400,Vavassori A.,Zhukayev B.,,,,,43.0,30.0,42.0,55.0,14.0,20.0,23.0,26.0,1753222734.257366
xK8ZZNzG,1753048200,Bouzige M.,Nanda G.,,,,,27.0,12.0,28.0,9.0,6.0,10.0,12.0,15.0,1753222731.157853
b5wqIWQk,1753043400,Moutet C.,Sell K.,,,,,12.0,11.0,26.0,40.0,3.0,11.0,3.0,16.0,1753222727.90447
WIyiGAe2,1753038600,Svajda Z.,Tomic B.,,,,,29.0,18.0,14.0,22.0,6.0,5.0,6.0,6.0,1753222724.628657
hhQUOIqC,1753038600,Smith C.,Zink T.,,,,,27.0,25.0,39.0,46.0,13.0,8.0,19.0,11.0,1753222721.346965
QZaFGv7r,1753038600,Fellows J.,Watanuki Y.,,,,,24.0,25.0,29.0,22.0,7.0,6.0,9.0,8.0,1753222717.650398
4bSHudfn,1753049400,Mikrut L.,Guillen Meza A.,,,,,18.0,14.0,15.0,12.0,6.0,6.0,10.0,12.0,1753222714.449356
jDgyTIAt,1753043700,Pellegrino A.,Llamas Ruiz P.,,,,,10.0,10.0,9.0,8.0,6.0,10.0,9.0,11.0,1753222711.250123
vcSSM5X7,1753040400,Gaubas V.,Droguet T.,,,,,23.0,20.0,38.0,30.0,9.0,9.0,12.0,12.0,1753222708.112175
QJ3BydTH,1753036800,Zeppieri G.,van Assche L.,,,,,21.0,15.0,22.0,14.0,9.0,0.0,11.0,1.0,1753222704.966169
zBSEZnMs,1753056600,Dodig M.,Passaro F.,,,,,20.0,25.0,33.0,17.0,3.0,11.0,9.0,14.0,1753222701.659581
AgQmLm7l,1753044000,Collignon R.,Kopriva V.,,,,,32.0,30.0,42.0,34.0,8.0,2.0,14.0,9.0,1753222697.968447
SCTjBhln,1752999000,Kovacevic A.,Shapovalov D.,186.0,197.0,161.0,167.0,7.0,15.0,23.0,22.0,5.0,9.0,7.0,11.0,1753222694.724068
Q5OxNdEO,1753031400,Gombos N.,Albot R.,,,,,14.0,11.0,26.0,32.0,2.0,2.0,3.0,2.0,1753222691.429611
nH8VOUUb,1753026000,Struff J-L.,Rodionov J.,,,,,29.0,14.0,39.0,31.0,3.0,2.0,5.0,4.0,1753222688.138288
hEgZHMHE,1753020600,Monteiro T.,Bagnis F.,,,,,11.0,15.0,24.0,25.0,2.0,10.0,3.0,12.0,1753222684.895097
zLLjtxat,1753020600,Hanfmann Y.,Martin A.,,,,,17.0,4.0,21.0,29.0,2.0,2.0,3.0,4.0,1753222681.615615
tnf4Xsed,1753050000,Cobolli F.,Auger-Aliassime F.,,,,,,,,,,,,,1753222678.334991
v3P5SuTk,1753022400,Cerundolo J. M.,Bublik A.,,,,,21.0,47.0,25.0,39.0,11.0,20.0,20.0,28.0,1753222675.081585
QycsYMMP,1753031100,Darderi L.,De Jong J.,,,,,31.0,30.0,28.0,26.0,6.0,8.0,9.0,11.0,1753222671.987554
SMErMpaB,1752971100,Klein L.,Gigante M.,,,,,21.0,16.0,31.0,26.0,13.0,2.0,19.0,4.0,1753222657.624098
Igp5p4z0,1752961200,Prizmic D.,Tirante T. A.,,,,,12.0,18.0,39.0,47.0,4.0,2.0,6.0,3.0,1753222654.427828
8KECMiHr,1752968400,Crawford O.,Merida Aguilar D.,,,,,15.0,27.0,27.0,21.0,11.0,4.0,13.0,5.0,1753222651.293597
SAlGOjYF,1752959400,Pereira T.,Sun F.,,,,,29.0,16.0,65.0,27.0,6.0,9.0,10.0,12.0,1753222648.019713
zREFuntB,1752965700,Draxl L.,Blockx A.,,,,,20.0,42.0,20.0,37.0,14.0,18.0,16.0,24.0,1753222644.74178
ht672hye,1752960000,Spizzirri E.,Holmgren A.,,,,,8.0,28.0,14.0,27.0,0.0,4.0,2.0,5.0,1753222641.440191
fqLurPqn,1752892800,Galarneau A.,Draxl L.,,,,,24.0,21.0,28.0,28.0,13.0,8.0,22.0,14.0,1753222638.177169
WfLZN6Ub,1752956100,Coppejans K.,Barrena A.,,,,,,,,,,,,,1753222634.910053
jmCwdwTq,1752945900,Choinski J.,Den Ouden G.,,,,,,,,,,,,,1753222631.632736
URdWCd67,1752968400,Bouzige M.,Trotter J. K.,,,,,,,,,,,,,1753222628.368028
lf6yOME8,1752967800,Harris B.,Gengel M.,,,,,24.0,12.0,25.0,26.0,4.0,2.0,5.0,3.0,1753222625.360393
thFQyp63,1752966900,Perez A.,Vavassori A.,,,,,6.0,19.0,20.0,17.0,6.0,0.0,10.0,2.0,1753222622.209995
h4b4PEYF,1752963000,Vukic A.,Vavassori A.,,,,,,,,,,,,,1753222618.792632
t2OrM0qL,1752961200,Hijikata R.,Ganesan A.,,,,,4.0,24.0,10.0,21.0,2.0,6.0,6.0,12.0,1753222615.759155
vLdCNh3S,1752959100,Zhukayev B.,McCabe J.,,,,,37.0,32.0,22.0,35.0,11.0,7.0,17.0,11.0,1753222612.610971
Ya3NEIye,1752957900,Wu Y.,Krueger M.,,,,,40.0,23.0,36.0,47.0,6.0,8.0,7.0,11.0,1753222609.476677
WlAeRz43,1752952200,Zink T.,Daniel T.,,,,,41.0,18.0,12.0,6.0,7.0,6.0,10.0,9.0,1753222606.204048
4rI93XBd,1752952200,Smith C.,Fenty A.,,,,,22.0,24.0,37.0,41.0,9.0,7.0,14.0,13.0,1753222602.925113
MLqIz0bE,1752952200,Kwiatkowski T. S.,Cassone M.,,,,,15.0,39.0,21.0,15.0,10.0,4.0,15.0,8.0,1753222599.71264
YymvV9IM,1752963900,McDonald N.,Droguet T.,,,,,20.0,17.0,14.0,7.0,6.0,5.0,12.0,7.0,1753222596.577922
0OlWWVmA,1752963000,Trungelliti M.,Mikrut L.,,,,,16.0,22.0,30.0,13.0,11.0,10.0,15.0,11.0,1753222593.300872
4deNYiJc,1752963000,Pellegrino A.,Sachko V.,,,,,26.0,24.0,44.0,37.0,9.0,3.0,12.0,6.0,1753222590.031728
250vZ0Dt,1752961500,Guillen Meza A.,Blanchet U.,,,,,20.0,25.0,32.0,59.0,10.0,9.0,18.0,13.0,1753222586.871813
vBe3TdsI,1752955800,Coria F.,Zeppieri G.,,,,,8.0,26.0,15.0,18.0,2.0,3.0,2.0,3.0,1753222583.767087
ba8yBlRj,1752955800,Cecchinato M.,van Assche L.,,,,,24.0,28.0,39.0,21.0,8.0,9.0,11.0,9.0,1753222580.628742
WpheVIC5,1752952200,Llamas Ruiz P.,Jacquet K.,,,,,21.0,41.0,37.0,42.0,14.0,12.0,21.0,19.0,1753222577.173138
zJbnXvrg,1752952200,Gaubas V.,Arnaboldi F.,,,,,13.0,9.0,15.0,27.0,2.0,4.0,3.0,6.0,1753222573.766063
8fV9wh86,1752916200,Rublev A.,Kovacevic A.,,,,,37.0,22.0,39.0,31.0,8.0,3.0,10.0,4.0,1753222570.383812
WOWD3cCM,1752910800,Shapovalov D.,Walton A.,,,,,24.0,8.0,19.0,12.0,6.0,2.0,7.0,3.0,1753222567.133256
UHLLsm2S,1752952500,Albot R.,Kym J.,,,,,20.0,27.0,44.0,45.0,2.0,1.0,5.0,6.0,1753222564.050138
CdFvb8n9,1752946800,Landaluce M.,Gombos N.,,,,,7.0,9.0,36.0,17.0,0.0,1.0,1.0,2.0,1753222560.85669
QPO4oV23,1752946500,Kopp S.,Rodionov J.,,,,,15.0,26.0,24.0,25.0,2.0,6.0,3.0,9.0,1753222557.658763
Qm7ixRPk,1752945000,Bagnis F.,Rocha H.,,,,,16.0,16.0,21.0,28.0,10.0,2.0,13.0,2.0,1753222554.414505
pjNhz5f2,1752942300,Struff J-L.,Hipfl N.,,,,,16.0,10.0,14.0,25.0,2.0,2.0,2.0,2.0,1753222551.217616
YB3mdnHL,1752941400,Martin A.,Prado Angelo J. C.,,,,,21.0,8.0,27.0,27.0,9.0,4.0,12.0,4.0,1753222547.926101
4ffJjQvq,1752934500,Hanfmann Y.,Ramos A.,,,,,22.0,5.0,27.0,16.0,4.0,1.0,4.0,2.0,1753222544.643852
YkSCq9XF,1752934200,Monteiro T.,Oberleitner N.,,,,,31.0,39.0,37.0,49.0,8.0,18.0,8.0,27.0,1753222541.30616
dlPR8WeB,1752963300,Tsitsipas S.,Auger-Aliassime F.,,,,,,,,,,,,,1753222538.192801
KtgL2USg,1752952200,Cazaux A.,Bublik A.,,,,,11.0,35.0,13.0,21.0,3.0,7.0,5.0,7.0,1753222534.981373
YLdRovhn,1752934200,Cerundolo J. M.,Buse I.,,,,,22.0,20.0,11.0,25.0,8.0,12.0,12.0,20.0,1753222531.894052
6P7a4E6r,1752949500,Cerundolo F.,Darderi L.,,,,,35.0,22.0,41.0,33.0,5.0,7.0,7.0,10.0,1753222528.804197
EZEj9YkA,1752941400,Ugo Carabelli C.,De Jong J.,,,,,22.0,23.0,26.0,22.0,9.0,9.0,12.0,14.0,1753222525.52632
vecaekHb,1752883800,Prizmic D.,Engel J.,,,,,10.0,9.0,23.0,20.0,5.0,4.0,6.0,4.0,1753222510.80804
dEIEOnE6,1752876000,Gigante M.,Pavlovic L.,,,,,15.0,31.0,32.0,46.0,2.0,7.0,3.0,12.0,1753222507.675088
d6p74Urh,1752871500,Mayot H.,Tirante T. A.,,,,,10.0,24.0,20.0,20.0,4.0,4.0,8.0,5.0,1753222504.397021
OfeEUj5N,1752865800,Klein L.,Neumayer L.,,,,,45.0,23.0,51.0,31.0,21.0,2.0,25.0,3.0,1753222501.127112
dArR3RfU,1752886800,Grenier H.,Crawford O.,,,,,33.0,27.0,42.0,38.0,8.0,18.0,12.0,30.0,1753222497.925711
6sXs71Y0,1752878400,Monday J.,Merida Aguilar D.,,,,,24.0,24.0,60.0,46.0,10.0,2.0,14.0,3.0,1753222494.771723
nu7qM8Ab,1752873000,Sun F.,Shah A.,,,,,17.0,19.0,22.0,29.0,6.0,5.0,7.0,6.0,1753222491.49126
EyfUbONj,1752873000,Pereira T.,Butvilas E.,,,,,13.0,10.0,24.0,35.0,2.0,5.0,3.0,6.0,1753222488.058557
E5TADhVO,1752875100,Shimabukuro S.,Blockx A.,,,,,16.0,11.0,30.0,15.0,8.0,1.0,10.0,4.0,1753222481.45632
d6zGHmK5,1752871500,Spizzirri E.,Trotter J. K.,,,,,15.0,19.0,16.0,33.0,5.0,5.0,8.0,10.0,1753222478.190623
KxHSexN5,1752865800,Shimizu Y.,Holmgren A.,,,,,30.0,36.0,27.0,48.0,19.0,17.0,28.0,19.0,1753222474.900251
zHB6r36r,1752818400,Jasika O.,Galarneau A.,,,,,10.0,14.0,25.0,9.0,2.0,3.0,3.0,3.0,1753222471.621642
retVcMWg,1752873900,Kicker N.,Coppejans K.,,,,,,,,,,,,,1753222468.483054
nFBqZiHq,1752859500,Barrena A.,Blancaneaux G.,,,,,,,,,,,,,1753222465.1205
0WEaxcs9,1752852600,Onclin G.,Den Ouden G.,,,,,,,,,,,,,1753222461.98091
hvX6zyCL,1752847500,Choinski J.,Hassan B.,,,,,,,,,,,,,1753222458.882297
Kte10N8O,1752834600,Ficovich J. P.,Kovacevic A.,,,,,9.0,23.0,24.0,29.0,3.0,6.0,9.0,8.0,1753222455.747232
p0O5BmHP,1752825000,Rublev A.,Nava E.,,,,,16.0,22.0,34.0,38.0,8.0,4.0,11.0,5.0,1753222452.476864
SjI0CP7d,1752822600,Walton A.,Duckworth J.,,,,,24.0,29.0,31.0,45.0,5.0,9.0,5.0,14.0,1753222449.328146
xIRRGrg5,1752819000,Schoolkate T.,Shapovalov D.,,,,,4.0,26.0,20.0,35.0,2.0,9.0,3.0,9.0,1753222446.227932
Sl9fqOQh,1752880500,Cobolli F.,Gasquet R.,,,,,,,,,,,,,1753222443.024508
ln461llo,1752876000,Cobolli F.,Fils A.,,,,,,,,,,,,,1753222439.941494
lOLJAhRb,1752874500,Auger-Aliassime F.,Bautista-Agut R.,,,,,,,,,,,,,1753222436.815504
WAoKw07c,1752871200,Kym J.,Cazaux A.,,,,,34.0,23.0,39.0,25.0,10.0,3.0,14.0,3.0,1753222433.537103
dpHtpc8m,1752864000,Comesana F.,Bublik A.,,,,,18.0,28.0,13.0,22.0,3.0,6.0,6.0,8.0,1753222430.376498
2wlwlXvQ,1752855000,Ruud C.,Cerundolo J. M.,,,,,22.0,29.0,41.0,34.0,9.0,4.0,22.0,10.0,1753222427.00005
lnbeNGo2,1752846000,Burruchaga R. A.,Buse I.,,,,,22.0,29.0,36.0,38.0,4.0,10.0,8.0,17.0,1753222423.780364
0MJ1GuTF,1752870600,Cerundolo F.,Dzumhur D.,,,,,25.0,17.0,28.0,30.0,9.0,5.0,13.0,8.0,1753222420.65047
hbNy8O6s,1752865500,Baez S.,Darderi L.,,,,,10.0,18.0,24.0,14.0,3.0,2.0,6.0,2.0,1753222417.106486
ze0NEba3,1752858300,Ugo Carabelli C.,Misolic F.,,,,,23.0,21.0,16.0,25.0,3.0,4.0,8.0,5.0,1753222413.963056
xbTFedYO,1752847500,De Jong J.,Griekspoor T.,,,,,40.0,39.0,16.0,42.0,14.0,19.0,16.0,30.0,1753222410.78702
IuiqAEs4,1752797100,Gigante M.,Poljicak M.,,,,,26.0,21.0,29.0,34.0,8.0,11.0,11.0,20.0,1753222396.432899
0Ier4EUN,1752788400,Royer V.,Klein L.,,,,,26.0,23.0,32.0,42.0,11.0,7.0,14.0,11.0,1753222393.258627
IF7tREYR,1752779100,Vallejo D.,Neumayer L.,,,,,19.0,20.0,38.0,31.0,8.0,2.0,9.0,3.0,1753222389.721875
YsrZ1omA,1752779100,Pavlovic L.,Gomez F. A.,,,,,22.0,26.0,30.0,32.0,5.0,7.0,9.0,12.0,1753222386.620159
tGuPRw96,1752801600,Shah A.,Peniston R.,,,,,28.0,9.0,19.0,22.0,4.0,7.0,5.0,17.0,1753222383.342971
QXfghiFa,1752798600,Elias G.,Crawford O.,,,,,31.0,23.0,29.0,32.0,6.0,10.0,9.0,14.0,1753222380.273283
8v594OEb,1752791700,Sun F.,Blanch Dar.,,,,,21.0,28.0,36.0,58.0,8.0,5.0,13.0,7.0,1753222376.990854
bFvg2esQ,1752791700,Grenier H.,Winter E.,,,,,31.0,5.0,22.0,18.0,18.0,12.0,22.0,18.0,1753222373.805302
G8GgODIc,1752717600,Jodar R.,Merida Aguilar D.,,,,,8.0,12.0,29.0,26.0,1.0,2.0,5.0,4.0,1753222370.673742
pCCtgi4C,1752798000,Gengel M.,Holmgren A.,,,,,15.0,29.0,16.0,13.0,1.0,4.0,2.0,5.0,1753222367.372521
Ys0sE0S1,1752797700,van Wyk K.,Draxl L.,,,,,13.0,7.0,32.0,6.0,4.0,4.0,9.0,5.0,1753222364.120538
ve1zD5ZH,1752795000,Kypson P.,Trotter J. K.,,,,,28.0,42.0,46.0,50.0,6.0,8.0,10.0,17.0,1753222360.892781
W6qTsmfS,1752792000,Hsu Y. H.,Blockx A.,,,,,13.0,27.0,33.0,28.0,7.0,3.0,16.0,6.0,1753222357.735603
M9kkJc3K,1752780900,Spizzirri E.,Zink T.,,,,,17.0,24.0,20.0,41.0,9.0,6.0,11.0,12.0,1753222354.483952
xG6YFMck,1752780900,Shimabukuro S.,Noguchi R.,,,,,41.0,22.0,62.0,39.0,7.0,10.0,12.0,21.0,1753222351.187786
A92mLhQk,1752778800,Watanuki Y.,Shimizu Y.,,,,,,,,,,,,,1753222347.890003
YDbVTsHD,1752720000,Mayo A.,Galarneau A.,,,,,12.0,10.0,36.0,30.0,5.0,5.0,9.0,6.0,1753222344.858191
23LLPGrn,1752775200,Droguet T.,Barrena A.,,,,,,,,,,,,,1753222341.618107
QsInQfhd,1752773400,Bondioli F.,Blancaneaux G.,,,,,,,,,,,,,1753222338.504361
MT1kpGqS,1752766200,Moeller M.,Kicker N.,,,,,,,,,,,,,1753222335.228129
KjjCWEaM,1752766200,Coppejans K.,Kuzmanov D.,,,,,,,,,,,,,1753222332.050913
Sb4Uz7kD,1752749700,Walton A.,Basavareddy N.,,,,,14.0,12.0,7.0,31.0,3.0,1.0,5.0,4.0,1753222328.928551
YZXqTHPF,1752744300,Altmaier D.,Schoolkate T.,,,,,13.0,25.0,26.0,14.0,4.0,8.0,9.0,12.0,1753222325.785642
xvwXkOPa,1752743400,Duckworth J.,Davidovich Fokina A.,,,,,14.0,17.0,27.0,42.0,6.0,4.0,7.0,4.0,1753222322.594751
WhEBulme,1752742500,Alvarez Valdes L. C.,Kovacevic A.,,,,,9.0,25.0,29.0,40.0,6.0,2.0,12.0,3.0,1753222319.457467
YNJFy73C,1752737400,Rublev A.,Hernandez A.,,,,,26.0,2.0,17.0,10.0,4.0,0.0,5.0,1.0,1753222316.217907
4v0jzZWr,1752732600,Nava E.,Bu Y.,,,,,55.0,14.0,59.0,33.0,12.0,7.0,17.0,11.0,1753222312.958396
pEik7z3d,1752732600,Nanda G.,Shapovalov D.,,,,,3.0,25.0,9.0,24.0,1.0,14.0,4.0,17.0,1753222309.83528
UizEUNyf,1752732300,Halys Q.,Ficovich J. P.,,,,,34.0,23.0,39.0,18.0,20.0,12.0,29.0,15.0,1753222306.554457
UL5ICEdn,1752791100,Tsitsipas S.,Bautista-Agut R.,,,,,,,,,,,,,1753222303.279434
I3Dz7AQN,1752789600,Fils A.,Ajdukovic D.,,,,,,,,,,,,,1753222300.079051
IwtxRtBO,1752788700,Gasquet R.,Ajdukovic D.,,,,,,,,,,,,,1753222297.112817
pzwRm0HE,1752784500,Passaro F.,Kym J.,,,,,18.0,28.0,29.0,36.0,8.0,7.0,8.0,10.0,1753222293.903288
lb8Eq8Kr,1752779400,Shevchenko A.,Bublik A.,,,,,5.0,19.0,16.0,23.0,3.0,5.0,6.0,7.0,1753222290.765223
8Cjj2bb2,1752769200,Cazaux A.,Etcheverry T. M.,,,,,44.0,22.0,40.0,20.0,10.0,7.0,13.0,11.0,1753222287.545581
IaenRblI,1752765000,Cerundolo J. M.,Goffin D.,,,,,25.0,36.0,26.0,53.0,5.0,21.0,5.0,24.0,1753222284.381866
bDiuTz4F,1752759300,Comesana F.,Carballes Baena R.,,,,,29.0,8.0,20.0,7.0,6.0,3.0,7.0,7.0,1753222281.267478
MsDUzHm2,1752787500,Gaston H.,Dzumhur D.,,,,,21.0,24.0,38.0,33.0,7.0,9.0,16.0,13.0,1753222278.151061
IJFNBeBG,1752780900,Cerundolo F.,Navone M.,,,,,23.0,8.0,26.0,29.0,5.0,4.0,8.0,4.0,1753222274.994801
bXFm4A8E,1752772500,Misolic F.,Borges N.,,,,,35.0,22.0,34.0,37.0,6.0,4.0,7.0,5.0,1753222271.74835
UqrfPxHk,1752761100,Ugo Carabelli C.,Van De Zandschulp B.,,,,,29.0,40.0,32.0,46.0,9.0,17.0,12.0,23.0,1753222268.605391
Sb4Mva14,1752709200,Engel J.,Jacquet K.,,,,,16.0,26.0,26.0,43.0,6.0,11.0,14.0,11.0,1753222253.680115
8nTdGsz0,1752702300,Cina F.,Tirante T. A.,,,,,14.0,20.0,37.0,20.0,8.0,3.0,9.0,3.0,1753222250.543252
0EsivoN6,1752693000,Caniato C. A.,Mayot H.,,,,,32.0,30.0,42.0,29.0,10.0,3.0,15.0,3.0,1753222247.265242
UXcadrfC,1752692700,Prizmic D.,Prihodko O.,,,,,18.0,11.0,13.0,22.0,2.0,4.0,3.0,5.0,1753222244.138656
2gGIGjPr,1752712800,Sultanov K.,Pereira T.,,,,,10.0,16.0,35.0,17.0,1.0,1.0,2.0,2.0,1753222237.842287
0E116ppn,1752710700,Butvilas E.,Moro Canas A.,,,,,28.0,15.0,34.0,37.0,11.0,4.0,15.0,7.0,1753222234.772812
drhYTvrA,1752705600,Monday J.,Soto M.,,,,,25.0,24.0,34.0,23.0,8.0,3.0,10.0,4.0,1753222231.659904
beSmnPWs,1752711600,Shimabukuro S.,Aguilar J. C. M.,,,,,32.0,9.0,21.0,17.0,11.0,5.0,13.0,8.0,1753222225.460119
GpKP0jCC,1752706200,Perez A.,Draxl L.,,,,,37.0,19.0,43.0,25.0,18.0,6.0,26.0,7.0,1753222222.298189
lbIXbUtP,1752705300,Martin A.,Blockx A.,,,,,16.0,24.0,32.0,26.0,9.0,13.0,15.0,13.0,1753222219.179874
4Y6EXPHl,1752699000,Jasika O.,Boulais J.,,,,,23.0,22.0,30.0,45.0,13.0,6.0,19.0,11.0,1753222216.063412
OfoheCkt,1752699000,Hsu Y. H.,Maloney P.,,,,,17.0,22.0,20.0,35.0,7.0,3.0,9.0,8.0,1753222212.92259
WKl0gjKh,1752694800,Rozin S.,van Wyk K.,,,,,25.0,34.0,47.0,39.0,5.0,16.0,10.0,21.0,1753222209.789443
SzK4rsW6,1752693000,Noguchi R.,Sekulic P.,,,,,16.0,20.0,18.0,41.0,7.0,3.0,10.0,5.0,1753222206.742736
W8Qep31f,1752640800,Arseneault N.,Trotter J. K.,,,,,23.0,31.0,36.0,35.0,5.0,7.0,6.0,11.0,1753222203.67772
xAslZK8a,1752632700,Kypson P.,Nakagawa N.,,,,,12.0,24.0,6.0,22.0,3.0,6.0,3.0,8.0,1753222200.571593
MytLq8xA,1752700800,Onclin G.,Houkes M.,,,,,,,,,,,,,1753222197.404387
Q1dCoRcL,1752699600,Erhard M.,Den Ouden G.,,,,,,,,,,,,,1753222194.311805
0MZSIyOH,1752699300,Choinski J.,Dodig M.,,,,,,,,,,,,,1753222191.086907
4EM5EL4C,1752682500,Ferreira Silva F.,Hassan B.,,,,,,,,,,,,,1753222187.982926
K83bAdKN,1752662700,McCabe J.,Alvarez Valdes L. C.,,,,,13.0,4.0,42.0,13.0,4.0,3.0,5.0,3.0,1753222184.874346
OtAkCIkB,1752655500,Walton A.,Pacheco Mendez R.,,,,,20.0,16.0,31.0,38.0,5.0,4.0,6.0,4.0,1753222181.727408
CQ4j4HWa,1752652500,Mejia N.,Basavareddy N.,,,,,14.0,16.0,22.0,17.0,7.0,8.0,8.0,9.0,1753222178.553228
GvkU4zro,1752652500,Duckworth J.,Mannarino A.,,,,,21.0,8.0,32.0,35.0,4.0,1.0,5.0,2.0,1753222175.380185
Kj8b2e1C,1752646200,Wu Y.,Schoolkate T.,,,,,24.0,32.0,34.0,36.0,4.0,6.0,11.0,9.0,1753222172.221642
EiQWqmoo,1752646200,Smith C.,Nanda G.,,,,,20.0,9.0,46.0,18.0,6.0,6.0,11.0,9.0,1753222169.111346
jBGs6w2m,1752646200,Magadan A.,Bu Y.,,,,,17.0,15.0,42.0,37.0,6.0,4.0,6.0,7.0,1753222165.839977
vyTPec5U,1752646200,Altmaier D.,Krueger M.,,,,,15.0,10.0,11.0,13.0,2.0,10.0,3.0,16.0,1753222162.555571
E9V8hBBU,1752706200,Cobolli F.,Ajdukovic D.,,,,,,,,,,,,,1753222158.744049
lnOJGDc5,1752690300,Ruud C.,Stricker D.,,,,,28.0,26.0,25.0,29.0,7.0,10.0,9.0,15.0,1753222155.65016
pxY8R7w1,1752681000,Zahraj P.,Burruchaga R. A.,,,,,23.0,18.0,46.0,28.0,9.0,9.0,14.0,11.0,1753222152.551212
zZpTl1yh,1752673200,Majchrzak K.,Buse I.,,,,,21.0,24.0,35.0,35.0,6.0,6.0,11.0,9.0,1753222149.491191
WGKlib6D,1752670800,Martinez P.,Burruchaga R. A.,,,,,,,,,,,,,1753222146.332294
W2LLub3B,1752701100,Baez S.,Budkov Kjaer N.,,,,,25.0,14.0,36.0,40.0,3.0,6.0,10.0,10.0,1753222143.301006
zZUlI35m,1752698400,Ymer E.,Darderi L.,,,,,18.0,19.0,22.0,14.0,2.0,1.0,3.0,2.0,1753222140.085883
ltTdTQto,1752689400,Pellegrino A.,Griekspoor T.,,,,,26.0,38.0,28.0,44.0,3.0,16.0,6.0,19.0,1753222136.971086
0l87Gpf3,1752685800,Ymer M.,Van De Zandschulp B.,,,,,11.0,11.0,26.0,18.0,4.0,12.0,6.0,14.0,1753222133.878541
zelThs2d,1752682800,Ugo Carabelli C.,Garin C.,,,,,16.0,18.0,24.0,40.0,5.0,8.0,7.0,16.0,1753222130.610076
8E1d3mA6,1752675000,Misolic F.,Moller E.,,,,,23.0,41.0,48.0,69.0,6.0,8.0,10.0,10.0,1753222127.087078
URK4hY7D,1752675000,Barrios Vera T.,Navone M.,,,,,23.0,24.0,36.0,30.0,9.0,6.0,16.0,11.0,1753222123.826367
CAfDjnFD,1752674700,Kopriva V.,De Jong J.,,,,,32.0,24.0,39.0,28.0,16.0,9.0,30.0,14.0,1753222120.574705
Qs8x6Xuf,1752622800,Gigante M.,Ivanovski K.,,,,,19.0,32.0,33.0,64.0,3.0,18.0,3.0,24.0,1752793296.152484
fm37srZa,1752617700,Dellien Velasco M. A.,Klein L.,,,,,18.0,22.0,33.0,43.0,5.0,17.0,10.0,26.0,1752793292.960871
GYaoxmcK,1752613800,Royer V.,Mena F.,,,,,19.0,21.0,21.0,28.0,10.0,5.0,11.0,6.0,1752793289.803455
QemBKWfm,1752603900,Berankis R.,Poljicak M.,,,,,40.0,37.0,60.0,48.0,11.0,4.0,16.0,5.0,1752793286.526024
6a0uNDmo,1752601500,Basile P.,Vallejo D.,,,,,13.0,20.0,37.0,24.0,5.0,6.0,8.0,7.0,1752793283.251369
0QHbEq5D,1752600900,Collarini A.,Neumayer L.,,,,,22.0,22.0,23.0,20.0,1.0,5.0,3.0,5.0,1752793279.976602
8WvQU4kf,1752597600,Fatic N.,Tirante T. A.,,,,,19.0,26.0,21.0,24.0,4.0,6.0,6.0,10.0,1752793276.698383
6iGp4BA6,1752597000,Cina F.,Kestelboim M.,,,,,22.0,4.0,16.0,24.0,4.0,2.0,5.0,3.0,1752793273.422183
v5Eh2kuJ,1752595200,Pavlovic L.,Karol M.,,,,,21.0,22.0,10.0,24.0,3.0,10.0,3.0,17.0,1752793270.146426
fDduQhXP,1752588600,Villanueva G.,Prihodko O.,,,,,15.0,43.0,20.0,54.0,3.0,11.0,6.0,18.0,1752793266.871884
C4oHWQKs,1752588300,Rincon D.,Engel J.,,,,,16.0,26.0,25.0,24.0,7.0,7.0,10.0,10.0,1752793263.5953
00Y7uM3C,1752588300,Gea A.,Mayot H.,,,,,12.0,41.0,23.0,37.0,11.0,13.0,12.0,16.0,1752793260.317033
r1JgggJN,1752626700,Shah A.,Coulibaly E.,,,,,25.0,25.0,48.0,53.0,7.0,7.0,14.0,11.0,1752793257.042003
j3MUAvZ1,1752624600,Grenier H.,Shelbayh A.,,,,,14.0,15.0,18.0,27.0,8.0,3.0,11.0,8.0,1752793253.768458
EqAPmXto,1752621300,Alves M.,Winter E.,,,,,15.0,13.0,37.0,14.0,9.0,4.0,12.0,7.0,1752793250.491262
Ob3heFlB,1752620100,Peniston R.,Kukushkin M.,,,,,18.0,14.0,29.0,45.0,6.0,4.0,7.0,6.0,1752793247.214153
fumCBzZi,1752613800,Monday J.,Andaloro F.,,,,,22.0,15.0,48.0,42.0,1.0,0.0,1.0,0.0,1752793243.937779
jo5pcyKb,1752613800,Blanch Dar.,Martinez A.,,,,,20.0,10.0,27.0,32.0,4.0,1.0,4.0,2.0,1752793240.674757
QLxjIMtS,1752613800,Added D.,Moro Canas A.,,,,,7.0,20.0,25.0,25.0,4.0,7.0,5.0,11.0,1752793237.386508
WMs4Pwle,1752596100,Sun F.,Escoffier A.,,,,,27.0,24.0,38.0,26.0,16.0,4.0,18.0,9.0,1752793234.111399
dtoZL4s3,1752593700,Cejudo M.,Crawford O.,,,,,7.0,18.0,20.0,15.0,2.0,4.0,5.0,4.0,1752793230.836948
A7geRaJr,1752585000,Soto M.,Martineau M.,,,,,43.0,29.0,60.0,35.0,4.0,3.0,7.0,4.0,1752793227.767557
pprn0NKq,1752585000,Sanchez Izquierdo N.,Elias G.,,,,,16.0,24.0,37.0,19.0,,,,,1752793224.488579
d4TLC04k,1752584700,Sultanov K.,Purtseladze S.,,,,,24.0,46.0,50.0,59.0,,,,,1752793221.214595
pplZqvS1,1752547200,Watt J.,Rice K.,,,,,35.0,21.0,41.0,22.0,17.0,2.0,35.0,2.0,1752793217.939365
zN6ogbrp,1752544800,Maloney P.,Matsuda R.,,,,,,,,,,,,,1752793214.664946
trluysvm,1752623400,Gengel M.,Zhou Y.,,,,,15.0,25.0,22.0,43.0,3.0,2.0,3.0,4.0,1752793207.911632
vBoHio9K,1752622200,Spizzirri E.,Jubb P.,,,,,38.0,28.0,49.0,45.0,14.0,8.0,21.0,14.0,1752793204.63772
hzw9iUl5,1752612900,Watt J.,Holmgren A.,,,,,39.0,33.0,26.0,30.0,17.0,10.0,28.0,12.0,1752793201.364693
CbAMV3n1,1752612300,Andrade A.,Zink T.,,,,,23.0,30.0,50.0,59.0,6.0,13.0,9.0,24.0,1752793198.089225
Aac9t3GP,1752606600,Wu Tung-Lin,Shimizu Y.,,,,,25.0,26.0,56.0,44.0,16.0,3.0,19.0,6.0,1752793194.81433
YXMCtL0J,1752606600,Watanuki Y.,Sell K.,,,,,25.0,11.0,32.0,27.0,12.0,10.0,16.0,12.0,1752793191.541334
4v0vQdP7,1752615900,Dutra Da Silva D.,Bondioli F.,,,,,,,,,,,,,1752793188.098881
CGJAgw2n,1752615000,Sanchez Jover C.,Bondioli F.,,,,,,,,,,,,,1752793184.777319
OpIAVVPc,1752614100,Sels J.,Kicker N.,,,,,,,,,,,,,1752793181.722443
Miv1ZZGU,1752613200,Brouwer G.,Kicker N.,,,,,,,,,,,,,1752793178.438333
bFxmaSHa,1752609000,Barrena A.,Jianu F. C.,,,,,,,,,,,,,1752793175.383064
0xjhydnI,1752607500,Piros Z.,Moeller M.,,,,,,,,,,,,,1752793172.111862
pr5iXnop,1752606900,Krumich M.,Kuzmanov D.,,,,,,,,,,,,,1752793168.853042
tdBRke1B,1752605100,Droguet T.,Matusevich A.,,,,,,,,,,,,,1752793165.574822
SfU3epHO,1752602400,Erhard M.,Forger A.,,,,,,,,,,,,,1752793162.302794
8rDJiHWb,1752598200,Dodig M.,Slump S.,,,,,,,,,,,,,1752793159.025624
ILvKegB7,1752597900,Rottgering M.,Hassan B.,,,,,,,,,,,,,1752793155.747218
C0BTB515,1752593400,Pucinelli de Almeida M.,Den Ouden G.,,,,,,,,,,,,,1752793152.470988
6utec6nC,1752587100,Ferreira Silva F.,Gakhov I.,,,,,,,,,,,,,1752793149.192961
8S4xAqWH,1752586800,Houkes M.,Geerts M.,,,,,,,,,,,,,1752793145.914079
2mqv1lmm,1752586800,Blancaneaux G.,Tabur C.,,,,,,,,,,,,,1752793142.636846
xpzPQH44,1752574800,Daniel T.,Hernandez A.,,,,,36.0,20.0,59.0,27.0,4.0,3.0,8.0,5.0,1752793139.362117
WnXGSwzh,1752570600,Kachmazov A.,Ficovich J. P.,,,,,11.0,8.0,33.0,16.0,3.0,5.0,5.0,6.0,1752793136.086881
jFdrEvLb,1752567600,Vukic A.,Nava E.,,,,,9.0,31.0,20.0,32.0,4.0,4.0,6.0,5.0,1752793132.806733
Ua8ZF0jn,1752559800,Habib H.,Kovacevic A.,,,,,22.0,33.0,30.0,32.0,8.0,4.0,11.0,9.0,1752793129.529409
Y5dRVMbE,1752613800,Shevchenko A.,Wawrinka S.,,,,,29.0,16.0,21.0,19.0,7.0,2.0,10.0,7.0,1752793126.25128
zFCEiv3t,1752604500,Kym J.,Hemery C.,,,,,29.0,29.0,22.0,37.0,10.0,9.0,13.0,12.0,1752793122.975596
UXkzU0TQ,1752598200,Carballes Baena R.,Taberner C.,,,,,20.0,33.0,29.0,42.0,8.0,12.0,10.0,15.0,1752793119.696788
SSXMKdjD,1752596100,Landaluce M.,Goffin D.,,,,,22.0,18.0,50.0,32.0,4.0,7.0,7.0,9.0,1752793116.418346
2sWNmd25,1752592500,Rinderknech A.,Passaro F.,,,,,15.0,22.0,15.0,6.0,3.0,3.0,6.0,4.0,1752793113.141494
ENxsQiSh,1752586800,Cerundolo J. M.,Struff J-L.,,,,,25.0,46.0,26.0,60.0,2.0,20.0,3.0,27.0,1752793109.864991
fHSFkIXh,1752586500,Comesana F.,Trungelliti M.,,,,,21.0,17.0,17.0,23.0,6.0,11.0,7.0,13.0,1752793106.585446
zX5t2ouA,1752594900,Ymer E.,Boyer T.,,,,,24.0,18.0,27.0,30.0,6.0,12.0,7.0,18.0,1752793103.308369
vZ9u7VAs,1752594000,Monteiro T.,Budkov Kjaer N.,,,,,27.0,29.0,51.0,39.0,5.0,8.0,9.0,9.0,1752793100.02987
Cn8m59uf,1752592500,Pellegrino A.,Faria J.,,,,,19.0,29.0,28.0,43.0,11.0,4.0,15.0,8.0,1752793096.753375
zTReffw1,1752588600,Ofner S.,Dzumhur D.,,,,,21.0,9.0,41.0,14.0,7.0,2.0,10.0,2.0,1752793093.473206
S2OmdG8l,1752588600,Kopriva V.,Dellien H.,,,,,17.0,3.0,9.0,17.0,2.0,0.0,2.0,1.0,1752793090.195753
rc9l0P9M,1752588300,Gaston H.,Tseng C. H.,,,,,21.0,18.0,22.0,27.0,16.0,7.0,22.0,9.0,1752793086.916632
0YqokEnp,1752512100,Forti F.,Ivanovski K.,,,,,21.0,30.0,38.0,29.0,11.0,10.0,13.0,14.0,1752793071.958715
SQ4CELdC,1752511200,Olivieri G. A.,Villanueva G.,,,,,14.0,21.0,36.0,28.0,5.0,10.0,9.0,13.0,1752793068.679766
EHD3B43n,1752511200,Janvier M.,Kestelboim M.,,,,,35.0,11.0,68.0,29.0,14.0,1.0,17.0,2.0,1752793065.400172
MZfelAQG,1752502200,Prado Angelo J. C.,Berankis R.,,,,,11.0,28.0,16.0,34.0,3.0,12.0,5.0,13.0,1752793062.121253
bgDgSP8L,1752502200,Picchione A.,Karol M.,,,,,24.0,35.0,34.0,40.0,6.0,10.0,11.0,19.0,1752793058.431502
65BCDjzn,1752501900,Prihodko O.,Pecci A.,,,,,19.0,19.0,21.0,32.0,5.0,5.0,7.0,5.0,1752793055.15081
MZ4aq44m,1752539100,Arnaboldi F.,Jacquet K.,,,,,15.0,24.0,26.0,30.0,7.0,7.0,10.0,11.0,1752793051.872837
ETsYSrK6,1752530400,Blanchet U.,Caniato C. A.,,,,,23.0,19.0,35.0,39.0,4.0,11.0,6.0,13.0,1752793048.592571
2kOSlQtQ,1752523200,Prizmic D.,Guillen Meza A.,,,,,16.0,11.0,13.0,22.0,10.0,5.0,12.0,7.0,1752793045.513351
zqWtRMlJ,1752520200,Sachko V.,Gomez F. A.,,,,,11.0,33.0,49.0,49.0,1.0,3.0,1.0,7.0,1752793042.23339
xhjK7sK8,1752533700,Glinka D.,Shah A.,,,,,14.0,21.0,25.0,28.0,5.0,4.0,9.0,6.0,1752793038.950319
rJOQppw8,1752527400,Peniston R.,Ursu V.,,,,,16.0,19.0,25.0,37.0,4.0,12.0,6.0,17.0,1752793035.708866
retvflGL,1752527400,Montes-De La Torre I.,Blanch Dar.,,,,,13.0,19.0,35.0,44.0,4.0,12.0,4.0,13.0,1752793032.389432
tdTDWgIc,1752527400,Binda A.,Winter E.,,,,,14.0,11.0,26.0,10.0,2.0,6.0,6.0,10.0,1752793029.130907
tSi81VO0,1752498600,Parker S.,Martinez A.,,,,,23.0,21.0,50.0,47.0,5.0,7.0,9.0,8.0,1752793025.836264
As0waW3e,1752498600,Andaloro F.,Reymond A.,,,,,13.0,14.0,8.0,22.0,6.0,6.0,9.0,8.0,1752793022.563529
vP2PWLeL,1752542400,Pereira T.,Lopez Escribano A.,,,,,17.0,12.0,31.0,45.0,4.0,1.0,6.0,1.0,1752793019.283355
Ictfb1kd,1752541200,Cui J.,Butvilas E.,,,,,4.0,31.0,23.0,32.0,2.0,5.0,6.0,8.0,1752793016.0079
46lsKrCF,1752534300,Jodar R.,Alvarez Varona N.,,,,,28.0,26.0,32.0,42.0,5.0,6.0,8.0,8.0,1752793012.730464
rc9GYsR8,1752532200,Bertrand R.,Merida Aguilar D.,,,,,13.0,36.0,41.0,48.0,4.0,3.0,7.0,4.0,1752793009.456039
pfRznwsf,1752540300,Imamura M.,van Wyk K.,,,,,5.0,18.0,24.0,19.0,1.0,5.0,4.0,5.0,1752792999.82839
CA46CNXp,1752536400,Martin A.,Riedi L.,,,,,9.0,22.0,17.0,38.0,6.0,7.0,11.0,10.0,1752792996.552667
zoLGYB1k,1752530400,Maloney P.,Ogura K.,,,,,30.0,22.0,27.0,22.0,5.0,5.0,7.0,8.0,1752792993.275864
YqTcDFmK,1752529500,Rozin S.,Takahashi Y.,,,,,41.0,36.0,46.0,38.0,12.0,25.0,16.0,36.0,1752792989.999526
2ewHklsQ,1752526800,Perez A.,Moriya H.,,,,,,,,,7.0,0.0,9.0,0.0,1752792986.721665
rmtxtf9F,1752525000,Imamura M.,Arseneault M.,,,,,12.0,9.0,18.0,37.0,8.0,4.0,12.0,5.0,1752792983.446412
dWZbY276,1752524400,Martin A.,Saitoh K.,,,,,22.0,21.0,24.0,41.0,1.0,8.0,3.0,9.0,1752792980.173824
4OHizPxf,1752521400,Poling K.,van Wyk K.,,,,,9.0,15.0,32.0,16.0,3.0,1.0,5.0,2.0,1752792976.892719
xA1BfgO8,1752520200,Miyoshi K.,Riedi L.,,,,,23.0,32.0,35.0,50.0,8.0,16.0,13.0,19.0,1752792973.616895
8dOrxo8s,1752520200,Ghibaudo A.,Takahashi Y.,,,,,11.0,29.0,28.0,28.0,5.0,9.0,10.0,11.0,1752792970.343916
M1JOWkW1,1752459300,Pospisil V.,Matsuda R.,,,,,13.0,8.0,35.0,4.0,,,,,1752792967.063536
2VkK4yzi,1752523800,Fonio G.,Kicker N.,,,,,,,,,,,,,1752792963.785202
8A9x2rD6,1752511800,Sels J.,Bondioli F.,,,,,,,,,,,,,1752792960.509068
2RJpUov9,1752508200,Visker N.,Moeller M.,,,,,,,,,,,,,1752792957.231609
GfgQgCOM,1752507900,Nijboer R.,Kicker N.,,,,,,,,,,,,,1752792953.979052
tQf16ZSI,1752502200,Krumich M.,Gentzsch T.,,,,,,,,,,,,,1752792950.680038
z91bs7xg,1752502200,Dutra Da Silva D.,Matusevich A.,,,,,,,,,,,,,1752792947.400984
MyIpZO2M,1752502200,De Lange P.,Slump S.,,,,,,,,,,,,,1752792944.125734
rLJCFm2t,1752531900,Onclin G.,Giustino L.,,,,,,,,,,,,,1752792940.852602
W0M6Jd3E,1752529800,Choinski J.,Balciunas M.,,,,,,,,,,,,,1752792937.572937
vmDLDRWh,1752526500,Reis Da Silva J.,Coppejans K.,,,,,,,,,,,,,1752792934.297974
AiBDnYwh,1752480600,Lajal M.,Magadan A.,,,,,12.0,17.0,41.0,21.0,7.0,2.0,9.0,4.0,1752792931.021327
4fCXWkqT,1752479100,Tomic B.,Wu Y.,,,,,8.0,20.0,32.0,28.0,3.0,5.0,5.0,5.0,1752792927.744805
ANudXbwC,1752473400,Cassone M.,Mejia N.,,,,,14.0,14.0,33.0,24.0,7.0,3.0,12.0,4.0,1752792924.469287
0Qc3RT6j,1752473400,Baadi T.,Nanda G.,,,,,10.0,7.0,39.0,21.0,7.0,5.0,14.0,8.0,1752792921.191069
K2UEMIL0,1752529200,Stricker D.,Herbert P.,,,,,19.0,28.0,12.0,37.0,4.0,15.0,9.0,23.0,1752792917.915291
tAvZRDct,1752517800,Cazaux A.,Basilashvili N.,,,,,42.0,42.0,37.0,56.0,5.0,8.0,6.0,15.0,1752792914.640068
2DvCFnPF,1752508200,Buse I.,Djere L.,,,,,16.0,35.0,25.0,34.0,5.0,9.0,9.0,10.0,1752792911.364424
tC9u8J67,1752500400,Majchrzak K.,Atmane T.,,,,,26.0,30.0,24.0,41.0,5.0,5.0,8.0,9.0,1752792908.08567
bmt6Ovil,1752500400,Burruchaga R. A.,Svrcina D.,,,,,18.0,6.0,21.0,26.0,10.0,3.0,14.0,5.0,1752792904.603592
QRiniRbl,1752507900,Pellegrino A.,Skatov T.,,,,,17.0,8.0,10.0,22.0,3.0,3.0,3.0,3.0,1752792901.326941
buGLA3xe,1752502200,Misolic F.,Wallin O.,,,,,19.0,24.0,16.0,26.0,0.0,3.0,0.0,4.0,1752792898.051592
jFCDCP7r,1752502200,Gaubas V.,Monteiro T.,,,,,18.0,22.0,22.0,29.0,5.0,5.0,8.0,6.0,1752792894.773093
raWh9MQ9,1752502200,Budkov Kjaer N.,Llamas Ruiz P.,,,,,33.0,34.0,40.0,37.0,15.0,18.0,25.0,21.0,1752792891.500323
2sjLf3Xq,1752518400,Collignon R.,Darderi L.,,,,,28.0,30.0,27.0,28.0,16.0,3.0,18.0,5.0,1752792888.239332
8EBFEOOF,1752512400,Rejchtman Vinciguerra W.,De Jong J.,,,,,14.0,38.0,20.0,17.0,6.0,14.0,9.0,17.0,1752792885.149327
CzSZv8PE,1752444600,Blockx A.,Draxl L.,,,,,33.0,23.0,37.0,27.0,11.0,18.0,17.0,24.0,1752792870.71166
EuIoWr63,1752375600,Blockx A.,Shimabukuro S.,,,,,20.0,24.0,31.0,32.0,3.0,8.0,6.0,14.0,1752792867.436136
04OJdKwB,1752419100,Dodig M.,Tirante T. A.,,,,,18.0,22.0,27.0,43.0,2.0,3.0,3.0,3.0,1752792864.159704
0rBUAAbL,1752447300,Ivanovski K.,Kovalik J.,,,,,27.0,14.0,61.0,42.0,1.0,4.0,4.0,7.0,1752792860.882709
nLn19cNG,1752446700,Kestelboim M.,Dellavedova M.,,,,,30.0,14.0,32.0,22.0,14.0,8.0,21.0,17.0,1752792857.603808
E9JjG5z1,1752438900,Carboni L.,Villanueva G.,,,,,33.0,14.0,43.0,20.0,15.0,5.0,17.0,7.0,1752792854.35293
pGn15lMr,1752437100,Gombos N.,Forti F.,,,,,42.0,38.0,58.0,46.0,13.0,8.0,19.0,10.0,1752792851.052515
hI7MCWT8,1752436500,Bertola R.,Janvier M.,,,,,24.0,29.0,32.0,43.0,7.0,8.0,8.0,10.0,1752792847.774553
EZ2skTy2,1752430500,Agamenone F.,Berankis R.,,,,,10.0,29.0,26.0,23.0,3.0,10.0,6.0,12.0,1752792844.498761
YkbH16L7,1752428400,Mikrut L.,Picchione A.,,,,,41.0,33.0,45.0,29.0,12.0,11.0,14.0,13.0,1752792841.220869
hfVsIR5l,1752428100,Olivieri G. A.,Mazza M.,,,,,7.0,31.0,36.0,52.0,2.0,17.0,2.0,22.0,1752792837.956828
Qqo3P9DE,1752421200,Bronzetti A.,Karol M.,,,,,7.0,23.0,22.0,24.0,4.0,3.0,9.0,5.0,1752792834.668277
MBvCNmrR,1752412200,Prado Angelo J. C.,Sakellaridis S.,,,,,23.0,24.0,37.0,37.0,13.0,10.0,17.0,16.0,1752792831.596278
tM4Zjk7k,1752411900,Prihodko O.,Mager G.,,,,,26.0,15.0,20.0,27.0,4.0,2.0,5.0,5.0,1752792828.318783
htj93Sje,1752411900,Pecci A.,Pokorny L.,,,,,38.0,9.0,47.0,42.0,8.0,7.0,9.0,9.0,1752792825.044717
Qaoi96t0,1752450300,Echeverria J.,Shah A.,,,,,12.0,23.0,30.0,25.0,5.0,3.0,6.0,3.0,1752792821.77707
zZfG9zht,1752449100,Glinka D.,Barroso Campos A.,,,,,16.0,7.0,20.0,22.0,1.0,4.0,2.0,5.0,1752792818.102061
hnmqBSBm,1752445200,Montes-De La Torre I.,Dominguez Alonso J.,,,,,12.0,4.0,21.0,30.0,5.0,3.0,7.0,6.0,1752792814.371341
MkgO7EMh,1752441000,Winter E.,Pieczkowski O.,,,,,24.0,25.0,29.0,44.0,12.0,11.0,17.0,17.0,1752792809.78773
zV6CGllQ,1752441000,Peniston R.,Catry R.,,,,,19.0,29.0,28.0,54.0,3.0,21.0,7.0,37.0,1752792806.510998
8OEQhodJ,1752441000,Diaz Ruiz C.,Blanch Dar.,,,,,2.0,21.0,24.0,21.0,1.0,1.0,1.0,1.0,1752792803.232349
pW2DoO5j,1752421200,Malige M.,Reymond A.,,,,,12.0,20.0,38.0,37.0,4.0,5.0,6.0,7.0,1752792799.954537
jVpu4WLH,1752418500,Binda A.,Fita Juan S.,,,,,9.0,16.0,23.0,47.0,1.0,3.0,2.0,4.0,1752792796.679713
Uir85OuP,1752417600,Bakshi A.,Ursu V.,,,,,17.0,12.0,25.0,6.0,3.0,5.0,5.0,7.0,1752792793.401209
MRv07pBC,1752412200,Parker S.,Callejon H. S.,,,,,26.0,13.0,55.0,35.0,9.0,4.0,12.0,8.0,1752792790.124221
dK9b9Rcc,1752412200,Cesar Porras J.,Martinez A.,,,,,9.0,23.0,,,1.0,7.0,2.0,11.0,1752792786.847678
IHnX5hi5,1752412200,Andaloro F.,De Schepper K.,,,,,21.0,9.0,23.0,19.0,7.0,9.0,11.0,15.0,1752792783.574143
pI9jj3bl,1752423000,Edmund K.,Pinnington Jones J.,,,,,,,,,,,,,1752792780.291862
IZc775S9,1752444600,Svajda Z.,Mannarino A.,,,,,24.0,16.0,19.0,36.0,7.0,6.0,8.0,9.0,1752792777.052244
WAH302vn,1752441000,Droguet T.,Moller E.,,,,,,,,,,,,,1752792773.537054
phGgfpUP,1752454200,Chung H.,Rozin S.,,,,,17.0,25.0,44.0,48.0,8.0,7.0,11.0,17.0,1752792767.044008
IoO7WtxJ,1752450000,Ilagan A.,Watt J.,,,,,12.0,36.0,17.0,32.0,0.0,7.0,2.0,11.0,1752792763.91437
jDqpvYwS,1752433800,Rice K.,Tudorica A. N.,,,,,13.0,4.0,10.0,17.0,3.0,7.0,4.0,12.0,1752792760.633653
xjeYn2Ma,1752433800,Perez A.,Huang T.,,,,,15.0,8.0,26.0,16.0,,,,,1752792756.947853
4xcQlOim,1752433800,Martin D.,Moriya H.,,,,,29.0,28.0,41.0,44.0,,,,,1752792753.669412
61gpqGR1,1752438900,Donders D.,Bondioli F.,,,,,,,,,,,,,1752792750.390588
ltm3ayCr,1752432300,Fonio G.,De Krom M.,,,,,,,,,,,,,1752792747.124298
8hY4nUGd,1752432000,Sels J.,Brunclik P.,,,,,,,,,,,,,1752792743.835918
AZayoxck,1752429600,Gulin S.,Visker N.,,,,,,,,,,,,,1752792740.562032
Cp3pAHTg,1752427200,Moeller M.,Paris T.,,,,,,,,,,,,,1752792737.282836
QT2kftz3,1752427200,Molcan A.,Paris T.,,,,,,,,,,,,,1752792733.993362
IcdX4clL,1752423900,Travaglia S.,Krumich M.,,,,,,,,,,,,,1752792730.920426
AeyCcFte,1752423000,Slump S.,Karlovskiy E.,,,,,,,,,,,,,1752792727.655073
zuzcljnp,1752423000,Barranco Cosano J.,De Lange P.,,,,,,,,,,,,,1752792724.414466
IyLdhK4F,1752416100,Matusevich A.,Oberleitner N.,,,,,,,,,,,,,1752792721.305895
betW6JJ8,1752416100,Dutra Da Silva D.,Campana Lee G.,,,,,,,,,,,,,1752792718.028028
vi95jbZR,1752416100,Blanch D.,Gentzsch T.,,,,,,,,,,,,,1752792714.752875
COFBWq4M,1752399900,Magadan A.,Bouzige M.,,,,,31.0,27.0,48.0,54.0,11.0,10.0,18.0,12.0,1752792711.600752
xny9COCj,1752397200,Tomic B.,Strode E.,,,,,6.0,11.0,12.0,35.0,0.0,2.0,0.0,5.0,1752792708.473283
lM2LLSk4,1752394200,Uchiyama Y.,Baadi T.,,,,,16.0,15.0,46.0,25.0,5.0,7.0,9.0,9.0,1752792705.334004
hEaxIpkT,1752393300,Lajal M.,Lemaitre L.,,,,,20.0,5.0,28.0,31.0,14.0,3.0,16.0,6.0,1752792702.05357
rqOfzS4c,1752391800,Shick B.,Wu Y.,,,,,6.0,14.0,33.0,24.0,9.0,3.0,13.0,4.0,1752792698.918495
pldUJ6KG,1752386400,Strode I.,Mejia N.,,,,,20.0,10.0,47.0,21.0,3.0,1.0,9.0,2.0,1752792695.703678
vBH3Y5Z9,1752386400,Kirchheimer S.,Nanda G.,,,,,16.0,20.0,33.0,17.0,6.0,10.0,8.0,13.0,1752792692.226308
G84DNlLi,1752386400,Cassone M.,Zhu E.,,,,,23.0,14.0,53.0,42.0,3.0,7.0,6.0,12.0,1752792688.943935
EmbgAOkK,1752425700,Trungelliti M.,Bernet H.,,,,,29.0,40.0,30.0,44.0,13.0,17.0,18.0,24.0,1752792685.66421
newSpHuh,1752424500,Buse I.,Zahraj P.,,,,,19.0,24.0,14.0,47.0,5.0,17.0,6.0,24.0,1752792682.388226
2NaLg8Ua,1752418500,Passaro F.,Bueno G.,,,,,29.0,9.0,27.0,16.0,7.0,2.0,8.0,2.0,1752792679.108495
ppGW9uxe,1752418500,Hemery C.,Bagnis F.,,,,,31.0,18.0,29.0,23.0,11.0,9.0,12.0,16.0,1752792675.831107
MiOjt8CD,1752435000,Pellegrino A.,Michalski D.,,,,,48.0,25.0,33.0,26.0,7.0,11.0,11.0,16.0,1752792672.553933
n9QHf7R6,1752435000,Nagal S.,Skatov T.,,,,,12.0,21.0,23.0,18.0,3.0,6.0,4.0,6.0,1752792669.276205
Odt4kCkR,1752430200,Gaubas V.,Hede L.,,,,,24.0,12.0,15.0,20.0,7.0,4.0,8.0,5.0,1752792665.995997
YVi9bkSs,1752428700,Misolic F.,Albot R.,,,,,27.0,17.0,32.0,22.0,4.0,6.0,4.0,10.0,1752792662.728666
ERKrrUs1,1752420600,Wallin O.,Durasovic V.,,,,,37.0,32.0,33.0,44.0,8.0,5.0,9.0,10.0,1752792659.439615
vqN9dTdf,1752420300,Martin A.,Monteiro T.,,,,,14.0,23.0,30.0,20.0,9.0,6.0,13.0,8.0,1752792656.163669
x06w4B4K,1752414000,Seyboth Wild T.,Budkov Kjaer N.,,,,,24.0,19.0,29.0,16.0,6.0,6.0,8.0,7.0,1752792652.882732
hCWZqjDl,1752414000,Llamas Ruiz P.,van Assche L.,,,,,28.0,10.0,19.0,25.0,5.0,10.0,7.0,16.0,1752792649.603703
xGv4Z7bK,1752438000,Sinner J.,Alcaraz C.,207.0,201.0,174.0,169.0,40.0,38.0,40.0,36.0,30.0,17.0,40.0,23.0,1752792646.329599
dh3LmPft,1752369900,Zhou Y.,Draxl L.,,,,,19.0,13.0,41.0,14.0,6.0,2.0,8.0,2.0,1752792628.399758
6PD6zh0N,1752356100,Shimabukuro S.,Hsu Y. H.,,,,,35.0,24.0,60.0,49.0,15.0,16.0,24.0,24.0,1752792625.269803
U3GLwRBF,1752355800,Blockx A.,Shimizu Y.,,,,,15.0,12.0,24.0,31.0,5.0,8.0,8.0,14.0,1752792622.167033
fT0a75HN,1752351300,Noguchi R.,Draxl L.,,,,,13.0,28.0,17.0,14.0,3.0,6.0,7.0,7.0,1752792619.053846
buMSnghU,1752351300,Andrade A.,Zhou Y.,,,,,15.0,12.0,33.0,9.0,2.0,6.0,3.0,9.0,1752792615.053751
benLPEcT,1752350700,Diaz Acosta F.,Tirante T. A.,,,,,12.0,19.0,38.0,31.0,7.0,4.0,10.0,8.0,1752792611.638042
zJnj2NEs,1752340200,Nagal S.,Dodig M.,,,,,7.0,21.0,30.0,29.0,1.0,3.0,1.0,3.0,1752792608.417943
nJVk65PO,1752329400,Tirante T. A.,Rodriguez Taverna S.,,,,,19.0,9.0,11.0,14.0,8.0,2.0,8.0,4.0,1752792605.273983
4UKS4dgT,1752347100,Edmund K.,Stewart H.,,,,,,,,,,,,,1752792602.051574
hdKmhouK,1752341100,Crawford O.,Pinnington Jones J.,,,,,,,,,,,,,1752792598.926523
29Eaeh8l,1752357900,Svajda Z.,Spizzirri E.,,,,,28.0,16.0,22.0,32.0,5.0,5.0,7.0,8.0,1752792595.664088
ve1PJDYF,1752351300,Mannarino A.,Ghibaudo A.,,,,,13.0,15.0,26.0,39.0,4.0,6.0,7.0,10.0,1752792592.413999
OnBL0J9m,1752351000,Moller E.,Wawrinka S.,,,,,,,,,,,,,1752792589.302429
4zdK7qiK,1752343800,Droguet T.,Ajdukovic D.,,,,,,,,,,,,,1752792586.027097
QJ9bP8IM,1752348300,Navone M.,Cerundolo J. M.,,,,,,,,,,,,,1752792582.735755
4OZzggeA,1752353400,Zahraj P.,Rocha H.,,,,,26.0,15.0,23.0,29.0,9.0,3.0,14.0,4.0,1752792579.477342
hSWmXBYj,1752346800,Bernet H.,Popko D.,,,,,28.0,9.0,28.0,22.0,2.0,3.0,3.0,6.0,1752792576.202132
dMEFoBmp,1752344100,Buse I.,Ramos A.,,,,,37.0,20.0,47.0,49.0,10.0,8.0,12.0,9.0,1752792572.976936
ClwqiXPM,1752340200,Trungelliti M.,Ritschard A.,,,,,14.0,23.0,16.0,40.0,1.0,3.0,3.0,7.0,1752792569.651718
pMJZfFQc,1752336000,Hanfmann Y.,Hemery C.,,,,,21.0,23.0,32.0,25.0,9.0,7.0,12.0,13.0,1752792566.430825
UoNbg2kg,1752331500,Bueno G.,Huesler M.,,,,,20.0,38.0,28.0,42.0,4.0,12.0,7.0,21.0,1752792563.201711
bREFkKlI,1752325500,Passaro F.,Brunold M.,,,,,17.0,11.0,22.0,20.0,8.0,3.0,11.0,5.0,1752792559.72421
j1B7itK5,1752325500,Bagnis F.,Wong C.,,,,,26.0,50.0,36.0,67.0,13.0,15.0,16.0,22.0,1752792556.448968
K0H8j4jL,1752264600,Diaz Acosta F.,Travaglia S.,,,,,21.0,5.0,18.0,32.0,3.0,3.0,4.0,8.0,1752792541.814433
YDCj9RnB,1752259800,Dodig M.,Neumayer L.,,,,,29.0,23.0,31.0,30.0,6.0,3.0,8.0,7.0,1752792538.552726
69i7A19c,1752253800,Nagal S.,Mrva M.,,,,,11.0,15.0,31.0,51.0,3.0,6.0,5.0,7.0,1752792535.266998
QoMh95gf,1752264000,Peniston R.,Stewart H.,,,,,,,,,,,,,1752792531.993866
xze7ckSr,1752253800,Pinnington Jones J.,Winter E.,,,,,,,,,,,,,1752792528.774589
K4aD6GtJ,1752246600,Gray A.,Crawford O.,,,,,,,,,,,,,1752792525.674857
lOqhCfEd,1752246600,Edmund K.,Zahraj P.,,,,,,,,,,,,,1752792522.53258
KbvplAf3,1752246000,Gray A.,Maxted L.,,,,,,,,,,,,,1752792519.296187
lfb9DQy1,1752280800,Ghibaudo A.,Watt J.,,,,,14.0,11.0,10.0,24.0,2.0,6.0,3.0,16.0,1752792516.146345
YBiiRUmA,1752280500,Svajda Z.,Watanuki Y.,,,,,20.0,26.0,21.0,38.0,4.0,4.0,4.0,10.0,1752792512.968873
hWfCWpsm,1752279000,Schoolkate T.,Spizzirri E.,,,,,35.0,27.0,45.0,29.0,23.0,7.0,33.0,10.0,1752792509.685544
IHlwIQAd,1752277200,Tomic B.,Mannarino A.,,,,,24.0,27.0,34.0,21.0,4.0,8.0,8.0,12.0,1752792506.419698
ENWXhnWq,1752264600,Zink T.,Mannarino A.,,,,,22.0,14.0,30.0,20.0,11.0,7.0,15.0,14.0,1752792503.130428
A5IUK8qn,1752264600,Weightman O.,Watanuki Y.,,,,,10.0,25.0,16.0,15.0,3.0,4.0,8.0,6.0,1752792499.821923
EPZ4DNeB,1752264600,Schoolkate T.,McCabe J.,,,,,44.0,26.0,25.0,35.0,22.0,10.0,27.0,16.0,1752792496.28221
hzoZhBWH,1752264600,Krueger M.,Ghibaudo A.,,,,,27.0,34.0,49.0,37.0,13.0,11.0,26.0,19.0,1752792492.991703
QXUAnboI,1752264600,Holt B.,Svajda Z.,,,,,7.0,33.0,34.0,16.0,7.0,2.0,11.0,5.0,1752792489.713107
OSQ6WhK5,1752264300,Eubanks C.,Tomic B.,,,,,25.0,17.0,25.0,14.0,7.0,5.0,14.0,5.0,1752792486.492562
61RMdQf4,1752274500,Maestrelli F.,Moller E.,,,,,,,,,,,,,1752792483.398216
KEM4Fmif,1752267600,Wawrinka S.,Albot R.,,,,,,,,,,,,,1752792480.289941
CMGtn2fE,1752259200,Droguet T.,Reis Da Silva J.,,,,,,,,,,,,,1752792477.01261
02Xs8RfC,1752250200,Dellien Velasco M. A.,Ajdukovic D.,,,,,,,,,,,,,1752792473.732325
CWL1xHcE,1752260100,Misolic F.,Navone M.,,,,,,,,,,,,,1752792470.45389
bBEucwRr,1752252600,Cerundolo J. M.,Molcan A.,,,,,,,,,,,,,1752792467.176308
pvH9xYAl,1752267300,Sinner J.,Djokovic N.,203.0,194.0,176.0,169.0,36.0,27.0,17.0,28.0,11.0,16.0,17.0,28.0,1752792463.90043
pthYeZQF,1752255600,Fritz T.,Alcaraz C.,205.0,204.0,172.0,170.0,44.0,38.0,24.0,25.0,12.0,31.0,22.0,41.0,1752792460.620154
l2fMo6Or,1752188700,Shimabukuro S.,Johns G.,,,,,29.0,9.0,36.0,20.0,17.0,4.0,23.0,9.0,1752665713.97072
v3LroDjd,1752185400,Zhou Y.,Martin A.,,,,,24.0,6.0,28.0,18.0,13.0,5.0,15.0,8.0,1752665710.077068
xUTDKTPq,1752184800,Bouzige M.,Shimizu Y.,,,,,16.0,10.0,31.0,21.0,3.0,4.0,5.0,4.0,1752665706.391109
AsSLI7fd,1752178200,Noguchi R.,Arseneault N.,,,,,23.0,13.0,33.0,37.0,14.0,7.0,19.0,7.0,1752665702.118514
jaMRntId,1752178200,Miyoshi K.,Draxl L.,,,,,23.0,26.0,49.0,44.0,10.0,17.0,14.0,23.0,1752665698.380366
z55vzf7t,1752178200,Andrade A.,Imamura M.,,,,,12.0,11.0,24.0,35.0,0.0,7.0,0.0,11.0,1752665694.916254
MuMsRL1D,1752177300,Nagal S.,Cecchinato M.,,,,,16.0,17.0,16.0,38.0,7.0,6.0,7.0,6.0,1752410762.959111
nsQWC6NN,1752156600,Tirante T. A.,Blanchet U.,,,,,,,,,,,,,1752410183.555195
IBHGOQQk,1752156300,Rodriguez Taverna S.,Barrios Vera T.,,,,,,,,,,,,,1752410180.273533
C6CBScwB,1752171000,Ivashka I.,Crawford O.,,,,,,,,,,,,,1752410176.992922
4r8ZgDeS,1752163800,Broady L.,Edmund K.,,,,,,,,,,,,,1752410173.715822
GKdYiQPs,1752160200,Zahraj P.,De Schepper K.,,,,,,,,,,,,,1752410170.416992
E5BN0pC5,1752185100,Jianu F. C.,Maestrelli F.,,,,,,,,,,,,,1752410166.357761
tO1SADSq,1752178800,Wawrinka S.,Vrbensky M.,,,,,,,,,,,,,1752410163.144571
dEMc5vfL,1752153000,Preda L.,Ajdukovic D.,,,,,,,,,,,,,1752371926.378611
2FPXOfRO,1752172800,Hanfmann Y.,Misolic F.,,,,,,,,,,,,,1752371922.485919
0bwBav3D,1752163800,Cerundolo J. M.,Collignon R.,,,,,,,,,,,,,1752371918.389346
xUPaj7Sq,1752163200,Navone M.,Van De Zandschulp B.,,,,,,,,,,,,,1752371915.111763
Ea0F21Qi,1752156600,Molcan A.,Carballes Baena R.,,,,,,,,,,,,,1752371911.835028
hrDfGs9b,1752114600,Nakagawa N.,Sakamoto R.,,,,,28.0,17.0,61.0,57.0,9.0,12.0,13.0,13.0,1752371896.069094
htYzdDNq,1752109800,Shimabukuro S.,Langmo C.,,,,,14.0,6.0,27.0,28.0,7.0,7.0,8.0,9.0,1752371891.768735
lA63ELwB,1752107100,Bouzige M.,Gengel M.,,,,,13.0,7.0,28.0,31.0,3.0,2.0,7.0,2.0,1752371888.585428
tWgQdeXH,1752103200,Aguilar J. C. M.,Arseneault N.,,,,,27.0,34.0,55.0,62.0,14.0,6.0,25.0,8.0,1752371885.418085
E3zH0wYh,1752102000,Glinka D.,Imamura M.,,,,,9.0,12.0,37.0,24.0,1.0,6.0,2.0,9.0,1752371882.34755
EeMqfihd,1752099300,Sell K.,Shimizu Y.,,,,,24.0,21.0,72.0,57.0,11.0,13.0,14.0,17.0,1752371879.070366
SQbp2j9c,1752098400,Moriya H.,Draxl L.,,,,,12.0,13.0,32.0,19.0,5.0,2.0,10.0,5.0,1752371875.207967
tjx92a3t,1752091800,Riedi L.,Jubb P.,,,,,34.0,15.0,64.0,30.0,5.0,6.0,9.0,7.0,1752371872.10637
Y5jIbH25,1752091800,Johns G.,Chung H.,,,,,20.0,25.0,48.0,47.0,11.0,16.0,17.0,21.0,1752371867.804326
h29B8j7k,1752091800,Boulais J.,Hsu Y. H.,,,,,16.0,14.0,53.0,32.0,5.0,4.0,11.0,10.0,1752371864.530402
t2EVHfp3,1752038700,Martin A.,Galarneau A.,,,,,18.0,11.0,26.0,28.0,5.0,5.0,8.0,6.0,1752371861.455647
xU7vGYEF,1752027600,Zhou Y.,Wu Tung-Lin,,,,,26.0,13.0,51.0,56.0,4.0,5.0,5.0,10.0,1752371857.596991
KUEnI3vn,1752027600,Noguchi R.,Ilagan A.,,,,,7.0,41.0,20.0,72.0,1.0,4.0,1.0,6.0,1752371854.493384
As6nECqS,1752027300,Mejia N.,Andrade A.,,,,,28.0,32.0,39.0,49.0,6.0,9.0,11.0,13.0,1752371850.818087
6oqJmx2C,1752107400,Rodionov J.,Zeppieri G.,,,,,12.0,18.0,26.0,26.0,6.0,10.0,8.0,13.0,1752371847.631953
GAebfZVF,1752100800,Svrcina D.,Dodig M.,,,,,11.0,26.0,26.0,32.0,4.0,8.0,6.0,13.0,1752371843.129223
ABDWyRFl,1752084300,Mrva M.,Basilashvili N.,,,,,9.0,10.0,20.0,55.0,1.0,2.0,1.0,4.0,1752371838.620476
MiCezEvp,1752082500,Tseng C. H.,Nagal S.,,,,,22.0,19.0,43.0,45.0,6.0,9.0,6.0,13.0,1752371834.220203
KWHa0FoI,1752081000,Tirante T. A.,Rocha H.,,,,,14.0,6.0,19.0,32.0,3.0,3.0,4.0,7.0,1752371830.741422
2RRuYrFD,1752075600,Travaglia S.,Boyer T.,,,,,14.0,18.0,31.0,40.0,2.0,13.0,3.0,20.0,1752371827.152931
SlF3Yi9d,1752074400,Rodriguez Taverna S.,Michalski D.,,,,,22.0,9.0,35.0,39.0,2.0,8.0,3.0,13.0,1752371822.749138
IPCy6JHt,1752074100,Gomez F. A.,Neumayer L.,,,,,16.0,12.0,35.0,12.0,4.0,4.0,6.0,6.0,1752371819.577678
8phjde13,1752072300,Blanchet U.,Picchione A.,,,,,24.0,17.0,51.0,45.0,,,,,1752371814.761892
rPBvz5p1,1752066600,Collarini A.,Gigante M.,,,,,19.0,18.0,26.0,34.0,13.0,0.0,19.0,2.0,1752371810.882316
GEsbUID6,1752088800,Peniston R.,Searle H.,,,,,,,,,,,,,1752371807.694676
QBkjV6Ci,1752079500,Pinnington Jones J.,Wendelken H.,,,,,,,,,,,,,1752371803.089964
hbkZ42pe,1752073800,Thomson C.,Winter E.,,,,,,,,,,,,,1752371799.810144
vaaIvWd2,1752073800,Stewart H.,Loffhagen G.,,,,,,,,,,,,,1752371796.534192
pIiBNDNP,1752098100,Poling K.,Weightman O.,,,,,26.0,35.0,38.0,58.0,16.0,24.0,20.0,34.0,1752371793.054557
xGWbMFNq,1752091800,Watt J.,Maloney P.,,,,,23.0,10.0,21.0,16.0,12.0,4.0,18.0,7.0,1752371788.887653
jFMyA9BG,1752091800,Mayo A.,Spizzirri E.,,,,,16.0,14.0,24.0,16.0,12.0,3.0,15.0,4.0,1752371785.274054
GvmbfuVs,1752032400,Zheng M.,Tomic B.,,,,,21.0,25.0,16.0,17.0,5.0,9.0,6.0,14.0,1752371781.791083
UPJdx79d,1752029100,Jasika O.,Watanuki Y.,,,,,8.0,31.0,20.0,32.0,4.0,11.0,7.0,13.0,1752371778.106815
W6BRa17K,1752027000,Eubanks C.,Milavsky D.,,,,,21.0,29.0,24.0,20.0,9.0,12.0,11.0,20.0,1752371775.032471
KKFwEA94,1752066600,Taberner C.,Dellien Velasco M. A.,,,,,,,,,,,,,1752371770.942882
r9gN9XJH,1752066300,Reis Da Silva J.,Meligeni Alves F.,,,,,,,,,,,,,1752371766.634301
CQnfoJ2k,1752083100,Houkes M.,Collignon R.,,,,,,,,,,,,,1752371762.947771
tGZ4Q62d,1752082200,Jorda Sanchis D.,Van De Zandschulp B.,,,,,,,,,,,,,1752371759.670249
MPmDckPN,1752076500,Gentzsch T.,Misolic F.,,,,,,,,,,,,,1752371756.088267
zBbH4fj4,1752074400,Passaro F.,Molcan A.,,,,,,,,,,,,,1752371751.687767
rDuMHtPh,1752073800,Negritu Ch.,Carballes Baena R.,,,,,,,,,,,,,1752371748.610865
n39Giwhl,1752068700,Pavlovic L.,Hanfmann Y.,,,,,,,,,,,,,1752371744.51677
EHFwnE4S,1752068400,Navone M.,Dedura D.,,,,,,,,,,,,,1752371741.649351
xjaQqqe3,1752068400,Cerundolo J. M.,Fatic N.,,,,,,,,,,,,,1752371737.55375
UVtzEDE6,1752092700,Cobolli F.,Djokovic N.,194.0,193.0,160.0,162.0,51.0,39.0,44.0,22.0,14.0,24.0,25.0,36.0,1752371734.382222
4p9HGmyg,1752089700,Sinner J.,Shelton B.,199.0,209.0,166.0,176.0,33.0,29.0,17.0,38.0,19.0,18.0,22.0,24.0,1752371729.570385
bD9yJRvn,1752016800,Takahashi Y.,Arseneault N.,,,,,28.0,25.0,67.0,57.0,20.0,10.0,26.0,12.0,1752371714.003742
2HdJfCcK,1752016800,Moriya H.,Rice K.,,,,,25.0,18.0,58.0,0.0,10.0,6.0,11.0,9.0,1752371710.727088
tCBOYUz1,1752014700,Chung H.,Kirchheimer S.,,,,,21.0,14.0,0.0,38.0,7.0,7.0,8.0,10.0,1752371707.04066
xxh931ck,1752009000,van Wyk K.,Tudorica A. N.,,,,,27.0,19.0,51.0,38.0,7.0,17.0,13.0,34.0,1752371703.561349
zRbsGJPc,1752009000,Perez A.,Riedi L.,,,,,10.0,24.0,22.0,34.0,4.0,4.0,6.0,6.0,1752371698.850005
8K6ehGXj,1752009000,Glinka D.,Huang T.,,,,,26.0,16.0,42.0,48.0,3.0,11.0,5.0,15.0,1752371695.164135
0SCJ6Uy2,1752020700,Miyoshi K.,Sekulic P.,,,,,14.0,25.0,17.0,41.0,2.0,6.0,4.0,15.0,1752371679.600939
QkGq4cng,1752006900,Ficovich J. P.,Cina F.,,,,,29.0,36.0,43.0,46.0,7.0,13.0,8.0,23.0,1752371676.529852
KlBVdtuQ,1751986200,Sachko V.,Kym J.,,,,,25.0,17.0,66.0,58.0,,,,,1752371672.639634
4Mn2iK2m,1751982300,Gea A.,Barrios Vera T.,,,,,21.0,36.0,36.0,53.0,5.0,12.0,9.0,19.0,1752371668.953026
xUBOUUUh,1752009900,Nefve A.,Zahraj P.,,,,,,,,,,,,,1752371665.674883
CrbNacDc,1752009300,Grenier H.,Broady L.,,,,,,,,,,,,,1752371662.500513
pddVcyrA,1752007800,De Schepper K.,Martineau M.,,,,,,,,,,,,,1752371657.689019
hQ1mPQbU,1752006300,Rossi L.,Maxted L.,,,,,,,,,,,,,1752371654.209927
OpAWS8a5,1752003900,Edmund K.,Hands T.,,,,,,,,,,,,,1752371649.50087
KC3uRnUH,1752003600,Pinnington Jones J.,Budkov Kjaer N.,,,,,,,,,,,,,1752371645.609868
WjXcqUqn,1751998200,Brady P.,Wendelken H.,,,,,,,,,,,,,1752371642.540172
42bBMz5K,1751997900,Reymond A.,Ivashka I.,,,,,,,,,,,,,1752371639.061107
dAWq3WJk,1751997900,Gray A.,Janvier M.,,,,,,,,,,,,,1752371635.781947
I3qIlX4d,1751997000,Broom C.,Crawford O.,,,,,,,,,,,,,1752371632.096238
dle9jgzp,1751994000,Baadi T.,Searle H.,,,,,,,,,,,,,1752371629.332235
n1U4sGcT,1751992200,Peniston R.,Jones B.,,,,,,,,,,,,,1752371624.522852
dzGzxfLj,1751987400,Winter E.,Monday J.,,,,,,,,,,,,,1752371621.276054
pAy4Czc3,1751987400,Thomson C.,Story J.,,,,,,,,,,,,,1752371617.971277
tOkvdFCM,1751987400,Stewart H.,Summers M.,,,,,,,,,,,,,1752371614.747677
EkTK8hdS,1751987400,Robertson C.,Loffhagen G.,,,,,,,,,,,,,1752371611.627544
txVCAERF,1751983200,Reymond A.,Fery A.,,,,,,,,,,,,,1752371608.543053
UNlcE9pC,1752026100,Hilderbrand T.,Zink T.,,,,,39.0,43.0,27.0,24.0,28.0,9.0,53.0,12.0,1752371594.638189
Qkr6CmFO,1752019800,Vandecasteele Q.,Svajda Z.,,,,,11.0,17.0,27.0,19.0,4.0,2.0,9.0,2.0,1752371591.16155
G0rsIiom,1752012900,Kypson P.,Ghibaudo A.,,,,,25.0,28.0,46.0,28.0,10.0,10.0,14.0,13.0,1752371587.893885
dxeiblWF,1752012300,Schoolkate T.,Bolt A.,,,,,34.0,31.0,28.0,32.0,19.0,15.0,28.0,21.0,1752371584.814801
2FZHqkHM,1752011700,Holt B.,Cassone M.,,,,,19.0,31.0,24.0,49.0,15.0,11.0,23.0,17.0,1752371581.131523
OjBXwKp1,1752005400,Uchiyama Y.,Mannarino A.,,,,,23.0,19.0,29.0,12.0,4.0,5.0,6.0,7.0,1752371577.658557
4MEOaAVI,1752005400,McCormick T.,Watt J.,,,,,19.0,37.0,21.0,34.0,5.0,21.0,5.0,27.0,1752371574.586054
dAjkGVFa,1752005400,McCabe J.,Ayeni A.,,,,,16.0,14.0,14.0,17.0,6.0,7.0,8.0,15.0,1752371571.310667
O4j6hJaf,1751944500,Maloney P.,Duckworth J.,,,,,24.0,21.0,24.0,28.0,12.0,7.0,14.0,7.0,1752371567.628096
MaGlvTvp,1751941500,Martin D.,Mayo A.,,,,,33.0,33.0,35.0,38.0,10.0,18.0,13.0,26.0,1752371563.947737
rFrSFZqf,1752018900,Vrbensky M.,Guillen Meza A.,,,,,,,,,,,,,1752371560.670656
2wMmiWP1,1752015300,Rincon D.,Moller E.,,,,,,,,,,,,,1752371557.398387
6P7D7iAr,1752014400,Wawrinka S.,Butvilas E.,,,,,,,,,,,,,1752371554.125394
UqEZEZH8,1752011100,Maestrelli F.,Llamas Ruiz P.,,,,,,,,,,,,,1752371550.853252
2i1M5Vve,1752009900,Hemery C.,Jianu F. C.,,,,,,,,,,,,,1752371547.378616
0hpaC0w2,1752003000,Kuzmanov D.,Roca Batalla O.,,,,,,,,,,,,,1752371543.695637
OCjLJroS,1752001800,Topo M.,Preda L.,,,,,,,,,,,,,1752371540.424135
SvniEM8k,1751999400,Albot R.,Gaston H.,,,,,,,,,,,,,1752371537.154085
tOXvghek,1751992500,Mayot H.,Ajdukovic D.,,,,,,,,,,,,,1752371533.475317
MafJHeFs,1751991900,Dellien Velasco M. A.,Gima S.,,,,,,,,,,,,,1752371529.590448
G0Soz4V8,1751989200,Dellien H.,Pucinelli de Almeida M.,,,,,,,,,,,,,1752371525.500385
jwR70z3F,1751982000,Taberner C.,Hassan B.,,,,,,,,,,,,,1752371522.222512
Aus9bEXR,1751982000,Ferreira Silva F.,Soto M.,,,,,,,,,,,,,1752371518.739818
AZ1hwV9d,1751979600,Jorda Sanchis D.,Luz O.,,,,,,,,,,,,,1752371515.258439
MRYLpwGM,1752007500,Purtseladze S.,Molcan A.,,,,,,,,,,,,,1752371511.979014
E1VDnaoA,1752005100,Jorda Sanchis D.,Engel J.,,,,,,,,,,,,,1752371508.700592
hns5lLGc,1752003300,Petkovic M.,Houkes M.,,,,,,,,,,,,,1752371505.4227
b7Sawe8d,1752001500,Gombos N.,Collignon R.,,,,,,,,,,,,,1752371502.248682
IuTmng1l,1751998500,Choinski J.,Van De Zandschulp B.,,,,,,,,,,,,,1752371497.431779
jVr9gy9E,1751995800,Passaro F.,van Assche L.,,,,,,,,,,,,,1752371493.950175
QgUiuHwp,1751995200,Barrena A.,Carballes Baena R.,,,,,,,,,,,,,1752371489.648962
jgRepXV0,1751993100,Pellegrino A.,Misolic F.,,,,,,,,,,,,,1752371486.369345
QukJQHOj,1751992200,Gentzsch T.,Molleker R.,,,,,,,,,,,,,1752371482.88965
d6ddrB0D,1751988000,Etcheverry T. M.,Pavlovic L.,,,,,,,,,,,,,1752371479.610304
8pQE0hGs,1751986800,Monteiro T.,Negritu Ch.,,,,,,,,,,,,,1752371476.330226
OClr6EhK,1751986500,Navone M.,Buse I.,,,,,,,,,,,,,1752371472.644
benHiFwR,1751984700,Burruchaga R. A.,Fatic N.,,,,,,,,,,,,,1752371469.366669
4x3EXgne,1751980500,Tabur C.,Hanfmann Y.,,,,,,,,,,,,,1752371465.473868
GATMbWpf,1751980200,Dedura D.,Ymer E.,,,,,,,,,,,,,1752371462.198042
AZ5MVXG7,1751980200,Cerundolo J. M.,Arnaboldi F.,,,,,,,,,,,,,1752371458.507036
bmrkkjLs,1752009000,Norrie C.,Alcaraz C.,179.0,202.0,154.0,171.0,13.0,39.0,28.0,26.0,12.0,22.0,18.0,31.0,1752371455.062171
UPigCXUa,1751994600,Fritz T.,Khachanov K.,199.0,197.0,170.0,165.0,47.0,35.0,31.0,38.0,17.0,18.0,24.0,21.0,1752371451.54728
Crtii3Xo,1751910000,Pampanin P.,Dodig M.,,,,,10.0,19.0,37.0,28.0,0.0,6.0,1.0,8.0,1752371435.973552
bgJ6ovpQ,1751907600,Nagal S.,Oberleitner N.,,,,,17.0,26.0,12.0,39.0,3.0,17.0,3.0,22.0,1752371432.69756
2BLZP5Hk,1751903700,Mrva M.,Pokorny L.,,,,,6.0,5.0,26.0,38.0,,,,,1752371429.447062
rPsr4o16,1751901000,Michalski D.,Pecci A.,,,,,9.0,35.0,20.0,62.0,3.0,5.0,7.0,12.0,1752371425.523954
8YkUiL56,1751899200,Picchione A.,Carboni L.,,,,,13.0,13.0,32.0,42.0,3.0,2.0,4.0,3.0,1752371421.836056
bTiNFx1B,1751899200,Collarini A.,Paul J.,,,,,10.0,4.0,20.0,40.0,,,,,1752371418.148094
n54h2yH5,1751929800,Gaubas V.,Klein L.,,,,,27.0,31.0,48.0,51.0,1.0,21.0,6.0,27.0,1752371414.668654
CnjAkbXa,1751916000,Cecchinato M.,Mena F.,,,,,20.0,16.0,31.0,48.0,7.0,5.0,8.0,6.0,1752371411.3893
vasRoGWO,1751914200,Diaz Acosta F.,Jacquet K.,,,,,16.0,11.0,15.0,28.0,6.0,3.0,7.0,4.0,1752371408.111849
IVqWyyoK,1751930700,Zahraj P.,Dietrich D.,,,,,,,,,,,,,1752371404.829966
OIisewUp,1751930700,Tsitsipas Pe.,Nefve A.,,,,,,,,,,,,,1752371401.143342
nyPjK1ln,1751926200,Hands T.,Canter A.,,,,,,,,,,,,,1752371397.90705
6y02HJkA,1751924100,Casanova A.,Brady P.,,,,,,,,,,,,,1752371394.79268
xO4VgPin,1751922000,Budkov Kjaer N.,Vales A.,,,,,,,,,,,,,1752371391.513089
4CTaiCEr,1751921700,Maxted L.,Bass F.,,,,,,,,,,,,,1752371388.236233
z5sVYT8s,1751917200,Dietrich D.,Schell N.,,,,,,,,,,,,,1752371384.959716
vcvnVo86,1751916900,Alujas R.,Tsitsipas Pe.,,,,,,,,,,,,,1752371381.679344
4ICEWbqB,1751916600,Zahraj P.,Jansen W.,,,,,,,,,,,,,1752371378.400075
jX5bvjoK,1751915400,Nefve A.,Pow L.,,,,,,,,,,,,,1752371374.713342
CAxfTPxJ,1751911200,Fellin P. O.,Maxted L.,,,,,,,,,,,,,1752371371.233327
lpkpXutB,1751910300,Hrazdil J.,Canter A.,,,,,,,,,,,,,1752371367.544511
GWjxZ1Bb,1751910000,Hands T.,Weir P.,,,,,,,,,,,,,1752371364.262615
r3O5YKEb,1751910000,Bass F.,Kalyanpur A.,,,,,,,,,,,,,1752371360.860943
zwLczspn,1751905800,Hrazdil J.,Ivashka I.,,,,,,,,,,,,,1752371357.760381
CrGMUxEN,1751904600,MacKinlay J.,Brady P.,,,,,,,,,,,,,1752371354.635263
UadgPGyo,1751904600,Dinev D.,Casanova A.,,,,,,,,,,,,,1752371350.947345
QgECGngD,1751904300,Whitehouse M.,Vales A.,,,,,,,,,,,,,1752371347.70961
rVpwX7wf,1751904300,Budkov Kjaer N.,Lorusso L.,,,,,,,,,,,,,1752371344.594408
UiG07ksQ,1751935800,Ghibaudo A.,Stalder R.,,,,,27.0,13.0,24.0,25.0,9.0,5.0,12.0,12.0,1752371341.32756
lxFWW85D,1751935800,Ayeni A.,Pannu K.,,,,,26.0,22.0,16.0,23.0,17.0,13.0,23.0,16.0,1752371338.250309
jqSUAOmI,1751933100,Watt J.,Weightman O.,,,,,25.0,9.0,23.0,10.0,11.0,2.0,26.0,2.0,1752371334.985156
r11qrZDE,1751920800,Saitoh K.,Vandecasteele Q.,,,,,20.0,30.0,39.0,40.0,7.0,4.0,12.0,11.0,1752371331.688529
ldVdleIc,1751920800,McCormick T.,Sheehy J.,,,,,21.0,33.0,34.0,51.0,11.0,8.0,16.0,16.0,1752371328.504754
zcuBfHMt,1751920800,Hilderbrand T.,Kuhar M.,,,,,37.0,34.0,26.0,26.0,29.0,11.0,53.0,15.0,1752371324.932521
KI4txbFD,1751939100,Krueger M.,Kozlov S.,,,,,44.0,16.0,40.0,16.0,32.0,6.0,44.0,11.0,1752371314.679722
jwDPutGl,1751925300,McCabe J.,Cressy M.,,,,,,,,,,,,,1752371310.987647
ALdq0A13,1751920800,Zhu E.,Spizzirri E.,,,,,14.0,22.0,26.0,16.0,7.0,4.0,12.0,6.0,1752371307.300149
vo0W71Wp,1751912400,Topo M.,Djuric B.,,,,,,,,,,,,,1752371303.819979
K8qaks2b,1751910900,Roca Batalla O.,Ionel N. D.,,,,,,,,,,,,,1752371300.746658
MZfiGA6E,1751910600,Pucinelli de Almeida M.,Palosi S.,,,,,,,,,,,,,1752371297.357417
2ct1B62d,1751902800,Barton H.,Vrbensky M.,,,,,,,,,,,,,1752371293.778402
t0oO9gRi,1751902800,Albot R.,Campana Lee G.,,,,,,,,,,,,,1752371290.574374
fTflcGsn,1751902500,Gima S.,Bax F.,,,,,,,,,,,,,1752371287.503338
AgMsDDnL,1751927700,Cretu C.,Droguet T.,,,,,,,,,,,,,1752371283.90121
AH4U3997,1751920500,Coppejans K.,Reis Da Silva J.,,,,,,,,,,,,,1752371280.525119
IPSa2dY2,1751919300,Vallejo D.,Meligeni Alves F.,,,,,,,,,,,,,1752371276.966988
KUKZ1Ko4,1751902200,Petkovic M.,Berankis R.,,,,,,,,,,,,,1752371273.769882
fP4xtI7m,1751902200,Gombos N.,Kodat T.,,,,,,,,,,,,,1752371270.207456
I5OmZ9f3,1751898000,Bueno G.,Molleker R.,,,,,,,,,,,,,1752371267.148297
GGn8nQTQ,1751897100,Molcan A.,Masur D.,,,,,,,,,,,,,1752371264.062598
8K2vrVJi,1751897100,Barrena A.,Kovalik J.,,,,,,,,,,,,,1752371260.919581
W0WvH4E6,1751928900,Sinner J.,Dimitrov G.,197.0,207.0,167.0,170.0,19.0,36.0,21.0,22.0,10.0,20.0,14.0,29.0,1752371257.570277
Wpboiuqo,1751916900,Shelton B.,Sonego L.,209.0,193.0,172.0,167.0,47.0,29.0,41.0,34.0,43.0,31.0,58.0,49.0,1752371254.434997
rNKwelpJ,1751910000,De Minaur A.,Djokovic N.,197.0,190.0,161.0,159.0,29.0,38.0,38.0,44.0,28.0,35.0,40.0,52.0,1752371251.163876
YZsZEE0B,1751901300,Cilic M.,Cobolli F.,200.0,195.0,156.0,156.0,48.0,45.0,64.0,47.0,19.0,12.0,30.0,16.0,1752371247.468945
hprNlyaJ,1751853300,van Wyk K.,Chan D.,,,,,8.0,19.0,27.0,51.0,7.0,9.0,11.0,14.0,1752371233.139006
nNsM1rf5,1751853300,Chopra K.,Riedi L.,,,,,7.0,23.0,21.0,21.0,2.0,3.0,4.0,6.0,1752371229.918103
KWqFjcU6,1751852700,Pospisil V.,Huang T.,,,,,9.0,8.0,45.0,23.0,3.0,4.0,3.0,4.0,1752371226.264573
4vQVjRum,1751850000,Glinka D.,Donarski S.,,,,,10.0,5.0,9.0,23.0,1.0,3.0,1.0,5.0,1752371223.172502
YeZadmIP,1751848500,Perez A.,Pearson K.,,,,,20.0,12.0,19.0,20.0,15.0,4.0,18.0,6.0,1752371219.405899
YJHnmquC,1751847300,Muamba N.,Tudorica A. N.,,,,,14.0,19.0,31.0,27.0,6.0,24.0,9.0,36.0,1752371216.126615
QgEvk5Aa,1751844000,Farag-Cao A.,Kirchheimer S.,,,,,4.0,11.0,30.0,11.0,0.0,1.0,2.0,1.0,1752371212.923266
8xWUaMOH,1751843700,Moriya H.,Arseneault M.,,,,,10.0,8.0,33.0,34.0,9.0,1.0,10.0,2.0,1752371209.778979
rVp55Qft,1751840400,Rice K.,Matsuda R.,,,,,26.0,12.0,34.0,45.0,6.0,6.0,13.0,8.0,1752371206.501523
t4qxb0gU,1751836500,Takahashi Y.,Flores J.,,,,,25.0,19.0,32.0,37.0,8.0,8.0,10.0,13.0,1752371203.228418
vcvE34Ph,1751836200,Chung H.,George B. T.,,,,,22.0,6.0,44.0,39.0,8.0,1.0,14.0,4.0,1752371199.953334
SIAeoN9O,1751835900,Fishback R.,Arseneault N.,,,,,6.0,21.0,24.0,18.0,4.0,7.0,9.0,9.0,1752371196.872312
fV9gnYiI,1751807400,Choinski J.,Hemery C.,,,,,,,,,,,,,1752371193.275968
bN6pkkQk,1751834100,Brancaccio R.,Pampanin P.,,,,,7.0,11.0,27.0,5.0,6.0,4.0,6.0,5.0,1752371189.706361
YuN5dXXF,1751830800,Obradovic D.,Oberleitner N.,,,,,11.0,14.0,39.0,34.0,,,,,1752371186.428064
ryMPalfE,1751827800,Nagal S.,Castagnola L.,,,,,19.0,4.0,17.0,21.0,4.0,1.0,5.0,4.0,1752371183.152922
nqmuBWn9,1751824200,Echargui M.,Mrva M.,,,,,16.0,34.0,52.0,68.0,6.0,15.0,8.0,20.0,1752371179.878844
69oTa6v8,1751822400,Caniato C. A.,Dodig M.,,,,,23.0,33.0,23.0,27.0,,,,,1752371176.086755
KxegmTf2,1751818200,Carboni L.,Karol M.,,,,,24.0,31.0,36.0,56.0,9.0,2.0,11.0,8.0,1752371172.503773
bqrL1S9e,1751814300,Collarini A.,Zvech Flaborea M.,,,,,21.0,3.0,6.0,14.0,1.0,2.0,2.0,3.0,1752371169.232622
vsSJ3luq,1751814000,Guerrieri A.,Pokorny L.,,,,,14.0,13.0,50.0,51.0,,,,,1752371165.540833
0SOcbg33,1751812800,Prado Angelo J. C.,Picchione A.,,,,,21.0,26.0,44.0,53.0,7.0,6.0,8.0,9.0,1752371162.374856
U7GEfB2S,1751808900,Pecci A.,Sakellaridis S.,,,,,10.0,7.0,16.0,28.0,3.0,3.0,4.0,5.0,1752371159.244486
pKtBzjBd,1751807400,Romano F.,Paul J.,,,,,14.0,8.0,28.0,17.0,1.0,0.0,1.0,0.0,1752371156.124981
rBtl9AHL,1751807400,Michalski D.,Forti F.,,,,,7.0,15.0,10.0,28.0,1.0,3.0,2.0,6.0,1752371152.850299
MgqumKTi,1751824800,Stice T.,Weir P.,,,,,,,,,,,,,1752371149.559437
U1yAoBnA,1751847600,Yuzuki T.,Weightman O.,,,,,41.0,34.0,51.0,29.0,28.0,11.0,51.0,14.0,1752371146.372336
xYsSzfYi,1751847600,Ghibaudo A.,Reynolds F.,,,,,17.0,12.0,16.0,27.0,10.0,18.0,11.0,30.0,1752371143.281792
js99ICIN,1751843400,Watt J.,Barrett H.,,,,,15.0,4.0,15.0,24.0,11.0,2.0,15.0,4.0,1752371140.157903
OOErVk2T,1751842200,Saitoh K.,Hach Verdugo H.,,,,,27.0,19.0,26.0,36.0,4.0,8.0,6.0,21.0,1752371136.472456
8djFPTPj,1751841900,Stalder R.,Goncalves V.,,,,,30.0,18.0,24.0,31.0,13.0,9.0,22.0,11.0,1752371133.33065
S2OqOGln,1751841900,Ayeni A.,Brymer G.,,,,,31.0,13.0,37.0,29.0,24.0,4.0,37.0,6.0,1752371129.71039
MPauDjto,1751837400,Van Orderlain D.,Vandecasteele Q.,,,,,8.0,19.0,18.0,16.0,8.0,8.0,14.0,16.0,1752371126.583231
AotzZX24,1751837400,Kumar P.,Pannu K.,,,,,15.0,24.0,27.0,25.0,8.0,17.0,15.0,19.0,1752371123.361314
GbBzXBXG,1751832900,Thayne W.,Kuhar M.,,,,,10.0,27.0,20.0,14.0,11.0,3.0,38.0,4.0,1752371119.88465
OUHhMfJb,1751832900,McCormick T.,Bayldon B.,,,,,36.0,32.0,21.0,36.0,15.0,35.0,23.0,58.0,1752371116.599407
URK0KYmB,1751832900,Finkelstein A.,Sheehy J.,,,,,29.0,24.0,41.0,43.0,16.0,9.0,27.0,18.0,1752371113.320872
z3r1mXHc,1751832600,Hilderbrand T.,Kozlov B.,,,,,20.0,7.0,15.0,20.0,12.0,6.0,15.0,10.0,1752371110.061898
EJK9iqE7,1751843400,Seyboth Wild T.,Travaglia S.,,,,,19.0,24.0,28.0,13.0,8.0,7.0,9.0,8.0,1752371106.36708
jNnOkSF7,1751838900,Topo M.,Ivanovski K.,,,,,,,,,,,,,1752371103.079022
ITvADV7E,1751837400,Djuric B.,Boitan G. A.,,,,,,,,,,,,,1752371099.7998
ULH5iCBN,1751835000,Uta D.,Palosi S.,,,,,,,,,,,,,1752371096.528152
CSXIB9xR,1751834100,Uta D.,Paris T.,,,,,,,,,,,,,1752371093.269904
xxt8cJHG,1751832000,Roca Batalla O.,Alcala Gurri M.,,,,,,,,,,,,,1752371090.245642
8bJl6m0l,1751829600,Kolar Z.,Ionel N. D.,,,,,,,,,,,,,1752371086.710653
pr3ZDv2c,1751828700,Pucinelli de Almeida M.,Tomescu D. A.,,,,,,,,,,,,,1752371083.468867
Mse7gAGr,1751826000,Barton H.,Agafonov E.,,,,,,,,,,,,,1752371080.353029
4QCc4RU0,1751823300,Albot R.,Cazacu D. N.,,,,,,,,,,,,,1752371077.102197
biUGecnT,1751822400,Onofrei M. C.,Bax F.,,,,,,,,,,,,,1752371073.824635
U7bFiloe,1751816400,Vrbensky M.,Dellavedova M.,,,,,,,,,,,,,1752371070.402
UZKnjyAj,1751816400,Campana Lee G.,Bondioli F.,,,,,,,,,,,,,1752371067.134508
Ie1sCIW9,1751816100,Yevseyev D.,Gima S.,,,,,,,,,,,,,1752371063.95006
d0VMggMt,1751844300,Sakamoto R.,Draxl L.,,,,,28.0,17.0,22.0,26.0,,,,,1752371060.871357
pnTj5mQG,1751833800,Luz O.,Neuchrist M.,,,,,,,,,,,,,1752371057.38157
QHMidhsn,1751832300,Gombos N.,Dedura-Palomero M.,,,,,,,,,,,,,1752371054.131865
MqG0fWBb,1751830500,Blancaneaux G.,Jorda Sanchis D.,,,,,,,,,,,,,1752371051.04075
zH7Vc5Ij,1751829900,Wessels L.,Berankis R.,,,,,,,,,,,,,1752371047.889001
lKZs79e4,1751827200,Liutarevich I.,Molleker R.,,,,,,,,,,,,,1752371044.768774
G6yz9VQi,1751824500,Olivieri G. A.,Petkovic M.,,,,,,,,,,,,,1752371041.590343
0bgmoSYp,1751822400,Opitz J.,Kodat T.,,,,,,,,,,,,,1752371037.843487
jP7HjlBN,1751818200,Zeuch T.,Kovalik J.,,,,,,,,,,,,,1752371034.749291
U9J8hAtB,1751818200,Strombachs R.,Molcan A.,,,,,,,,,,,,,1752371031.090416
jqWb3RfT,1751818200,Masur D.,Cid Subervi R.,,,,,,,,,,,,,1752371027.9851
2NaHL8Ac,1751818200,Bueno G.,Sanchez Martinez B.,,,,,,,,,,,,,1752371024.315012
fu5jTwTk,1751810700,Maestrelli F.,Pavlovic L.,,,,,,,,,,,,,1752371021.04301
OSrNAML6,1751839800,Rublev A.,Alcaraz C.,203.0,202.0,155.0,167.0,29.0,41.0,36.0,36.0,10.0,22.0,24.0,29.0,1752371017.604326
U9DaDLtC,1751827200,Jarry N.,Norrie C.,204.0,185.0,170.0,146.0,103.0,36.0,71.0,26.0,43.0,17.0,64.0,22.0,1752371014.360331
OvZHamse,1751821800,Fritz T.,Thompson J.,197.0,185.0,165.0,157.0,20.0,3.0,3.0,8.0,3.0,7.0,4.0,17.0,1752371010.673822
Y1AjGxFq,1751814900,Khachanov K.,Majchrzak K.,198.0,188.0,162.0,157.0,44.0,29.0,21.0,19.0,12.0,23.0,18.0,30.0,1752371006.987555
xldH5cGi,1751403600,Martineau M.,Paire B.,,,,,,,,,,,,,1751411604.283668
0OpPeuat,1751400000,Trungelliti M.,Bax F.,,,,,,,,,,,,,1751411600.801165
jXHK26TI,1751397900,Ymer M.,Brunold M.,,,,,,,,,,,,,1751411594.963571
As4VsfOp,1751395200,Ivanovski K.,Hemery C.,,,,,,,,,,,,,1751411591.480393
YFkQ3yo4,1751392800,Zink T.,Sels J.,,,,,,,,,,,,,1751411586.767887
x8hYc6Er,1751387400,Sanchez Izquierdo N.,Michalski D.,,,,,,,,,,,,,1751411582.671047
AykoJRDa,1751386200,Rolland de Ravel C.,Reis Da Silva J.,,,,,,,,,,,,,1751411578.985131
2BowLmqm,1751386200,Djuric B.,Denolly C.,,,,,,,,,,,,,1751411575.296855
rR46Q9LP,1751382000,Visker N.,Gombos N.,,,,,,,,,,,,,1751411571.813547
l8L36lUg,1751379000,Giustino L.,Lamasine T.,,,,,,,,,,,,,1751411568.125948
O4Sbq7ak,1751375400,Sharipov M.,Barranco Cosano J.,,,,,,,,,,,,,1751411564.438631
dYOB4Sb6,1751375400,Mayot H.,Tabur C.,,,,,,,,,,,,,1751411560.547831
tOFWzRg3,1751415000,Taberner C.,Geerts M.,,,,,18.0,18.0,21.0,28.0,8.0,9.0,10.0,12.0,1751411557.065047
KAARBGcC,1751409600,Seyboth Wild T.,Alcala Gurri M.,,,,,27.0,5.0,29.0,18.0,5.0,1.0,5.0,2.0,1751411553.583429
YHh5K59M,1751399700,Cecchinato M.,Monteiro T.,,,,,27.0,34.0,26.0,42.0,5.0,10.0,10.0,13.0,1751411550.099727
6RY8OgsI,1751397900,Kodat T.,Collarini A.,,,,,34.0,25.0,38.0,25.0,6.0,10.0,11.0,12.0,1751411546.415072
ULwpUcDt,1751397000,Echargui M.,Boyer T.,,,,,19.0,19.0,22.0,32.0,3.0,6.0,4.0,10.0,1751411542.876461
Q7DZ9fSO,1751391900,Sakellaridis S.,Bondioli F.,,,,,28.0,19.0,23.0,26.0,8.0,9.0,13.0,14.0,1751411539.446865
h2ZyFqXq,1751391600,Houkes M.,Gomez F. A.,,,,,12.0,22.0,15.0,30.0,4.0,2.0,5.0,8.0,1751411535.964192
8GIW56fT,1751389200,Parenti L.,Kym J.,,,,,9.0,24.0,19.0,21.0,1.0,13.0,1.0,14.0,1751411531.457699
0SxpDN1d,1751382900,Cina F.,Poljicak M.,,,,,30.0,36.0,32.0,27.0,8.0,4.0,12.0,7.0,1751411527.973579
xnshSyrg,1751382600,Travaglia S.,Blancaneaux G.,,,,,21.0,15.0,24.0,40.0,5.0,3.0,8.0,10.0,1751411523.670407
YDz1QFC5,1751382600,Pellegrino A.,Thanos A.,,,,,11.0,18.0,16.0,30.0,2.0,2.0,3.0,6.0,1751411519.98344
djdicgSj,1751424300,Sheehy J.,Wu Tung-Lin,,,,,24.0,15.0,17.0,22.0,6.0,6.0,8.0,8.0,1751411516.2957
2TKe8Jzh,1751417100,Rybakov A.,Ilagan A.,,,,,10.0,21.0,36.0,49.0,7.0,7.0,11.0,10.0,1751411512.814607
d07Cn7on,1751409300,Sakamoto R.,Mejia N.,,,,,42.0,22.0,62.0,50.0,13.0,6.0,20.0,9.0,1751411509.327582
dSD46c54,1751404200,Manning W.,Glinka D.,,,,,39.0,19.0,0.0,32.0,14.0,5.0,20.0,6.0,1751411504.820293
CxZgUPVH,1751403000,Nakagawa N.,Sell K.,,,,,10.0,24.0,28.0,24.0,3.0,3.0,4.0,3.0,1751411501.339472
Y52ys3FN,1751349000,Imamura M.,Kypson P.,,,,,15.0,21.0,31.0,31.0,10.0,4.0,12.0,5.0,1751411497.853976
rcswY7Wh,1751341500,Sekulic P.,Draxl L.,,,,,13.0,10.0,42.0,14.0,2.0,5.0,2.0,6.0,1751411493.347031
K2x2S30U,1751337000,Schoolkate T.,Zhou Y.,,,,,33.0,29.0,40.0,54.0,11.0,18.0,12.0,23.0,1751411487.91544
AotgapVi,1751336100,Andrade A.,Mayo A.,,,,,10.0,11.0,40.0,14.0,5.0,4.0,5.0,7.0,1751411484.459746
2HbPuWuR,1751399700,Albot R.,Dellien Velasco M. A.,,,,,,,,,,,,,1751411480.947043
Yofu92n3,1751394900,Meligeni Alves F.,Maestrelli F.,,,,,,,,,,,,,1751411477.373467
fFw4YmY0,1751390700,Coppejans K.,Donski A.,,,,,,,,,,,,,1751411473.978891
KfUKlY0l,1751389200,Dhamne M.,Negritu Ch.,,,,,,,,,,,,,1751411470.496071
0Ekf3XFs,1751387400,Martin Tiffon P.,Jianu F. C.,,,,,,,,,,,,,1751411467.013546
M1udzA3l,1751382900,Mrva M.,Roca Batalla O.,,,,,,,,,,,,,1751411461.170329
pxWFPkcL,1751381700,Piros Z.,Paris T.,,,,,,,,,,,,,1751411457.675238
K875d0nI,1751381700,Compagnucci T.,Paris T.,,,,,,,,,,,,,1751411454.00205
G00HshBE,1751380200,Boitan G. A.,Guerrieri A.,,,,,,,,,,,,,1751411450.52672
h8SSnCV0,1751379600,Piros Z.,Yevseyev D.,,,,,,,,,,,,,1751411446.197832
pQDpmLPq,1751373600,Kuzmanov D.,Butvilas E.,,,,,,,,,,,,,1751411442.521469
lzMyoj0D,1751373600,Gakhov I.,Ficovich J. P.,,,,,,,,,,,,,1751411439.036021
z5NUJlJ7,1751373600,Feldbausch K.,Papoe R. M.,,,,,,,,,,,,,1751411435.551092
EDgGvU5U,1751411400,Muller A.,Djokovic N.,,,,,39.0,50.0,54.0,37.0,17.0,23.0,26.0,29.0,1751411432.068775
6qfO3JYr,1751406900,Giron M.,Ugo Carabelli C.,,,,,40.0,38.0,33.0,42.0,19.0,28.0,26.0,35.0,1751411428.380958
MH9zJewf,1751406900,Draper J.,Baez S.,,,,,25.0,4.0,22.0,27.0,7.0,2.0,9.0,6.0,1751411424.894708
pKMQTCiC,1751406000,Hijikata R.,Goffin D.,,,,,27.0,15.0,10.0,28.0,10.0,5.0,11.0,8.0,1751411421.205446
YDvBd2RF,1751406000,Etcheverry T. M.,Pinnington Jones J.,,,,,39.0,44.0,35.0,34.0,13.0,26.0,25.0,34.0,1751411417.721402
phbGzL4d,1751405100,Kovacevic A.,Fucsovics M.,,,,,,,,,,,,,1751411414.235945
l4BSKH8s,1751405100,Dimitrov G.,Nishioka Y.,,,,,49.0,9.0,23.0,14.0,19.0,13.0,21.0,18.0,1751411410.74955
t0e8tjyI,1751404200,Monfils G.,Humbert U.,,,,,70.0,43.0,43.0,46.0,18.0,19.0,28.0,33.0,1751411407.264577
OvkRdBLb,1751403900,Shevchenko A.,Opelka R.,,,,,28.0,45.0,27.0,33.0,8.0,18.0,14.0,32.0,1751411403.574144
GEoJbXjn,1751403300,Shelton B.,Bolt A.,,,,,42.0,31.0,23.0,28.0,6.0,25.0,14.0,35.0,1751411400.090474
bwXdmbl2,1751402700,Collignon R.,Cilic M.,,,,,21.0,33.0,25.0,22.0,3.0,8.0,3.0,13.0,1751411396.605565
naDi9uBL,1751402100,Gaston H.,Mensik J.,,,,,21.0,47.0,27.0,28.0,11.0,25.0,24.0,40.0,1751411393.122124
pfwzekjB,1751401800,Cobolli F.,Zhukayev B.,,,,,36.0,24.0,18.0,31.0,10.0,8.0,15.0,16.0,1751411389.438939
jg94PCIG,1751400600,Rinderknech A.,Zverev A.,,,,,79.0,71.0,47.0,34.0,44.0,19.0,55.0,38.0,1751411385.959254
xno2bOd3,1751399100,Dzumhur D.,Machac T.,,,,,20.0,39.0,21.0,18.0,11.0,20.0,22.0,25.0,1751411382.475527
4twA2zgD,1751398800,Halys Q.,Holmgren A.,,,,,33.0,49.0,15.0,21.0,7.0,12.0,12.0,16.0,1751411378.993493
C2lVAD3N,1751397600,Fritz T.,Mpetshi Perricard G.,,,,,66.0,86.0,15.0,63.0,22.0,38.0,33.0,54.0,1751411375.513171
GvV9Xfhm,1751397600,Comesana F.,Moutet C.,,,,,29.0,38.0,27.0,26.0,24.0,32.0,40.0,42.0,1751411372.032878
OtImTfJi,1751394900,Mochizuki S.,Zeppieri G.,,,,,41.0,51.0,47.0,40.0,46.0,12.0,59.0,15.0,1751411367.526186
tnGZRjMO,1751394900,Evans D.,Clarke J.,,,,,33.0,21.0,20.0,38.0,13.0,10.0,19.0,24.0,1751411364.044865
I3gqIUAj,1751391300,Arnaldi M.,Van De Zandschulp B.,,,,,33.0,34.0,48.0,33.0,14.0,26.0,26.0,36.0,1751411360.563701
pY1arC65,1751391000,Martinez P.,Loffhagen G.,,,,,23.0,46.0,18.0,58.0,23.0,14.0,30.0,25.0,1751411357.084321
C6OIVYMa,1751389800,Sinner J.,Nardi L.,,,,,28.0,19.0,17.0,33.0,10.0,13.0,15.0,16.0,1751411353.601483
Iq3qHZ76,1751389800,Ofner S.,Medjedovic H.,,,,,26.0,15.0,9.0,22.0,6.0,3.0,9.0,5.0,1751411350.122393
WnVeQwoK,1751389200,Munar J.,Bublik A.,,,,,36.0,66.0,32.0,67.0,43.0,28.0,64.0,39.0,1751411346.639039
jg57xszp,1751388600,Navone M.,Shapovalov D.,,,,,25.0,30.0,31.0,56.0,14.0,17.0,24.0,25.0,1751411342.749748
EoFqB1t9,1751388000,De Jong J.,Eubanks C.,,,,,68.0,68.0,38.0,65.0,30.0,37.0,47.0,65.0,1751411339.062819
z1og6Igl,1751387700,Basilashvili N.,Musetti L.,,,,,48.0,21.0,45.0,29.0,12.0,3.0,18.0,7.0,1751411335.581514
Q96iFDxJ,1751382600,Monday J.,Paul T.,,,,,22.0,32.0,29.0,17.0,12.0,19.0,20.0,22.0,1751411331.07655
QBJkkKJk,1751382600,Michelsen A.,Kecmanovic M.,,,,,59.0,56.0,41.0,34.0,40.0,31.0,62.0,44.0,1751411327.59679
65qvwHUP,1751382600,McCabe J.,Marozsan F.,,,,,22.0,25.0,33.0,19.0,6.0,15.0,15.0,20.0,1751411324.143313
x8bipYyg,1751382600,Faria J.,Sonego L.,,,,,23.0,38.0,32.0,12.0,10.0,17.0,16.0,25.0,1751411319.814262
rRl14dO0,1751382600,De Minaur A.,Carballes Baena R.,,,,,38.0,20.0,29.0,27.0,22.0,13.0,34.0,19.0,1751411316.361689
tvrJftdS,1751382600,Cazaux A.,Walton A.,,,,,81.0,51.0,56.0,43.0,24.0,35.0,40.0,61.0,1751411312.852812
GhArnf7t,1751382300,Tseng C. H.,Vukic A.,,,,,40.0,44.0,46.0,39.0,21.0,13.0,23.0,19.0,1751411309.370652
KSyFCEHD,1751382000,Harris B.,Hurkacz H.,,,,,,,,,,,,,1751411305.875432
xhMVbW3L,1751298600,Ymer M.,De Schepper K.,,,,,,,,,,,,,1751411291.143857
6DF6A81s,1751298000,Nagel A.,Visker N.,,,,,,,,,,,,,1751411287.049423
YmZmNoom,1751295900,Mayot H.,Gadamauri B.,,,,,,,,,,,,,1751411283.567072
IuJOcylA,1751290800,Reymond A.,Lamasine T.,,,,,,,,,,,,,1751411280.086833
plUJDa1M,1751290800,Oberleitner N.,Rolland de Ravel C.,,,,,,,,,,,,,1751411276.60511
hbHFV3nR,1751290500,Djuric B.,Sanchez Quilez A.,,,,,,,,,,,,,1751411272.000712
WUV6soU1,1751315700,Choinski J.,Papamalamis T.,,,,,,,,,,,,,1751411268.619504
Q9SbmG0N,1751314200,Faurel T.,Skatov T.,,,,,,,,,,,,,1751411265.138992
KjC13SjL,1751305500,Berrettini J.,Rosenkranz M.,,,,,,,,,,,,,1751411261.658238
CQ8g5lM8,1751301000,Gea A.,Barrere G.,,,,,,,,,,,,,1751411257.355685
6TmY1FFG,1751288400,Trungelliti M.,Boscardin Dias P.,,,,,,,,,,,,,1751411253.864485
rgo7RLQc,1751305200,Paul J.,Sakellaridis S.,,,,,33.0,36.0,40.0,37.0,11.0,25.0,20.0,34.0,1751411250.397788
pp4O0hZ8,1751302200,Karol M.,Kodat T.,,,,,20.0,15.0,29.0,13.0,1.0,4.0,2.0,7.0,1751411246.914811
jNrkngKF,1751300700,Travaglia S.,Fonio G.,,,,,27.0,17.0,26.0,26.0,4.0,6.0,8.0,10.0,1751411243.43267
GSUwiuko,1751296200,Echargui M.,Bagnolini D.,,,,,25.0,7.0,30.0,28.0,2.0,4.0,2.0,6.0,1751411239.952509
hKU4HDRG,1751296200,Caniato C. A.,Thanos A.,,,,,24.0,27.0,27.0,37.0,9.0,10.0,12.0,11.0,1751411235.653193
YTUbalPE,1751296200,Brancaccio R.,Alcala Gurri M.,,,,,12.0,11.0,11.0,4.0,2.0,2.0,5.0,2.0,1751411232.170334
04fcMRvA,1751328600,Arnaboldi F.,Galan D. E.,,,,,10.0,11.0,27.0,17.0,0.0,3.0,3.0,5.0,1751411228.688916
tlaN9le4,1751321700,Tirante T. A.,Buse I.,,,,,17.0,10.0,7.0,18.0,4.0,1.0,5.0,4.0,1751411225.207938
hlf30pIj,1751317500,Zahraj P.,Diaz Acosta F.,,,,,18.0,17.0,33.0,13.0,6.0,4.0,13.0,6.0,1751411221.728393
0jFO7SPG,1751316300,Burruchaga R. A.,Merida Aguilar D.,,,,,6.0,15.0,26.0,26.0,4.0,2.0,5.0,5.0,1751411218.245653
KfnkOmAc,1751310600,Dodig M.,Cerundolo J. M.,,,,,19.0,16.0,27.0,13.0,9.0,4.0,11.0,6.0,1751411214.764782
bqfAfWUP,1751325600,Chung H.,Kirchheimer S.,,,,,23.0,20.0,62.0,51.0,7.0,6.0,9.0,15.0,1751411211.282501
jHNuQ82K,1751317800,Bouzige M.,Glinka D.,,,,,18.0,32.0,34.0,30.0,6.0,8.0,10.0,14.0,1751411207.59944
fmqittAF,1751317500,Sheehy J.,Ghibaudo A.,,,,,31.0,14.0,34.0,29.0,14.0,3.0,17.0,7.0,1751411204.116998
dONTvBCk,1751310900,Rybakov A.,Jayaraman S.,,,,,21.0,8.0,32.0,23.0,9.0,1.0,13.0,2.0,1751411200.639061
2yLoMa1n,1751310900,Moriya H.,Chappell N.,,,,,32.0,16.0,35.0,24.0,6.0,2.0,6.0,3.0,1751411197.15601
Sr6BGeVN,1751310900,Mayew W.,Zheng M.,,,,,11.0,20.0,26.0,10.0,7.0,4.0,12.0,4.0,1751411193.674297
rF2KIQff,1751328000,Dostanic S.,Martin A.,,,,,24.0,12.0,53.0,29.0,14.0,6.0,24.0,7.0,1751411179.74971
Iwv8yswo,1751321400,Wu Y.,Mayew I.,,,,,17.0,8.0,36.0,35.0,3.0,3.0,6.0,5.0,1751411176.266889
jNpoWo15,1751310000,Karatsev A.,Bigun K.,,,,,,,,,,,,,1751411172.772671
QuaTrPpB,1751310000,Dostanic S.,Shelbayh A.,,,,,,,,,,,,,1751411169.290882
ldiKtbV8,1751295900,Albot R.,Compagnucci T.,,,,,,,,,,,,,1751411165.821795
xImIS7NP,1751295600,Donski A.,Pieleanu R. T.,,,,,,,,,,,,,1751411162.344573
U7ftlFk3,1751294400,Paris T.,Guerrieri A.,,,,,,,,,,,,,1751411158.861229
4Ki2iK8m,1751287200,Roca Batalla O.,Tomescu D. A.,,,,,,,,,,,,,1751411155.37968
8Wf1chzo,1751287200,Boitan G. A.,Palosi S.,,,,,,,,,,,,,1751411151.896758
OIXFUxKN,1751286900,Papoe R. M.,Kellovsky D.,,,,,,,,,,,,,1751411148.336325
hjHhoafd,1751310600,Pavlovic L.,Preda L.,,,,,,,,,,,,,1751411144.934177
tCcm7tHF,1751310300,Purtseladze S.,Guillen Meza A.,,,,,,,,,,,,,1751411141.480603
25ALhs2M,1751304900,Topo M.,Ghetu G.,,,,,,,,,,,,,1751411137.97374
nVm21Bpf,1751302800,Gueymard Wayenburg S.,Rodriguez Taverna S.,,,,,,,,,,,,,1751411134.438886
GtEN8ghK,1751301300,Ferreira Silva F.,Soto M.,,,,,,,,,,,,,1751411131.009683
GzeMCZYA,1751323500,Diallo G.,Altmaier D.,,,,,30.0,15.0,24.0,20.0,24.0,7.0,39.0,15.0,1751411127.532884
2RZCjkHF,1751322000,Brooksby J.,Griekspoor T.,,,,,30.0,32.0,12.0,42.0,20.0,31.0,28.0,52.0,1751411124.049512
2i1aKQzK,1751321700,Holt B.,Davidovich Fokina A.,,,,,16.0,29.0,31.0,27.0,12.0,18.0,27.0,22.0,1751411120.569388
ji80sov2,1751318400,Berrettini M.,Majchrzak K.,,,,,60.0,31.0,69.0,31.0,23.0,25.0,36.0,43.0,1751411117.088094
bJCCNjmT,1751314500,Struff J-L.,Misolic F.,,,,,65.0,27.0,32.0,27.0,32.0,10.0,45.0,21.0,1751411113.607519
GABVwCX9,1751314200,Rublev A.,Djere L.,,,,,46.0,40.0,56.0,67.0,11.0,12.0,19.0,16.0,1751411110.125525
UyKiq79k,1751313600,McDonald M.,Khachanov K.,,,,,34.0,38.0,35.0,29.0,13.0,8.0,23.0,13.0,1751411106.643229
48N0X0Mt,1751313600,Garin C.,Rodesch C.,,,,,13.0,32.0,16.0,38.0,10.0,18.0,16.0,24.0,1751411103.162293
QJqib4HP,1751313300,Harris B.,Lajovic D.,,,,,23.0,12.0,33.0,26.0,12.0,5.0,17.0,6.0,1751411099.686465
Eq0wDrTg,1751312400,Quinn E.,Searle H.,,,,,36.0,32.0,30.0,34.0,30.0,17.0,46.0,37.0,1751411096.199781
ncboBMc6,1751309100,Fearnley J.,Fonseca J.,,,,,20.0,31.0,30.0,31.0,16.0,18.0,23.0,23.0,1751411092.746225
ActVuY2c,1751307900,Auger-Aliassime F.,Duckworth J.,,,,,69.0,27.0,54.0,41.0,16.0,21.0,22.0,32.0,1751411089.237545
OzFwxj2M,1751306400,Carreno-Busta P.,Rodesch C.,,,,,,,,,,,,,1751411085.742132
O2BSpKpf,1751306100,Cerundolo F.,Borges N.,,,,,30.0,24.0,56.0,27.0,15.0,12.0,22.0,22.0,1751411082.277773
8YZ05iRp,1751305500,Darderi L.,Safiullin R.,,,,,38.0,62.0,40.0,47.0,18.0,30.0,30.0,44.0,1751411078.590795
UDy5hBn3,1751305200,Fognini F.,Alcaraz C.,,,,,53.0,52.0,58.0,62.0,43.0,31.0,68.0,46.0,1751411075.108532
hYaV4uxQ,1751304300,Royer V.,Tsitsipas S.,,,,,21.0,16.0,19.0,26.0,5.0,6.0,11.0,8.0,1751411071.628123
CxNrsxpJ,1751304000,Rune H.,Jarry N.,,,,,27.0,63.0,35.0,51.0,16.0,24.0,27.0,37.0,1751411068.14817
88jAWTPq,1751303400,Bergs Z.,Harris L.,,,,,47.0,45.0,66.0,45.0,34.0,28.0,46.0,49.0,1751411064.671074
bgTLlToS,1751302200,Popyrin A.,Fery A.,,,,,44.0,35.0,53.0,32.0,20.0,28.0,36.0,41.0,1751411061.182394
8485GHZo,1751301000,Norrie C.,Bautista-Agut R.,,,,,60.0,41.0,46.0,35.0,27.0,10.0,36.0,22.0,1751411057.496775
YZiVE4bs,1751296500,Moller E.,Tiafoe F.,,,,,21.0,25.0,32.0,21.0,9.0,9.0,16.0,15.0,1751411054.016621
dlen5lW8,1751296200,Tien L.,Basavareddy N.,,,,,43.0,24.0,24.0,32.0,12.0,18.0,20.0,34.0,1751411050.534455
GYgIU7fd,1751296200,Mannarino A.,O'Connell C.,,,,,14.0,19.0,17.0,40.0,10.0,8.0,15.0,16.0,1751411047.052647
rPif90SI,1751296200,Lehecka J.,Dellien H.,,,,,57.0,20.0,42.0,27.0,26.0,9.0,35.0,18.0,1751411043.590502
UwLeRYm4,1751296200,Kopriva V.,Thompson J.,,,,,56.0,62.0,40.0,33.0,11.0,53.0,17.0,79.0,1751411039.477847
KU4yqbF6,1751296200,Bonzi B.,Medvedev D.,,,,,38.0,42.0,33.0,47.0,30.0,21.0,44.0,32.0,1751411035.996687
jkDKntGs,1751296200,Bellucci M.,Crawford O.,,,,,51.0,30.0,41.0,52.0,18.0,23.0,25.0,35.0,1751411032.51336
UJdEEe4b,1751295900,Tarvet O.,Riedi L.,,,,,19.0,29.0,12.0,51.0,9.0,11.0,19.0,23.0,1751411029.033632
4QANrLjl,1751227800,Beckley A.,Ymer M.,,,,,,,,,,,,,1751411014.287062
jPcHXZQk,1751225400,Braynin A.,Gadamauri B.,,,,,,,,,,,,,1751411010.804111
YsKilsTQ,1751223000,Visker N.,Vylegzhanin N.,,,,,,,,,,,,,1751411007.322069
rXFOVDe2,1751220900,Mayot H.,Saraiva Dos Santos P. A.,,,,,,,,,,,,,1751411003.639119
YLrHy4qL,1751217600,Jorda Sanchis D.,Nagel A.,,,,,,,,,,,,,1751410999.880067
GK26vgnd,1751215200,De Schepper K.,Garcian A.,,,,,,,,,,,,,1751410996.060022
QJNeULye,1751214900,De Schepper K.,Bakshi A.,,,,,,,,,,,,,1751410992.361223
h6PmWs7r,1751211000,Trouve N.,Lamasine T.,,,,,,,,,,,,,1751410988.893288
Qeu9wQE8,1751211000,Rolland de Ravel C.,Zhukov M.,,,,,,,,,,,,,1751410985.412158
O0WSxLgf,1751211000,Agostini S.,Lamasine T.,,,,,,,,,,,,,1751410981.929299
WvHpwd3S,1751207700,Oberleitner N.,Beauge M.,,,,,,,,,,,,,1751410978.449895
bRIxuIYF,1751202600,Reymond A.,Livet Novkirichka F.,,,,,,,,,,,,,1751410974.966489
CSVrj3bE,1751202600,Djuric B.,Raynel A.,,,,,,,,,,,,,1751410971.304561
pMwcSa67,1751202600,Bouquet L.,Sanchez Quilez A.,,,,,,,,,,,,,1751410967.595451
8xWLiGZI,1751227500,Karol M.,Kasnikowski M.,,,,,25.0,19.0,34.0,33.0,1.0,1.0,1.0,1.0,1751410964.118418
tfWbZFNr,1751226600,Travaglia S.,Weis A.,,,,,14.0,12.0,23.0,26.0,2.0,2.0,2.0,2.0,1751410960.429219
b5sXbXtn,1751223600,Travaglia S.,Dragoni A.,,,,,,,,,,,,,1751410956.934249
bP3WtaL0,1751222400,Piraino G.,Kodat T.,,,,,15.0,22.0,14.0,9.0,2.0,7.0,10.0,8.0,1751410953.262818
nopR2trK,1751220000,Paul J.,Iannaccone F.,,,,,19.0,15.0,39.0,43.0,2.0,5.0,6.0,7.0,1751410949.780503
MqSdgTAN,1751217900,Echargui M.,Romano F.,,,,,20.0,26.0,34.0,37.0,6.0,11.0,6.0,20.0,1751410946.299421
vqP5ebzf,1751214000,Picchione A.,Fonio G.,,,,,27.0,36.0,29.0,21.0,1.0,11.0,5.0,12.0,1751410942.82815
0UwlektB,1751210100,Krumich M.,Sakellaridis S.,,,,,25.0,23.0,45.0,35.0,8.0,14.0,10.0,15.0,1751410939.335715
CAxDgx56,1751208000,Brancaccio R.,Janvier M.,,,,,30.0,43.0,24.0,45.0,3.0,10.0,5.0,12.0,1751410935.854673
hSISm7Yp,1751207100,Bagnolini D.,Pokorny L.,,,,,12.0,35.0,16.0,31.0,2.0,6.0,4.0,11.0,1751410932.166993
Wx2vuwjD,1751202600,Zapata Miralles B.,Caniato C. A.,,,,,9.0,15.0,14.0,11.0,1.0,4.0,1.0,4.0,1751410928.684993
fXztcBBb,1751202600,Thanos A.,Nijboer R.,,,,,16.0,15.0,21.0,29.0,6.0,4.0,7.0,7.0,1751410925.61306
ITzccK5s,1751202600,Alcala Gurri M.,Gulin S.,,,,,21.0,11.0,6.0,16.0,5.0,3.0,5.0,6.0,1751410922.339328
nesKTv0s,1751162400,Prado Angelo J. C.,Bueno G.,,,,,,,,,,,,,1751410919.178577
86kSJHBr,1751247600,Ilagan A.,Sheehy J.,,,,,,,,,,,,,1751410915.976003
YRFQSCfD,1751244900,Kirchheimer S.,van Wyk K.,,,,,15.0,41.0,23.0,58.0,4.0,4.0,4.0,13.0,1751410912.918413
hfPVww3E,1751244600,Watt J.,Ghibaudo A.,,,,,25.0,11.0,29.0,20.0,11.0,2.0,21.0,3.0,1751410909.639059
xIFmRaJ8,1751242200,Martin A.,Mayew W.,,,,,,,,,,,,,1751410906.364611
4YryIete,1751241000,Chung H.,Vithoontien L.,,,,,9.0,10.0,,,0.0,4.0,1.0,7.0,1751410903.090366
p2swxHXQ,1751238000,Visser A.,Zheng M.,,,,,10.0,12.0,28.0,22.0,3.0,2.0,5.0,3.0,1751410899.640175
bX3dPwlL,1751233500,Bouzige M.,Tajima N.,,,,,12.0,7.0,10.0,18.0,3.0,6.0,4.0,12.0,1751410896.53149
ABN13dR1,1751232600,Shick B.,Glinka D.,,,,,17.0,16.0,33.0,31.0,15.0,2.0,23.0,4.0,1751410893.257081
EqUh5Idk,1751232600,Chappell N.,McCormick T.,,,,,28.0,30.0,33.0,36.0,11.0,9.0,15.0,13.0,1751410889.978763
x0MHUYP0,1751224500,Moriya H.,Falck R.,,,,,16.0,11.0,19.0,37.0,4.0,2.0,5.0,5.0,1751410886.703847
UZI9Wfel,1751224200,Rybakov A.,Kotzen N. I.,,,,,22.0,6.0,36.0,18.0,8.0,3.0,10.0,5.0,1751410883.220191
xnsqGZA7,1751224200,Jayaraman S.,Matsuda R.,,,,,16.0,13.0,32.0,39.0,5.0,9.0,7.0,12.0,1751410879.954996
fV7JQRD5,1751225100,Paris T.,Dev S D P.,,,,,,,,,,,,,1751410876.664759
thZAU9Et,1751221800,Cretu C.,Donski A.,,,,,,,,,,,,,1751410873.389271
zmlZKdsp,1751218500,Gima S.,Guerrieri A.,,,,,,,,,,,,,1751410870.113594
OAazNqDU,1751216400,Pieleanu R. T.,Vrbensky M.,,,,,,,,,,,,,1751410866.838452
YLShuRSb,1751216100,Albot R.,Paulson A.,,,,,,,,,,,,,1751410863.561044
Mm2pElUa,1751212200,Andreescu S. A.,Compagnucci T.,,,,,,,,,,,,,1751410860.284173
GpdSO5rI,1751207700,Papoe C. G.,Kellovsky D.,,,,,,,,,,,,,1751410857.016228
08Upsmbn,1751207400,Agamenone F.,Papoe R. M.,,,,,,,,,,,,,1751410853.784525
Qua1A6TO,1751206200,Roca Batalla O.,Chirita I. A.,,,,,,,,,,,,,1751410850.469111
n54BSmqg,1751200800,Turcanu R. D.,Tomescu D. A.,,,,,,,,,,,,,1751410847.178997
UmM1w5cB,1751200800,Pavel B.,Palosi S.,,,,,,,,,,,,,1751410843.698602
UD5hCSbC,1751200800,Boitan G. A.,Forejtek J.,,,,,,,,,,,,,1751410840.423552
O2FutG33,1751140500,Prizmic D.,Cecchinato M.,,,,,,,,,,,,,1751410825.884188
zqzm9ADt,1751087400,Bueno G.,Blanch D.,,,,,,,,,,,,,1751410818.963292
AB9ZUH0C,1751080200,Prado Angelo J. C.,Boscardin Dias P.,,,,,,,,,,,,,1751410815.496508
UwTSUke2,1751134200,Moutet C.,Griekspoor T.,,,,,26.0,30.0,22.0,21.0,4.0,32.0,6.0,47.0,1751410812.409366
6JrHFY7l,1751142900,Fritz T.,Brooksby J.,200.0,175.0,161.0,149.0,22.0,12.0,6.0,7.0,7.0,7.0,10.0,9.0,1751410809.301342
fiBo3Qed,1751056200,Prizmic D.,Jodar R.,,,,,,,,,,,,,1751410794.344588
0lE8Pn5j,1751049300,Cecchinato M.,Vasami J.,,,,,,,,,,,,,1751410791.018335
S2MIGIRI,1751001900,Bueno G.,Pucinelli de Almeida M.,,,,,,,,,,,,,1751410784.813477
tKgUj4aJ,1750993500,Olivieri G. A.,Blanch D.,,,,,,,,,,,,,1751410781.690199
lrbJC6Q8,1751058600,Moutet C.,Michelsen A.,,,,,26.0,22.0,22.0,29.0,7.0,22.0,8.0,36.0,1751410778.791813
AHCPNXeT,1751049600,Griekspoor T.,Auger-Aliassime F.,,,,,18.0,20.0,22.0,16.0,11.0,6.0,14.0,8.0,1751410775.515148
hx8YrV64,1751063700,Fritz T.,Davidovich Fokina A.,197.0,184.0,170.0,172.0,33.0,18.0,24.0,31.0,7.0,8.0,8.0,10.0,1751410772.12796
8fFZExDb,1751052900,Humbert U.,Brooksby J.,181.0,180.0,158.0,139.0,31.0,26.0,54.0,37.0,19.0,8.0,24.0,11.0,1751410768.430287
KUlCRmW7,1750969200,Vasami J.,Mikrut L.,,,,,,,,,,,,,1751410753.81055
xjB1lHxS,1750962900,Cecchinato M.,Houkes M.,,,,,,,,,,,,,1751410750.534218
xGfdLS6U,1750953900,Prizmic D.,Negritu Ch.,,,,,,,,,,,,,1751410747.287265
UqhodR6e,1750953900,Jodar R.,Gea A.,,,,,,,,,,,,,1751410744.656552
lCooCcOb,1750985100,Mejia N.,Prado Angelo J. C.,,,,,,,,,,,,,1751410737.838046
hjeCbPy9,1750975800,Boscardin Dias P.,Barrena A.,,,,,,,,,,,,,1751410734.563224
2XvIO1NM,1750916700,Bueno G.,Casanova H.,,,,,,,,,,,,,1751410731.08225
MHgfa8mK,1750910100,Villanueva G.,Pucinelli de Almeida M.,,,,,,,,,,,,,1751410727.857985
QiJ6g3KO,1750972200,Michelsen A.,Bautista-Agut R.,,,,,35.0,20.0,28.0,22.0,8.0,4.0,19.0,7.0,1751410725.184036
CzAT2LGs,1750964400,Tien L.,Moutet C.,,,,,17.0,22.0,38.0,24.0,15.0,12.0,22.0,15.0,1751410722.086891
2uu4f4q2,1750955400,Medjedovic H.,Auger-Aliassime F.,,,,,22.0,25.0,27.0,15.0,6.0,5.0,8.0,14.0,1751410719.00373
YqmaEkHi,1750948800,Diallo G.,Griekspoor T.,,,,,20.0,19.0,19.0,14.0,7.0,10.0,9.0,14.0,1751410715.748045
K4X209NO,1750971900,Fritz T.,Giron M.,196.0,178.0,154.0,148.0,41.0,31.0,38.0,34.0,9.0,7.0,20.0,8.0,1751410712.667199
t8TTRSkA,1750964400,Mensik J.,Davidovich Fokina A.,,,,,20.0,25.0,38.0,26.0,13.0,4.0,20.0,5.0,1751410709.386034
ncIY1U7K,1750957800,Brooksby J.,Evans D.,177.0,182.0,146.0,155.0,20.0,11.0,19.0,28.0,8.0,8.0,10.0,13.0,1751410706.106923
2aiNc6AM,1750954500,Fritz T.,Fonseca J.,203.0,199.0,165.0,173.0,26.0,24.0,30.0,40.0,5.0,10.0,9.0,12.0,1751410702.84866
vygq5s7N,1750950600,Harris B.,Humbert U.,188.0,184.0,163.0,161.0,12.0,17.0,31.0,20.0,4.0,6.0,4.0,9.0,1751410699.553555
QF9Fe49E,1750964700,Faria J.,Jacquet K.,,,,,48.0,38.0,47.0,37.0,31.0,33.0,44.0,51.0,1751410696.333913
IJsoMl05,1750964400,Stricker D.,Mochizuki S.,,,,,40.0,48.0,33.0,24.0,19.0,42.0,31.0,55.0,1751410693.221294
ChL34Yin,1750956300,Klein L.,Jarry N.,,,,,12.0,38.0,28.0,23.0,12.0,15.0,21.0,21.0,1751410690.098891
b7I7Kprp,1750955400,Basilashvili N.,Ficovich J. P.,,,,,65.0,16.0,43.0,3.0,27.0,5.0,38.0,9.0,1751410687.010173
SftupzWj,1750950600,Tu L.,Mannarino A.,,,,,51.0,29.0,61.0,23.0,26.0,17.0,36.0,24.0,1751410683.896925
SOuddLX1,1750950600,Tarvet O.,Blockx A.,,,,,29.0,25.0,31.0,45.0,20.0,12.0,28.0,19.0,1751410680.806063
tElNVq0f,1750950600,Stewart H.,Riedi L.,,,,,22.0,40.0,39.0,33.0,7.0,13.0,13.0,19.0,1751410677.704441
xGxcjm64,1750950600,Holmgren A.,Watanuki Y.,,,,,61.0,73.0,58.0,37.0,35.0,15.0,44.0,27.0,1751410674.604199
dnr2Mcfl,1750950600,Hassan B.,Misolic F.,,,,,53.0,39.0,59.0,38.0,31.0,16.0,55.0,21.0,1751410671.506598
YD6k8nIt,1750950600,Garin C.,Zeppieri G.,,,,,42.0,63.0,38.0,55.0,24.0,18.0,43.0,33.0,1751410668.229604
IR7pb8gt,1750950600,Fucsovics M.,Rodesch C.,,,,,21.0,33.0,35.0,36.0,8.0,25.0,14.0,38.0,1751410664.957149
CO1S8P7b,1750950600,Cazaux A.,Lajovic D.,,,,,48.0,33.0,24.0,30.0,25.0,19.0,36.0,36.0,1751410661.474956
UiEw83EN,1750950600,Barrios Vera T.,McCabe J.,,,,,46.0,58.0,44.0,51.0,33.0,29.0,47.0,40.0,1751410658.201293
hKU1h4NH,1750950300,Royer V.,Droguet T.,,,,,37.0,29.0,11.0,16.0,24.0,11.0,31.0,15.0,1751410654.967268
UogkvgoA,1750950300,Pavlovic L.,Zhukayev B.,,,,,45.0,52.0,26.0,24.0,18.0,27.0,24.0,40.0,1751410651.672365
faazBOtI,1750950300,Bolt A.,Landaluce M.,,,,,27.0,13.0,21.0,28.0,15.0,3.0,23.0,5.0,1751410648.57919
Y5OZQS0c,1750883400,Poljicak M.,Vasami J.,,,,,,,,,,,,,1751410633.883366
KfQH604L,1750881900,Faurel T.,Houkes M.,,,,,,,,,,,,,1751410630.802074
zcuZdECT,1750876800,Ferreira Silva F.,Cecchinato M.,,,,,,,,,,,,,1751410627.711786
SUGi9wye,1750876500,Prihodko O.,Mikrut L.,,,,,,,,,,,,,1751410624.421026
Uyrhi6nT,1750867200,Gea A.,Roca Batalla O.,,,,,,,,,,,,,1751410621.153793
AT8x5QMt,1750865100,Negritu Ch.,Gakhov I.,,,,,,,,,,,,,1751410617.870504
OYu3imbl,1750859100,Prizmic D.,Berrettini J.,,,,,,,,,,,,,1751410614.596188
CIW6fn7K,1750859100,Pereira T.,Jodar R.,,,,,,,,,,,,,1751410611.316191
v3g0DOll,1750896000,Mejia N.,Rodrigues P.,,,,,,,,,,,,,1751410604.795232
bqY79yHP,1750890900,Midon L.,Boscardin Dias P.,,,,,,,,,,,,,1751410601.707187
jsDHV0HN,1750887600,Blanch D.,Tobon M.,,,,,,,,,,,,,1751410598.619983
t8THRE9b,1750887300,Barrena A.,Torres J. B.,,,,,,,,,,,,,1751410595.351956
A1vyjsqA,1750881900,Prado Angelo J. C.,Jones M.,,,,,,,,,,,,,1751410592.068105
GSveaHJU,1750881900,Olivieri G. A.,Bicknell B.,,,,,,,,,,,,,1751410588.897055
0rktp4VO,1750828200,Bueno G.,Justo G. I.,,,,,,,,,,,,,1751410585.806332
4GeXoQ0C,1750821300,Midon L.,Baena N.,,,,,,,,,,,,,1751410582.511392
nmyKacBr,1750818900,Tobon M.,Reis Da Silva J.,,,,,,,,,,,,,1751410579.416894
CUM98MZ8,1750885800,Tomic B.,Bautista-Agut R.,,,,,22.0,14.0,26.0,13.0,2.0,6.0,5.0,10.0,1751410576.300762
08WR0azg,1750877100,Shelton B.,Tien L.,,,,,21.0,22.0,38.0,22.0,4.0,6.0,10.0,7.0,1751410573.025115
IJwI8cWF,1750873200,Michelsen A.,Holt B.,,,,,16.0,14.0,29.0,21.0,10.0,15.0,12.0,21.0,1751410569.784258
pWpOiNz3,1750867800,Moutet C.,Altmaier D.,,,,,26.0,24.0,26.0,47.0,17.0,25.0,19.0,35.0,1751410566.678993
KhmQORB7,1750884000,Giron M.,Fearnley J.,184.0,189.0,156.0,166.0,11.0,8.0,11.0,30.0,1.0,5.0,1.0,5.0,1751410563.403022
KKFuJ85C,1750884000,Evans D.,Paul T.,188.0,191.0,160.0,159.0,17.0,31.0,26.0,42.0,15.0,4.0,19.0,14.0,1751410560.127444
CGoLRoCr,1750876800,Duckworth J.,Davidovich Fokina A.,196.0,191.0,160.0,164.0,23.0,39.0,36.0,41.0,8.0,11.0,12.0,15.0,1751410556.85068
d0orTgGa,1750871100,Mensik J.,Opelka R.,203.0,200.0,171.0,172.0,22.0,27.0,14.0,31.0,7.0,10.0,8.0,23.0,1751410553.782794
U3G8zAhT,1750871100,Harris B.,Bellucci M.,194.0,198.0,160.0,163.0,18.0,9.0,24.0,23.0,5.0,2.0,6.0,3.0,1751410550.503828
ELcOOyme,1750864200,Sonego L.,Humbert U.,188.0,201.0,170.0,167.0,8.0,22.0,19.0,23.0,4.0,13.0,7.0,17.0,1751410547.287647
jkooDoKO,1750863900,Borges N.,Brooksby J.,188.0,185.0,162.0,145.0,13.0,25.0,25.0,22.0,8.0,10.0,12.0,11.0,1751410544.00372
tSanInAd,1750879800,Basilashvili N.,Wong C.,,,,,31.0,26.0,22.0,17.0,6.0,6.0,9.0,8.0,1751410540.882499
r5R2xpgR,1750879200,Bonding O.,Ficovich J. P.,,,,,25.0,22.0,22.0,10.0,20.0,21.0,32.0,25.0,1751410537.605943
0ddEcald,1750877700,Svrcina D.,Klein L.,,,,,13.0,25.0,27.0,21.0,9.0,26.0,17.0,33.0,1751410534.419163
MFMpDTPF,1750877400,Jacquet K.,Gaubas V.,,,,,25.0,14.0,20.0,16.0,4.0,7.0,7.0,12.0,1751410531.259386
0pWDYNvm,1750877400,Faria J.,Trungelliti M.,,,,,36.0,12.0,28.0,15.0,9.0,9.0,15.0,18.0,1751410528.041566
zuOfv6OE,1750876800,Meligeni Alves F.,Mochizuki S.,,,,,19.0,25.0,29.0,19.0,4.0,21.0,7.0,30.0,1751410524.963761
ttqXs0n4,1750875600,Onclin G.,Misolic F.,,,,,19.0,27.0,26.0,19.0,9.0,7.0,17.0,13.0,1751410521.8428
OCCOmqMN,1750875300,Kovalik J.,Jarry N.,,,,,12.0,34.0,9.0,14.0,7.0,8.0,12.0,11.0,1751410518.409995
MaKMW19a,1750875300,Budkov Kjaer N.,Mannarino A.,,,,,7.0,15.0,25.0,22.0,3.0,6.0,3.0,8.0,1751410515.296033
2PI9RsUQ,1750874700,Zeppieri G.,Jubb P.,,,,,16.0,4.0,10.0,17.0,3.0,6.0,6.0,8.0,1751410512.119312
pj9pgANM,1750874700,Nava E.,Stricker D.,,,,,28.0,20.0,21.0,15.0,9.0,17.0,15.0,28.0,1751410509.016982
IsGgB7fS,1750872300,Bouquier A.,Lajovic D.,,,,,19.0,10.0,26.0,8.0,11.0,11.0,18.0,17.0,1751410505.876762
IysANTe5,1750872000,Lajal M.,Rodesch C.,,,,,4.0,19.0,10.0,7.0,3.0,6.0,7.0,14.0,1751410502.643219
WjZMe9rS,1750871700,Schoolkate T.,Hassan B.,,,,,19.0,33.0,17.0,23.0,20.0,8.0,35.0,15.0,1751410499.545678
0jefoovq,1750870200,Garin C.,Habib H.,,,,,19.0,21.0,4.0,14.0,7.0,11.0,9.0,19.0,1751410496.331598
ddJFG2W7,1750869900,Tu L.,Shimabukuro S.,,,,,39.0,48.0,31.0,32.0,35.0,24.0,57.0,37.0,1751410493.208518
jmtMmsXp,1750869900,Cazaux A.,Blanchet U.,,,,,18.0,22.0,24.0,34.0,11.0,12.0,20.0,25.0,1751410490.113933
40Z7MBno,1750869600,Royer V.,Uchiyama Y.,,,,,27.0,34.0,24.0,22.0,14.0,7.0,24.0,13.0,1751410486.629574
StgWPwC5,1750869300,Fucsovics M.,Svajda Z.,,,,,26.0,19.0,36.0,31.0,10.0,10.0,14.0,16.0,1751410483.353274
pKQrvpHP,1750869300,Daniel T.,Droguet T.,,,,,20.0,48.0,18.0,23.0,16.0,18.0,27.0,20.0,1751410480.076528
fcW1jO2d,1750864200,Tarvet O.,Galarneau A.,,,,,19.0,15.0,11.0,20.0,16.0,11.0,26.0,14.0,1751410476.800522
veTRuoVF,1750864200,Peniston R.,Landaluce M.,,,,,25.0,41.0,29.0,46.0,14.0,7.0,23.0,12.0,1751410473.548857
SxysnVkR,1750864200,McCabe J.,Burruchaga R. A.,,,,,20.0,7.0,17.0,27.0,6.0,10.0,11.0,14.0,1751410470.448826
nXSghpYq,1750864200,Kukushkin M.,Holmgren A.,,,,,17.0,36.0,23.0,29.0,5.0,11.0,8.0,14.0,1751410467.194762
t4HaRjmA,1750864200,Barrios Vera T.,Rocha H.,,,,,13.0,11.0,19.0,22.0,13.0,13.0,22.0,19.0,1751410464.099765
hpdb6VL6,1750863900,Zhukayev B.,Hanfmann Y.,,,,,29.0,25.0,7.0,7.0,8.0,15.0,11.0,22.0,1751410460.824259
be4uMLil,1750863900,van Assche L.,Stewart H.,,,,,20.0,47.0,22.0,54.0,15.0,29.0,26.0,43.0,1751410457.544689
C2fTTgfB,1750863900,Spizzirri E.,Bolt A.,,,,,28.0,41.0,18.0,24.0,9.0,25.0,13.0,30.0,1751410454.270349
MXXy0uUF,1750863900,Smith C.,Watanuki Y.,,,,,14.0,24.0,22.0,25.0,9.0,19.0,12.0,29.0,1751410450.943575
t0ioYHat,1750863900,Skatov T.,Blockx A.,,,,,28.0,19.0,22.0,14.0,14.0,6.0,21.0,8.0,1751410447.506776
bLRCt9Dl,1750863900,Riedi L.,Gomez F. A.,,,,,35.0,28.0,12.0,23.0,13.0,10.0,19.0,19.0,1751410444.215494
fNclKaM0,1750863900,Pavlovic L.,Trotter J. K.,,,,,47.0,39.0,43.0,37.0,27.0,37.0,45.0,61.0,1751410441.057732
xS687UQa,1750379700,Passaro F.,Ymer E.,,,,,31.0,25.0,51.0,44.0,7.0,4.0,11.0,6.0,1750423160.007231
YHbA7iK8,1750367100,Taberner C.,van Assche L.,,,,,21.0,26.0,58.0,51.0,11.0,5.0,17.0,9.0,1750423156.799597
pOYuuKAb,1750354200,Rincon D.,Pacheco Mendez R.,,,,,14.0,8.0,38.0,20.0,6.0,2.0,10.0,4.0,1750423153.715123
vsncXk2b,1750346100,Maestrelli F.,Lajovic D.,,,,,25.0,27.0,23.0,22.0,9.0,13.0,15.0,18.0,1750423150.58735
KrWqOOxH,1750369800,Alvarez Valdes L. C.,Vilicich B.,,,,,,,,,,,,,1750423147.512683
O8jwfjFG,1750369200,Boscardin Dias P.,Villanueva G.,,,,,,,,,,,,,1750423144.237379
Uk7zzVNp,1750367400,Barrena A.,Torres J. B.,,,,,,,,,,,,,1750423140.959414
lS52rdBt,1750363800,Roncadelli F.,Prado Angelo J. C.,,,,,,,,,,,,,1750423137.682957
G6VHn87j,1750363800,Hernandez A.,La Serna J. M.,,,,,,,,,,,,,1750423134.404432
WS8kbmse,1750367400,Mikrut L.,Droguet T.,,,,,,,,,,,,,1750423131.336552
Y9Qb7e14,1750355700,Merida Aguilar D.,Feldbausch K.,,,,,,,,,,,,,1750423128.080601
CzKOF3sm,1750349400,Couacaud E.,Kuzmanov D.,,,,,,,,,,,,,1750423124.987884
tpJlWS54,1750342200,Brunold M.,Santamarta Roig A.,,,,,,,,,,,,,1750423121.708912
foU6pk6K,1750358400,Misolic F.,Rodionov J.,,,,,,,,,,,,,1750423118.472293
YszHtXo3,1750352700,Garin C.,Krumich M.,,,,,,,,,,,,,1750423115.391841
QN5t6OBL,1750347900,Giustino L.,Tirante T. A.,,,,,,,,,,,,,1750423112.297224
hOxfAoqo,1750346100,Barton H.,Svrcina D.,,,,,,,,,,,,,1750423109.017601
0ITskJNN,1750371300,Barrios Vera T.,Cilic M.,,,,,,,,,,,,,1750423105.941799
2mysVWk1,1750359000,Landaluce M.,Atmane T.,,,,,,,,,,,,,1750423102.794196
r32kPGoB,1750355100,Faria J.,Mochizuki S.,,,,,,,,,,,,,1750423099.688657
txaaInIr,1750345500,Smith C.,Nava E.,,,,,,,,,,,,,1750423096.574553
xjX9MXX1,1750375500,Opelka R.,Rinderknech A.,206.0,204.0,167.0,181.0,25.0,22.0,23.0,22.0,9.0,9.0,18.0,9.0,1750423093.51765
MguE8QQG,1750363200,Alcaraz C.,Munar J.,190.0,188.0,163.0,164.0,49.0,39.0,53.0,46.0,18.0,9.0,22.0,21.0,1750423090.421785
0MPl43oo,1750354500,Fearnley J.,Moutet C.,190.0,170.0,165.0,142.0,40.0,19.0,38.0,24.0,26.0,9.0,35.0,12.0,1750423087.600252
txqI9PNN,1750349400,Lehecka J.,Diallo G.,206.0,199.0,176.0,176.0,10.0,14.0,12.0,18.0,4.0,4.0,6.0,14.0,1750423084.441842
h4xQMtSp,1750372800,Sinner J.,Bublik A.,,,,,30.0,36.0,25.0,25.0,7.0,8.0,13.0,14.0,1750423081.16567
SpDcseJk,1750363200,Sonego L.,Zverev A.,,,,,26.0,35.0,21.0,18.0,12.0,18.0,17.0,21.0,1750423077.891535
UsNLfCh5,1750356000,Marozsan F.,Machac T.,,,,,19.0,21.0,19.0,5.0,4.0,6.0,7.0,9.0,1750423074.622179
U5wjcjdD,1750351200,Rublev A.,Etcheverry T. M.,,,,,43.0,29.0,41.0,26.0,8.0,7.0,10.0,10.0,1750423071.128562
Uw9Ogbw8,1750345800,Shapovalov D.,Cobolli F.,,,,,33.0,28.0,61.0,32.0,13.0,13.0,19.0,17.0,1750423067.86924
b11bLBin,1750344000,Auger-Aliassime F.,Khachanov K.,,,,,29.0,14.0,27.0,23.0,6.0,5.0,8.0,7.0,1750423064.372598
QLzRDGV8,1750290300,Brancaccio R.,Ymer E.,,,,,38.0,26.0,50.0,30.0,9.0,12.0,13.0,17.0,1750347089.701506
p6Vqy8q2,1750279200,Zeppieri G.,Pacheco Mendez R.,,,,,49.0,19.0,51.0,30.0,9.0,5.0,10.0,14.0,1750347086.424609
04M9yqas,1750275300,van Assche L.,Sakamoto R.,,,,,13.0,15.0,10.0,33.0,1.0,2.0,1.0,5.0,1750347083.149174
hCxSzyZj,1750270200,Ramos A.,Lajovic D.,,,,,12.0,21.0,26.0,23.0,2.0,5.0,3.0,6.0,1750347079.871233
Um2c2DuH,1750270200,Passaro F.,Roca Batalla O.,,,,,23.0,14.0,35.0,40.0,,,,,1750347076.593905
MHJDdYNh,1750266600,Moro Canas A.,Maestrelli F.,,,,,13.0,27.0,26.0,44.0,5.0,13.0,9.0,16.0,1750347073.318426
Q7NhRGKM,1750261500,Taberner C.,Bondioli F.,,,,,15.0,10.0,14.0,27.0,7.0,2.0,10.0,7.0,1750347070.043456
MgZQO9Jb,1750260900,Neumayer L.,Rincon D.,,,,,30.0,29.0,44.0,38.0,,,,,1750347066.765663
WbkaW0rf,1750254000,Sakamoto R.,Guillen Meza A.,,,,,38.0,27.0,64.0,38.0,17.0,6.0,23.0,9.0,1750347062.874268
S47XH1T0,1750254000,Blancaneaux G.,van Assche L.,,,,,13.0,15.0,30.0,20.0,6.0,6.0,12.0,6.0,1750347059.598268
pOvnhUqT,1750288200,Olivieri G. A.,Gerch L.,,,,,,,,,,,,,1750347056.320525
vLQC7fRP,1750288200,Midon L.,Aguilar J. C. M.,,,,,,,,,,,,,1750347053.0427
CEYQqiZI,1750288200,Ambrogi L. E.,Reis Da Silva J.,,,,,,,,,,,,,1750347049.876214
jgRS5Gi3,1750224300,Bueno G.,Prado Angelo J. C.,,,,,,,,,,,,,1750347046.695838
C6zIqQz1,1750221900,Bagnis F.,Pucinelli de Almeida M.,,,,,,,,,,,,,1750347043.417279
IBmVeCp4,1750221600,Bagnis F.,La Serna J. M.,,,,,,,,,,,,,1750347040.14397
hQeibPkf,1750216200,Dellien Velasco M. A.,Boscardin Dias P.,,,,,,,,,,,,,1750347036.871585
Qi9bd3K6,1750215900,Garcia R.,Torres J. B.,,,,,,,,,,,,,1750347033.588506
x4WeX1fo,1750214100,Gerch L.,Justo G. I.,,,,,,,,,,,,,1750347030.516818
8IPr2uw0,1750281000,Hemery C.,Couacaud E.,,,,,,,,,,,,,1750347027.242147
bws2agjm,1750271700,Ivanovski K.,Kuzmanov D.,,,,,,,,,,,,,1750347023.966825
CA0EuvrH,1750271400,Gea A.,Droguet T.,,,,,,,,,,,,,1750347020.891945
QPdI3Mlo,1750265400,Erhard M.,Mikrut L.,,,,,,,,,,,,,1750347017.614719
Yovh1rJj,1750263600,Merida Aguilar D.,Bax F.,,,,,,,,,,,,,1750347014.339352
WChB9k4s,1750263000,Gadamauri B.,Feldbausch K.,,,,,,,,,,,,,1750347011.074003
hSt8sLU1,1750255800,Santamarta Roig A.,Gakhov I.,,,,,,,,,,,,,1750347007.786218
pUyk1TXR,1750255800,Brunold M.,Paris T.,,,,,,,,,,,,,1750347004.51004
4hZqTxjA,1750287900,Michalski D.,Rodionov J.,,,,,,,,,,,,,1750347001.23335
lOcImAW0,1750279500,Mrva M.,Krumich M.,,,,,,,,,,,,,1750346997.958189
pzFHxJFM,1750275300,Misolic F.,Kolar Z.,,,,,,,,,,,,,1750346994.475848
OOjisCzJ,1750268100,Durasovic V.,Tirante T. A.,,,,,,,,,,,,,1750346991.198261
EXB4AlTF,1750265100,Vallejo D.,Giustino L.,,,,,,,,,,,,,1750346987.921362
Eu0Strzp,1750262400,Garin C.,Nagal S.,,,,,,,,,,,,,1750346984.647127
dUbnyzFb,1750255800,Skatov T.,Barton H.,,,,,,,,,,,,,1750346981.573373
zyUqGJKr,1750255800,Martineau M.,Svrcina D.,,,,,,,,,,,,,1750346978.297824
bJjzQuWG,1750281600,Barrios Vera T.,Schoolkate T.,,,,,,,,,,,,,1750346974.815731
MJGyxLmL,1750276200,Faria J.,Choinski J.,,,,,,,,,,,,,1750346971.53981
jHVBKNm1,1750268700,Harris L.,Cilic M.,,,,,,,,,,,,,1750346968.264078
KEr0qs0k,1750266300,McCabe J.,Smith C.,,,,,,,,,,,,,1750346964.986111
hhCMaVsn,1750261200,Nava E.,Peniston R.,,,,,,,,,,,,,1750346961.711067
Ct3TxeZ7,1750259400,Mochizuki S.,Boyer T.,,,,,,,,,,,,,1750346958.433292
Sxo3AImA,1750289700,Rune H.,McDonald M.,180.0,182.0,165.0,164.0,30.0,22.0,15.0,24.0,11.0,6.0,13.0,10.0,1750346955.198454
vekwvnO9,1750281600,Evans D.,Nakashima B.,190.0,194.0,164.0,163.0,24.0,24.0,28.0,22.0,14.0,3.0,16.0,6.0,1750346952.087917
tMbhAA45,1750272600,Popyrin A.,Draper J.,203.0,197.0,163.0,161.0,31.0,33.0,36.0,29.0,16.0,11.0,22.0,12.0,1750346948.827442
ne92iF5b,1750263000,Bautista-Agut R.,Mensik J.,177.0,202.0,157.0,167.0,25.0,37.0,31.0,46.0,8.0,15.0,11.0,19.0,1750346945.535244
dtPn0BO7,1750275900,Michelsen A.,Tsitsipas S.,,,,,26.0,24.0,19.0,26.0,11.0,10.0,17.0,18.0,1750346942.260483
jiMdv8AC,1750270500,Halys Q.,Medvedev D.,,,,,21.0,22.0,21.0,6.0,5.0,5.0,12.0,7.0,1750346938.982158
YofWXuke,1750264500,Giron M.,Zverev A.,,,,,10.0,22.0,24.0,14.0,2.0,2.0,3.0,5.0,1750346935.706073
bipGXWfC,1750257900,Bergs Z.,Khachanov K.,,,,,25.0,14.0,37.0,22.0,8.0,9.0,15.0,12.0,1750346932.428208
MedeOSMb,1750201800,Ymer E.,Wawrinka S.,,,,,21.0,28.0,28.0,49.0,9.0,11.0,12.0,12.0,1750346918.094058
bBzr7pFr,1750195800,Rodriguez Taverna S.,Ramos A.,,,,,32.0,25.0,76.0,65.0,1.0,1.0,1.0,2.0,1750346914.816662
t6CUxSyh,1750195500,Fonio G.,Roca Batalla O.,,,,,10.0,23.0,27.0,13.0,7.0,9.0,13.0,11.0,1750346911.54216
URrCKpMN,1750192200,Arnaboldi F.,Brancaccio R.,,,,,21.0,24.0,51.0,37.0,,,,,1750346908.468632
SjSb32E7,1750191000,Taberner C.,Kovalik J.,,,,,,,,,,,,,1750346905.191251
lCPrFOqo,1750188600,Passaro F.,Prihodko O.,,,,,21.0,17.0,41.0,56.0,,,,,1750346901.915616
vuZqR56E,1750185600,Pacheco Mendez R.,Gaubas V.,,,,,10.0,15.0,28.0,48.0,,,,,1750346898.640849
v1AKwqjK,1750182000,Gueymard Wayenburg S.,Bondioli F.,,,,,20.0,27.0,45.0,28.0,11.0,5.0,23.0,9.0,1750346895.363231
xY5wy664,1750180500,Zeppieri G.,Napolitano S.,,,,,21.0,6.0,28.0,28.0,,,,,1750346892.085692
rBp4M6iB,1750180200,Rincon D.,Cecchinato M.,,,,,32.0,23.0,30.0,29.0,,,,,1750346888.809556
UuOpZqyH,1750176900,Nijboer R.,Lajovic D.,,,,,17.0,13.0,23.0,13.0,3.0,2.0,5.0,3.0,1750346885.534868
0fNhPqyR,1750174200,Neumayer L.,Travaglia S.,,,,,7.0,4.0,6.0,11.0,,,,,1750346882.256371
0I5uGubD,1750168500,Geerts M.,Maestrelli F.,,,,,3.0,17.0,8.0,9.0,,,,,1750346878.982042
WxEOJNbl,1750168500,Daniel T.,Moro Canas A.,,,,,,,,,,,,,1750346875.702091
Aq1jYMDs,1750165200,Rincon D.,Fatic N.,,,,,,,,,,,,,1750346872.414158
WOYk5Oqe,1750165200,Arnaboldi F.,Prizmic D.,,,,,,,,,,,,,1750346869.138128
EJ27Mwfe,1750137000,Barreto Sanchez D. A.,Barreiros Reyes M.,,,,,,,,,,,,,1750346865.874954
0z1FKHO7,1750129500,Kuzuhara B.,Alvarez Valdes L. C.,,,,,,,,,,,,,1750346862.597536
8YkQ3Srh,1750128000,De La Fuente S.,Rodriguez J. A.,,,,,,,,,,,,,1750346859.320672
lvEdUCZr,1750127700,La Serna J. M.,Vilicich B.,,,,,,,,,,,,,1750346855.839381
0SGC57cK,1750209000,Midon L.,Tudorica A. N.,,,,,,,,,,,,,1750346842.938494
I7s9on6l,1750206900,Zeballos F.,Barrena A.,,,,,,,,,,,,,1750346839.661564
WA7r0oLs,1750206900,Jones M.,Reis Da Silva J.,,,,,,,,,,,,,1750346836.385161
p6iHvp2B,1750203600,De La Fuente S.,Aguilar J. C. M.,,,,,,,,,,,,,1750346833.109848
SUKjOOHU,1750200300,Vilicich B.,Kicker N.,,,,,,,,,,,,,1750346829.832652
tYpQxOWN,1750200300,Olivo R.,Alvarez Valdes L. C.,,,,,,,,,,,,,1750346826.557338
xtl9t6Xb,1750199400,Barreto Sanchez D. A.,Ambrogi L. E.,,,,,,,,,,,,,1750346823.282027
C8Fy4fMF,1750194600,Roncadelli F.,Farjat T.,,,,,,,,,,,,,1750346820.004279
GQa0rS2n,1750194600,Olivieri G. A.,Sperle J.,,,,,,,,,,,,,1750346816.726854
pKYPs45D,1750194600,Kestelboim M.,Villanueva G.,,,,,,,,,,,,,1750346813.452157
MJ27fskJ,1750194600,Hernandez A.,Casanova H.,,,,,,,,,,,,,1750346809.35747
ngnbrIlB,1750194900,Paire B.,Gadamauri B.,,,,,,,,,,,,,1750346806.079637
pUksn0kn,1750187400,Alcala Gurri M.,Bax F.,,,,,,,,,,,,,1750346802.802501
hCIhasaE,1750187100,Merida Aguilar D.,Dodig M.,,,,,,,,,,,,,1750346799.526285
ER61cLTQ,1750186500,Feldbausch K.,Tabur C.,,,,,,,,,,,,,1750346796.249668
O0hXiail,1750182000,Gombos N.,Ivanovski K.,,,,,,,,,,,,,1750346792.975749
tdqjpvKb,1750180800,Papamalamis T.,Gakhov I.,,,,,,,,,,,,,1750346789.697473
htpllHjD,1750177800,Gea A.,Strombachs R.,,,,,,,,,,,,,1750346786.42295
viRxyzso,1750169400,Santamarta Roig A.,Marti Pujolras A.,,,,,,,,,,,,,1750346783.14588
fa9PbwZi,1750169400,Poullain L.,Kuzmanov D.,,,,,,,,,,,,,1750346779.897982
88z7tdJN,1750169400,Faurel T.,Paris T.,,,,,,,,,,,,,1750346776.591914
nwnAbLLP,1750187400,Zakaria F.,Krumich M.,,,,,,,,,,,,,1750346773.315391
ShsXhQJi,1750187400,Berkieta T.,Michalski D.,,,,,,,,,,,,,1750346770.039659
z3KckHrC,1750187100,Alvarez Varona N.,Rodionov J.,,,,,,,,,,,,,1750346766.763086
tpcvZVSI,1750181400,Yevseyev D.,Tirante T. A.,,,,,,,,,,,,,1750346763.489855
pI3Vzhb6,1750181100,Durasovic V.,Ferreira Silva F.,,,,,,,,,,,,,1750346760.210759
MafOzITI,1750179300,Mrva M.,Molleker R.,,,,,,,,,,,,,1750346756.934988
8GI5meDO,1750176000,Barton H.,Kodat T.,,,,,,,,,,,,,1750346753.657595
WANtgaqm,1750174200,Dedura D.,Martineau M.,,,,,,,,,,,,,1750346750.179648
vyRliwEa,1750173000,Poljicak M.,Kolar Z.,,,,,,,,,,,,,1750346746.902453
t28Ezq4N,1750167600,Vacherot V.,Giustino L.,,,,,,,,,,,,,1750346743.623163
SYblmMmT,1750167600,Squire H.,Svrcina D.,,,,,,,,,,,,,1750346740.347483
WC8ktmzn,1750167600,Garin C.,Vatutin A.,,,,,,,,,,,,,1750346737.078161
06uui4l4,1750165200,Zakaria F.,Pellegrino A.,,,,,,,,,,,,,1750346733.577647
Mw3PR1Tj,1750200900,Atmane T.,Fery A.,,,,,,,,,,,,,1750346730.516925
zDmxr505,1750188000,Mannarino A.,Landaluce M.,,,,,,,,,,,,,1750346727.240686
K60fU2L7,1750187400,Pinnington Jones J.,Nava E.,,,,,,,,,,,,,1750346723.963771
d0PHxjpg,1750178700,Trungelliti M.,Smith C.,,,,,,,,,,,,,1750346720.68769
jR8wYpMr,1750177800,Harris L.,Royer V.,,,,,,,,,,,,,1750346717.207342
I1SKpO5l,1750173000,Schoolkate T.,Blockx A.,,,,,,,,,,,,,1750346713.929818
jBEAanqT,1750199100,Diallo G.,Harris B.,192.0,190.0,172.0,166.0,24.0,24.0,34.0,22.0,12.0,4.0,20.0,6.0,1750346710.656787
8jiLTQQs,1750195500,Moutet C.,Fritz T.,173.0,198.0,140.0,159.0,36.0,34.0,23.0,15.0,12.0,18.0,14.0,27.0,1750346707.379946
neFufQ6j,1750194300,Thompson J.,Munar J.,186.0,185.0,161.0,152.0,9.0,9.0,15.0,11.0,4.0,2.0,9.0,2.0,1750346704.104287
zPTakdaS,1750188300,Alcaraz C.,Walton A.,190.0,191.0,171.0,163.0,34.0,22.0,11.0,10.0,11.0,13.0,14.0,16.0,1750346700.824717
MVMg3Uq4,1750186800,Alcaraz C.,Davidovich Fokina A.,,,,,,,,,,,,,1750346697.533227
dCN2BqBD,1750186500,Rinderknech A.,Shelton B.,203.0,203.0,178.0,179.0,36.0,40.0,16.0,24.0,16.0,12.0,20.0,18.0,1750346694.476343
UeQ118EG,1750186500,Opelka R.,Ugo Carabelli C.,207.0,190.0,165.0,161.0,46.0,13.0,25.0,15.0,16.0,4.0,22.0,6.0,1750346691.201147
lKL9U6r3,1750182300,Brooksby J.,Draper J.,178.0,202.0,140.0,171.0,9.0,18.0,22.0,25.0,6.0,3.0,9.0,4.0,1750346687.922912
AePfD5t1,1750176600,Popyrin A.,Vukic A.,197.0,190.0,165.0,159.0,51.0,35.0,34.0,35.0,9.0,5.0,13.0,7.0,1750346684.64632
23cSHTbc,1750176600,Nakashima B.,Mpetshi Perricard G.,192.0,215.0,158.0,188.0,36.0,52.0,20.0,42.0,20.0,14.0,24.0,21.0,1750346681.574439
0buF8PLq,1750176600,De Minaur A.,Lehecka J.,195.0,211.0,165.0,176.0,14.0,19.0,28.0,20.0,8.0,7.0,10.0,10.0,1750346678.300123
p88cpAvI,1750193700,Sonego L.,Struff J-L.,,,,,20.0,14.0,10.0,15.0,7.0,8.0,9.0,13.0,1750346675.019767
dWwOhPtR,1750189800,Auger-Aliassime F.,Djere L.,,,,,27.0,21.0,22.0,29.0,9.0,4.0,12.0,6.0,1750346671.742499
dfMAqL3D,1750187100,Sinner J.,Hanfmann Y.,,,,,26.0,21.0,16.0,21.0,5.0,5.0,6.0,5.0,1750346668.466283
W4rOVAPO,1750180200,Humbert U.,Shapovalov D.,,,,,31.0,23.0,42.0,34.0,10.0,5.0,12.0,10.0,1750346665.191714
dKuRgNBE,1750177800,Cerundolo F.,Michelsen A.,,,,,31.0,17.0,33.0,30.0,11.0,12.0,13.0,14.0,1750346661.912956
GSGtlhug,1750176000,Fonseca J.,Cobolli F.,,,,,32.0,45.0,49.0,44.0,19.0,10.0,26.0,13.0,1750346658.637685
lUI2osZ0,1750171200,Rublev A.,Ofner S.,,,,,17.0,13.0,13.0,25.0,5.0,1.0,5.0,1.0,1750346655.359437
UDmuWJJ7,1750171200,Martinez P.,Etcheverry T. M.,,,,,12.0,20.0,27.0,16.0,7.0,7.0,13.0,7.0,1750346652.083795
M3UBewme,1750171200,De Jong J.,Machac T.,,,,,26.0,34.0,31.0,34.0,7.0,23.0,13.0,32.0,1750346648.806007
2Pj7ZhQa,1750168800,Hurkacz H.,Machac T.,,,,,,,,,,,,,1750346645.516146
r7h56cTG,1750088100,Bocchi L.,Nijboer R.,,,,,,,,,,,,,1750346630.807805
65kT12Js,1750085700,Ymer E.,Brancaccio R.,,,,,,,,,,,,,1750346627.507113
YmHXr3Vh,1750084200,Roca Batalla O.,Fonio G.,,,,,,,,,,,,,1750346624.026364
fimcDdNH,1750079400,Weis A.,Napolitano S.,,,,,,,,,,,,,1750346620.625705
fZoALvcl,1750079400,Prihodko O.,Campana Lee G.,,,,,,,,,,,,,1750346617.472617
dzUZ9NGP,1750079400,Martin A.,Cecchinato M.,,,,,,,,,,,,,1750346614.195923
SSNGrOBj,1750122600,Rodriguez L. J.,Sperle J.,,,,,,,,,,,,,1750346601.089067
hjZP90Ak,1750122600,Gerch L.,Rodrigues P.,,,,,,,,,,,,,1750346597.813693
Cnv1iHxA,1750040700,Huertas Del Pino C.,De La Fuente S.,,,,,,,,,,,,,1750346594.534101
8EX9ke7M,1750040400,Cigarran T.,Rodriguez J. A.,,,,,,,,,,,,,1750346591.258309
80hyydhT,1750039800,Alvarez Valdes L. C.,Gimenez I.,,,,,,,,,,,,,1750346587.980586
0E7z3hc5,1750093200,Agamenone F.,Gadamauri B.,,,,,,,,,,,,,1750346584.706264
IHzGLriB,1750091700,Papamalamis T.,Malige M.,,,,,,,,,,,,,1750346581.427672
zskc8Jb4,1750088700,Alcala Gurri M.,Beauge M.,,,,,,,,,,,,,1750346578.15097
ddNERnrS,1750083600,Poullain L.,Bouquet L.,,,,,,,,,,,,,1750346574.873836
zkXeFIh5,1750083600,Marionneau L.,Santamarta Roig A.,,,,,,,,,,,,,1750346571.599941
xhfR7FTs,1750083000,Paris T.,De Schepper K.,,,,,,,,,,,,,1750346568.320742
KSotjwM0,1750111200,Erhard M.,Shelbayh A.,,,,,,,,,,,,,1750346565.047807
UwXcw0xe,1750108500,Hemery C.,Stebe C.,,,,,,,,,,,,,1750346561.767377
Q5Q6yv77,1750103400,Hsu Y. H.,Brunold M.,,,,,,,,,,,,,1750346558.491544
8lSzCKrK,1750103400,Barranco Cosano J.,Mikrut L.,,,,,,,,,,,,,1750346555.285154
OEX56b6s,1750100100,Sanchez Izquierdo N.,Droguet T.,,,,,,,,,,,,,1750346552.14191
dQYkuM7r,1750095300,Boitan G. A.,Couacaud E.,,,,,,,,,,,,,1750346548.868288
ltynFRBl,1750090500,Jorda Sanchis D.,Mrva M.,,,,,,,,,,,,,1750346545.383513
ll92nxxo,1750089600,Molleker R.,Pereira T.,,,,,,,,,,,,,1750346542.108909
2maltGX1,1750089300,Alves M.,Kolar Z.,,,,,,,,,,,,,1750346538.830991
lY8E2u9a,1750083300,Alvarez Varona N.,Krumich M.,,,,,,,,,,,,,1750346535.554319
h6F541vm,1750083000,Dedura D.,Rosenkranz M.,,,,,,,,,,,,,1750346532.277096
6VGFVwwn,1750082700,Barton H.,Kodat T.,,,,,,,,,,,,,1750346529.173581
KnK5x5ZA,1750108500,Misolic F.,Kasnikowski M.,,,,,,,,,,,,,1750346525.928533
Sv2bvR4b,1750098300,Wazny A.,Nagal S.,,,,,,,,,,,,,1750346521.833204
AZ3c7OeK,1750097400,Skatov T.,Albot R.,,,,,,,,,,,,,1750346518.556031
K8etkrJG,1750097100,Mena F.,Vallejo D.,,,,,,,,,,,,,1750346515.279267
C6zLs0Bj,1750078800,Skatov T.,Martineau M.,,,,,,,,,,,,,1750346511.995091
CpapVMRp,1750078800,Rocha H.,Albot R.,,,,,,,,,,,,,1750346508.509542
zgFcXf8D,1750107600,Barrios Vera T.,Trotter J. K.,,,,,,,,,,,,,1750346505.449679
ldsAtaoR,1750105800,McCabe J.,Loffhagen G.,,,,,,,,,,,,,1750346502.17259
Q3mth6DE,1750102500,Herbert P.,Mochizuki S.,,,,,,,,,,,,,1750346498.896158
8tOtyw9l,1750100700,Grenier H.,Cilic M.,,,,,,,,,,,,,1750346495.620979
EwRlZGw1,1750098300,Spizzirri E.,Choinski J.,,,,,,,,,,,,,1750346492.140637
Grq2rLGE,1750094400,Atmane T.,Gigante M.,,,,,,,,,,,,,1750346488.86338
0YV8vCFt,1750094100,Fognini F.,Fery A.,,,,,,,,,,,,,1750346485.589702
biCoWOje,1750093200,Holt B.,Faria J.,,,,,,,,,,,,,1750346482.312749
bTTbuTT8,1750086600,Landaluce M.,Budkov Kjaer N.,,,,,,,,,,,,,1750346479.043052
WtS6w7bL,1750086600,Krueger M.,Boyer T.,,,,,,,,,,,,,1750346475.765185
MVtkjprR,1750078800,Nardi L.,Loffhagen G.,,,,,,,,,,,,,1750346472.261988
ETLTr2z1,1750078800,Fognini F.,Eubanks C.,,,,,,,,,,,,,1750346469.214405
4IpUR4ef,1750111500,McDonald M.,Monfils G.,,,,,,,,,,,,,1750346465.940484
CK5kZn3K,1750111200,Fearnley J.,Bolt A.,,,,,,,,,,,,,1750346462.650578
pnFISpDF,1750102800,Norrie C.,Mensik J.,,,,,,,,,,,,,1750346459.372076
4Se25abT,1750097100,Rune H.,O'Connell C.,,,,,,,,,,,,,1750346456.095266
WrkqEobM,1750096800,Rune H.,Arnaldi M.,,,,,,,,,,,,,1750346452.806636
zHezG7T9,1750090200,Tiafoe F.,Evans D.,,,,,,,,,,,,,1750346449.746652
MDTN63jd,1750089900,Bautista-Agut R.,Borges N.,,,,,,,,,,,,,1750346446.472048
IaDQQOsS,1750078800,Dimitrov G.,Monfils G.,,,,,,,,,,,,,1750346443.181498
SEUgm34l,1750104300,Halys Q.,Bonzi B.,,,,,,,,,,,,,1750346440.121642
G8hayFem,1750103400,Tsitsipas S.,Darderi L.,,,,,,,,,,,,,1750346436.845196
xr5knW95,1750098900,Muller A.,Bublik A.,,,,,,,,,,,,,1750346433.568056
AVDYkEAt,1750094100,Altmaier D.,Medvedev D.,,,,,,,,,,,,,1750346430.318192
0YeOZ1Kr,1750084800,Marozsan F.,Kecmanovic M.,,,,,,,,,,,,,1750346427.018242
EeKNTH7b,1750020000,Bocchi L.,Uchida K.,,,,,26.0,15.0,21.0,23.0,2.0,4.0,3.0,6.0,1750346412.682216
63QrpdyK,1750018800,Roca Batalla O.,Seggerman R.,,,,,21.0,7.0,3.0,22.0,2.0,2.0,2.0,4.0,1750346409.406427
2BXGP6Y7,1750017000,Piros Z.,Uchida K.,,,,,,,,,,,,,1750346406.126558
C8FY5KoQ,1750011900,Ymer E.,Janvier M.,,,,,33.0,29.0,19.0,41.0,8.0,5.0,8.0,9.0,1750346402.852978
GEcjv6m1,1750011300,Nijboer R.,Mager G.,,,,,10.0,9.0,10.0,13.0,1.0,1.0,1.0,2.0,1750346399.575441
MF4stSIl,1750008600,Iannaccone F.,Fonio G.,,,,,22.0,23.0,48.0,49.0,2.0,8.0,2.0,13.0,1750346396.31024
jXDBoleR,1750007100,Tomic B.,Janvier M.,,,,,,,,,,,,,1750346393.009143
Op48TlZr,1750004400,Topo M.,Weis A.,,,,,34.0,14.0,36.0,18.0,8.0,3.0,10.0,4.0,1750346389.95017
dzKTzXt9,1750003200,Martin A.,Sakellaridis S.,,,,,14.0,16.0,17.0,32.0,5.0,5.0,6.0,8.0,1750346386.673914
GvssDTl2,1750001700,Napolitano S.,Berrettini J.,,,,,20.0,35.0,28.0,45.0,3.0,6.0,6.0,6.0,1750346383.397027
db2GRS3e,1749998700,Molcan A.,Brancaccio R.,,,,,11.0,21.0,28.0,22.0,4.0,4.0,6.0,7.0,1750346380.122367
40NyZABL,1749993300,Campana Lee G.,Lokoli L.,,,,,14.0,34.0,26.0,38.0,2.0,10.0,7.0,15.0,1750346376.843901
UHP2mAQE,1749993000,Prihodko O.,Cadenasso G.,,,,,15.0,18.0,12.0,24.0,4.0,3.0,5.0,4.0,1750346373.568512
lSebxpID,1749993000,Piraino G.,Cecchinato M.,,,,,32.0,20.0,40.0,22.0,9.0,1.0,16.0,6.0,1750346370.290475
vTSfk0Wr,1750015500,Reis Da Silva J.,Midon L.,,,,,,,,,,,,,1750346367.018195
xdKPIdWp,1750036500,Kuzuhara B.,Trigo L.,,,,,,,,,,,,,1750346353.703018
hOrgOI8N,1750035300,Gomez J. S.,Barreiros Reyes M.,,,,,,,,,,,,,1750346350.425994
4pJupZUq,1750032600,Gerch L.,Li C.,,,,,,,,,,,,,1750346346.943251
OQc6VZFj,1750032300,Barreto Sanchez D. A.,Suarez L.,,,,,,,,,,,,,1750346343.666742
4Mzggw8c,1750026900,Lora S.,Vilicich B.,,,,,,,,,,,,,1750346340.392251
CYbSxING,1750026900,Huertas Del Pino Cordova A.,Sperle J.,,,,,,,,,,,,,1750346337.125852
OnZtrDad,1750025400,Zarate C. M.,Rodrigues P.,,,,,,,,,,,,,1750346333.837406
vL0Kvvg4,1750021800,Rodriguez L. J.,Tobon M.,,,,,,,,,,,,,1750346330.560577
rg7Bt0Oi,1750021800,La Serna J. M.,Munoz Navia D. E.,,,,,,,,,,,,,1750346327.284359
GKIa0j5d,1750025400,Massard L.,Papamalamis T.,,,,,,,,,,,,,1750346324.009279
IqafMXRF,1750022100,Gadamauri B.,Zhukov M.,,,,,,,,,,,,,1750346320.731153
2HrlGqL8,1750018800,Agamenone F.,Perot R.,,,,,,,,,,,,,1750346317.456044
KCVT93xg,1750016100,Alcala Gurri M.,Dussin L.,,,,,,,,,,,,,1750346314.178656
0AFSBP7t,1750014000,Agamenone F.,Bourgue M.,,,,,,,,,,,,,1750346310.890774
dIQh4a6U,1750011600,Delage P.,Malige M.,,,,,,,,,,,,,1750346307.627848
lhNp6LyI,1750010400,Beauge M.,Donnet E.,,,,,,,,,,,,,1750346304.348516
KQA2O2in,1750005900,Poullain L.,Jade D.,,,,,,,,,,,,,1750346301.071927
f5Uj2Czp,1750005600,Santamarta Roig A.,Weber A.,,,,,,,,,,,,,1750346297.795742
SxZy8s75,1750003200,Bouquet L.,Bakshi A.,,,,,,,,,,,,,1750346294.521638
MH5oOgc3,1749996600,Paris T.,Gobat A.,,,,,,,,,,,,,1750346291.243032
hv9AMtMb,1749996600,De Schepper K.,Vylegzhanin N.,,,,,,,,,,,,,1750346287.966349
l62JKKjB,1749996600,Agafonov E.,Marionneau L.,,,,,,,,,,,,,1750346284.690028
6PJN1L2M,1750020300,De Loore J.,Kolar Z.,,,,,,,,,,,,,1750346281.414361
KlX3CBGs,1750017900,Mrva M.,Karol M.,,,,,,,,,,,,,1750346278.140909
tCHoqrMM,1750013700,Orlov V.,Pereira T.,,,,,,,,,,,,,1750346274.860896
Q90fdaQq,1750011600,Alves M.,Bojarski A.,,,,,,,,,,,,,1750346271.58437
vDS6533c,1750008900,Dutra Da Silva D.,Jorda Sanchis D.,,,,,,,,,,,,,1750346267.489002
YBLF3sY9,1750005900,Molleker R.,Paz J. P.,,,,,,,,,,,,,1750346264.213816
ncfdGKHF,1750005000,Paulson A.,Pereira T.,,,,,,,,,,,,,1750346260.924423
00KVUJW8,1750003800,Barton H.,Vrbensky M.,,,,,,,,,,,,,1750346257.660261
YZ32fwed,1750001700,Sroka M.,Kodat T.,,,,,,,,,,,,,1750346254.384115
zNSq7Gv2,1749999300,Krumich M.,Wiskandt M.,,,,,,,,,,,,,1750346251.106522
rPm5EbnS,1749994800,Szajrych J.,Rosenkranz M.,,,,,,,,,,,,,1750346247.862423
EVtkItm3,1749994500,Dedura D.,Maamoun K.M.,,,,,,,,,,,,,1750346244.554206
veZz9xAk,1749994500,Alvarez Varona N.,Juarez F.,,,,,,,,,,,,,1750346241.277756
rZracUnA,1750030800,Pellegrino A.,Fatic N.,,,,,,,,,,,,,1750346238.00236
2Xrx0tlf,1750028700,Jubb P.,Choinski J.,,,,,,,,,,,,,1750346234.738833
lf2gK4z2,1750022700,Spizzirri E.,Grenier H.,,,,,,,,,,,,,1750346231.656217
Qik39mMq,1750020900,Gigante M.,Wong C.,,,,,,,,,,,,,1750346228.376799
MNjwzceM,1750014900,Fery A.,Blanchet U.,,,,,,,,,,,,,1750346225.099485
OKzdaE1b,1750010100,Choinski J.,Kachmazov A.,,,,,,,,,,,,,1750346222.028057
UPoxupGq,1750009200,Lestienne C.,Wong C.,,,,,,,,,,,,,1750346218.753913
GfXm1zXo,1750009200,Ajdukovic D.,Grenier H.,,,,,,,,,,,,,1750346215.473265
pzP4chWA,1750007700,Gigante M.,Shimabukuro S.,,,,,,,,,,,,,1750346212.19701
EDLua57F,1750003800,Spizzirri E.,Bonding O.,,,,,,,,,,,,,1750346208.919648
lzMcE3Bl,1750000500,McCabe J.,Rodesch C.,,,,,,,,,,,,,1750346205.642241
h8SE9Q7T,1750000200,Smith C.,Trotter J. K.,,,,,,,,,,,,,1750346202.365577
xOr4Jo7k,1750026600,Peniston R.,Galan D. E.,,,,,,,,,,,,,1750346199.292977
plnCHPy2,1750020300,Cazaux A.,Mannarino A.,,,,,,,,,,,,,1750346196.020821
ldDdNJBG,1750011900,Merida Aguilar D.,Trungelliti M.,,,,,,,,,,,,,1750346193.353775
zDXwkix0,1750011000,Schoolkate T.,Pinnington Jones J.,,,,,,,,,,,,,1750346190.079166
WbkXcrR7,1750002300,Royer V.,Prizmic D.,,,,,,,,,,,,,1750346186.761203
OU3Kqh6c,1750001400,Zverev A.,Fritz T.,,,,,17.0,18.0,23.0,12.0,2.0,1.0,5.0,2.0,1750346183.319683
4rf2UzJq,1750014000,Bolt A.,O'Connell C.,,,,,30.0,40.0,34.0,33.0,16.0,8.0,26.0,16.0,1750346180.043443
h4zcjIu3,1750008600,Walton A.,Vukic A.,,,,,17.0,28.0,21.0,27.0,10.0,9.0,16.0,14.0,1750346176.769366
dxsJLoJE,1750003800,Searle H.,McDonald M.,,,,,10.0,13.0,29.0,13.0,2.0,2.0,5.0,4.0,1750346173.488651
t85itJa5,1750003800,Moutet C.,Rinderknech A.,,,,,29.0,38.0,8.0,25.0,6.0,23.0,8.0,35.0,1750346170.218221
AsvZEkKk,1750009200,Bergs Z.,Diallo G.,,,,,25.0,26.0,23.0,22.0,10.0,12.0,11.0,18.0,1750346166.934437
hUJmPus4,1750008900,Engel J.,Ofner S.,,,,,13.0,18.0,20.0,17.0,2.0,2.0,2.0,2.0,1750346163.659272
l8aQFGng,1750008900,Bonzi B.,Tu L.,,,,,23.0,30.0,15.0,19.0,5.0,17.0,8.0,29.0,1750346160.380867
xt4o44Vj,1750003800,Jarry N.,Hanfmann Y.,,,,,24.0,16.0,26.0,9.0,8.0,4.0,9.0,4.0,1750346157.307415
2VeM6UwS,1750003800,Djere L.,De Jong J.,,,,,23.0,9.0,21.0,18.0,5.0,5.0,7.0,10.0,1750346154.031441
fHGkg60D,1749933000,Reis Da Silva J.,Collarini A.,,,,,,,,,,,,,1750346139.695824
8jNhn3Ck,1749927900,Blanch D.,Midon L.,,,,,,,,,,,,,1750346136.618986
MFAa3Eaf,1749944400,Pellegrino A.,Nardi L.,,,,,,,,,,,,,1750346133.343101
88GOrU5c,1749934800,Fatic N.,Basile P.,,,,,,,,,,,,,1750346130.063174
KAOmcqxS,1749933000,Ficovich J. P.,Jubb P.,,,,,,,,,,,,,1750346126.78725
SbKaUF1n,1749932100,Holmgren A.,Blanchet U.,,,,,,,,,,,,,1750346123.53021
Mw9P06L5,1749932100,Holmgren A.,Habib H.,,,,,,,,,,,,,1750346120.248189
IoSW0Rx3,1749927600,Jacquet K.,Fery A.,,,,,,,,,,,,,1750346116.956926
2mHXbpjI,1749923100,Mayot H.,McCabe J.,,,,,,,,,,,,,1750346113.677861
4r0KiNak,1749922800,Kukushkin M.,Rodesch C.,,,,,,,,,,,,,1750346110.411465
QiuowOpd,1749913800,Trotter J. K.,Huesler M.,,,,,,,,,,,,,1750346107.127435
z1FucOKU,1749913800,Smith C.,Watanuki Y.,,,,,,,,,,,,,1750346103.027439
bVjiOHt4,1749930900,Onclin G.,Merida Aguilar D.,,,,,,,,,,,,,1750346099.747634
tlkOzLwe,1749923100,Trungelliti M.,Tabur C.,,,,,,,,,,,,,1750346096.469421
8KtP75F6,1749941400,Schoolkate T.,Svajda Z.,,,,,,,,,,,,,1750346093.191199
GYJWt8zA,1749932400,Pinnington Jones J.,Mochizuki S.,,,,,,,,,,,,,1750346089.709908
UwkUofI6,1749925800,Garin C.,Prizmic D.,,,,,,,,,,,,,1750346086.44886
hlfnZnog,1749917400,Shevchenko A.,Royer V.,,,,,,,,,,,,,1750346083.36234
Mgk5e7k3,1749921000,Zverev A.,Shelton B.,,,,,35.0,31.0,16.0,24.0,6.0,9.0,6.0,14.0,1750346080.116602
hID6UtpI,1749913800,Auger-Aliassime F.,Fritz T.,,,,,24.0,23.0,23.0,12.0,2.0,5.0,3.0,6.0,1750346076.828819
WzZmXLrI,1749933000,Medjedovic H.,Walton A.,,,,,32.0,18.0,27.0,15.0,6.0,9.0,10.0,17.0,1750346073.582506
dr2SsWzA,1749932100,Bolt A.,Clarke J.,,,,,28.0,11.0,21.0,11.0,15.0,5.0,19.0,5.0,1750346070.272088
z9uuZsE5,1749929400,Hijikata R.,Clarke J.,,,,,0.0,0.0,0.0,0.0,0.0,0.0,0.0,0.0,1750346066.966026
t600xHKc,1749928200,Duckworth J.,O'Connell C.,,,,,28.0,20.0,33.0,10.0,11.0,4.0,17.0,8.0,1750346063.690178
SrxXz4qg,1749924300,Cerundolo J. M.,Vukic A.,,,,,16.0,27.0,24.0,19.0,4.0,7.0,7.0,8.0,1750346060.412579
IX8EIMTO,1749924000,Bu Y.,Searle H.,,,,,16.0,30.0,38.0,41.0,5.0,6.0,6.0,6.0,1750346057.131271
M5F5KraC,1749917400,Monday J.,Rinderknech A.,,,,,20.0,28.0,26.0,20.0,6.0,8.0,7.0,9.0,1750346052.829099
6TmOxQEt,1749917400,McDonald M.,Kovacevic A.,,,,,17.0,22.0,18.0,37.0,3.0,4.0,5.0,7.0,1750346049.548244
2NeLEDSj,1749917400,Bellucci M.,Moutet C.,,,,,40.0,33.0,48.0,32.0,17.0,18.0,26.0,22.0,1750346046.274651
MN8yH9hK,1749935400,Opelka R.,Bergs Z.,,,,,10.0,17.0,24.0,10.0,8.0,4.0,13.0,5.0,1750346042.98963
QLjlwRCa,1749934500,Diallo G.,Humbert U.,,,,,20.0,11.0,21.0,25.0,10.0,7.0,13.0,9.0,1750346039.710236
vJwJTGC6,1749924600,Tu L.,Quinn E.,,,,,37.0,32.0,30.0,27.0,17.0,7.0,20.0,14.0,1750346036.433613
zoXRRfsJ,1749924600,Safiullin R.,Engel J.,,,,,41.0,40.0,42.0,36.0,3.0,1.0,5.0,1.0,1750346033.152419
MgP3FbMa,1749918900,Ofner S.,Hassan B.,,,,,28.0,13.0,33.0,21.0,7.0,2.0,7.0,6.0,1750346029.870616
EmfgVTmB,1749918900,Hanfmann Y.,Nishioka Y.,,,,,30.0,10.0,9.0,20.0,3.0,3.0,5.0,4.0,1750346026.59056
65uBVxrf,1749918600,Ofner S.,Basavareddy N.,,,,,,,,,,,,,1750346023.306921
p82xZBln,1749915000,Bonzi B.,Zahraj P.,,,,,20.0,14.0,17.0,25.0,8.0,5.0,10.0,7.0,1750346020.03174
6oZXNoto,1749913800,Tien L.,Jarry N.,,,,,10.0,12.0,14.0,18.0,1.0,3.0,1.0,6.0,1750346016.748749
6NjoXkJb,1749910200,Djere L.,Basilashvili N.,,,,,29.0,15.0,20.0,22.0,1.0,3.0,1.0,6.0,1750346013.581266
AFm2T7IN,1749909600,Schoenhaus M.,De Jong J.,,,,,27.0,28.0,36.0,15.0,7.0,7.0,13.0,16.0,1750346010.392743
dt7HWSLH,1749911700,Sigurdsson E.,De Rossi M.,,,,,,,,,,,,,1750346007.094312
lG39Yli5,1749906900,Bonifacius R.,Tommesani F.,,,,,,,,,,,,,1750346004.017518
dGcr8nvg,1749922500,Shah K. S.,Seewoosurrun R.,,,,,,,,,,,,,1750346000.940516
4puyEHAE,1749920100,Nortey I.,Iradukunda G.,,,,,,,,,,,,,1750345997.863685
Ol2ljEI7,1749917100,Coulibaly E.,Bushamuka W.,,,,,,,,,,,,,1750345994.786665
M3ChxXit,1749916800,Gelabert D.,Tashi V.,,,,,,,,,,,,,1750345991.70904
4t1j6Q85,1749915600,Domingos D.,Koumba C.,,,,,,,,,,,,,1750345988.631066
CU2Ty3t0,1749911100,Gasimov K.,Zund S.,,,,,,,,,,,,,1750345985.552966
MP5XgdJr,1749910500,Bationo A.,Saidi C.,,,,,,,,,,,,,1750345982.474512
ALhO2i2D,1749910500,Andre F.,Antchandie H.,,,,,,,,,,,,,1750345979.395525
z19Z989t,1749910200,Njogu A.,Bazu D.,,,,,,,,,,,,,1750345976.323391
Iiathzle,1749910200,Antwi S. A.,Gatoto A.,,,,,,,,,,,,,1750345973.252932
S0F0zBMh,1749906900,Cervos Noguer E.,Jakupi J.,,,,,,,,,,,,,1750345969.976347
v3kMwPBm,1749906600,Azizov T.,Glauser M.,,,,,,,,,,,,,1750345966.905463
Kxy3mv1e,1749946200,Parisca I.,Sydow P.,,,,,,,,,,,,,1750345963.834393
8pxPfM8L,1749942000,Martinez A.,Frankel K.,,,,,,,,,,,,,1750345960.762871
fLzFTqAM,1749948000,Mallory R.,Bicknell B.,,,,,,,,,,,,,1750345957.488202
QuqbXRAc,1749942000,Phillips D.,Chin J.,,,,,,,,,,,,,1750345954.212587
M7x7V5uA,1749943800,Dellien Velasco M. A.,Alvarez Y.,,,,,,,,,,,,,1750345951.139961
YXtD9OIj,1749938400,Prado Angelo J. C.,Hotze L.,,,,,,,,,,,,,1750345948.068925
0MuTz1Hk,1749947400,Quiros S.,Bennaton G.,,,,,,,,,,,,,1750345944.999056
4jfctNgS,1749942000,Winstead C.,Obando A.,,,,,,,,,,,,,1750345941.727628
2wSxz2S9,1749914700,Zagars A.,Ivanovski K.,,,,,,,,,,,,,1750345938.655064
fy7HSJKq,1749914100,De Gabriele A.,Avetisyan M.,,,,,,,,,,,,,1750345935.579533
A3VpYucM,1749913200,Snitari I.,Jovanovic P.,,,,,,,,,,,,,1750345932.508639
21APQckd,1749908400,Gorban A.,Knezevic S.,,,,,,,,,,,,,1750345929.232938
2i7Bl1s3,1749908400,Delicata L.,Avanesyan M.,,,,,,,,,,,,,1750345926.162194
ryCyxOcc,1749908100,Neimanis R.,Janev K.,,,,,,,,,,,,,1750345922.885528
UD5f7oCF,1749850800,Reis Da Silva J.,Bueno G.,,,,,,,,,,,,,1750345907.749757
GCjhmSP8,1749849300,Collarini A.,Casanova H.,,,,,,,,,,,,,1750345904.486953
ABq4qtVA,1749841800,Midon L.,Rodriguez Taverna S.,,,,,,,,,,,,,1750345901.198521
2aajcNSO,1749841800,Blanch D.,Pucinelli de Almeida M.,,,,,,,,,,,,,1750345897.925667
z1T8Kxj5,1749858300,Pellegrino A.,Passaro F.,,,,,,,,,,,,,1750345894.646289
CrnEeq4l,1749849000,Nardi L.,Pavlovic L.,,,,,,,,,,,,,1750345891.574043
px0WKTCt,1749840000,Basile P.,Arnaboldi F.,,,,,,,,,,,,,1750345887.478863
OziztH4t,1749839700,Svrcina D.,Fatic N.,,,,,,,,,,,,,1750345884.206046
CS3o2Xoe,1749847800,Merida Aguilar D.,van Assche L.,,,,,,,,,,,,,1750345880.929878
xdlvHmqH,1749841800,Carreno-Busta P.,Onclin G.,,,,,,,,,,,,,1750345877.449578
U3brYt2E,1749831900,Trungelliti M.,Kuzmanov D.,,,,,,,,,,,,,1750345874.170525
rRfuoYlI,1749823800,Tabur C.,Hsu Y. H.,,,,,,,,,,,,,1750345870.895717
W4xpdXl1,1749849000,Svajda Z.,Riedi L.,,,,,,,,,,,,,1750345867.618306
8bDIu7mJ,1749843000,Landaluce M.,Pinnington Jones J.,,,,,,,,,,,,,1750345864.342523
reKBqonC,1749839400,Shimabukuro S.,Schoolkate T.,,,,,,,,,,,,,1750345860.862869
janQHO1N,1749836700,Mochizuki S.,Crawford O.,,,,,,,,,,,,,1750345857.621313
MB6WnfK5,1749844800,Prizmic D.,Rocha H.,,,,,,,,,,,,,1750345854.312283
Y161N7Gl,1749838200,Garin C.,Dodig M.,,,,,,,,,,,,,1750345851.037346
dYIDrTfJ,1749830700,Shevchenko A.,Cina F.,,,,,,,,,,,,,1750345847.7572
pxMarCKH,1749830700,Royer V.,Topo M.,,,,,,,,,,,,,1750345844.487134
SzfHgpS9,1749845400,Shelton B.,Lehecka J.,,,,,25.0,12.0,4.0,14.0,2.0,4.0,3.0,4.0,1750345841.208802
zBdmDQ7b,1749837900,Zverev A.,Nakashima B.,,,,,31.0,19.0,20.0,21.0,9.0,4.0,13.0,6.0,1750345837.930401
zBzhaEOp,1749830700,Fucsovics M.,Fritz T.,,,,,13.0,22.0,19.0,18.0,1.0,5.0,5.0,5.0,1750345834.657073
IRcQjWom,1749823500,Engel J.,Auger-Aliassime F.,,,,,14.0,27.0,29.0,20.0,1.0,2.0,3.0,2.0,1750345831.378121
I7scyAbD,1749846900,Bergs Z.,Lajal M.,,,,,24.0,18.0,40.0,38.0,15.0,8.0,18.0,11.0,1750345828.104139
ClDuvfCE,1749839700,Medvedev D.,Opelka R.,,,,,22.0,44.0,12.0,26.0,7.0,12.0,8.0,15.0,1750345824.827548
dYzCZ3Jt,1749829200,Diallo G.,Khachanov K.,,,,,34.0,15.0,29.0,31.0,6.0,5.0,8.0,7.0,1750345821.361889
YqqCSm75,1749823800,Borges N.,Humbert U.,,,,,8.0,21.0,17.0,15.0,2.0,9.0,3.0,11.0,1750345818.178335
v9QRJSc3,1749840300,Bushamuka W.,Seewoosurrun R.,,,,,,,,,,,,,1750345814.980945
bBtTH6SF,1749830700,Nortey I.,Emerson P.,,,,,,,,,,,,,1750345811.911078
nFwtdP5d,1749830700,Coulibaly E.,Mzai I.,,,,,,,,,,,,,1750345808.633749
jmpXcoyp,1749828900,Iradukunda G.,Koumba C.,,,,,,,,,,,,,1750345805.565679
dhDZcxI0,1749828300,Tashi V.,Zund S.,,,,,,,,,,,,,1750345802.495159
lS9Rabml,1749826500,Sura J.,Sigurdsson E.,,,,,,,,,,,,,1750345799.424033
I71rdGnD,1749825600,De Rossi M.,Gasimov K.,,,,,,,,,,,,,1750345795.937534
hh2p7kEc,1749823800,Saidi C.,Bazu D.,,,,,,,,,,,,,1750345792.865664
K4g137DM,1749823800,Gatoto A.,Antchandie R.,,,,,,,,,,,,,1750345789.793807
bk5h5TrA,1749823800,Bationo A.,Shah K. S.,,,,,,,,,,,,,1750345786.723647
xpKcqnMj,1749823800,Antwi S. A.,Paulino J. A.,,,,,,,,,,,,,1750345783.650336
UsTf5KPQ,1749820200,Zili M.,Bonifacius R.,,,,,,,,,,,,,1750345780.377658
tM02aUy8,1749820200,Tommesani F.,Azizov T.,,,,,,,,,,,,,1750345777.303163
dUUn7teE,1749820200,Jakupi J.,Glauser M.,,,,,,,,,,,,,1750345774.230281
bXLJdBWO,1749862200,Bicknell B.,Mesarovic M.,,,,,,,,,,,,,1750345771.159027
pUwoDWG5,1749861900,Dellien Velasco M. A.,Mallory R.,,,,,,,,,,,,,1750345768.086259
E9V19lGU,1749860100,Flores J.,Sydow P.,,,,,,,,,,,,,1750345765.014623
OKbKRVVb,1749858900,Hernandez A.,Bennaton G.,,,,,,,,,,,,,1750345761.739173
IsxgBAoI,1749854400,Winstead C.,Hodgson I.,,,,,,,,,,,,,1750345758.665734
l2pxFhng,1749854400,Prado Angelo J. C.,Simons T.,,,,,,,,,,,,,1750345755.594136
MRQf2F2m,1749854400,Martinez A.,Richmagui M.,,,,,,,,,,,,,1750345752.462614
IaVO7yuQ,1749854400,Chin J.,Fellows J.,,,,,,,,,,,,,1750345749.454953
2TEJiedK,1749835200,Ivanovski K.,Avetisyan M.,,,,,,,,,,,,,1750345746.377074
E9DrjrLF,1749830100,De Gabriele A.,Jovanovic P.,,,,,,,,,,,,,1750345743.099126
IsKZi4j3,1749827700,Strombachs R.,Snitari I.,,,,,,,,,,,,,1750345739.827865
QmXmU0bd,1749821400,Ozolins K.,Gorban A.,,,,,,,,,,,,,1750345736.544622
ba0knZJs,1749821400,Micov S.,Avanesyan M.,,,,,,,,,,,,,1750345733.472187
ULwuWMTq,1749821400,Delicata L.,Krivokapic A.,,,,,,,,,,,,,1750345730.295224
Czhsp1cL,1749773100,Jones M.,Casanova H.,,,,,,,,,,,,,1750345715.678889
CS9oyxvA,1749763500,Collarini A.,Villanueva G.,,,,,,,,,,,,,1750345712.392124
dAj3Pgcl,1749755400,Midon L.,Bagnis F.,,,,,,,,,,,,,1750345709.115446
SpFqStS6,1749755100,Sperle J.,Rodriguez Taverna S.,,,,,,,,,,,,,1750345705.841066
d8m9RfJ5,1749771900,Durasovic V.,Passaro F.,,,,,,,,,,,,,1750345702.564158
UoL2YLr3,1749762300,Pellegrino A.,Bondioli F.,,,,,,,,,,,,,1750345699.290664
4xeF5a6F,1749751500,Albot R.,Basile P.,,,,,,,,,,,,,1750345696.022459
YLOF6V56,1749744300,Pacheco Mendez R.,Arnaboldi F.,,,,,,,,,,,,,1750345692.73824
Q333HGf5,1749763200,Kuzmanov D.,Cazaux A.,,,,,,,,,,,,,1750345689.462921
WAqxJe16,1749753900,Tabur C.,Gea A.,,,,,,,,,,,,,1750345686.187059
zJ6xnfVh,1749744000,Trungelliti M.,Gakhov I.,,,,,,,,,,,,,1750345682.915675
My2cu2Qj,1749737400,Vallejo D.,Hsu Y. H.,,,,,,,,,,,,,1750345679.636717
hQ1VunU7,1749757200,Pinnington Jones J.,Harris B.,,,,,,,,,,,,,1750345676.36998
G6evlOlQ,1749748800,Monday J.,Mochizuki S.,,,,,,,,,,,,,1750345673.086178
IPYOwHKr,1749746700,Landaluce M.,Harris L.,,,,,,,,,,,,,1750345669.821796
QkpD7U2D,1749746100,Brooksby J.,Crawford O.,,,,,,,,,,,,,1750345666.535715
nJcOhJa6,1749757800,Karol M.,Prizmic D.,,,,,,,,,,,,,1750345663.261128
A9UCmB5K,1749751500,Rocha H.,Barrios Vera T.,,,,,,,,,,,,,1750345659.986054
YVJ9k16l,1749750000,Garin C.,Jianu F. C.,,,,,,,,,,,,,1750345656.712313
GCzjIIBl,1749745200,Shevchenko A.,Choinski J.,,,,,,,,,,,,,1750345653.435559
l6K51J7c,1749744000,Cina F.,Nava E.,,,,,,,,,,,,,1750345650.161424
EudmJEbJ,1749742500,Kodat T.,Dodig M.,,,,,,,,,,,,,1750345646.886967
8b1mGgJc,1749737400,Royer V.,Vacherot V.,,,,,,,,,,,,,1750345643.612157
h8rRgfyo,1749737400,Mena F.,Topo M.,,,,,,,,,,,,,1750345640.363769
rwD7vb4N,1749759600,Tien L.,Nakashima B.,,,,,19.0,17.0,30.0,22.0,4.0,10.0,6.0,12.0,1750345636.85978
tp5YJfbD,1749751800,Zverev A.,Moutet C.,,,,,23.0,19.0,34.0,29.0,15.0,5.0,19.0,8.0,1750345633.635761
GtQgdc0D,1749743100,Mpetshi Perricard G.,Auger-Aliassime F.,,,,,20.0,10.0,24.0,10.0,5.0,4.0,7.0,7.0,1750345630.517042
SOL4AH04,1749737400,Michelsen A.,Engel J.,,,,,16.0,23.0,21.0,18.0,6.0,5.0,11.0,5.0,1750345627.245034
jJjPWZX2,1749759000,Medvedev D.,Mannarino A.,,,,,23.0,14.0,39.0,38.0,8.0,11.0,9.0,15.0,1750345623.969423
hQwfdOVH,1749757500,Lajal M.,Hurkacz H.,,,,,,,,,,,,,1750345620.682183
xvsrpsJl,1749746700,Popyrin A.,Bergs Z.,,,,,28.0,31.0,62.0,52.0,7.0,18.0,19.0,25.0,1750345617.626828
p8roTSB7,1749744600,Opelka R.,Jarry N.,,,,,26.0,25.0,16.0,23.0,4.0,3.0,7.0,6.0,1750345614.352886
jDFx4gHr,1749737400,Evans D.,Humbert U.,,,,,12.0,31.0,20.0,28.0,4.0,9.0,7.0,17.0,1750345611.179092
0xKC8eVG,1749736800,Borges N.,Virtanen O.,,,,,,,,,,,,,1750345607.998157
Qms9EW6j,1749748200,Nortey I.,Bushamuka W. E.,,,,,,,,,,,,,1750345604.930048
6qKexzac,1749746700,Domingos D.,Seewoosurrun R.,,,,,,,,,,,,,1750345601.82044
E9N3zET9,1749744000,Coulibaly E.,Iradukunda G.,,,,,,,,,,,,,1750345598.801217
jkHsTVLq,1749743700,Mzai I.,Koumba C.,,,,,,,,,,,,,1750345595.728866
nHUDnr65,1749741300,Tashi V.,Sigurdsson E.,,,,,,,,,,,,,1750345592.660122
t4aDl4yg,1749741000,Zund S.,Muedini M.,,,,,,,,,,,,,1750345589.589839
fsYLpMzI,1749739200,Gasimov K.,Gelabert D.,,,,,,,,,,,,,1750345586.109395
z3zxMEEG,1749737700,Emerson P.,Bazu D.,,,,,,,,,,,,,1750345582.62846
6NrLPdFi,1749737400,Shah K. S.,Antchandie H.,,,,,,,,,,,,,1750345579.352784
f5jwKhqT,1749737400,Antwi S. A.,Saidi C.,,,,,,,,,,,,,1750345576.282222
2kxUNzp4,1749737100,Bationo A.,Gatoto A.,,,,,,,,,,,,,1750345573.1586
UPVfWMLO,1749733800,Jakupi J.,Bonifacius R.,,,,,,,,,,,,,1750345570.141572
8j15jQ6t,1749733800,Glauser M.,Zili M.,,,,,,,,,,,,,1750345567.071768
MaSnYriC,1749733800,Azizov T.,Cervos Noguer E.,,,,,,,,,,,,,1750345563.797362
2NsWmAvm,1749776100,Bicknell B.,Parisca I.,,,,,,,,,,,,,1750345560.728319
Y7i0gWGP,1749774300,Mallory R.,Sydow P.,,,,,,,,,,,,,1750345557.658827
GWMFoKcJ,1749773100,Dellien Velasco M. A.,Flores J.,,,,,,,,,,,,,1750345554.386008
OxWvnl9a,1749772200,Mesarovic M.,Bennaton G.,,,,,,,,,,,,,1750345550.90907
tnKI9Wq9,1749767400,Prado Angelo J. C.,Quiros S.,,,,,,,,,,,,,1750345547.842292
0zXjiOTs,1749767400,Phillips D.,Frankel K.,,,,,,,,,,,,,1750345544.776782
niVbk2bf,1749767400,Chin J.,Martinez A.,,,,,,,,,,,,,1750345541.712186
rJO7mtT6,1749767400,Alvarez Y.,Obando A.,,,,,,,,,,,,,1750345538.649885
2PU4FXu9,1749743100,Ivanovski K.,Snitari I.,,,,,,,,,,,,,1750345535.588374
OvJDDBAL,1749740400,Strombachs R.,De Gabriele A.,,,,,,,,,,,,,1750345532.529159
jyOJiUm2,1749740100,Knezevic S.,Avanesyan M.,,,,,,,,,,,,,1750345529.474146
2BkW0YQF,1749735300,Ozolins K.,Delicata L.,,,,,,,,,,,,,1750345526.210008
bwquaCeS,1749735300,Micov S.,Gorban A.,,,,,,,,,,,,,1750345523.436691
f9UAgjJk,1749735300,Krivokapic A.,Ghazaryan A.,,,,,,,,,,,,,1750345520.665848
GrF3vTT9,1749591300,Michelsen A.,Monfils G.,,,,,35.0,29.0,26.0,25.0,24.0,0.0,28.0,3.0,1749663434.039005
SMY8Io7j,1749582000,Fognini F.,Moutet C.,,,,,31.0,21.0,43.0,35.0,20.0,4.0,29.0,6.0,1749663430.76395
CA8Cx7bM,1749577800,Tien L.,Nishioka Y.,,,,,24.0,14.0,34.0,37.0,7.0,5.0,8.0,7.0,1749663427.485329
0n1gjggA,1749571800,Engel J.,Duckworth J.,,,,,38.0,26.0,46.0,34.0,7.0,6.0,8.0,11.0,1749663424.208542
SrAqVOjd,1749570300,Halys Q.,Sonego L.,,,,,36.0,29.0,40.0,21.0,17.0,18.0,21.0,24.0,1749663420.931871
xEFbUBWj,1749564900,Hanfmann Y.,Fucsovics M.,,,,,18.0,25.0,26.0,23.0,13.0,3.0,23.0,4.0,1749663417.656508
4K7phFOc,1749564900,Dzumhur D.,Herbert P.,,,,,9.0,17.0,14.0,21.0,2.0,7.0,3.0,9.0,1749663414.377955
CdTwO7qT,1749564600,Shapovalov D.,Rinderknech A.,,,,,25.0,25.0,28.0,18.0,7.0,10.0,9.0,17.0,1749663411.101906
noKkUx7e,1749585600,Virtanen O.,Etcheverry T. M.,,,,,37.0,19.0,35.0,33.0,15.0,10.0,21.0,18.0,1749663407.824288
pxMtUf1k,1749584400,Opelka R.,De Jong J.,,,,,45.0,26.0,46.0,35.0,19.0,13.0,30.0,24.0,1749663404.548495
6PFrlGhL,1749565800,McDonald M.,Bellucci M.,,,,,18.0,21.0,34.0,45.0,8.0,4.0,12.0,8.0,1749663401.273177
I3ZmSYV1,1749565500,Bergs Z.,Blockx A.,,,,,36.0,16.0,68.0,28.0,23.0,11.0,30.0,15.0,1749663397.995301
foSsY6PQ,1749560400,Tabilo A.,De Jong J.,,,,,,,,,,,,,1749663394.659879
KEWaM1Ar,1749571500,Micov S.,De Gabriele A.,,,,,,,,,,,,,1749663391.631478
lWuURNnL,1749570300,Snitari I.,Avanesyan M.,,,,,,,,,,,,,1749663388.55902
tUK8Kuue,1749569400,Strombachs R.,Jovanovic P.,,,,,,,,,,,,,1749663385.48882
UTPSTqI8,1749563400,Gorban A.,Ghazaryan A.,,,,,,,,,,,,,1749663381.241314
t8qY72ek,1749562500,Ozolins K.,Krivokapic A.,,,,,,,,,,,,,1749663378.115051
xzws6tQ1,1749562500,Bugarikj B.,Delicata L.,,,,,,,,,,,,,1749663375.043009
8IBetkac,1749499800,Safiullin R.,Mpetshi Perricard G.,,,,,37.0,45.0,16.0,39.0,6.0,8.0,7.0,20.0,1749663365.227965
G4jvi6DF,1749492300,Arnaldi M.,Struff J-L.,,,,,14.0,30.0,16.0,17.0,4.0,12.0,5.0,16.0,1749663361.949163
8tfrXpMq,1749483900,Fearnley J.,Nakashima B.,,,,,32.0,24.0,36.0,22.0,6.0,6.0,9.0,11.0,1749663358.6718
fk2VhSr3,1749478200,Bonzi B.,Lehecka J.,,,,,7.0,29.0,21.0,22.0,3.0,8.0,3.0,9.0,1749663355.395952
Ukug4SwJ,1749487500,McDonald M.,Boogaard T.,,,,,18.0,15.0,24.0,39.0,2.0,8.0,3.0,11.0,1749663351.739899
25riIupB,1749483900,Evans D.,Rottgering M.,,,,,34.0,27.0,49.0,40.0,18.0,11.0,20.0,16.0,1749663348.640097
jg31wVbM,1749478200,Opelka R.,Lajal M.,,,,,19.0,22.0,23.0,11.0,5.0,5.0,7.0,7.0,1749663345.156562
WQwzhUDF,1749478200,Mannarino A.,Blockx A.,,,,,20.0,45.0,34.0,52.0,8.0,2.0,14.0,2.0,1749663341.880987
YsfGFwh2,1749496500,Thompson J.,Kovacevic A.,,,,,22.0,13.0,11.0,26.0,8.0,4.0,9.0,6.0,1749663338.397733
nLOZZSfE,1749491400,Van De Zandschulp B.,Bellucci M.,,,,,,,,,,,,,1749663335.106453
jJQtWbxq,1749485100,Jarry N.,Darderi L.,,,,,47.0,28.0,46.0,19.0,26.0,5.0,40.0,10.0,1749663331.233564
KzzByLEL,1749478500,Borges N.,Basavareddy N.,,,,,28.0,11.0,18.0,25.0,8.0,4.0,10.0,8.0,1749663327.95225
bLo2wsp9,1749478200,Diallo G.,Vukic A.,,,,,30.0,27.0,20.0,16.0,9.0,5.0,13.0,7.0,1749663324.677213
UaSsR09a,1749421500,Fucsovics M.,Zhukayev B.,,,,,22.0,33.0,8.0,30.0,7.0,14.0,7.0,19.0,1749502586.659701
vNFg7RUN,1749408300,Tu L.,Herbert P.,,,,,23.0,40.0,25.0,30.0,13.0,18.0,22.0,24.0,1749502583.384762
0zF9D3JG,1749407100,Boyer T.,Hanfmann Y.,,,,,20.0,21.0,38.0,36.0,8.0,10.0,15.0,15.0,1749502580.107111
UuU52kd2,1749401400,Zhukayev B.,Huesler M.,,,,,34.0,25.0,25.0,22.0,10.0,10.0,12.0,16.0,1749502576.836421
OQ1aaqOP,1749398400,Duckworth J.,Basilashvili N.,,,,,27.0,29.0,29.0,48.0,1.0,3.0,2.0,5.0,1749502573.55791
IRymh8xQ,1749418200,Boogaard T.,McCabe J.,,,,,24.0,24.0,51.0,59.0,10.0,10.0,13.0,14.0,1749502570.28214
lSwglayh,1749409800,McDonald M.,Peniston R.,,,,,21.0,13.0,22.0,18.0,16.0,3.0,20.0,6.0,1749502567.004752
YisInn0m,1749409500,Walton A.,Evans D.,,,,,26.0,21.0,44.0,30.0,4.0,5.0,7.0,12.0,1749502563.724309
8Ugfnw64,1749408300,Houkes M.,Blockx A.,,,,,11.0,16.0,19.0,9.0,11.0,4.0,17.0,4.0,1749502560.451789
f7VQpQUa,1749405900,Mannarino A.,Dutra Da Silva D.,,,,,19.0,2.0,20.0,23.0,10.0,2.0,11.0,2.0,1749502557.173827
2XYYr4aC,1749404700,Denolly C.,Lajal M.,,,,,11.0,16.0,29.0,20.0,6.0,9.0,12.0,10.0,1749502553.897133
dYj7Qeqo,1749404100,Opelka R.,Yevseyev D.,,,,,35.0,10.0,45.0,9.0,17.0,6.0,21.0,8.0,1749502550.619424
fLhY4czi,1749407400,Sinner J.,Alcaraz C.,199.0,192.0,153.0,165.0,53.0,70.0,64.0,73.0,30.0,22.0,45.0,33.0,1749502547.497052
zJhADF43,1749329700,Fucsovics M.,Zahraj P.,,,,,35.0,35.0,40.0,54.0,11.0,11.0,14.0,22.0,1749502416.332936
Me2GiYsp,1749329700,Boyer T.,Ajdukovic D.,,,,,37.0,39.0,44.0,54.0,15.0,7.0,20.0,8.0,1749502413.0451
OrRc4BRk,1749324600,Wiskandt M.,Hanfmann Y.,,,,,12.0,22.0,20.0,8.0,2.0,4.0,7.0,7.0,1749502409.762199
WpnJBgZF,1749311700,Grenier H.,Basilashvili N.,,,,,23.0,48.0,28.0,48.0,6.0,6.0,7.0,6.0,1749502406.483687
rBjPkCCd,1749310200,Duckworth J.,Hassan B.,,,,,15.0,24.0,29.0,39.0,4.0,11.0,8.0,12.0,1749502403.206059
4bpR9X3S,1749305700,Spizzirri E.,Tu L.,,,,,19.0,31.0,22.0,23.0,6.0,7.0,6.0,14.0,1749502399.926029
jDBpcfKM,1749305400,Marterer M.,Herbert P.,,,,,6.0,22.0,24.0,9.0,2.0,4.0,3.0,7.0,1749502396.644324
nq7MQOH0,1749309300,Rottgering M.,Sels J.,,,,,24.0,8.0,18.0,29.0,1.0,2.0,2.0,4.0,1749502393.368823
4YbSj3uQ,1749247800,Sinner J.,Djokovic N.,195.0,187.0,150.0,154.0,44.0,35.0,36.0,53.0,14.0,17.0,19.0,21.0,1749502345.786506
fPG3qGjC,1749231600,Musetti L.,Alcaraz C.,194.0,192.0,159.0,166.0,22.0,35.0,33.0,32.0,13.0,20.0,17.0,26.0,1749502342.503394
Sr4z6qHi,1749080100,Zverev A.,Djokovic N.,200.0,185.0,172.0,144.0,38.0,42.0,44.0,29.0,17.0,27.0,38.0,37.0,1749140740.127923
bqjCSit1,1749064800,Sinner J.,Bublik A.,193.0,200.0,155.0,169.0,31.0,22.0,13.0,37.0,18.0,9.0,31.0,21.0,1749140736.138237
d4LpPJdm,1748993400,Paul T.,Alcaraz C.,185.0,188.0,161.0,161.0,13.0,40.0,26.0,22.0,10.0,8.0,17.0,9.0,1749067152.859417
xEoNdDz9,1748976000,Musetti L.,Tiafoe F.,180.0,187.0,152.0,140.0,45.0,33.0,32.0,51.0,15.0,19.0,24.0,36.0,1749067149.602547
ChkgRiLl,1748907000,Sinner J.,Rublev A.,190.0,196.0,154.0,141.0,25.0,24.0,19.0,39.0,5.0,10.0,8.0,14.0,1749065911.790389
A1OegycD,1748894100,Bublik A.,Draper J.,200.0,196.0,171.0,159.0,68.0,37.0,39.0,25.0,33.0,14.0,40.0,33.0,1749065908.645356
YZV8QUFt,1748891100,Norrie C.,Djokovic N.,186.0,187.0,144.0,151.0,22.0,26.0,32.0,28.0,15.0,19.0,26.0,29.0,1749065905.525452
EmhH4Aac,1748880600,Zverev A.,Griekspoor T.,205.0,175.0,179.0,158.0,11.0,8.0,6.0,19.0,3.0,4.0,6.0,7.0,1749065902.283315
phQD0eWq,1748822100,Musetti L.,Rune H.,187.0,183.0,152.0,146.0,39.0,50.0,34.0,55.0,15.0,35.0,26.0,48.0,1749065805.822872
0IRiL2WG,1748814000,Tiafoe F.,Altmaier D.,196.0,183.0,141.0,156.0,40.0,28.0,36.0,33.0,30.0,5.0,37.0,15.0,1749065802.605572
Am399Kke,1748807400,Shelton B.,Alcaraz C.,202.0,193.0,171.0,165.0,32.0,43.0,47.0,43.0,25.0,31.0,43.0,45.0,1749065799.531751
Q7qs6H8M,1748787300,Popyrin A.,Paul T.,197.0,179.0,158.0,149.0,18.0,27.0,37.0,22.0,10.0,16.0,12.0,20.0,1749065796.39708
lWylsj3l,1748734200,Misolic F.,Djokovic N.,184.0,184.0,145.0,149.0,33.0,33.0,22.0,14.0,4.0,17.0,11.0,26.0,1749065652.363682
QLEPM93E,1748724900,Norrie C.,Fearnley J.,189.0,186.0,142.0,169.0,17.0,44.0,28.0,72.0,8.0,9.0,15.0,15.0,1749065649.248256
lbbWcnc3,1748717400,Bublik A.,Rocha H.,197.0,192.0,169.0,154.0,31.0,23.0,26.0,37.0,13.0,7.0,14.0,19.0,1749065646.156975
4vxuAuwh,1748713800,Fonseca J.,Draper J.,194.0,201.0,162.0,162.0,23.0,32.0,38.0,20.0,10.0,8.0,16.0,9.0,1749065642.986891
Mgo1dwGL,1748712900,Zverev A.,Cobolli F.,202.0,168.0,177.0,147.0,32.0,22.0,30.0,47.0,19.0,11.0,28.0,15.0,1749065639.871174
AyNo170c,1748712600,Rublev A.,Fils A.,,,,,,,,,,,,,1749065636.666858
retYlweT,1748706900,Sinner J.,Lehecka J.,200.0,198.0,159.0,170.0,31.0,17.0,9.0,29.0,12.0,19.0,19.0,29.0,1749065633.610049
ltXFi3np,1748700900,Griekspoor T.,Quinn E.,196.0,191.0,169.0,162.0,36.0,55.0,37.0,58.0,27.0,30.0,32.0,45.0,1749065630.511806
W4M0DzeS,1748647800,Dzumhur D.,Alcaraz C.,170.0,185.0,153.0,160.0,34.0,52.0,38.0,44.0,24.0,26.0,42.0,44.0,1749065537.507117
AqeC0c3e,1748642400,Tiafoe F.,Korda S.,200.0,197.0,154.0,162.0,36.0,28.0,26.0,39.0,16.0,11.0,18.0,18.0,1749065534.388801
4GHTfp1M,1748637000,Shelton B.,Gigante M.,198.0,192.0,177.0,158.0,35.0,23.0,29.0,29.0,20.0,7.0,33.0,16.0,1749065531.263139
p0EfKt3S,1748634300,Medjedovic H.,Altmaier D.,184.0,180.0,156.0,147.0,39.0,50.0,55.0,25.0,7.0,13.0,10.0,19.0,1749065527.985507
n3ZKbdk5,1748623800,Halys Q.,Rune H.,193.0,185.0,160.0,150.0,55.0,66.0,38.0,31.0,22.0,23.0,38.0,32.0,1749065524.799582
UXkREKQk,1748622300,Borges N.,Popyrin A.,186.0,193.0,152.0,157.0,33.0,51.0,36.0,36.0,18.0,26.0,27.0,34.0,1749065521.636695
t8RqcFwK,1748620500,Khachanov K.,Paul T.,188.0,186.0,152.0,149.0,50.0,55.0,53.0,55.0,22.0,36.0,31.0,55.0,1749065518.356745
lEUi0LBd,1748614200,Musetti L.,Navone M.,186.0,171.0,151.0,146.0,43.0,31.0,51.0,49.0,14.0,24.0,23.0,38.0,1749065515.056435
bPX2Wy1m,1748561700,Monfils G.,Draper J.,195.0,193.0,161.0,155.0,45.0,59.0,46.0,33.0,22.0,17.0,41.0,28.0,1749065495.618964
YBwzjuFb,1748556000,Fearnley J.,Humbert U.,199.0,190.0,169.0,159.0,24.0,11.0,27.0,29.0,9.0,2.0,10.0,10.0,1749065492.397494
0YDuOPQs,1748553600,Shapovalov D.,Misolic F.,187.0,181.0,156.0,153.0,53.0,56.0,66.0,48.0,35.0,18.0,57.0,38.0,1749065489.264832
8WQ5eutg,1748550900,Moutet C.,Djokovic N.,178.0,193.0,146.0,149.0,29.0,44.0,33.0,33.0,9.0,54.0,22.0,69.0,1749065486.081536
noA2ysSO,1748545500,Shevchenko A.,Quinn E.,,,,,43.0,92.0,41.0,82.0,14.0,45.0,34.0,62.0,1749065482.925295
p8nvzn4n,1748545200,Norrie C.,Gomez F. A.,186.0,188.0,142.0,164.0,22.0,39.0,22.0,56.0,12.0,14.0,17.0,22.0,1749065479.771898
GzHO79VF,1748544900,Fonseca J.,Herbert P.,192.0,196.0,170.0,169.0,34.0,49.0,26.0,43.0,15.0,27.0,30.0,36.0,1749065476.649298
EgNIBCml,1748541300,Cobolli F.,Arnaldi M.,177.0,186.0,147.0,154.0,32.0,36.0,36.0,63.0,18.0,17.0,29.0,24.0,1749065473.49133
QDjOlzOp,1748540700,Rublev A.,Walton A.,196.0,189.0,152.0,154.0,67.0,25.0,35.0,28.0,13.0,3.0,16.0,5.0,1749065470.359195
vZ3UWlpg,1748539200,Sinner J.,Gasquet R.,184.0,184.0,149.0,156.0,27.0,22.0,20.0,29.0,8.0,16.0,11.0,21.0,1749065467.226623
Olr6nzqm,1748538900,Diallo G.,Griekspoor T.,,,,,51.0,39.0,47.0,44.0,33.0,21.0,45.0,28.0,1749065464.062843
OU3xLUTa,1748534100,Zverev A.,De Jong J.,202.0,189.0,170.0,154.0,43.0,34.0,43.0,45.0,30.0,24.0,46.0,32.0,1749065460.864518
8dhhPGac,1748528100,Rocha H.,Mensik J.,187.0,200.0,153.0,154.0,38.0,45.0,47.0,53.0,9.0,28.0,13.0,40.0,1749065457.716346
p88ATo3K,1748527800,Munar J.,Fils A.,186.0,191.0,143.0,156.0,43.0,69.0,41.0,84.0,24.0,35.0,33.0,57.0,1749065454.535141
Oxf0ufYQ,1748527800,Lehecka J.,Davidovich Fokina A.,201.0,176.0,170.0,154.0,39.0,27.0,30.0,36.0,21.0,9.0,32.0,16.0,1749065451.371352
WWrxKZDl,1748527800,De Minaur A.,Bublik A.,196.0,203.0,162.0,168.0,46.0,51.0,34.0,48.0,29.0,22.0,41.0,38.0,1749065448.15218
I1rf4z7d,1748475000,Nava E.,Rune H.,194.0,192.0,171.0,156.0,25.0,29.0,40.0,26.0,16.0,14.0,27.0,20.0,1749065374.479762
0bJ7UAyo,1748474700,Tiafoe F.,Carreno-Busta P.,194.0,178.0,146.0,152.0,37.0,17.0,19.0,22.0,21.0,10.0,26.0,15.0,1749065371.223349
SAY3OZsp,1748474100,Shelton B.,Gaston H.,,,,,,,,,,,,,1749065367.920374
OG6pmPJi,1748471700,Brooksby J.,Korda S.,179.0,193.0,141.0,149.0,19.0,35.0,31.0,39.0,6.0,17.0,10.0,25.0,1749065364.855852
bqn7BNwq,1748460600,Gigante M.,Tsitsipas S.,190.0,195.0,152.0,163.0,42.0,31.0,46.0,49.0,11.0,30.0,18.0,41.0,1749065361.674707
tpmGl5zo,1748460300,Fucsovics M.,Paul T.,187.0,179.0,155.0,150.0,41.0,33.0,55.0,40.0,33.0,25.0,45.0,36.0,1749065358.367371
jRURCoAr,1748458200,Mpetshi Perricard G.,Dzumhur D.,200.0,163.0,182.0,149.0,54.0,32.0,55.0,23.0,36.0,20.0,59.0,29.0,1749065355.24701
bToJRQAc,1748451300,Marozsan F.,Alcaraz C.,186.0,192.0,163.0,158.0,22.0,41.0,30.0,25.0,19.0,28.0,33.0,36.0,1749065351.997771
4MSDY6ho,1748449500,Khachanov K.,Ofner S.,187.0,196.0,157.0,157.0,45.0,59.0,55.0,69.0,12.0,20.0,20.0,31.0,1749065348.707114
xlQdT9BL,1748448600,Ruud C.,Borges N.,193.0,191.0,167.0,150.0,32.0,51.0,38.0,21.0,17.0,11.0,34.0,18.0,1749065345.520486
fuD6Vy4l,1748445600,Opelka R.,Navone M.,197.0,180.0,171.0,151.0,36.0,20.0,53.0,22.0,11.0,10.0,18.0,17.0,1749065342.381735
M3zaqjx0,1748445600,Halys Q.,Kecmanovic M.,191.0,186.0,155.0,145.0,85.0,37.0,62.0,20.0,36.0,19.0,43.0,29.0,1749065339.114561
QysjoC7m,1748441400,Tabilo A.,Popyrin A.,177.0,188.0,151.0,157.0,25.0,37.0,36.0,26.0,22.0,28.0,31.0,37.0,1749065335.929714
fBuG918e,1748441400,Kopriva V.,Altmaier D.,179.0,180.0,141.0,143.0,34.0,47.0,56.0,46.0,27.0,26.0,39.0,34.0,1749065332.794724
b9R57jY2,1748441400,Cerundolo J. M.,Medjedovic H.,176.0,196.0,143.0,166.0,24.0,44.0,31.0,47.0,7.0,14.0,19.0,18.0,1749065329.588522
xEZUVuZA,1748441100,Musetti L.,Galan D. E.,188.0,183.0,148.0,148.0,38.0,13.0,31.0,34.0,19.0,19.0,23.0,30.0,1749065326.509623
rkF7ovQO,1748388600,Monfils G.,Dellien H.,191.0,173.0,157.0,144.0,58.0,42.0,50.0,57.0,,,,,1748984598.592321
pIosZ9z2,1748384700,Hurkacz H.,Fonseca J.,195.0,194.0,163.0,169.0,29.0,36.0,20.0,15.0,16.0,18.0,23.0,27.0,1748984595.316144
xvNIb5AT,1748378400,Moutet C.,Tabur C.,175.0,187.0,145.0,150.0,43.0,32.0,37.0,44.0,18.0,37.0,24.0,58.0,1748984592.062817
vuo6kMlD,1748377500,Cilic M.,Cobolli F.,195.0,182.0,151.0,152.0,20.0,28.0,38.0,20.0,8.0,4.0,12.0,7.0,1748984588.764794
0nN8ExfB,1748376300,Arnaldi M.,Auger-Aliassime F.,181.0,196.0,150.0,167.0,46.0,59.0,52.0,55.0,26.0,34.0,40.0,54.0,1748984585.486017
CA8rcGNp,1748375400,Bellucci M.,Draper J.,188.0,196.0,161.0,159.0,39.0,43.0,41.0,26.0,6.0,14.0,14.0,21.0,1748984582.209555
WGMHBC5F,1748374800,Rublev A.,Harris L.,194.0,184.0,147.0,146.0,43.0,29.0,40.0,41.0,17.0,9.0,28.0,12.0,1748984578.93411
dO3kgqYj,1748370300,Basilashvili N.,Rocha H.,,,,,60.0,39.0,88.0,32.0,30.0,7.0,37.0,13.0,1748984575.654976
0QTTdDS8,1748369700,McDonald M.,Djokovic N.,177.0,185.0,149.0,156.0,14.0,32.0,28.0,20.0,11.0,16.0,22.0,25.0,1748984572.48163
vu7Gm9ke,1748369400,Herbert P.,Bonzi B.,,,,,62.0,39.0,67.0,43.0,37.0,21.0,51.0,40.0,1748984567.872637
bVxbirK0,1748368500,Marterer M.,Walton A.,182.0,183.0,154.0,150.0,47.0,37.0,64.0,68.0,20.0,11.0,28.0,16.0,1748984564.599687
C4mZzW5k,1748365200,Muller A.,Mensik J.,181.0,203.0,153.0,147.0,31.0,60.0,44.0,57.0,23.0,19.0,32.0,29.0,1748984561.32088
dEGHCGON,1748362500,De Jong J.,Passaro F.,189.0,177.0,155.0,161.0,43.0,50.0,47.0,80.0,15.0,34.0,24.0,52.0,1748984558.044407
0jDKVzU9,1748361300,Zverev A.,Tien L.,200.0,176.0,171.0,154.0,28.0,15.0,28.0,32.0,16.0,2.0,25.0,4.0,1748984554.767067
hO88kVKr,1748361000,Bublik A.,Duckworth J.,197.0,188.0,176.0,163.0,41.0,18.0,38.0,24.0,12.0,21.0,19.0,37.0,1748984551.493721
ARTO7rmp,1748358900,Quinn E.,Dimitrov G.,182.0,186.0,164.0,154.0,36.0,34.0,31.0,34.0,10.0,8.0,16.0,11.0,1748984548.231072
M1eyHnQc,1748355000,Shevchenko A.,Lajovic D.,,,,,29.0,28.0,43.0,36.0,19.0,7.0,21.0,10.0,1748984544.93587
CUWP9g7j,1748355000,Medvedev D.,Norrie C.,193.0,182.0,141.0,139.0,67.0,42.0,69.0,56.0,35.0,33.0,53.0,51.0,1748984541.660795
fye6ZJCj,1748355000,Kovacevic A.,Gomez F. A.,,,,,26.0,63.0,36.0,39.0,7.0,15.0,14.0,20.0,1748984538.383472
nmmoHyFG,1748355000,De Minaur A.,Djere L.,192.0,188.0,160.0,155.0,19.0,22.0,44.0,54.0,11.0,11.0,17.0,20.0,1748984534.903222
raC8KmfR,1747949100,Muller A.,Auger-Aliassime F.,,,,,18.0,40.0,35.0,61.0,9.0,16.0,15.0,21.0,1747987704.120188
2knWnfG5,1747941000,Rublev A.,Darderi L.,,,,,32.0,22.0,23.0,22.0,11.0,2.0,12.0,4.0,1747987700.842942
Shmw3ggc,1747934700,Cobolli F.,Bautista-Agut R.,,,,,23.0,5.0,19.0,22.0,5.0,6.0,6.0,9.0,1747987698.180478
bskaYMW8,1747926600,Etcheverry T. M.,Lehecka J.,,,,,16.0,21.0,24.0,31.0,8.0,13.0,11.0,17.0,1747987695.330889
b7QfkgTq,1747961100,Popyrin A.,Norrie C.,198.0,181.0,162.0,137.0,33.0,15.0,36.0,10.0,7.0,13.0,8.0,16.0,1747987692.037444
UJfhhkho,1747953600,Arnaldi M.,Djokovic N.,188.0,191.0,156.0,156.0,21.0,16.0,24.0,23.0,4.0,8.0,7.0,10.0,1747987688.759968
MNObz8DG,1747947600,Fritz T.,Hurkacz H.,201.0,207.0,156.0,167.0,29.0,28.0,22.0,17.0,1.0,4.0,1.0,6.0,1747987685.482812
I5rPW9e4,1747939200,Khachanov K.,Ofner S.,195.0,201.0,160.0,162.0,15.0,35.0,35.0,34.0,1.0,7.0,2.0,10.0,1747987682.227876
vcO59ttC,1747944000,Droguet T.,Gea A.,,,,,28.0,36.0,28.0,46.0,,,,,1747987678.928346
nXWHTEte,1747940700,Gaubas V.,Llamas Ruiz P.,,,,,23.0,27.0,39.0,16.0,,,,,1747987675.648049
MDDQdDAs,1747939200,Moller E.,Gigante M.,,,,,23.0,14.0,36.0,35.0,9.0,7.0,10.0,13.0,1747987672.988606
Eo3uzRlU,1747938900,Rodionov J.,Jacquet K.,183.0,187.0,151.0,154.0,11.0,28.0,22.0,21.0,6.0,11.0,12.0,13.0,1747987669.712241
25rXT2Jt,1747936200,Quinn E.,Tirante T. A.,,,,,35.0,26.0,38.0,26.0,14.0,7.0,19.0,10.0,1747987666.438013
zoLzB523,1747932600,Martineau M.,Hanfmann Y.,191.0,180.0,153.0,150.0,20.0,28.0,30.0,18.0,7.0,10.0,13.0,15.0,1747987663.158285
6cJgeaiC,1747932000,Skatov T.,van Assche L.,192.0,179.0,155.0,145.0,17.0,33.0,55.0,42.0,,,,,1747987659.882135
A7och84b,1747930200,Collarini A.,Ramos A.,,,,,17.0,10.0,28.0,16.0,6.0,4.0,8.0,4.0,1747987655.988411
I3o8yMID,1747929000,Marterer M.,Coria F.,,,,,9.0,3.0,12.0,12.0,4.0,1.0,4.0,2.0,1747987652.723949
vNJZ3fNF,1747928100,Blanchet U.,Garin C.,190.0,181.0,151.0,148.0,27.0,18.0,37.0,32.0,8.0,9.0,13.0,12.0,1747987649.441831
W6B9Owkg,1747927500,Landaluce M.,Gomez F. A.,,,,,21.0,40.0,34.0,37.0,9.0,22.0,17.0,30.0,1747987646.162893
Kz8gtj3k,1747927200,Trotter J. K.,Kubler J.,,,,,32.0,33.0,33.0,31.0,15.0,17.0,19.0,24.0,1747987642.989113
KGq9Vxqf,1747926300,Moreno De Alboran N.,Klein L.,,,,,23.0,43.0,29.0,42.0,11.0,35.0,16.0,46.0,1747987640.303062
44oUVrO0,1747926000,Basilashvili N.,Vacherot V.,,,,,16.0,12.0,29.0,32.0,4.0,6.0,6.0,9.0,1747987636.942135
WML3sRie,1747925100,Spizzirri E.,Zeppieri G.,,,,,7.0,25.0,13.0,20.0,8.0,2.0,9.0,4.0,1747987633.66453
EJErqse3,1747924500,Gueymard Wayenburg S.,Hassan B.,191.0,180.0,169.0,155.0,9.0,26.0,18.0,14.0,9.0,10.0,18.0,13.0,1747987631.001848
h0IPnhgf,1747923600,Barrios Vera T.,Rocha H.,,,,,23.0,29.0,28.0,17.0,19.0,9.0,28.0,15.0,1747987627.72599
GrN0osz1,1747919400,Popko D.,Galan D. E.,,,,,9.0,23.0,14.0,25.0,8.0,12.0,12.0,16.0,1747987625.061856
O4WuIyHF,1747919400,Jianu F. C.,Squire H.,,,,,18.0,28.0,12.0,38.0,11.0,18.0,13.0,25.0,1747987621.783159
23yfFIg5,1747919400,Harris L.,Virtanen O.,,,,,23.0,24.0,19.0,40.0,14.0,14.0,21.0,22.0,1747987618.511342
EZvoNNbC,1747919400,Evans D.,Tabur C.,134.0,178.0,120.0,127.0,7.0,25.0,20.0,12.0,6.0,9.0,13.0,12.0,1747987615.2307
Qu5giC6M,1747919400,Cilic M.,Martin Tiffon P.,0.0,47.0,0.0,156.0,16.0,14.0,26.0,22.0,,,,,1747987612.004118
tWyBFRml,1747919400,Cerundolo J. M.,Habib H.,171.0,197.0,140.0,172.0,32.0,30.0,36.0,50.0,8.0,15.0,13.0,27.0,1747987609.329607
IkzaPdI5,1747865700,Mpetshi Perricard G.,Auger-Aliassime F.,,,,,13.0,23.0,19.0,12.0,4.0,6.0,8.0,9.0,1747987482.050154
djl7gsRh,1747855200,Darderi L.,Nakashima B.,,,,,33.0,36.0,39.0,48.0,5.0,17.0,11.0,27.0,1747987478.770969
f5OTs3vf,1747854900,Zverev A.,Muller A.,,,,,29.0,29.0,47.0,36.0,11.0,15.0,16.0,22.0,1747987475.49522
0EeHDp13,1747847400,Davidovich Fokina A.,Cobolli F.,,,,,14.0,11.0,41.0,31.0,10.0,2.0,11.0,6.0,1747987472.011685
6oNkrGSa,1747847100,Rublev A.,Engel J.,,,,,20.0,18.0,23.0,33.0,7.0,2.0,8.0,2.0,1747987468.734872
Wn3bWeC6,1747845300,Ugo Carabelli C.,Etcheverry T. M.,,,,,25.0,20.0,33.0,21.0,3.0,7.0,5.0,11.0,1747987465.45846
G212vUX1,1747840200,Lehecka J.,Cerundolo F.,,,,,15.0,20.0,26.0,39.0,6.0,5.0,12.0,8.0,1747987462.202854
O0zdu5Et,1747840200,Bautista-Agut R.,Tiafoe F.,,,,,18.0,26.0,13.0,23.0,6.0,2.0,10.0,5.0,1747987459.520828
SxeUwGg4,1747868400,Norrie C.,Machac T.,182.0,196.0,136.0,164.0,24.0,37.0,15.0,40.0,10.0,6.0,11.0,12.0,1747987456.244738
pjFVyzpp,1747863300,Popyrin A.,Fearnley J.,201.0,196.0,154.0,162.0,11.0,15.0,10.0,25.0,4.0,5.0,8.0,7.0,1747987452.967225
rcH6mcE8,1747862400,Fucsovics M.,Djokovic N.,186.0,194.0,163.0,152.0,11.0,21.0,23.0,15.0,3.0,3.0,4.0,5.0,1747987449.739765
00GraonA,1747857300,Rinderknech A.,Hurkacz H.,204.0,207.0,168.0,177.0,15.0,17.0,23.0,13.0,2.0,5.0,3.0,5.0,1747987446.619793
A7Vbaftg,1747849200,Arnaldi M.,Marozsan F.,186.0,198.0,156.0,160.0,30.0,26.0,20.0,33.0,6.0,16.0,8.0,25.0,1747987443.955969
4diXGyPG,1747845000,Ofner S.,Borges N.,209.0,192.0,157.0,153.0,29.0,19.0,31.0,23.0,11.0,3.0,13.0,4.0,1747987440.647594
vs8e2oT6,1747843200,Khachanov K.,Nishikori K.,197.0,175.0,160.0,149.0,19.0,25.0,20.0,24.0,3.0,5.0,3.0,5.0,1747987437.404875
0zwbN1NM,1747838100,Fritz T.,Halys Q.,203.0,200.0,152.0,165.0,29.0,28.0,22.0,27.0,8.0,2.0,16.0,4.0,1747987434.126157
bJ42lLE8,1747858200,Seyboth Wild T.,Blancaneaux G.,181.0,185.0,149.0,144.0,11.0,15.0,17.0,11.0,9.0,13.0,14.0,22.0,1747987430.848951
6eInFcx8,1747850400,Arnaboldi F.,Mmoh M.,,,,,,,,,,,,,1747987427.557322
8KQCZWfA,1747840800,Rodionov J.,Nagal S.,,,,,19.0,6.0,32.0,30.0,18.0,3.0,22.0,6.0,1747987424.499308
zD9kg27j,1747840500,Napolitano S.,Jacquet K.,178.0,185.0,146.0,151.0,17.0,36.0,16.0,14.0,16.0,9.0,28.0,13.0,1747987420.871729
8CYs9qXF,1747839300,Shevchenko A.,Erhard M.,184.0,186.0,147.0,156.0,28.0,18.0,59.0,36.0,,,,,1747987417.742388
MTFS0g9a,1747838700,Ramos A.,Burruchaga R. A.,168.0,166.0,133.0,139.0,20.0,34.0,27.0,31.0,,,,,1747987414.518311
2NqtXHke,1747838700,Collarini A.,Guillen Meza A.,,,,,31.0,21.0,26.0,24.0,,,,,1747987411.391559
tSiHLFfe,1747838400,Neumayer L.,Misolic F.,,,,,36.0,34.0,37.0,28.0,15.0,11.0,24.0,20.0,1747987408.7313
htI7FXEM,1747833000,Svajda Z.,Gigante M.,187.0,184.0,142.0,154.0,15.0,25.0,25.0,23.0,,,,,1747987406.068401
lGgkR9Cr,1747833000,Moller E.,Coppejans K.,,,,,44.0,15.0,26.0,30.0,8.0,11.0,11.0,17.0,1747987402.791232
G6JFpM14,1747833000,Llamas Ruiz P.,Svrcina D.,,,,,24.0,7.0,11.0,16.0,12.0,8.0,15.0,23.0,1747987400.12831
CWiVsvy1,1747833000,Holmgren A.,Tirante T. A.,,,,,14.0,16.0,27.0,17.0,6.0,3.0,11.0,7.0,1747987396.853007
hpz8Bk6K,1747833000,Boyer T.,Gaubas V.,179.0,178.0,142.0,151.0,20.0,21.0,31.0,26.0,,,,,1747987393.576388
prmbPmse,1747832700,Quinn E.,Tomic B.,191.0,181.0,162.0,142.0,22.0,17.0,23.0,26.0,6.0,8.0,13.0,11.0,1747987390.302579
x0vUtA8L,1747777500,Altmaier D.,Auger-Aliassime F.,,,,,8.0,23.0,21.0,24.0,2.0,13.0,3.0,16.0,1747796843.085829
zeMGX5V7,1747775700,Mpetshi Perricard G.,Bublik A.,,,,,35.0,27.0,18.0,20.0,17.0,5.0,20.0,6.0,1747796839.850828
YVPaylWr,1747771200,Davidovich Fokina A.,Monfils G.,,,,,18.0,17.0,30.0,25.0,16.0,4.0,19.0,5.0,1747796836.585827
8MsgucXG,1747765800,Baez S.,Ugo Carabelli C.,,,,,21.0,21.0,58.0,47.0,6.0,11.0,8.0,18.0,1747796833.305557
tYpLrWw9,1747764600,Bu Y.,Tiafoe F.,,,,,13.0,23.0,22.0,25.0,2.0,6.0,5.0,7.0,1747796830.040186
Gja3e9NE,1747757400,Etcheverry T. M.,Comesana F.,,,,,21.0,23.0,16.0,30.0,13.0,3.0,15.0,6.0,1747796826.973709
6D7YAelS,1747753800,Sachko V.,Cobolli F.,,,,,24.0,24.0,59.0,48.0,9.0,11.0,11.0,16.0,1747796823.884424
dxeUgcET,1747773000,Sell K.,Marozsan F.,,,,,4.0,20.0,10.0,11.0,3.0,2.0,6.0,2.0,1747796820.721673
0EPeHH5N,1747771200,Cazaux A.,Hurkacz H.,,,,,13.0,17.0,22.0,21.0,1.0,3.0,3.0,7.0,1747796817.439421
4nWnJwyB,1747764900,Rinderknech A.,Kecmanovic M.,,,,,25.0,14.0,19.0,14.0,5.0,2.0,9.0,3.0,1747796813.950905
bN4jXPln,1747776000,Cilic M.,Wu Y.,199.0,190.0,144.0,156.0,16.0,5.0,20.0,28.0,0.0,3.0,0.0,4.0,1747796810.884161
fkbaV3Jb,1747773600,Harris L.,Huesler M.,187.0,191.0,149.0,152.0,19.0,14.0,21.0,26.0,11.0,7.0,12.0,13.0,1747796807.811198
z3GOhbHM,1747772700,Escoffier A.,Virtanen O.,182.0,200.0,148.0,165.0,16.0,25.0,33.0,31.0,15.0,16.0,23.0,22.0,1747796804.527483
ttwj9J13,1747771500,Martin Tiffon P.,Kouame M.,185.0,190.0,150.0,154.0,30.0,29.0,43.0,42.0,13.0,16.0,26.0,27.0,1747796801.465567
bHXeH8ZR,1747770600,Cerundolo J. M.,Onclin G.,173.0,176.0,139.0,147.0,27.0,30.0,20.0,32.0,6.0,19.0,10.0,24.0,1747796798.389763
KlBraldn,1747770000,Dougaz A.,Popko D.,184.0,190.0,150.0,144.0,39.0,25.0,64.0,39.0,9.0,17.0,10.0,27.0,1747796795.130535
tbds6N9T,1747768200,Habib H.,Mena F.,200.0,190.0,169.0,155.0,37.0,37.0,29.0,39.0,14.0,13.0,21.0,20.0,1747796791.82948
f5bmF0np,1747767600,Blancaneaux G.,Kukushkin M.,182.0,181.0,146.0,137.0,25.0,7.0,10.0,24.0,14.0,2.0,19.0,4.0,1747796788.603015
SKBT22Mt,1747767000,Mmoh M.,Hemery C.,196.0,197.0,158.0,176.0,42.0,43.0,31.0,47.0,22.0,25.0,27.0,41.0,1747796785.524203
0rwE01Xj,1747766700,Jasika O.,Galan D. E.,,,,,16.0,42.0,23.0,34.0,13.0,11.0,26.0,16.0,1747796782.422086
QRHzAQR1,1747764900,Seyboth Wild T.,Uchiyama Y.,,,,,16.0,23.0,19.0,28.0,7.0,14.0,9.0,19.0,1747796779.307669
YNPcDVcD,1747763100,Harris B.,Evans D.,186.0,184.0,158.0,160.0,18.0,19.0,27.0,16.0,8.0,10.0,18.0,14.0,1747796776.270592
8pbZ7quH,1747760700,Basilashvili N.,Brouwer G.,187.0,154.0,158.0,138.0,23.0,6.0,20.0,23.0,3.0,3.0,3.0,5.0,1747796773.196701
x2qmJU4F,1747759200,van Assche L.,Mannarino A.,177.0,172.0,138.0,128.0,12.0,17.0,28.0,29.0,7.0,6.0,8.0,10.0,1747796770.061033
vHWLYxQj,1747759200,Jianu F. C.,Kovalik J.,,,,,21.0,45.0,16.0,36.0,,,,,1747796767.041963
SIdeDvHd,1747758900,Vacherot V.,Taberner C.,,,,,29.0,15.0,21.0,17.0,9.0,3.0,11.0,7.0,1747796763.984346
AoEcva2T,1747758900,Tabur C.,Tu L.,182.0,185.0,144.0,144.0,37.0,29.0,36.0,24.0,19.0,20.0,27.0,29.0,1747796760.934059
M1oJvjzi,1747758600,Tseng C. H.,Arnaboldi F.,,,,,39.0,40.0,26.0,31.0,10.0,29.0,16.0,34.0,1747796757.83885
40qHIQZh,1747755900,Squire H.,Meligeni Alves F.,,,,,31.0,24.0,24.0,33.0,2.0,3.0,4.0,4.0,1747796754.753295
Wno9Kn5t,1747755300,Rodesch C.,Blanchet U.,193.0,191.0,172.0,155.0,22.0,30.0,25.0,26.0,12.0,10.0,19.0,19.0,1747796751.694601
U7UtDM3U,1747755000,Eubanks C.,Rodionov J.,189.0,184.0,162.0,145.0,28.0,23.0,24.0,9.0,11.0,8.0,18.0,13.0,1747796748.411038
6NO7dtIc,1747754400,Krueger M.,Nagal S.,189.0,170.0,155.0,142.0,9.0,22.0,21.0,14.0,5.0,8.0,10.0,10.0,1747796745.347446
GG4icSQb,1747752900,Kachmazov A.,Skatov T.,180.0,183.0,156.0,150.0,20.0,7.0,41.0,25.0,8.0,5.0,15.0,7.0,1747796742.073131
QXf3oG9d,1747752600,Garin C.,Mayot H.,179.0,177.0,145.0,141.0,18.0,13.0,15.0,23.0,18.0,7.0,24.0,12.0,1747796739.000742
pfRuLjz3,1747746600,Zeppieri G.,Choinski J.,,,,,35.0,16.0,19.0,22.0,5.0,14.0,9.0,17.0,1747796735.726151
WzoPgPqQ,1747746600,Trungelliti M.,Neumayer L.,,,,,14.0,20.0,21.0,13.0,7.0,8.0,12.0,11.0,1747796732.242384
Eo5Q95A4,1747746600,Spizzirri E.,Grenier H.,184.0,179.0,151.0,144.0,48.0,30.0,44.0,37.0,29.0,15.0,42.0,22.0,1747796729.172959
GS2xWLiJ,1747746600,Misolic F.,Draxl L.,,,,,21.0,10.0,13.0,20.0,9.0,4.0,10.0,8.0,1747796726.099562
nTnvNQ8l,1747746600,Coric B.,Droguet T.,184.0,167.0,154.0,143.0,23.0,31.0,29.0,31.0,27.0,17.0,37.0,23.0,1747796722.827266
zLHGKMOM,1747746600,Bertrand R.,Rocha H.,169.0,176.0,147.0,156.0,14.0,19.0,45.0,37.0,8.0,6.0,12.0,7.0,1747796719.755486
UaORBnck,1747746600,Barrios Vera T.,Pavlovic L.,188.0,205.0,151.0,163.0,10.0,21.0,16.0,36.0,9.0,8.0,15.0,11.0,1747796716.687269
fgjnL4w1,1747746300,Gea A.,Blockx A.,188.0,178.0,149.0,139.0,47.0,18.0,63.0,31.0,24.0,12.0,37.0,26.0,1747796713.615987
CflpsJ24,1747689000,Struff J-L.,Engel J.,,,,,22.0,27.0,29.0,28.0,5.0,4.0,5.0,6.0,1747700998.180581
pbJPCHJF,1747680000,Zverev A.,Kovacevic A.,,,,,24.0,22.0,12.0,23.0,8.0,6.0,13.0,11.0,1747700994.960041
bP1C3Dt2,1747678500,Gojo B.,Lehecka J.,,,,,16.0,25.0,33.0,31.0,4.0,12.0,10.0,15.0,1747700991.854504
jJlbRGY8,1747677300,Ymer E.,Muller A.,,,,,27.0,25.0,37.0,30.0,5.0,15.0,5.0,19.0,1747700988.758954
OG2BgmhR,1747672800,Rublev A.,Dzumhur D.,,,,,24.0,15.0,34.0,25.0,13.0,2.0,16.0,2.0,1747700985.479413
zybZKSo2,1747671300,Giron M.,Bautista-Agut R.,,,,,19.0,19.0,27.0,22.0,2.0,5.0,3.0,9.0,1747700982.202432
2c835ZBk,1747667400,Collignon R.,Nakashima B.,,,,,5.0,13.0,14.0,14.0,5.0,2.0,6.0,4.0,1747700978.928404
6i4M2IjU,1747700400,Fucsovics M.,Bergs Z.,,,,,8.0,9.0,17.0,28.0,5.0,5.0,6.0,6.0,1747700975.649258
EXcllJic,1747689300,Norrie C.,Stricker D.,,,,,16.0,24.0,27.0,42.0,4.0,7.0,6.0,11.0,1747700972.1661
dpBRBeTp,1747679700,Arnaldi M.,Gaston H.,,,,,32.0,19.0,54.0,26.0,8.0,9.0,15.0,13.0,1747700968.68493
ChgEZbLi,1747672800,Munar J.,Halys Q.,,,,,22.0,57.0,17.0,46.0,3.0,20.0,5.0,27.0,1747700965.407052
APAD4vMH,1747671000,Nishikori K.,Tien L.,,,,,28.0,22.0,12.0,9.0,10.0,5.0,11.0,7.0,1747700962.132269
h8t0lyxi,1747668900,Ofner S.,Gakhov I.,,,,,21.0,10.0,6.0,23.0,5.0,1.0,6.0,2.0,1747700958.71131
dGqWMLyn,1747665600,Lajovic D.,Fearnley J.,,,,,10.0,20.0,17.0,23.0,3.0,6.0,7.0,7.0,1747700955.619185
tnWtsn0K,1747689300,McCabe J.,Erhard M.,,,,,7.0,16.0,26.0,15.0,2.0,4.0,10.0,7.0,1747700952.504383
xYFktLXG,1747689300,Fognini F.,Moreno De Alboran N.,,,,,19.0,19.0,33.0,20.0,5.0,8.0,7.0,9.0,1747700949.228982
IL4MXTJ8,1747688700,Landaluce M.,Dellien Velasco M. A.,,,,,29.0,22.0,52.0,43.0,18.0,21.0,26.0,27.0,1747700945.952184
8dGLZ3hf,1747687800,Shevchenko A.,Mochizuki S.,,,,,22.0,28.0,30.0,52.0,9.0,25.0,13.0,33.0,1747700942.673807
UB4UXsN6,1747687200,Galarneau A.,Martineau M.,,,,,39.0,39.0,30.0,37.0,19.0,28.0,31.0,41.0,1747700939.429354
OUkGRLIN,1747686300,van Rijthoven T.,Gueymard Wayenburg S.,,,,,20.0,20.0,25.0,19.0,9.0,12.0,15.0,13.0,1747700936.346418
0WCDyQNs,1747683000,Buse I.,Hanfmann Y.,,,,,23.0,40.0,22.0,40.0,6.0,17.0,21.0,27.0,1747700933.049247
0SxQG445,1747682400,Hassan B.,Kotov P.,,,,,30.0,19.0,34.0,29.0,13.0,12.0,18.0,21.0,1747700929.770542
QcMkFiT0,1747681500,Holt B.,Trotter J. K.,,,,,14.0,24.0,16.0,18.0,5.0,7.0,6.0,11.0,1747700926.083717
G2JocbjI,1747679700,Bouquier A.,Coria F.,,,,,45.0,19.0,62.0,22.0,32.0,19.0,49.0,33.0,1747700922.806439
8htYErZH,1747679100,Den Ouden G.,Klein L.,,,,,28.0,47.0,32.0,45.0,13.0,43.0,21.0,54.0,1747700919.336323
6L1IBRuh,1747677300,Malige M.,Gomez F. A.,,,,,9.0,14.0,22.0,19.0,4.0,6.0,9.0,10.0,1747700916.047852
4QA3n2gc,1747675500,Marterer M.,Butvilas E.,,,,,18.0,13.0,30.0,27.0,13.0,12.0,18.0,17.0,1747700912.770909
xdWJrayP,1747673400,Sultanov K.,Ramos A.,,,,,13.0,22.0,12.0,14.0,2.0,4.0,5.0,4.0,1747700909.918038
4rYtHDbl,1747673100,Kubler J.,Moro Canas A.,,,,,19.0,24.0,21.0,43.0,6.0,11.0,8.0,18.0,1747700906.36574
On5x1tig,1747671900,Lestienne C.,Burruchaga R. A.,,,,,18.0,23.0,47.0,35.0,12.0,9.0,21.0,16.0,1747700903.211385
hptnMato,1747671900,Jacquet K.,Daniel T.,,,,,31.0,7.0,19.0,15.0,2.0,8.0,2.0,14.0,1747700900.116833
t6Mtrs34,1747671600,Smith C.,Napolitano S.,,,,,34.0,24.0,39.0,28.0,14.0,13.0,18.0,16.0,1747700897.000718
S6Wfl37m,1747671000,Basavareddy N.,Collarini A.,,,,,36.0,29.0,33.0,35.0,13.0,13.0,21.0,20.0,1747700893.725769
SlVaO4Pc,1747668000,Gaubas V.,Ajdukovic D.,,,,,29.0,29.0,31.0,50.0,11.0,7.0,12.0,10.0,1747700890.460033
l4J8MrfA,1747667100,Llamas Ruiz P.,Bolt A.,,,,,30.0,46.0,32.0,47.0,16.0,29.0,24.0,45.0,1747700887.37661
d03paKL5,1747665300,Pacheco Mendez R.,Guillen Meza A.,,,,,18.0,24.0,26.0,22.0,8.0,4.0,11.0,10.0,1747700884.304325
zcqmFL3s,1747665300,Boyer T.,Rincon D.,,,,,35.0,13.0,27.0,30.0,28.0,13.0,38.0,19.0,1747700881.043975
lU2ae6eB,1747665300,Barrere G.,Svrcina D.,,,,,25.0,20.0,39.0,28.0,12.0,8.0,17.0,10.0,1747700877.931881
S2d7TslB,1747660500,Zhukayev B.,Svajda Z.,,,,,24.0,21.0,31.0,12.0,3.0,4.0,11.0,5.0,1747700874.88068
Yg6OggK6,1747660200,Wong C.,Tomic B.,,,,,27.0,21.0,25.0,19.0,9.0,10.0,14.0,12.0,1747700871.603065
SxDGfKnA,1747660200,Shimizu Y.,Coppejans K.,,,,,11.0,12.0,30.0,17.0,7.0,6.0,12.0,11.0,1747700868.50192
fsYagpQN,1747660200,Quinn E.,Lajal M.,,,,,20.0,16.0,21.0,27.0,15.0,8.0,18.0,11.0,1747700865.462428
YuJYq3Yi,1747660200,Moller E.,Bagnis F.,,,,,17.0,12.0,25.0,32.0,10.0,6.0,18.0,11.0,1747700862.386276
hKdemxup,1747660200,Gigante M.,Kym J.,,,,,29.0,23.0,22.0,39.0,9.0,19.0,11.0,32.0,1747700859.111181
f9fXiXlJ,1747660200,Ficovich J. P.,Tirante T. A.,,,,,7.0,29.0,12.0,23.0,7.0,9.0,14.0,13.0,1747700855.835029
QPOVmOmo,1747660200,Cassone M.,Holmgren A.,,,,,13.0,23.0,21.0,7.0,2.0,3.0,8.0,6.0,1747700852.658646
bca9KHiK,1747600200,Sinner J.,Alcaraz C.,201.0,194.0,154.0,164.0,7.0,18.0,31.0,32.0,1.0,2.0,6.0,2.0,1747682693.31133
YLdLr0Ek,1747586700,Collignon R.,Dutra Da Silva D.,,,,,21.0,9.0,16.0,24.0,7.0,2.0,8.0,4.0,1747682690.040398
882KQcIN,1747581300,Kovacevic A.,Sachko V.,,,,,24.0,12.0,15.0,25.0,5.0,2.0,7.0,2.0,1747682686.569719
MZxjM28l,1747581000,Ymer E.,Topo M.,,,,,28.0,41.0,35.0,58.0,11.0,8.0,20.0,18.0,1747682683.304588
tOHtjrMF,1747581000,Kuzmanov D.,Gojo B.,,,,,14.0,26.0,22.0,23.0,5.0,5.0,7.0,12.0,1747682679.837228
UcJ8ZR0e,1747598400,Martinez P.,Cerundolo F.,,,,,7.0,28.0,20.0,31.0,3.0,2.0,7.0,3.0,1747682676.562952
EL9QMlHk,1747592700,Dedura D.,Darderi L.,,,,,10.0,24.0,21.0,20.0,5.0,2.0,8.0,2.0,1747682673.490135
CWuXZVVH,1747588800,Norrie C.,Brooksby J.,,,,,20.0,16.0,20.0,23.0,5.0,2.0,5.0,6.0,1747682670.416982
2iogZDcc,1747584000,Gakhov I.,Feldbausch K.,,,,,27.0,26.0,58.0,33.0,13.0,8.0,21.0,9.0,1747682667.342542
hOvvQl3n,1747580700,Bertola R.,Sell K.,,,,,24.0,17.0,34.0,38.0,4.0,12.0,7.0,14.0,1747682664.062316
WAkfw1rm,1747577100,Opelka R.,Ofner S.,,,,,22.0,16.0,40.0,26.0,5.0,5.0,7.0,6.0,1747682660.789169
IVXvLa6b,1747590900,Borges N.,Michelsen A.,,,,,20.0,22.0,28.0,35.0,3.0,8.0,7.0,9.0,1747682657.297568
IkdMXxj4,1747581000,Popyrin A.,Jarry N.,,,,,19.0,42.0,31.0,48.0,4.0,15.0,5.0,27.0,1747682654.051106
b5s8RGoL,1747507800,Petkovic M.,Gojo B.,,,,,11.0,19.0,28.0,20.0,1.0,3.0,2.0,6.0,1747682609.248855
EiODYXhl,1747505700,Dutra Da Silva D.,Rehberg M. H.,,,,,21.0,15.0,28.0,37.0,6.0,4.0,8.0,5.0,1747682605.976243
ljluKYwe,1747500300,Collignon R.,Zahraj P.,,,,,22.0,12.0,32.0,37.0,6.0,7.0,10.0,11.0,1747682602.719948
Qiq0TxH8,1747498800,Kovacevic A.,Wiskandt M.,,,,,27.0,25.0,22.0,25.0,5.0,6.0,9.0,11.0,1747682599.425048
xCUZuG0E,1747496700,Vukic A.,Kuzmanov D.,,,,,19.0,19.0,28.0,18.0,4.0,5.0,5.0,6.0,1747682596.153059
A5xlIC87,1747491000,Yevseyev D.,Sachko V.,,,,,11.0,26.0,17.0,25.0,3.0,5.0,9.0,6.0,1747682592.873718
ILxrvfVQ,1747491000,Topo M.,Nava E.,,,,,18.0,20.0,30.0,27.0,11.0,7.0,15.0,11.0,1747682589.805878
tQpXLf9r,1747491000,O'Connell C.,Ymer E.,,,,,35.0,19.0,53.0,26.0,13.0,7.0,17.0,17.0,1747682586.529834
d24c8MMh,1747505100,Sell K.,Herbert P.,,,,,14.0,26.0,36.0,59.0,7.0,8.0,12.0,9.0,1747682583.270141
lEEiUrSE,1747505100,Norrie C.,Kirkin E.,,,,,28.0,13.0,15.0,19.0,8.0,9.0,9.0,10.0,1747682579.98315
lx1kArht,1747505100,Monteiro T.,Gakhov I.,,,,,43.0,37.0,44.0,29.0,10.0,4.0,14.0,6.0,1747682576.710233
M7M56uz8,1747497300,Duckworth J.,Bertola R.,,,,,11.0,17.0,29.0,33.0,4.0,9.0,7.0,11.0,1747682573.436712
GSUX9Et0,1747496400,Feldbausch K.,Schoolkate T.,,,,,19.0,26.0,18.0,14.0,2.0,15.0,4.0,20.0,1747682570.189708
rFWPBzCm,1747496100,Albot R.,Brooksby J.,,,,,27.0,33.0,31.0,27.0,11.0,11.0,14.0,15.0,1747682567.096498
zVpZ7hBC,1747491000,Opelka R.,Dalla Valle E.,,,,,31.0,10.0,29.0,22.0,3.0,3.0,6.0,3.0,1747682563.982721
rels6WuP,1747491000,Borg L.,Ofner S.,,,,,12.0,27.0,27.0,23.0,0.0,11.0,0.0,16.0,1747682560.824865
2VXzhpQr,1747439400,Sinner J.,Paul T.,194.0,186.0,151.0,152.0,17.0,13.0,32.0,35.0,4.0,2.0,6.0,4.0,1747441010.736264
zFfVUOR8,1747421100,Alcaraz C.,Musetti L.,185.0,188.0,160.0,164.0,19.0,9.0,42.0,44.0,6.0,5.0,9.0,6.0,1747441007.602555
6XDsPij3,1747347000,Sinner J.,Ruud C.,197.0,197.0,159.0,169.0,22.0,7.0,10.0,17.0,11.0,2.0,12.0,3.0,1747359885.254684
llFvnWFj,1747325400,Hurkacz H.,Paul T.,203.0,182.0,167.0,155.0,23.0,16.0,48.0,25.0,14.0,8.0,15.0,9.0,1747359881.978222
pSGocSmB,1747268100,Musetti L.,Zverev A.,201.0,209.0,147.0,179.0,20.0,20.0,22.0,36.0,8.0,16.0,9.0,28.0,1747359872.554404
jupjLy3c,1747246500,Draper J.,Alcaraz C.,201.0,192.0,164.0,162.0,8.0,24.0,17.0,29.0,3.0,13.0,5.0,17.0,1747359869.278312
l43utU8C,1747242600,Munar J.,Ruud C.,196.0,196.0,154.0,165.0,18.0,19.0,25.0,22.0,6.0,10.0,8.0,13.0,1747359866.206266
l2tb7WpA,1747184700,Paul T.,De Minaur A.,190.0,199.0,155.0,156.0,9.0,10.0,33.0,49.0,9.0,9.0,13.0,10.0,1747359853.950928
MHkwGMvQ,1747177200,Fils A.,Zverev A.,200.0,210.0,167.0,175.0,22.0,19.0,35.0,19.0,5.0,4.0,8.0,7.0,1747359850.861123
tYMHGzZ9,1747175100,Sinner J.,Cerundolo F.,194.0,189.0,158.0,154.0,17.0,29.0,30.0,53.0,4.0,8.0,7.0,14.0,1747359847.773341
2m1nmxUr,1747159200,Musetti L.,Medvedev D.,184.0,201.0,150.0,151.0,19.0,12.0,15.0,26.0,2.0,9.0,5.0,15.0,1747359844.700008
CrrmN1N7,1747155600,Hurkacz H.,Mensik J.,206.0,213.0,167.0,148.0,38.0,38.0,48.0,53.0,13.0,12.0,19.0,16.0,1747359841.424089
lCuPtuTh,1747145400,Khachanov K.,Alcaraz C.,193.0,194.0,167.0,161.0,15.0,41.0,23.0,36.0,13.0,14.0,19.0,19.0,1747359838.145073
zmKa2uRP,1747145400,Draper J.,Moutet C.,196.0,180.0,161.0,146.0,23.0,27.0,31.0,21.0,21.0,10.0,32.0,11.0,1747359834.872428
8GjyDgeD,1747087800,Berrettini M.,Ruud C.,,,,,15.0,9.0,23.0,10.0,2.0,1.0,2.0,3.0,1747099950.483895
QqiUVMJr,1747080000,Munar J.,Korda S.,,,,,15.0,21.0,8.0,34.0,4.0,10.0,6.0,17.0,1747099946.798763
IgvUWN5S,1747077900,Sinner J.,De Jong J.,,,,,21.0,16.0,16.0,25.0,10.0,7.0,12.0,10.0,1747099943.5224
t098awMk,1747073100,Cerundolo F.,Ofner S.,,,,,16.0,11.0,19.0,30.0,1.0,4.0,2.0,9.0,1747099940.24584
MJImMcYQ,1747068900,Giron M.,Hurkacz H.,193.0,205.0,150.0,168.0,20.0,29.0,22.0,19.0,5.0,11.0,7.0,15.0,1747099936.697468
2BFCs504,1747067400,Mensik J.,Marozsan F.,216.0,190.0,159.0,156.0,26.0,13.0,29.0,27.0,6.0,4.0,7.0,8.0,1747099933.476808
dp1nLuP6,1747059300,Dellien H.,De Minaur A.,185.0,207.0,154.0,164.0,11.0,24.0,21.0,24.0,7.0,7.0,10.0,15.0,1747099930.407839
IknpucMF,1747058700,Paul T.,Machac T.,200.0,194.0,150.0,156.0,30.0,26.0,37.0,38.0,13.0,12.0,15.0,18.0,1747099927.34517
UXJXxaaT,1747007700,Djere L.,Alcaraz C.,193.0,195.0,164.0,168.0,10.0,15.0,36.0,28.0,3.0,6.0,4.0,8.0,1747099914.029718
fsK5TH7c,1746994500,Passaro F.,Khachanov K.,181.0,196.0,160.0,152.0,5.0,9.0,30.0,15.0,1.0,3.0,2.0,4.0,1747099910.548383
IPjCQbpm,1746989700,Draper J.,Kopriva V.,197.0,178.0,151.0,151.0,21.0,10.0,37.0,27.0,6.0,4.0,6.0,5.0,1747099907.272898
nXbbjXwh,1746987900,Gaubas V.,Zverev A.,177.0,206.0,153.0,172.0,8.0,18.0,27.0,21.0,1.0,10.0,3.0,12.0,1747099903.994367
0GA3XxNj,1746981900,Musetti L.,Nakashima B.,190.0,192.0,154.0,147.0,18.0,13.0,16.0,18.0,3.0,8.0,5.0,10.0,1747099900.717341
SbCtguQ7,1746979500,Moutet C.,Rune H.,176.0,193.0,145.0,157.0,35.0,48.0,42.0,62.0,13.0,30.0,18.0,43.0,1747099897.440602
vqHG7A4K,1746972600,Popyrin A.,Medvedev D.,195.0,204.0,166.0,149.0,18.0,17.0,28.0,16.0,8.0,11.0,13.0,13.0,1747099894.165032
fZmYVPon,1746972600,Fils A.,Tsitsipas S.,198.0,205.0,168.0,173.0,26.0,19.0,30.0,26.0,6.0,5.0,6.0,7.0,1747099890.888442
QPlWMJBF,1746920700,Nardi L.,De Minaur A.,,,,,19.0,16.0,40.0,27.0,7.0,8.0,10.0,15.0,1746924109.112296
06DAG2Wh,1746915000,Sinner J.,Navone M.,,,,,21.0,10.0,24.0,17.0,6.0,3.0,8.0,4.0,1746924105.627749
vTGlByVg,1746913200,Shelton B.,Munar J.,,,,,18.0,5.0,41.0,8.0,8.0,5.0,15.0,5.0,1746924102.348804
KlHqvWgC,1746912000,Dellien H.,Seyboth Wild T.,,,,,25.0,27.0,32.0,43.0,8.0,6.0,11.0,12.0,1746924099.067261
nuX6aPDi,1746908400,Auger-Aliassime F.,Seyboth Wild T.,,,,,0.0,0.0,0.0,0.0,0.0,0.0,0.0,0.0,1746924095.973953
CfIlGP1T,1746903900,Cerundolo F.,Jarry N.,187.0,206.0,151.0,175.0,19.0,33.0,16.0,42.0,3.0,13.0,4.0,18.0,1746924092.913162
M9uz0j5e,1746903300,Mensik J.,Gigante M.,218.0,190.0,161.0,157.0,23.0,22.0,27.0,28.0,10.0,3.0,13.0,4.0,1746924089.627012
nysT98M6,1746899400,De Jong J.,Davidovich Fokina A.,191.0,185.0,161.0,156.0,15.0,13.0,11.0,29.0,7.0,5.0,10.0,10.0,1746924086.438737
j1scxETh,1746895800,Fritz T.,Giron M.,203.0,193.0,155.0,146.0,23.0,20.0,27.0,25.0,5.0,10.0,9.0,11.0,1746924083.347241
r1NuDc0s,1746895500,Bublik A.,Ruud C.,205.0,197.0,161.0,167.0,41.0,20.0,25.0,8.0,13.0,5.0,16.0,7.0,1746924080.247389
dzUzYDfc,1746892800,Martinez P.,Hurkacz H.,169.0,203.0,145.0,174.0,12.0,21.0,20.0,21.0,4.0,7.0,7.0,12.0,1746924077.138855
4Y4hZq7F,1746891900,Vukic A.,Korda S.,190.0,196.0,151.0,155.0,12.0,26.0,14.0,21.0,4.0,8.0,9.0,11.0,1746924073.999815
lCDPsqPE,1746886200,Tien L.,Machac T.,176.0,192.0,141.0,152.0,21.0,16.0,29.0,20.0,6.0,8.0,10.0,11.0,1746924070.873381
KxFXpy7K,1746885600,Paul T.,Bautista-Agut R.,198.0,182.0,156.0,151.0,18.0,8.0,14.0,20.0,4.0,3.0,4.0,6.0,1746924067.595057
QukK6Gv1,1746885600,Ofner S.,Tiafoe F.,208.0,199.0,161.0,146.0,32.0,21.0,36.0,31.0,7.0,8.0,8.0,8.0,1746924064.318562
MeISuJa4,1746885600,Marozsan F.,Rublev A.,190.0,200.0,157.0,150.0,33.0,32.0,36.0,30.0,3.0,8.0,10.0,10.0,1746924061.041774
fHpiQ1yi,1746885600,Berrettini M.,Fearnley J.,209.0,189.0,172.0,164.0,23.0,21.0,31.0,31.0,11.0,8.0,17.0,11.0,1746924057.780591
AHGbCJSb,1746836100,Ugo Carabelli C.,Zverev A.,,,,,4.0,20.0,11.0,19.0,0.0,20.0,0.0,26.0,1746828563.257482
QR3b80Ik,1746827100,Draper J.,Darderi L.,,,,,33.0,8.0,21.0,18.0,6.0,2.0,7.0,3.0,1746828560.203376
vLWZVIaE,1746823500,Comesana F.,Rune H.,,,,,32.0,44.0,40.0,59.0,19.0,21.0,25.0,28.0,1746828557.155571
tz4p1qBM,1746821100,Shapovalov D.,Gaubas V.,,,,,18.0,12.0,44.0,26.0,6.0,5.0,10.0,8.0,1746828554.073298
IyRFxVbf,1746818700,Kopriva V.,Baez S.,,,,,25.0,17.0,51.0,45.0,7.0,5.0,15.0,8.0,1746828551.030297
x0IKiwGc,1746814800,Humbert U.,Moutet C.,195.0,176.0,165.0,142.0,15.0,11.0,37.0,9.0,13.0,0.0,25.0,3.0,1746828547.853003
6g5u1uHa,1746814500,Norrie C.,Medvedev D.,187.0,202.0,141.0,149.0,12.0,18.0,28.0,22.0,8.0,6.0,11.0,9.0,1746828544.751941
dzMuL9RE,1746813000,Musetti L.,Virtanen O.,186.0,204.0,148.0,164.0,15.0,7.0,22.0,35.0,7.0,5.0,9.0,8.0,1746828541.56172
WIqBb1Di,1746813000,Michelsen A.,Djere L.,188.0,195.0,160.0,160.0,8.0,14.0,25.0,16.0,8.0,2.0,11.0,3.0,1746828538.477756
tAQBk8jR,1746810600,Muller A.,Tsitsipas S.,182.0,199.0,150.0,167.0,9.0,29.0,20.0,24.0,5.0,9.0,7.0,11.0,1746828535.212652
viFOz9T6,1746807000,Lajovic D.,Alcaraz C.,184.0,191.0,152.0,159.0,13.0,24.0,23.0,24.0,3.0,6.0,4.0,9.0,1746828531.933451
rTBRgTYh,1746806100,Popyrin A.,Taberner C.,200.0,181.0,167.0,147.0,41.0,6.0,40.0,15.0,8.0,4.0,14.0,6.0,1746828528.864409
IkhNs8N7,1746799800,Fils A.,Griekspoor T.,196.0,207.0,168.0,176.0,18.0,12.0,15.0,20.0,2.0,3.0,3.0,5.0,1746828525.578468
8YRLHexK,1746799800,Dimitrov G.,Passaro F.,202.0,188.0,167.0,162.0,20.0,19.0,30.0,23.0,5.0,3.0,11.0,4.0,1746828522.47771
Q7DWYnbJ,1746799800,Burruchaga R. A.,Khachanov K.,181.0,191.0,150.0,150.0,29.0,33.0,39.0,47.0,14.0,12.0,15.0,21.0,1746828519.23285
Y5zgwv14,1746799200,Thompson J.,Nakashima B.,,,,,,,,,,,,,1746828515.739142
dWmj4YLq,1746745200,Tien L.,Opelka R.,,,,,11.0,19.0,15.0,48.0,1.0,9.0,6.0,13.0,1746747559.473181
CKmfMXsS,1746742200,Fearnley J.,Fognini F.,,,,,13.0,11.0,22.0,25.0,4.0,7.0,5.0,11.0,1746747556.072666
4KTxcHEG,1746741600,Bellucci M.,Martinez P.,,,,,16.0,14.0,17.0,10.0,5.0,10.0,9.0,13.0,1746747553.075306
QVwCWpUr,1746739800,Carballes Baena R.,Ofner S.,,,,,4.0,16.0,11.0,11.0,1.0,5.0,1.0,7.0,1746747550.060753
dhPQGB5k,1746732600,Diallo G.,Giron M.,,,,,26.0,16.0,34.0,25.0,12.0,5.0,23.0,8.0,1746747546.906918
UskzwdNp,1746732600,Bublik A.,Safiullin R.,,,,,23.0,17.0,26.0,34.0,8.0,10.0,12.0,13.0,1746747543.707893
4fpnOgDF,1746728700,Rinderknech A.,Gigante M.,,,,,31.0,27.0,43.0,31.0,18.0,10.0,22.0,12.0,1746747540.230327
4Y8BBGT9,1746727500,Nardi L.,Cobolli F.,,,,,13.0,12.0,26.0,30.0,6.0,4.0,7.0,11.0,1746747536.948345
vFL2utDD,1746727200,Barrios Vera T.,Munar J.,,,,,35.0,46.0,52.0,27.0,18.0,4.0,33.0,8.0,1746747533.677849
YXbXwTy9,1746722700,Borges N.,Seyboth Wild T.,,,,,29.0,32.0,38.0,30.0,12.0,5.0,15.0,12.0,1746747530.39935
dI8HkZ6j,1746722100,Marozsan F.,Fonseca J.,194.0,196.0,158.0,170.0,19.0,18.0,27.0,37.0,4.0,2.0,8.0,5.0,1746747527.325115
2TYgcQ8a,1746721200,Navone M.,Cina F.,191.0,182.0,156.0,153.0,15.0,17.0,22.0,28.0,2.0,7.0,3.0,10.0,1746747524.046985
Cn2gqODl,1746713400,Vukic A.,Moreno De Alboran N.,185.0,191.0,158.0,155.0,20.0,16.0,21.0,32.0,2.0,7.0,2.0,9.0,1746747520.975322
4ISYEkz2,1746713400,Gaston H.,Jarry N.,164.0,206.0,139.0,178.0,20.0,29.0,25.0,38.0,5.0,13.0,6.0,18.0,1746747517.493828
I3VUbwp4,1746713400,Arnaldi M.,Bautista-Agut R.,185.0,187.0,157.0,154.0,21.0,20.0,30.0,27.0,7.0,16.0,9.0,18.0,1746747514.137166
WStKUObe,1746713100,De Jong J.,Shevchenko A.,187.0,186.0,154.0,159.0,28.0,15.0,21.0,22.0,6.0,6.0,7.0,16.0,1746747510.942274
xnkF48GP,1746666600,Bu Y.,Darderi L.,,,,,25.0,30.0,25.0,20.0,14.0,2.0,15.0,5.0,1746663533.573947
WlIfs2r1,1746662700,Gaubas V.,Dzumhur D.,,,,,30.0,30.0,47.0,44.0,16.0,17.0,22.0,21.0,1746663530.196718
hbsa2Cjd,1746657600,Djere L.,Etcheverry T. M.,,,,,13.0,6.0,18.0,23.0,5.0,1.0,6.0,2.0,1746663527.020823
jgkLcNSs,1746657300,Medjedovic H.,Virtanen O.,,,,,27.0,27.0,30.0,14.0,3.0,12.0,5.0,20.0,1746663523.744553
W2cTe1cf,1746656700,Passaro F.,Tseng C. H.,,,,,34.0,15.0,27.0,23.0,8.0,6.0,11.0,7.0,1746663520.472395
GGGNlpjR,1746653100,O'Connell C.,Norrie C.,,,,,20.0,21.0,25.0,12.0,4.0,4.0,9.0,5.0,1746663517.294314
pMqLQtjg,1746644700,Nishioka Y.,Lajovic D.,,,,,17.0,22.0,26.0,20.0,7.0,5.0,9.0,5.0,1746663514.121721
KAbk3q5K,1746644100,Sonego L.,Burruchaga R. A.,,,,,18.0,11.0,37.0,17.0,8.0,7.0,11.0,7.0,1746663510.750664
KlNEj6LE,1746644100,Kopriva V.,Halys Q.,,,,,23.0,12.0,22.0,36.0,7.0,7.0,10.0,11.0,1746663507.544463
0nNoeeqT,1746637200,Nishioka Y.,Struff J-L.,,,,,,,,,,,,,1746663504.49091
zsX1e4wC,1746634200,Griekspoor T.,Kecmanovic M.,,,,,41.0,15.0,26.0,21.0,10.0,4.0,15.0,8.0,1746663501.013189
6ocux76L,1746633900,Taberner C.,Kovacevic A.,,,,,18.0,35.0,21.0,49.0,10.0,9.0,11.0,9.0,1746663497.741633
hrVSS2T7,1746632700,Ugo Carabelli C.,Carreno-Busta P.,,,,,32.0,20.0,31.0,30.0,6.0,15.0,6.0,22.0,1746663494.466398
CQj4Dxac,1746627000,Thompson J.,Mpetshi Perricard G.,186.0,209.0,155.0,192.0,26.0,23.0,23.0,39.0,14.0,5.0,18.0,12.0,1746663491.295924
QmcK9fbM,1746627000,Lehecka J.,Muller A.,200.0,167.0,168.0,166.0,37.0,20.0,63.0,39.0,15.0,7.0,26.0,11.0,1746663488.08667
8Uuoanvm,1746627000,Hijikata R.,Moutet C.,179.0,167.0,152.0,141.0,22.0,36.0,42.0,42.0,18.0,12.0,33.0,17.0,1746663484.842892
dlsM0aFi,1746627000,Altmaier D.,Comesana F.,186.0,206.0,154.0,157.0,19.0,23.0,27.0,11.0,9.0,8.0,14.0,11.0,1746663481.567464
phUpQFr3,1746626400,Bonzi B.,Halys Q.,,,,,,,,,,,,,1746663478.284122
zg9ezmg4,1746561300,Barrios Vera T.,Royer V.,,,,,41.0,40.0,26.0,35.0,11.0,12.0,19.0,17.0,1746620707.661604
xQXnsRV7,1746560100,Tseng C. H.,Cerundolo J. M.,,,,,13.0,11.0,19.0,30.0,5.0,1.0,8.0,2.0,1746620704.389022
QXGvFgUO,1746555600,Dellien H.,Gaubas V.,,,,,9.0,13.0,18.0,9.0,6.0,7.0,7.0,11.0,1746620701.289845
AB5CBp4j,1746552900,Norrie C.,Lajovic D.,,,,,27.0,32.0,39.0,26.0,13.0,4.0,19.0,6.0,1746620698.05943
veZIcBR8,1746551400,Arnaboldi F.,Virtanen O.,,,,,12.0,22.0,22.0,19.0,2.0,4.0,4.0,6.0,1746620694.78924
U5NVGFaC,1746549000,Moreno De Alboran N.,Zeppieri G.,,,,,17.0,24.0,24.0,45.0,3.0,5.0,5.0,8.0,1746620691.517136
0O8c1Q6e,1746543000,Kopriva V.,Basavareddy N.,,,,,28.0,11.0,26.0,21.0,7.0,2.0,9.0,4.0,1746620688.238687
8SIQsuA5,1746542700,De Jong J.,Seyboth Wild T.,,,,,26.0,31.0,20.0,24.0,6.0,8.0,9.0,16.0,1746620684.961359
pIVGk0fM,1746537000,Shevchenko A.,Fucsovics M.,,,,,15.0,14.0,17.0,26.0,3.0,3.0,5.0,5.0,1746620681.681882
GSGCCIhK,1746537000,Ofner S.,Hanfmann Y.,,,,,23.0,9.0,29.0,24.0,5.0,2.0,7.0,3.0,1746620678.407048
CYK5yaRk,1746537000,Faria J.,Taberner C.,,,,,3.0,8.0,14.0,4.0,0.0,2.0,2.0,2.0,1746620675.307453
ttHYuJvI,1746537000,Carreno-Busta P.,Burruchaga R. A.,,,,,26.0,23.0,47.0,39.0,8.0,13.0,14.0,16.0,1746620672.057826
CdPmdwU6,1746482700,Harris B.,Barrios Vera T.,,,,,22.0,9.0,17.0,7.0,6.0,2.0,9.0,3.0,1746620625.149609
nDQ252OH,1746480000,Monteiro T.,Arnaboldi F.,,,,,36.0,28.0,65.0,38.0,12.0,4.0,16.0,9.0,1746620621.666547
82siEW6k,1746478800,Gomez F. A.,Royer V.,,,,,25.0,21.0,26.0,19.0,4.0,13.0,7.0,18.0,1746620618.388029
bVIpB6ft,1746478200,Herbert P.,Cerundolo J. M.,,,,,30.0,23.0,34.0,18.0,27.0,2.0,39.0,2.0,1746620614.90606
2oht2THP,1746474900,Tseng C. H.,Piraino G.,,,,,12.0,15.0,25.0,30.0,0.0,2.0,1.0,5.0,1746620611.426214
v5YU8yV9,1746473400,Gaubas V.,Spizzirri E.,,,,,23.0,6.0,21.0,17.0,4.0,2.0,5.0,4.0,1746620608.275312
6FI91gNq,1746472800,Collignon R.,Moreno De Alboran N.,,,,,11.0,28.0,16.0,29.0,6.0,11.0,7.0,14.0,1746620605.074184
pANefHbJ,1746471000,Zeppieri G.,Kotov P.,,,,,41.0,17.0,51.0,28.0,7.0,5.0,16.0,9.0,1746620601.802349
lI0KJhqS,1746471000,Dellien H.,Huesler M.,,,,,31.0,29.0,23.0,32.0,5.0,22.0,7.0,32.0,1746620598.522057
nikShPvC,1746467400,Virtanen O.,Boyer T.,,,,,35.0,23.0,47.0,42.0,11.0,15.0,15.0,17.0,1746620595.242407
Qcxf7Og5,1746467100,Lajovic D.,Quinn E.,,,,,26.0,25.0,32.0,40.0,6.0,10.0,9.0,17.0,1746620591.979329
Kx93Nzp3,1746466500,Norrie C.,Vasami J.,,,,,13.0,15.0,7.0,15.0,4.0,6.0,5.0,7.0,1746620588.909438
IXYo9pPh,1746465300,Basile P.,Seyboth Wild T.,,,,,15.0,14.0,30.0,14.0,3.0,5.0,5.0,6.0,1746620585.822302
GUVvbaaf,1746463800,Krueger M.,Basavareddy N.,,,,,26.0,33.0,32.0,38.0,12.0,5.0,18.0,8.0,1746620582.745453
GYmM3R3C,1746461400,Fucsovics M.,Napolitano S.,,,,,21.0,7.0,19.0,22.0,3.0,2.0,4.0,6.0,1746620579.276804
6izNAc0c,1746461400,Fucsovics M.,Meligeni Alves F.,,,,,,,,,,,,,1746620576.105688
UDXWaLUs,1746461400,Burruchaga R. A.,Galan D. E.,,,,,24.0,20.0,37.0,44.0,9.0,12.0,13.0,21.0,1746620573.015393
IBcBd7um,1746460200,Shevchenko A.,Ficovich J. P.,,,,,26.0,15.0,34.0,36.0,12.0,6.0,17.0,9.0,1746620569.940795
SU6IaXid,1746458100,De Jong J.,Mayot H.,,,,,25.0,15.0,22.0,20.0,4.0,10.0,10.0,20.0,1746620566.881473
hChzmf8j,1746456900,Carreno-Busta P.,Tirante T. A.,,,,,10.0,18.0,10.0,16.0,7.0,5.0,10.0,5.0,1746620563.871726
vRoKfoAa,1746450900,Kopriva V.,Svrcina D.,,,,,36.0,20.0,43.0,37.0,12.0,9.0,20.0,14.0,1746620560.798614
ptd05s7K,1746450600,Taberner C.,Mannarino A.,,,,,16.0,22.0,24.0,36.0,5.0,10.0,9.0,14.0,1746620557.754354
rJryi39O,1746450600,Majchrzak K.,Ofner S.,,,,,10.0,23.0,13.0,10.0,6.0,7.0,10.0,9.0,1746620554.342984
G42CLEEF,1746450600,Faria J.,Kym J.,,,,,35.0,30.0,30.0,38.0,9.0,12.0,12.0,17.0,1746620551.230176
zXRw7FaM,1746450600,Daniel T.,Hanfmann Y.,,,,,29.0,40.0,43.0,36.0,8.0,3.0,11.0,5.0,1746620547.924153
MmAmCu6T,1746395100,Ruud C.,Draper J.,199.0,202.0,173.0,156.0,40.0,43.0,33.0,30.0,8.0,14.0,11.0,18.0,1746620536.457229
v5K0RcW7,1746227400,Draper J.,Musetti L.,205.0,195.0,154.0,157.0,19.0,22.0,19.0,25.0,8.0,8.0,11.0,9.0,1746620509.651007
O8YyI7Lh,1746213300,Cerundolo F.,Ruud C.,187.0,201.0,148.0,170.0,28.0,17.0,27.0,26.0,0.0,9.0,1.0,17.0,1746620506.383204
0rm9Dqbd,1746141000,Musetti L.,Diallo G.,191.0,205.0,156.0,180.0,12.0,14.0,12.0,37.0,3.0,11.0,5.0,24.0,1746187399.498897
K813D6i5,1746132300,Draper J.,Arnaldi M.,204.0,194.0,158.0,160.0,17.0,14.0,15.0,25.0,6.0,5.0,9.0,6.0,1746187395.816994
QmRADxCO,1746123000,Cerundolo F.,Mensik J.,190.0,213.0,155.0,155.0,23.0,32.0,29.0,46.0,2.0,13.0,4.0,18.0,1746187392.243836
QHpn9odC,1746115800,Ruud C.,Medvedev D.,199.0,200.0,165.0,147.0,17.0,22.0,21.0,33.0,4.0,13.0,8.0,20.0,1746187388.543235
noEWJbG7,1746065100,De Minaur A.,Musetti L.,208.0,206.0,165.0,151.0,5.0,15.0,27.0,19.0,4.0,2.0,6.0,3.0,1746187385.263827
dMfA5tFE,1746052800,Dimitrov G.,Diallo G.,,,,,39.0,31.0,29.0,26.0,3.0,7.0,5.0,14.0,1746068458.360878
2P4n3pko,1746040200,Draper J.,Paul T.,194.0,192.0,160.0,156.0,19.0,7.0,11.0,31.0,2.0,8.0,2.0,12.0,1746068455.283626
tMKIEAYo,1746029400,Tiafoe F.,Arnaldi M.,199.0,186.0,144.0,159.0,19.0,23.0,13.0,12.0,8.0,5.0,10.0,9.0,1746068452.008246
lbCVFGnJ,1745973900,Fritz T.,Ruud C.,,,,,19.0,27.0,27.0,22.0,8.0,9.0,10.0,10.0,1746013998.877218
WKt6Y2n2,1745964900,Medvedev D.,Nakashima B.,,,,,30.0,20.0,38.0,29.0,10.0,8.0,13.0,13.0,1746013995.197451
vVqhL25F,1745960400,Zverev A.,Cerundolo F.,,,,,6.0,17.0,23.0,27.0,10.0,7.0,12.0,7.0,1746013991.988171
zkVuOcvP,1745952300,Tsitsipas S.,Musetti L.,,,,,28.0,22.0,38.0,20.0,18.0,6.0,22.0,8.0,1746013988.437441
0vFpafaJ,1745952000,Draper J.,Berrettini M.,,,,,10.0,16.0,12.0,20.0,3.0,5.0,4.0,6.0,1746013985.364691
bJvu17BN,1745949900,Dimitrov G.,Fearnley J.,201.0,196.0,170.0,173.0,23.0,25.0,26.0,36.0,6.0,7.0,8.0,12.0,1746013981.647959
0Q5zVcGj,1745947200,Mensik J.,Bublik A.,211.0,195.0,169.0,185.0,19.0,14.0,10.0,21.0,3.0,6.0,3.0,7.0,1746013978.593508
SQGuaj5d,1745945400,Norrie C.,Diallo G.,,,,,19.0,38.0,32.0,51.0,7.0,9.0,11.0,19.0,1746013975.063906
Kb01aOAa,1745939700,Tiafoe F.,Muller A.,201.0,175.0,155.0,160.0,17.0,17.0,17.0,22.0,4.0,5.0,6.0,8.0,1746013971.231583
U1mxXQ74,1745939700,Khachanov K.,Paul T.,195.0,198.0,155.0,160.0,17.0,22.0,13.0,12.0,4.0,7.0,8.0,7.0,1746013968.162238
WxUiqm9s,1745939400,De Minaur A.,Shapovalov D.,206.0,199.0,158.0,173.0,11.0,21.0,11.0,14.0,5.0,5.0,6.0,7.0,1746013964.880185
xhYnZr4N,1745849400,Dzumhur D.,Arnaldi M.,,,,,11.0,21.0,23.0,27.0,8.0,3.0,10.0,5.0,1745938758.853529
Wtrz3W8E,1745801700,Korda S.,Ruud C.,199.0,197.0,163.0,171.0,10.0,16.0,17.0,5.0,5.0,2.0,7.0,4.0,1745838653.195598
0hpWDMU0,1745793600,Cerundolo F.,Comesana F.,190.0,199.0,151.0,176.0,27.0,10.0,32.0,20.0,10.0,8.0,10.0,11.0,1745838650.068327
rVOfAriL,1745791800,Shelton B.,Mensik J.,207.0,213.0,173.0,205.0,12.0,18.0,19.0,13.0,5.0,6.0,8.0,6.0,1745838646.48891
K0DIxUe2,1745785800,Fritz T.,Bonzi B.,200.0,176.0,149.0,160.0,25.0,20.0,25.0,17.0,9.0,9.0,12.0,10.0,1745838643.322141
WK6ajgP8,1745782500,Medvedev D.,Cerundolo J. M.,204.0,187.0,156.0,138.0,18.0,10.0,18.0,16.0,13.0,2.0,15.0,4.0,1745838639.91844
xQehAiA4,1745771400,Zverev A.,Davidovich Fokina A.,214.0,184.0,180.0,160.0,24.0,32.0,28.0,45.0,8.0,13.0,15.0,14.0,1745838636.801474
neFzNUgA,1745763000,Nakashima B.,Cobolli F.,195.0,181.0,151.0,161.0,19.0,21.0,19.0,37.0,9.0,7.0,14.0,10.0,1745838633.481143
O8js25tB,1745763000,Bublik A.,Rublev A.,205.0,206.0,187.0,171.0,33.0,31.0,19.0,13.0,1.0,14.0,3.0,23.0,1745838630.409986
U1oMwmrm,1745714700,Fonseca J.,Paul T.,,,,,25.0,32.0,37.0,28.0,12.0,16.0,13.0,18.0,1745712135.652522
84WeHN6k,1745711700,Khachanov K.,Opelka R.,,,,,17.0,43.0,12.0,36.0,3.0,10.0,3.0,12.0,1745712132.495371
hh8eLyuB,1745706300,Tiafoe F.,Darderi L.,,,,,18.0,14.0,6.0,15.0,9.0,1.0,12.0,3.0,1745712129.217846
UyKZ9BOr,1745705400,Draper J.,Griekspoor T.,,,,,21.0,14.0,12.0,8.0,4.0,5.0,5.0,9.0,1745712125.941069
IHdoO1qg,1745700900,Giron M.,Berrettini M.,,,,,29.0,47.0,36.0,37.0,6.0,8.0,11.0,13.0,1745712122.665015
SWiDDC8b,1745700000,Muller A.,Humbert U.,,,,,23.0,39.0,33.0,52.0,10.0,7.0,13.0,12.0,1745712119.387983
8xfgKkeA,1745699100,Dimitrov G.,Jarry N.,,,,,12.0,24.0,12.0,37.0,4.0,7.0,5.0,14.0,1745712116.110017
prmlriB5,1745692800,Fearnley J.,Machac T.,201.0,198.0,168.0,163.0,32.0,20.0,34.0,35.0,5.0,9.0,7.0,12.0,1745712112.732844
QBJXFOYr,1745692800,Arnaldi M.,Djokovic N.,189.0,195.0,159.0,156.0,21.0,21.0,18.0,32.0,2.0,4.0,4.0,10.0,1745712109.251462
6TR8fH65,1745690700,Tsitsipas S.,Struff J-L.,205.0,203.0,167.0,166.0,16.0,29.0,9.0,17.0,5.0,10.0,6.0,11.0,1745712105.975999
A9GvPJun,1745683800,Diallo G.,Majchrzak K.,202.0,192.0,179.0,154.0,38.0,15.0,25.0,9.0,19.0,5.0,24.0,6.0,1745712102.699689
IXUvlREE,1745683800,De Minaur A.,Sonego L.,205.0,198.0,168.0,172.0,12.0,10.0,9.0,32.0,7.0,7.0,8.0,11.0,1745712099.424598
bwuANFzh,1745681700,Lehecka J.,Norrie C.,211.0,188.0,178.0,148.0,28.0,14.0,37.0,22.0,6.0,6.0,11.0,10.0,1745712096.151098
6qQTuuoL,1745676900,Baez S.,Dzumhur D.,173.0,164.0,138.0,144.0,19.0,14.0,35.0,23.0,12.0,3.0,20.0,5.0,1745712092.878721
Gp0cscon,1745676600,Nishikori K.,Shapovalov D.,176.0,194.0,151.0,159.0,4.0,13.0,22.0,15.0,2.0,1.0,6.0,3.0,1745712089.6382
258J6H8K,1745676600,Etcheverry T. M.,Musetti L.,187.0,193.0,151.0,158.0,17.0,18.0,25.0,23.0,10.0,9.0,16.0,9.0,1745712086.331897
bcB07R0M,1745624400,Cobolli F.,Rune H.,194.0,194.0,158.0,155.0,4.0,8.0,7.0,14.0,3.0,3.0,4.0,5.0,1745712066.166697
IyLexvd5,1745622600,Borges N.,Davidovich Fokina A.,197.0,182.0,159.0,157.0,10.0,12.0,19.0,8.0,2.0,6.0,3.0,7.0,1745712062.683764
b1olSnKb,1745622000,Monfils G.,Rublev A.,,,,,,,,,,,,,1745712059.389948
lS1Mkrem,1745610300,Shelton B.,Navone M.,206.0,184.0,180.0,157.0,27.0,8.0,20.0,17.0,11.0,6.0,14.0,9.0,1745712056.112224
vNk0mYvm,1745607000,Nakashima B.,Ofner S.,198.0,207.0,156.0,162.0,17.0,20.0,11.0,12.0,1.0,5.0,2.0,5.0,1745712052.822422
dU2Kyhm4,1745604600,Fritz T.,O'Connell C.,204.0,185.0,162.0,150.0,22.0,14.0,20.0,18.0,7.0,6.0,9.0,9.0,1745712049.527898
KYp5gL8T,1745602200,Zverev A.,Bautista-Agut R.,211.0,183.0,179.0,156.0,30.0,4.0,18.0,10.0,3.0,2.0,3.0,3.0,1745712046.428684
MoHjcfjL,1745601000,Quinn E.,Mensik J.,202.0,211.0,167.0,165.0,17.0,25.0,22.0,22.0,7.0,3.0,9.0,5.0,1745712042.932432
IPn9rRmK,1745597700,Korda S.,Cina F.,197.0,185.0,159.0,156.0,32.0,21.0,21.0,33.0,5.0,2.0,7.0,4.0,1745712039.454427
ltNXPMJl,1745596500,Popyrin A.,Bublik A.,205.0,206.0,171.0,174.0,12.0,16.0,5.0,8.0,5.0,2.0,10.0,3.0,1745712036.182577
b9TnZoEa,1745596200,Cerundolo J. M.,Auger-Aliassime F.,171.0,205.0,144.0,179.0,20.0,30.0,17.0,39.0,3.0,9.0,3.0,13.0,1745712032.908007
jgglc394,1745595900,Medvedev D.,Djere L.,,,,,,,,,,,,,1745712029.754195
jXZeZMA6,1745590500,Rinderknech A.,Ruud C.,197.0,190.0,169.0,166.0,13.0,13.0,9.0,8.0,6.0,4.0,15.0,6.0,1745712026.775842
KWFxLRI8,1745590200,Comesana F.,Fils A.,202.0,191.0,170.0,158.0,25.0,29.0,19.0,13.0,5.0,9.0,6.0,12.0,1745712023.507869
zZSd5xQi,1745590200,Cerundolo F.,Mayot H.,188.0,187.0,144.0,151.0,30.0,10.0,25.0,20.0,6.0,5.0,9.0,8.0,1745712020.044559
4YhwlMxR,1745589900,Bonzi B.,Hurkacz H.,197.0,199.0,167.0,170.0,,,,,,,,,1745712016.790971
8hrjAsdT,1745586000,Diallo G.,Alcaraz C.,,,,,,,,,,,,,1745712013.539753
AwEIlulC,1745540100,Bu Y.,Fearnley J.,199.0,202.0,158.0,171.0,12.0,29.0,27.0,26.0,5.0,4.0,8.0,5.0,1745711978.526396
SzbYjADr,1745538000,Opelka R.,Hijikata R.,218.0,187.0,187.0,157.0,26.0,19.0,16.0,8.0,11.0,8.0,20.0,10.0,1745711975.249993
r3M1dWkL,1745533500,Griekspoor T.,Kopriva V.,200.0,179.0,168.0,147.0,19.0,7.0,21.0,18.0,7.0,2.0,9.0,2.0,1745711971.772032
hnVtmSdL,1745531400,Tien L.,Giron M.,180.0,195.0,143.0,152.0,19.0,28.0,19.0,18.0,3.0,11.0,9.0,11.0,1745711968.499654
tbM1hNlm,1745529300,Fonseca J.,Moller E.,199.0,179.0,172.0,152.0,16.0,10.0,26.0,28.0,1.0,3.0,2.0,4.0,1745711965.229022
OMsyBV4E,1745523300,Van De Zandschulp B.,Struff J-L.,207.0,206.0,157.0,163.0,24.0,13.0,39.0,23.0,5.0,5.0,7.0,6.0,1745711962.161408
I3HQnJIO,1745522400,Arnaldi M.,Coric B.,191.0,196.0,157.0,156.0,36.0,28.0,32.0,46.0,5.0,17.0,8.0,18.0,1745711958.916806
Olpffq4l,1745520900,Landaluce M.,Norrie C.,197.0,190.0,174.0,148.0,42.0,24.0,37.0,10.0,2.0,11.0,3.0,19.0,1745711955.829801
f1ny7M3t,1745517000,Altmaier D.,Jarry N.,184.0,207.0,154.0,173.0,11.0,26.0,10.0,17.0,1.0,12.0,1.0,14.0,1745711952.780108
dEQCs6Kr,1745514000,Halys Q.,Darderi L.,197.0,187.0,160.0,160.0,27.0,18.0,32.0,8.0,8.0,3.0,14.0,3.0,1745711949.430888
hUyBj13D,1745511900,Sonego L.,Kecmanovic M.,193.0,188.0,164.0,152.0,39.0,11.0,45.0,25.0,16.0,5.0,21.0,10.0,1745711945.978243
pCbirfw9,1745511600,Bergs Z.,Diallo G.,186.0,200.0,170.0,181.0,14.0,13.0,19.0,3.0,5.0,4.0,8.0,4.0,1745711942.700505
KGw3hNY0,1745508600,Bergs Z.,Nishioka Y.,,,,,,,,,,,,,1745711939.549919
h0AF1RBE,1745503800,Vukic A.,Nishikori K.,193.0,173.0,156.0,142.0,20.0,28.0,33.0,37.0,2.0,7.0,3.0,10.0,1745711936.557719
UROKupke,1745503800,Goffin D.,Muller A.,179.0,175.0,155.0,149.0,23.0,15.0,36.0,20.0,5.0,5.0,7.0,5.0,1745711933.48032
QgITwOJ7,1745503800,Etcheverry T. M.,Medjedovic H.,,,,,19.0,34.0,26.0,35.0,11.0,10.0,19.0,13.0,1745711930.194507
EFbOa5tR,1745503800,Dzumhur D.,Bellucci M.,173.0,194.0,146.0,164.0,18.0,32.0,31.0,59.0,15.0,7.0,23.0,16.0,1745711926.915373
Cz8cKxNH,1745451600,Marozsan F.,Cobolli F.,,,,,22.0,29.0,34.0,24.0,6.0,9.0,16.0,10.0,1745458702.256378
je4fbhL8,1745450400,Monfils G.,Gojo B.,,,,,15.0,29.0,20.0,36.0,5.0,7.0,7.0,13.0,1745458698.976166
nTMXPtgt,1745444100,Michelsen A.,Bublik A.,,,,,23.0,22.0,35.0,33.0,11.0,4.0,15.0,8.0,1745458695.717256
WSfkmSC7,1745443500,Cerundolo J. M.,Kovacevic A.,,,,,24.0,36.0,30.0,61.0,6.0,10.0,9.0,14.0,1745458692.422053
z11tklre,1745438100,Fognini F.,Djere L.,,,,,3.0,14.0,34.0,22.0,1.0,2.0,2.0,2.0,1745458689.326229
xIgF7awC,1745438100,Comesana F.,Martinez P.,,,,,38.0,24.0,24.0,22.0,4.0,10.0,7.0,17.0,1745458686.074539
lOP9j1Ja,1745435400,Ofner S.,Gaston H.,,,,,28.0,17.0,31.0,25.0,12.0,7.0,14.0,8.0,1745458682.797275
p2L4IGiU,1745434200,Bautista-Agut R.,Munar J.,,,,,36.0,29.0,37.0,23.0,19.0,10.0,21.0,11.0,1745458679.522748
SEpq50Yh,1745431800,Lajovic D.,Quinn E.,,,,,17.0,21.0,15.0,9.0,4.0,6.0,8.0,10.0,1745458676.415145
Otvh3v35,1745429100,Moutet C.,Mayot H.,,,,,6.0,18.0,17.0,30.0,2.0,15.0,6.0,20.0,1745458673.17016
Uij79L8a,1745423700,Borges N.,Carreno-Busta P.,,,,,42.0,21.0,41.0,27.0,12.0,10.0,13.0,15.0,1745458669.893966
h8rWYyxB,1745423400,O'Connell C.,Ugo Carabelli C.,,,,,21.0,21.0,18.0,22.0,6.0,0.0,12.0,3.0,1745458666.618543
OSjFxKxn,1745423400,Bonzi B.,Cilic M.,,,,,20.0,23.0,17.0,32.0,1.0,10.0,1.0,13.0,1745458663.341969
jLJlMbh5,1745417400,Safiullin R.,Rinderknech A.,,,,,16.0,28.0,19.0,21.0,0.0,5.0,3.0,7.0,1745458660.064096
reGtOKNh,1745417400,Mpetshi Perricard G.,Navone M.,,,,,20.0,13.0,38.0,10.0,14.0,3.0,19.0,4.0,1745458656.786732
dtkNzb7b,1745417400,Cina F.,Wong C.,,,,,19.0,14.0,17.0,26.0,3.0,7.0,3.0,12.0,1745458653.680321
WGnO5w8O,1745413200,Carballes Baena R.,Thompson J.,,,,,,,,,,,,,1745458650.637155
QFmCZVl3,1745358600,Hijikata R.,Fognini F.,,,,,32.0,37.0,44.0,49.0,5.0,9.0,12.0,16.0,1745458624.625412
CEpS5oCF,1745353800,Majchrzak K.,Moller E.,,,,,32.0,53.0,35.0,39.0,10.0,7.0,14.0,8.0,1745458621.588812
OnHxn0vQ,1745352000,Monteiro T.,Quinn E.,,,,,34.0,38.0,42.0,43.0,4.0,12.0,5.0,19.0,1745458618.495602
GfPeX5lg,1745351100,Altmaier D.,Galan D. E.,,,,,38.0,19.0,34.0,26.0,21.0,9.0,25.0,13.0,1745458615.218817
A75PBSdd,1745348100,Gaston H.,Nardi L.,,,,,21.0,20.0,22.0,31.0,9.0,9.0,11.0,18.0,1745458611.936403
0pC6U9XI,1745343900,Diallo G.,Coric B.,,,,,30.0,13.0,31.0,19.0,5.0,3.0,12.0,7.0,1745458608.865977
Srf9Q7pp,1745343600,Gojo B.,Kym J.,,,,,26.0,22.0,21.0,33.0,5.0,2.0,7.0,3.0,1745458605.588683
UT3y2v0K,1745338200,Kopriva V.,Royer V.,,,,,25.0,25.0,39.0,47.0,8.0,8.0,10.0,13.0,1745458602.310819
Ic0ILGwR,1745337600,Lajovic D.,Garin C.,,,,,25.0,19.0,22.0,24.0,5.0,4.0,8.0,7.0,1745458599.03449
pMRYllS8,1745331300,Fearnley J.,Dellien H.,,,,,24.0,14.0,12.0,15.0,9.0,3.0,13.0,5.0,1745458595.757138
QgxPQwIU,1745331000,Van De Zandschulp B.,Cerundolo J. M.,,,,,45.0,33.0,57.0,40.0,24.0,12.0,38.0,15.0,1745458592.481351
Iqsspyht,1745331000,Boyer T.,Mayot H.,,,,,17.0,25.0,31.0,26.0,8.0,2.0,10.0,5.0,1745458589.204324
6gXXXMff,1745281200,Monteiro T.,Krueger M.,,,,,24.0,9.0,13.0,12.0,3.0,7.0,4.0,9.0,1745458574.869235
Cdekhos2,1745277000,Quinn E.,Harris B.,,,,,20.0,13.0,10.0,8.0,4.0,3.0,6.0,3.0,1745458571.795344
4Wisf7Ck,1745276700,Hijikata R.,Harris L.,,,,,25.0,38.0,38.0,57.0,7.0,13.0,9.0,16.0,1745458568.109626
KOBeQVho,1745275200,Gaston H.,Hanfmann Y.,,,,,36.0,43.0,37.0,54.0,9.0,18.0,13.0,29.0,1745458564.836064
0IypES3L,1745274900,Majchrzak K.,Blanch Dar.,,,,,7.0,16.0,5.0,16.0,5.0,3.0,6.0,6.0,1745458561.55887
KbGAaTlS,1745273400,Moller E.,Basavareddy N.,,,,,21.0,13.0,6.0,19.0,3.0,4.0,4.0,7.0,1745458558.075207
K0T8ZZVb,1745268600,Ritschard A.,Fognini F.,,,,,18.0,22.0,10.0,12.0,6.0,6.0,10.0,8.0,1745458554.803626
G4IkLqBl,1745267700,Dhamne M.,Nardi L.,,,,,6.0,14.0,21.0,20.0,8.0,3.0,8.0,6.0,1745458551.521734
S4wxGlZ8,1745267100,Dedura D.,Galan D. E.,,,,,28.0,23.0,46.0,26.0,6.0,10.0,14.0,15.0,1745458548.245844
KdF6H1AD,1745265000,Virtanen O.,Coric B.,,,,,27.0,23.0,23.0,17.0,7.0,16.0,12.0,20.0,1745458544.96069
v7VuW0P6,1745262600,Diallo G.,Moreno De Alboran N.,,,,,28.0,8.0,24.0,12.0,5.0,1.0,9.0,1.0,1745458541.690244
CWBbJNu1,1745259600,Altmaier D.,van Assche L.,,,,,26.0,24.0,31.0,33.0,9.0,10.0,16.0,12.0,1745458538.55204
SQWGXD0B,1745258400,Lajovic D.,Tirante T. A.,,,,,21.0,23.0,26.0,26.0,7.0,3.0,10.0,3.0,1745458535.521369
j3rH6pde,1745257500,Daniel T.,Royer V.,,,,,16.0,26.0,26.0,17.0,2.0,2.0,3.0,3.0,1745458532.284252
0hhgu52K,1745255700,Kopriva V.,Burruchaga R. A.,,,,,22.0,35.0,51.0,58.0,9.0,5.0,14.0,6.0,1745458528.994565
rwu986Rr,1745253600,Kym J.,McDonald M.,,,,,10.0,13.0,26.0,11.0,2.0,3.0,3.0,4.0,1745458525.715746
vPOBSRIE,1745250300,Fucsovics M.,Gojo B.,,,,,12.0,25.0,33.0,34.0,5.0,3.0,5.0,4.0,1745458522.453291
bou0yd1n,1745247600,Garin C.,Tseng C. H.,,,,,33.0,26.0,47.0,27.0,18.0,2.0,29.0,4.0,1745458519.16252
CIWP4OQ7,1745247000,Fearnley J.,Kotov P.,,,,,29.0,15.0,36.0,24.0,3.0,5.0,6.0,10.0,1745458515.885577
KYWJQ5mR,1745246700,Mannarino A.,Dellien H.,,,,,14.0,11.0,36.0,31.0,8.0,2.0,10.0,2.0,1745458512.810472
noIXXsCi,1745241300,Van De Zandschulp B.,Kouame M.,,,,,15.0,12.0,21.0,32.0,9.0,5.0,10.0,6.0,1745458509.742254
ARwPZrQs,1745241000,Mayot H.,Shevchenko A.,,,,,13.0,14.0,8.0,11.0,5.0,4.0,6.0,5.0,1745458506.465466
OhQPViVN,1745241000,De Jong J.,Boyer T.,,,,,27.0,40.0,21.0,37.0,12.0,14.0,13.0,19.0,1745458503.187972
zZOlUvfJ,1745241000,Cerundolo J. M.,Seyboth Wild T.,,,,,19.0,19.0,8.0,9.0,5.0,7.0,6.0,11.0,1745458499.968141
bgJt6M3M,1745167500,Zverev A.,Shelton B.,,,,,13.0,11.0,7.0,21.0,8.0,3.0,10.0,4.0,1745458474.721533
phQFeEqm,1745176500,Alcaraz C.,Rune H.,,,,,16.0,18.0,32.0,24.0,5.0,8.0,10.0,11.0,1745458471.240576
bV4tFIPH,1745089800,Zverev A.,Marozsan F.,,,,,22.0,24.0,13.0,28.0,4.0,9.0,8.0,11.0,1745115411.79607
GCtQMSgo,1745080800,Cerundolo F.,Shelton B.,,,,,21.0,16.0,39.0,36.0,8.0,8.0,11.0,15.0,1745115408.678688
WKERvQQj,1745090100,Alcaraz C.,Fils A.,,,,,11.0,13.0,13.0,38.0,3.0,2.0,5.0,4.0,1745115405.206859
bJOHg4an,1745080800,Khachanov K.,Rune H.,,,,,5.0,20.0,17.0,13.0,5.0,5.0,12.0,5.0,1745115401.7131
jZC9rP5M,1745008200,Marozsan F.,Bergs Z.,,,,,21.0,14.0,27.0,32.0,13.0,5.0,19.0,8.0,1745115371.897692
tOXiaH0E,1744996800,Zverev A.,Griekspoor T.,,,,,37.0,37.0,35.0,48.0,24.0,23.0,29.0,30.0,1745115367.292636
SEnYEeo9,1744991100,Darderi L.,Shelton B.,,,,,12.0,28.0,18.0,17.0,7.0,5.0,13.0,8.0,1745115363.414016
lIlJVHY8,1744985400,Cerundolo F.,Goffin D.,,,,,17.0,7.0,26.0,27.0,2.0,1.0,3.0,4.0,1745115359.926584
dt1OP1i5,1745010900,Tsitsipas S.,Fils A.,,,,,1.0,4.0,3.0,4.0,0.0,0.0,1.0,0.0,1745115356.445592
zoyiiglf,1745003400,Alcaraz C.,De Minaur A.,,,,,16.0,10.0,34.0,33.0,8.0,10.0,8.0,15.0,1745115352.752552
29bUjm9m,1744993500,Rune H.,Ruud C.,,,,,15.0,14.0,20.0,29.0,3.0,7.0,3.0,11.0,1745115348.689958
6ZC5aS4s,1744985400,Khachanov K.,Davidovich Fokina A.,,,,,23.0,19.0,29.0,29.0,3.0,10.0,5.0,15.0,1745115344.972782
vJV8fovn,1744919700,Humbert U.,Marozsan F.,,,,,12.0,17.0,22.0,19.0,4.0,8.0,5.0,10.0,1745115320.805483
YyJSOiqH,1744914600,Bergs Z.,Dedura-Palomero D.,,,,,23.0,4.0,26.0,22.0,6.0,0.0,7.0,2.0,1745115317.14856
jwaEX8Er,1744908300,Cerundolo F.,Shevchenko A.,,,,,18.0,6.0,30.0,30.0,1.0,3.0,4.0,3.0,1745115313.389283
ljxUQYV1,1744899000,Goffin D.,Navone M.,,,,,18.0,17.0,45.0,38.0,7.0,4.0,8.0,6.0,1745115309.583802
I18HeoRp,1744922700,Fearnley J.,De Minaur A.,,,,,5.0,13.0,28.0,21.0,3.0,5.0,4.0,5.0,1745115305.650813
KMQFjCdf,1744917000,Alcaraz C.,Djere L.,,,,,,,17.0,27.0,4.0,5.0,4.0,5.0,1745115301.864959
fi7yNVDT,1744908000,Davidovich Fokina A.,Rublev A.,,,,,36.0,13.0,43.0,26.0,10.0,6.0,13.0,8.0,1745115298.377772
zLccc66t,1744899000,Munar J.,Khachanov K.,,,,,21.0,24.0,29.0,37.0,10.0,10.0,12.0,15.0,1745115294.439797
4bhQlId3,1744835100,Griekspoor T.,Hanfmann Y.,,,,,26.0,16.0,19.0,18.0,5.0,8.0,8.0,8.0,1745115280.672397
WxxzKZW0,1744829100,Zverev A.,Altmaier D.,,,,,14.0,9.0,22.0,24.0,14.0,4.0,15.0,7.0,1745115277.390857
O08RndRF,1744822800,Van De Zandschulp B.,Shelton B.,,,,,19.0,14.0,31.0,16.0,9.0,7.0,14.0,11.0,1745115273.602544
GGIjBB8s,1744812600,Darderi L.,Kecmanovic M.,,,,,34.0,29.0,44.0,40.0,1.0,8.0,3.0,11.0,1745115270.218434
8SdCn8lU,1744837500,Medjedovic H.,Ruud C.,,,,,37.0,19.0,44.0,29.0,4.0,5.0,6.0,8.0,1745115266.567936
AJN9KOC5,1744830600,Tsitsipas S.,Korda S.,,,,,15.0,16.0,30.0,34.0,4.0,7.0,5.0,12.0,1745115263.299456
MJ0Vj8Ab,1744818000,Rune H.,Baez S.,,,,,22.0,21.0,36.0,35.0,12.0,5.0,17.0,12.0,1745115259.6743
08fR8tWq,1744812900,Martinez P.,Fils A.,,,,,6.0,27.0,19.0,24.0,2.0,0.0,2.0,1.0,1745115255.905393
trKr34Dj,1744746900,Bergs Z.,Bublik A.,,,,,39.0,34.0,40.0,44.0,21.0,4.0,34.0,8.0,1744829759.349568
4lLY0YL0,1744746000,Navone M.,Auger-Aliassime F.,,,,,17.0,25.0,42.0,68.0,5.0,9.0,10.0,14.0,1744829755.868171
xILjL9gm,1744740900,Dedura-Palomero D.,Shapovalov D.,,,,,3.0,15.0,10.0,39.0,0.0,6.0,0.0,6.0,1744829752.182208
SMx3Aogc,1744739400,Humbert U.,Jarry N.,,,,,15.0,36.0,21.0,52.0,4.0,15.0,5.0,19.0,1744829748.70044
AoOtaCjD,1744736700,Cerundolo F.,Struff J-L.,,,,,14.0,3.0,13.0,22.0,0.0,1.0,1.0,3.0,1744829745.312798
OGp0nZ67,1744736400,Monfils G.,Shapovalov D.,,,,,,,,,,,,,1744829741.729913
Sz0wPozA,1744736400,Cobolli F.,Shevchenko A.,,,,,40.0,31.0,58.0,52.0,7.0,14.0,14.0,23.0,1744829738.255288
CE8I2ZZj,1744734000,Engel J.,Marozsan F.,,,,,19.0,14.0,26.0,14.0,2.0,2.0,2.0,2.0,1744829734.468025
4YAVamxh,1744725900,O'Connell C.,Darderi L.,,,,,28.0,43.0,24.0,24.0,12.0,9.0,17.0,14.0,1744829730.678942
GOnoAxaE,1744725900,Hanfmann Y.,Mensik J.,,,,,25.0,37.0,35.0,46.0,13.0,11.0,15.0,15.0,1744829727.196218
SbrQFscd,1744725900,Bautista-Agut R.,Van De Zandschulp B.,,,,,22.0,38.0,35.0,38.0,10.0,15.0,19.0,22.0,1744829723.510615
fygqjH7r,1744725600,Lehecka J.,Darderi L.,,,,,,,,,,,,,1744829719.818932
rBMTLlGG,1744752000,Wawrinka S.,Davidovich Fokina A.,,,,,4.0,14.0,30.0,22.0,1.0,3.0,3.0,3.0,1744829716.547204
ldTy4dYP,1744750200,Khachanov K.,Norrie C.,,,,,36.0,28.0,28.0,40.0,6.0,9.0,6.0,12.0,1744829712.860195
8tA8bzdm,1744744200,Alcaraz C.,Quinn E.,,,,,14.0,9.0,26.0,35.0,4.0,7.0,5.0,16.0,1744829709.291058
6sTsICZg,1744739100,Tiafoe F.,Munar J.,,,,,40.0,22.0,51.0,23.0,12.0,6.0,21.0,12.0,1744829705.897457
U7df7k1N,1744733100,Etcheverry T. M.,De Minaur A.,,,,,9.0,14.0,18.0,25.0,7.0,6.0,7.0,7.0,1744829702.211531
tf8GdEQa,1744732500,Djere L.,Rinderknech A.,,,,,29.0,18.0,29.0,38.0,6.0,10.0,6.0,15.0,1744829698.524165
CzhzDZAt,1744731600,Galan D. E.,Ruud C.,,,,,11.0,25.0,18.0,25.0,3.0,9.0,7.0,10.0,1744829694.837807
4QAxKSpT,1744726200,Tsitsipas S.,Opelka R.,,,,,6.0,13.0,9.0,35.0,2.0,4.0,3.0,10.0,1744829690.4346
0AB7E68j,1744726200,Carreno-Busta P.,Fils A.,,,,,15.0,35.0,15.0,29.0,5.0,7.0,6.0,9.0,1744829687.055838
K0erBDug,1744726200,Baez S.,Dzumhur D.,,,,,26.0,13.0,29.0,30.0,6.0,8.0,10.0,12.0,1744829683.369688
6LBUQ75c,1744662600,Tseng C. H.,Altmaier D.,,,,,15.0,30.0,28.0,35.0,8.0,19.0,10.0,24.0,1744829673.949708
8MRP2fil,1744661100,Zverev A.,Muller A.,,,,,27.0,11.0,24.0,19.0,10.0,4.0,14.0,6.0,1744829670.467608
fopIH3Sq,1744651500,Gojo B.,Shelton B.,,,,,40.0,34.0,28.0,31.0,14.0,19.0,17.0,27.0,1744829666.780584
z13oNP4M,1744645200,Harris B.,Goffin D.,,,,,26.0,26.0,51.0,36.0,5.0,9.0,8.0,10.0,1744829663.301074
Cjtf8GTQ,1744639800,Kecmanovic M.,Giron M.,,,,,35.0,55.0,33.0,43.0,8.0,14.0,12.0,15.0,1744829659.957894
McwC8QkT,1744639800,Griekspoor T.,Tien L.,,,,,23.0,7.0,27.0,21.0,10.0,2.0,11.0,3.0,1744829656.765721
21dilexe,1744635600,Tabilo A.,Altmaier D.,,,,,,,,,,,,,1744829653.46153
0zyB8PN9,1744635600,Bergs Z.,Halys Q.,,,,,,,,,,,,,1744829650.184266
0dOHfheC,1744668900,De Jong J.,Rublev A.,,,,,12.0,23.0,17.0,16.0,2.0,8.0,2.0,16.0,1744829646.709921
zoJLNAo4,1744661100,Rune H.,Ramos A.,,,,,27.0,15.0,29.0,33.0,2.0,5.0,3.0,12.0,1744829643.023709
8MRPhWPO,1744656900,Medjedovic H.,Mpetshi Perricard G.,,,,,42.0,25.0,20.0,22.0,9.0,7.0,11.0,13.0,1744829639.338686
dAp7uIeo,1744652700,Carballes Baena R.,Fearnley J.,,,,,11.0,33.0,21.0,36.0,1.0,9.0,4.0,19.0,1744829635.447469
h21VCgXo,1744648800,Arnaldi M.,Korda S.,,,,,18.0,32.0,17.0,32.0,4.0,11.0,5.0,14.0,1744829632.003215
vJPCPWGi,1744646400,Carballes Baena R.,Thompson J.,,,,,,,,,,,,,1744829628.873118
0S4wBX1b,1744639800,Martinez P.,Nakashima B.,,,,,26.0,39.0,43.0,51.0,11.0,19.0,17.0,21.0,1744829625.796636
Msgn9BWA,1744635600,Musetti L.,Munar J.,,,,,,,,,,,,,1744829622.335799
nPxR1TOp,1744635600,Machac T.,Tiafoe F.,,,,,,,,,,,,,1744829619.014058
0r5RfUUq,1744559400,Tseng C. H.,Harris B.,,,,,21.0,29.0,24.0,41.0,1.0,9.0,4.0,15.0,1744829608.167593
fchpxJJt,1744558800,Bublik A.,Dedura-Palomero D.,,,,,23.0,8.0,24.0,22.0,5.0,3.0,8.0,8.0,1744829604.117148
MFOKO5ll,1744553400,Tien L.,Van De Zandschulp B.,,,,,9.0,16.0,14.0,33.0,3.0,9.0,4.0,15.0,1744829600.414417
xdbXxSYH,1744553400,Gojo B.,Shevchenko A.,,,,,24.0,16.0,24.0,27.0,5.0,0.0,8.0,2.0,1744829597.138766
IFJ3giDL,1744557000,Musetti L.,Alcaraz C.,181.0,186.0,151.0,163.0,10.0,30.0,29.0,32.0,2.0,13.0,4.0,17.0,1744829593.927868
Iiozljht,1744573500,Coric B.,Quinn E.,,,,,16.0,27.0,31.0,37.0,7.0,10.0,10.0,17.0,1744829588.212294
6oorIFYO,1744565100,Medjedovic H.,Diallo G.,,,,,22.0,20.0,21.0,21.0,2.0,4.0,5.0,7.0,1744829584.393779
GKOMA3jI,1744564800,Dzumhur D.,Norrie C.,,,,,27.0,29.0,35.0,42.0,9.0,19.0,15.0,26.0,1744829580.695359
ELy7Bpj4,1744564200,De Jong J.,Rinderknech A.,,,,,26.0,15.0,10.0,32.0,6.0,8.0,10.0,16.0,1744829577.520333
pClwnyyh,1744557900,Rincon D.,Djere L.,,,,,12.0,20.0,29.0,29.0,6.0,5.0,8.0,7.0,1744829572.656234
IDvmXd2d,1744557900,Galan D. E.,Fearnley J.,,,,,11.0,29.0,17.0,48.0,3.0,6.0,11.0,8.0,1744829569.511288
CnIoHiYO,1744481400,Bublik A.,Ritschard A.,,,,,15.0,13.0,20.0,29.0,5.0,4.0,6.0,5.0,1744829537.204081
2Ht4ZYmg,1744480500,Dedura-Palomero D.,McDonald M.,,,,,21.0,10.0,13.0,23.0,3.0,4.0,4.0,8.0,1744829533.460183
8fLUKZYa,1744475400,Harris B.,Vukic A.,,,,,24.0,21.0,34.0,28.0,6.0,4.0,7.0,4.0,1744829529.611408
4MEwJD3C,1744474200,Tien L.,Squire H.,,,,,17.0,12.0,34.0,42.0,5.0,5.0,5.0,8.0,1744829526.259601
WERjSHtQ,1744473600,O'Connell C.,Tseng C. H.,,,,,18.0,18.0,35.0,18.0,11.0,4.0,14.0,7.0,1744829522.60697
48Z44ElJ,1744468800,Rehberg M. H.,Van De Zandschulp B.,,,,,8.0,17.0,21.0,20.0,6.0,8.0,7.0,9.0,1744829518.918857
zsNMMe4m,1744467300,Shevchenko A.,Hijikata R.,,,,,23.0,33.0,26.0,38.0,7.0,8.0,16.0,10.0,1744829515.621983
ns634whC,1744467300,Masur D.,Gojo B.,,,,,17.0,30.0,27.0,23.0,6.0,5.0,7.0,6.0,1744829512.246227
G0rdyeJt,1744466400,Bu Y.,Gojo B.,,,,,,,,,,,,,1744829508.674261
GQRnAIKs,1744483200,Musetti L.,De Minaur A.,188.0,203.0,141.0,158.0,20.0,23.0,43.0,45.0,9.0,18.0,11.0,23.0,1744829505.459543
YJaYqwE5,1744474200,Davidovich Fokina A.,Alcaraz C.,178.0,191.0,159.0,158.0,19.0,21.0,40.0,28.0,12.0,7.0,15.0,8.0,1744829502.126534
Ycd8M7R1,1744486200,Kovalik J.,Rinderknech A.,,,,,31.0,42.0,31.0,44.0,8.0,12.0,11.0,17.0,1744829498.439083
CjWmZPgA,1744485300,Quinn E.,Moutet C.,,,,,37.0,26.0,47.0,20.0,28.0,10.0,38.0,13.0,1744829494.790797
va3aOTdk,1744481100,Bellucci M.,Coric B.,,,,,14.0,17.0,28.0,22.0,1.0,3.0,6.0,6.0,1744829491.476866
A9Ek1Du3,1744478400,Harris L.,De Jong J.,,,,,20.0,22.0,35.0,15.0,12.0,14.0,21.0,18.0,1744829487.789211
CEEzQLGd,1744476300,Medjedovic H.,Dellien H.,,,,,43.0,24.0,44.0,32.0,8.0,8.0,19.0,9.0,1744829484.103055
KGZeX3OM,1744474500,Landaluce M.,Diallo G.,,,,,12.0,19.0,29.0,26.0,1.0,7.0,1.0,8.0,1744829480.352324
n1OKVB4F,1744473600,Navone M.,De Jong J.,,,,,,,,,,,,,1744829476.780022
QcjgDrXj,1744470900,Dzumhur D.,Alcala Gurri M.,,,,,36.0,10.0,30.0,19.0,24.0,5.0,30.0,8.0,1744829473.559737
jyruynPc,1744469700,Norrie C.,Gaston H.,,,,,17.0,12.0,18.0,21.0,9.0,3.0,12.0,5.0,1744829470.264642
Yo0grgzH,1744468800,Basilashvili N.,Galan D. E.,,,,,17.0,12.0,41.0,20.0,7.0,0.0,9.0,1.0,1744829467.058413
v1GSRsnp,1744468800,Ugo Carabelli C.,Galan D. E.,,,,,,,,,,,,,1744829463.51188
vyLCXXZ2,1744463100,Coria F.,Djere L.,,,,,4.0,19.0,10.0,28.0,0.0,7.0,4.0,10.0,1744829460.143087
WdYKVjmI,1744463100,Borg L.,Fearnley J.,,,,,11.0,40.0,31.0,37.0,7.0,7.0,12.0,8.0,1744829456.818735
8GCTTkZR,1744463100,Bonzi B.,Rincon D.,,,,,12.0,22.0,25.0,26.0,9.0,6.0,12.0,9.0,1744829453.387386
fa9gxCX8,1744400100,Musetti L.,Tsitsipas S.,177.0,200.0,145.0,160.0,21.0,25.0,17.0,15.0,9.0,19.0,11.0,28.0,1744460430.971054
GA1IcJan,1744395900,Dimitrov G.,De Minaur A.,194.0,204.0,164.0,159.0,1.0,7.0,23.0,8.0,0.0,1.0,2.0,1.0,1744460427.695776
SxDMstUq,1744386000,Fils A.,Alcaraz C.,190.0,189.0,155.0,163.0,23.0,18.0,53.0,41.0,8.0,3.0,13.0,6.0,1744460424.423028
zsotPUIt,1744380600,Davidovich Fokina A.,Popyrin A.,181.0,202.0,154.0,162.0,11.0,17.0,13.0,31.0,4.0,4.0,4.0,7.0,1744460421.349893
G0CC8tQc,1744318800,Tabilo A.,Dimitrov G.,183.0,203.0,146.0,168.0,15.0,26.0,23.0,16.0,6.0,8.0,15.0,10.0,1744406295.76553
S4u2TlGM,1744318800,Borges N.,Tsitsipas S.,191.0,201.0,155.0,161.0,3.0,21.0,22.0,23.0,3.0,5.0,6.0,5.0,1744406292.71624
CdZIqUR8,1744313100,Medvedev D.,De Minaur A.,198.0,202.0,143.0,153.0,9.0,15.0,27.0,21.0,3.0,9.0,6.0,10.0,1744406289.633772
4zpJO5T1,1744311900,Berrettini M.,Musetti L.,209.0,172.0,171.0,143.0,18.0,9.0,44.0,11.0,7.0,2.0,11.0,4.0,1744406286.617372
tQYobUef,1744305300,Altmaier D.,Alcaraz C.,183.0,196.0,151.0,158.0,5.0,16.0,29.0,33.0,3.0,11.0,8.0,15.0,1744406283.565256
M15WNIU8,1744301100,Popyrin A.,Ruud C.,204.0,184.0,170.0,166.0,48.0,36.0,45.0,37.0,23.0,21.0,27.0,25.0,1744406280.491805
Ikp6t5Ui,1744294200,Rublev A.,Fils A.,204.0,195.0,151.0,161.0,9.0,21.0,18.0,18.0,1.0,3.0,3.0,5.0,1744406277.420739
QPtKhVPi,1744294200,Draper J.,Davidovich Fokina A.,194.0,186.0,148.0,154.0,32.0,30.0,46.0,57.0,12.0,18.0,17.0,23.0,1744406274.348288
KEfyJ6qR,1744232100,Medvedev D.,Muller A.,198.0,182.0,148.0,147.0,28.0,30.0,47.0,47.0,13.0,9.0,17.0,14.0,1744406254.643409
0ClmdRKh,1744229700,Vacherot V.,Dimitrov G.,172.0,206.0,154.0,163.0,8.0,35.0,29.0,43.0,5.0,9.0,8.0,12.0,1744406251.617802
fqXorQ4m,1744225800,Tiafoe F.,Popyrin A.,195.0,195.0,146.0,159.0,22.0,27.0,20.0,37.0,5.0,7.0,9.0,12.0,1744406248.546624
WQk1lyDU,1744225500,Djokovic N.,Tabilo A.,192.0,194.0,156.0,147.0,18.0,16.0,29.0,16.0,6.0,6.0,8.0,11.0,1744406245.474452
CE834oJk,1744224600,Bautista-Agut R.,Ruud C.,184.0,192.0,152.0,164.0,8.0,24.0,25.0,10.0,6.0,5.0,9.0,8.0,1744406242.395328
drncY5rh,1744221000,Machac T.,De Minaur A.,193.0,203.0,157.0,157.0,24.0,28.0,40.0,24.0,10.0,5.0,12.0,7.0,1744406239.354735
xlt1HSKj,1744218600,Cerundolo F.,Alcaraz C.,188.0,196.0,154.0,163.0,11.0,19.0,31.0,31.0,1.0,8.0,7.0,11.0,1744406236.36096
8tGs9rT8,1744217100,Rublev A.,Monfils G.,198.0,199.0,150.0,159.0,22.0,20.0,27.0,28.0,8.0,3.0,10.0,3.0,1744406233.323626
6ejJBOgS,1744215600,Cobolli F.,Fils A.,183.0,198.0,153.0,158.0,12.0,13.0,23.0,17.0,3.0,8.0,6.0,9.0,1744406230.322964
KExAsRA7,1744207800,Lehecka J.,Musetti L.,209.0,181.0,174.0,157.0,25.0,24.0,51.0,27.0,16.0,8.0,23.0,11.0,1744406227.250003
4zpCA2jo,1744207800,Etcheverry T. M.,Davidovich Fokina A.,209.0,192.0,155.0,159.0,15.0,29.0,35.0,33.0,4.0,8.0,14.0,10.0,1744406224.226394
hnLBqM5j,1744207800,Borges N.,Martinez P.,192.0,172.0,155.0,139.0,49.0,28.0,66.0,41.0,15.0,12.0,20.0,22.0,1744406221.10511
tjI5Uken,1744207800,Altmaier D.,Gasquet R.,184.0,180.0,142.0,152.0,36.0,27.0,20.0,14.0,15.0,16.0,24.0,26.0,1744406218.033597
Y1nzEQGr,1744147200,Draper J.,Giron M.,202.0,187.0,161.0,152.0,21.0,9.0,17.0,14.0,7.0,2.0,10.0,4.0,1744406191.337722
IXp6IXB4,1744144200,Thompson J.,Tsitsipas S.,196.0,201.0,153.0,161.0,22.0,22.0,33.0,29.0,12.0,7.0,14.0,10.0,1744406188.339481
fFqpEhvK,1744142400,Tiafoe F.,Kecmanovic M.,193.0,189.0,140.0,150.0,52.0,29.0,46.0,32.0,13.0,9.0,23.0,16.0,1744406185.270819
p4bSQVNP,1744136400,Griekspoor T.,Fils A.,198.0,193.0,165.0,174.0,21.0,31.0,49.0,36.0,13.0,5.0,20.0,10.0,1744406182.198591
ruIX4l16,1744134900,Machac T.,Baez S.,196.0,169.0,160.0,144.0,32.0,17.0,49.0,32.0,14.0,3.0,16.0,4.0,1744406179.133718
b3tJwO8t,1744134300,Zverev A.,Berrettini M.,211.0,210.0,170.0,165.0,21.0,25.0,34.0,39.0,16.0,5.0,25.0,7.0,1744406176.018806
4YpSGuPO,1744132800,Etcheverry T. M.,Moutet C.,197.0,165.0,152.0,141.0,25.0,31.0,26.0,36.0,21.0,5.0,38.0,6.0,1744406172.988527
fcQyyqAt,1744130700,Lajovic D.,Cobolli F.,180.0,183.0,152.0,154.0,10.0,19.0,22.0,23.0,1.0,12.0,4.0,16.0,1744406169.628845
2LdbjknD,1744129200,Rune H.,Borges N.,191.0,194.0,155.0,155.0,7.0,13.0,15.0,10.0,2.0,0.0,3.0,0.0,1744406166.529972
MPTO6AWg,1744128900,Bautista-Agut R.,Nakashima B.,183.0,185.0,156.0,140.0,12.0,12.0,23.0,34.0,6.0,4.0,7.0,8.0,1744406163.458058
8OGIeP6e,1744121400,Sonego L.,Martinez P.,197.0,169.0,162.0,137.0,32.0,16.0,47.0,19.0,10.0,8.0,18.0,11.0,1744406160.38598
UeGu3SVI,1744121400,Popyrin A.,Humbert U.,198.0,198.0,168.0,160.0,24.0,34.0,50.0,46.0,18.0,6.0,29.0,6.0,1744406157.315183
KbrV4Tq9,1744121400,Jarry N.,Dimitrov G.,190.0,202.0,168.0,161.0,20.0,10.0,15.0,13.0,6.0,4.0,10.0,4.0,1744406154.146046
tEWw37EL,1744067100,Fognini F.,Cerundolo F.,178.0,188.0,150.0,163.0,11.0,10.0,35.0,18.0,6.0,2.0,7.0,5.0,1744406026.559705
EaQG8W1s,1744056600,Davidovich Fokina A.,Shelton B.,189.0,201.0,157.0,174.0,17.0,16.0,33.0,47.0,9.0,6.0,14.0,13.0,1744406023.489
8M3khBH0,1744055700,Medvedev D.,Khachanov K.,202.0,186.0,152.0,147.0,36.0,26.0,34.0,43.0,4.0,12.0,8.0,22.0,1744406020.421073
ldJpZMvg,1744050900,Muller A.,Ugo Carabelli C.,182.0,183.0,146.0,139.0,23.0,17.0,29.0,21.0,15.0,4.0,16.0,4.0,1744406017.345252
M9HhX095,1744048500,Navone M.,Berrettini M.,179.0,208.0,153.0,168.0,12.0,19.0,29.0,35.0,2.0,7.0,7.0,9.0,1744406014.244406
rJdJI1fC,1744044900,Bu Y.,Musetti L.,194.0,177.0,152.0,148.0,15.0,35.0,35.0,45.0,14.0,14.0,17.0,20.0,1744406011.14891
IyB1VvvI,1744042800,Auger-Aliassime F.,Altmaier D.,198.0,183.0,169.0,141.0,23.0,23.0,16.0,7.0,16.0,7.0,24.0,12.0,1744406008.128879
Q1E9TI8U,1744041300,Monfils G.,Marozsan F.,196.0,183.0,159.0,155.0,28.0,22.0,20.0,41.0,2.0,13.0,3.0,18.0,1744406005.057678
CdN9coxq,1744035000,Wawrinka S.,Tabilo A.,193.0,184.0,156.0,142.0,39.0,30.0,41.0,37.0,9.0,9.0,11.0,17.0,1744406001.985065
txFQg3y8,1744035000,Lehecka J.,Korda S.,201.0,196.0,171.0,158.0,17.0,15.0,22.0,26.0,6.0,7.0,9.0,11.0,1744405998.913905
0d0sfXnl,1744035000,Giron M.,Shapovalov D.,185.0,194.0,138.0,164.0,12.0,28.0,23.0,49.0,5.0,18.0,6.0,23.0,1744405995.842909
0ClVMLvn,1743399900,Mensik J.,Djokovic N.,166.0,166.0,140.0,145.0,29.0,22.0,22.0,20.0,5.0,5.0,8.0,5.0,1744049536.957363
8S6o0qX9,1743444000,Mayot H.,Herbert P.,,,,,12.0,26.0,19.0,24.0,6.0,14.0,9.0,16.0,1744049533.837851
SYEafulK,1743442800,Majchrzak K.,Nagal S.,,,,,29.0,13.0,17.0,25.0,14.0,3.0,16.0,6.0,1744049530.790407
2u71j2C5,1743437400,Coria F.,Hemery C.,,,,,11.0,12.0,6.0,20.0,2.0,10.0,2.0,13.0,1744049527.726089
hOb7TBq4,1743437400,Cerundolo J. M.,Droguet T.,,,,,25.0,17.0,30.0,28.0,12.0,12.0,16.0,17.0,1744049524.668007
Wp07LtoC,1743459600,Vukic A.,Dellien H.,192.0,174.0,151.0,148.0,46.0,26.0,59.0,30.0,12.0,11.0,16.0,14.0,1744049521.413964
O6HQ8316,1743453600,Fognini F.,Collignon R.,182.0,201.0,152.0,167.0,14.0,10.0,30.0,21.0,7.0,10.0,9.0,10.0,1744049518.326498
jZCu3YUp,1743445200,Carballes Baena R.,Baadi T.,171.0,162.0,142.0,147.0,21.0,24.0,30.0,48.0,9.0,10.0,10.0,16.0,1744049514.919249
MoTMQXHN,1743473100,Daniel T.,Brooksby J.,,,,,12.0,22.0,22.0,16.0,3.0,5.0,8.0,7.0,1744049511.775568
MoB37RM8,1743466200,Garin C.,Ritschard A.,,,,,24.0,16.0,17.0,25.0,8.0,8.0,9.0,14.0,1744049508.527591
8GGUWGFF,1743437400,Skatov T.,Albot R.,,,,,19.0,22.0,19.0,37.0,1.0,7.0,4.0,11.0,1744049505.387117
08bWJbC7,1743432600,Blanchet U.,Misolic F.,,,,,20.0,18.0,27.0,5.0,2.0,5.0,9.0,7.0,1744049502.237636
WvFr46OE,1743426600,Vacherot V.,Preda L.,,,,,26.0,12.0,25.0,23.0,8.0,1.0,8.0,4.0,1744049498.899285
UqKWiBgm,1743426600,Klizan M.,Gueymard Wayenburg S.,,,,,31.0,39.0,33.0,59.0,10.0,9.0,16.0,17.0,1744049495.646879
0jm0pgq1,1743448200,Van De Zandschulp B.,Gasquet R.,191.0,189.0,154.0,160.0,27.0,26.0,24.0,17.0,13.0,12.0,18.0,19.0,1744049492.515212
zRfEgcME,1743440100,Basavareddy N.,Jianu F. C.,186.0,167.0,155.0,158.0,24.0,13.0,30.0,14.0,7.0,12.0,8.0,14.0,1744049489.278973
KICRVgU7,1743436800,Marozsan F.,Dzumhur D.,,,,,,,,,,,,,1744049486.161062
ribMiyiR,1743432000,Djere L.,Navone M.,194.0,185.0,154.0,153.0,12.0,19.0,24.0,7.0,3.0,4.0,9.0,6.0,1744049482.888219
bixVdhKr,1743636600,Collignon R.,Borges N.,204.0,193.0,159.0,156.0,24.0,43.0,30.0,43.0,9.0,10.0,17.0,10.0,1744049352.861354
ANs071Mr,1743630600,Carballes Baena R.,Virtanen O.,172.0,190.0,141.0,164.0,11.0,22.0,14.0,33.0,9.0,3.0,12.0,8.0,1744049349.598103
2m1fccHO,1743624600,De Jong J.,Majchrzak K.,177.0,184.0,150.0,138.0,10.0,21.0,30.0,25.0,4.0,7.0,7.0,10.0,1744049346.505143
AePDVyxS,1743617100,Muller A.,Dellien H.,184.0,183.0,148.0,157.0,29.0,23.0,34.0,54.0,6.0,13.0,8.0,14.0,1744049343.415316
WMHKUpOP,1743610200,Kopriva V.,Gojo B.,166.0,207.0,142.0,150.0,12.0,24.0,27.0,56.0,2.0,2.0,4.0,2.0,1744049340.204235
OKdaN2Ga,1743610200,Darderi L.,Boyer T.,187.0,177.0,161.0,142.0,14.0,20.0,25.0,36.0,6.0,15.0,7.0,18.0,1744049337.067591
CY2DyTzp,1743650100,Smith C.,Quinn E.,,,,,13.0,13.0,15.0,18.0,4.0,5.0,4.0,7.0,1744049333.959255
CjGSf1OM,1743639000,Tabilo A.,Brooksby J.,,,,,23.0,32.0,52.0,33.0,14.0,16.0,20.0,23.0,1744049330.921954
fZy6UFIb,1743580800,Nishikori K.,Krueger M.,,,,,0.0,3.0,4.0,0.0,1.0,2.0,3.0,2.0,1744049327.669261
UBEB55iL,1743572700,Hijikata R.,Eubanks C.,,,,,2.0,4.0,1.0,3.0,1.0,0.0,2.0,1.0,1744049324.57507
M9gjbNqe,1743561900,Quinn E.,Thompson J.,,,,,15.0,6.0,25.0,16.0,3.0,2.0,4.0,5.0,1744049321.30286
b7rcWyln,1743560100,Smith C.,Duckworth J.,,,,,17.0,13.0,12.0,27.0,2.0,5.0,3.0,10.0,1744049318.173266
dEMjoH4m,1743614100,Comesana F.,Bautista-Agut R.,189.0,181.0,163.0,155.0,41.0,30.0,26.0,24.0,13.0,19.0,16.0,28.0,1744049315.070597
h0dtyxoe,1743605700,Gasquet R.,Cobolli F.,184.0,192.0,153.0,157.0,12.0,33.0,33.0,45.0,3.0,4.0,8.0,8.0,1744049312.007827
SMUKJ1yP,1743599400,Ugo Carabelli C.,Misolic F.,183.0,176.0,151.0,138.0,9.0,18.0,8.0,7.0,1.0,7.0,3.0,10.0,1744049308.620551
Qs05Q5an,1743720600,Kopriva V.,Sonego L.,167.0,194.0,135.0,156.0,21.0,24.0,35.0,40.0,5.0,13.0,8.0,21.0,1744049294.061614
WnyUeffe,1743712800,Darderi L.,Gaston H.,183.0,177.0,158.0,137.0,23.0,26.0,36.0,31.0,13.0,10.0,23.0,10.0,1744049290.778811
CEbRB5k1,1743702900,Griekspoor T.,Carreno-Busta P.,200.0,184.0,168.0,147.0,48.0,22.0,42.0,22.0,21.0,7.0,24.0,7.0,1744049287.714822
CjdnWT4s,1743696600,Herbert P.,Bellucci M.,191.0,180.0,159.0,156.0,13.0,19.0,28.0,15.0,9.0,6.0,18.0,9.0,1744049284.352256
GQaa4wSp,1743731100,Nishikori K.,Eubanks C.,,,,,6.0,9.0,9.0,8.0,0.0,2.0,1.0,2.0,1744049281.054264
xKSAdzCG,1743725400,McDonald M.,Nakashima B.,,,,,14.0,24.0,17.0,20.0,3.0,4.0,5.0,5.0,1744049277.587455
GdUgBB0s,1743667200,Denolly C.,Kovacevic A.,,,,,11.0,26.0,25.0,28.0,5.0,6.0,8.0,9.0,1744049274.50174
2svk1rp3,1743656400,Paul T.,Garin C.,,,,,34.0,26.0,47.0,26.0,16.0,10.0,28.0,14.0,1744049271.235998
jcDBIVO6,1743719100,Wawrinka S.,Martinez P.,189.0,171.0,154.0,139.0,26.0,26.0,49.0,38.0,6.0,11.0,13.0,14.0,1744049265.001023
2uBFKO95,1743708600,Dzumhur D.,Jianu F. C.,164.0,168.0,142.0,136.0,38.0,30.0,31.0,47.0,12.0,21.0,16.0,33.0,1744049261.696439
Kp9TiwUO,1743698100,Fucsovics M.,Navone M.,185.0,183.0,159.0,149.0,27.0,15.0,32.0,41.0,17.0,10.0,20.0,11.0,1744049258.609789
Gp6nvA6e,1743694800,Jarry N.,O'Connell C.,199.0,186.0,163.0,146.0,35.0,18.0,63.0,26.0,25.0,6.0,29.0,10.0,1744049255.348843
IayZp8A4,1743694800,Baez S.,Diallo G.,173.0,203.0,147.0,180.0,6.0,29.0,23.0,61.0,2.0,6.0,4.0,11.0,1744049252.235732
tCHpfxn3,1743804600,Muller A.,Majchrzak K.,188.0,188.0,154.0,154.0,20.0,20.0,42.0,24.0,5.0,10.0,9.0,14.0,1744049238.042428
hCtiSCHq,1743798600,Griekspoor T.,Bellucci M.,194.0,187.0,159.0,165.0,15.0,15.0,21.0,35.0,9.0,3.0,13.0,5.0,1744049234.5784
YmcYCVuo,1743790800,Darderi L.,Kopriva V.,185.0,172.0,145.0,138.0,13.0,31.0,27.0,42.0,2.0,9.0,8.0,12.0,1744049231.505328
0QiMlK3m,1743783000,Carballes Baena R.,Borges N.,174.0,193.0,141.0,154.0,10.0,31.0,22.0,48.0,3.0,9.0,3.0,11.0,1744049228.246259
GtA4Y38L,1743820500,Eubanks C.,Nakashima B.,,,,,10.0,15.0,30.0,17.0,5.0,5.0,6.0,6.0,1744049225.168849
SSswFjit,1743814200,Paul T.,Smith C.,,,,,23.0,13.0,19.0,31.0,11.0,4.0,14.0,6.0,1744049222.095279
YLOa80yH,1743804600,Brooksby J.,Kovacevic A.,,,,,26.0,24.0,27.0,45.0,11.0,12.0,14.0,15.0,1744049219.02191
jZAWxfvm,1743746400,Michelsen A.,Mannarino A.,,,,,21.0,24.0,45.0,44.0,8.0,8.0,13.0,12.0,1744049215.911376
negM3W1n,1743739800,Walton A.,Tiafoe F.,,,,,14.0,34.0,20.0,21.0,2.0,9.0,7.0,11.0,1744049212.854582
fa3xecKa,1743795600,Dzumhur D.,Martinez P.,164.0,179.0,140.0,143.0,18.0,9.0,9.0,20.0,2.0,4.0,6.0,11.0,1744049209.641291
O0dtBWb6,1743787800,Misolic F.,Cobolli F.,174.0,191.0,146.0,158.0,19.0,16.0,38.0,37.0,6.0,6.0,8.0,9.0,1744049206.481749
lYn04n3e,1743778200,Baez S.,Comesana F.,171.0,191.0,143.0,165.0,27.0,27.0,35.0,52.0,8.0,14.0,12.0,22.0,1744049203.258972
x4jr7gSi,1743772200,O'Connell C.,Fucsovics M.,187.0,188.0,146.0,157.0,16.0,26.0,19.0,12.0,6.0,8.0,12.0,11.0,1744049200.195188
IaTMCNtf,1743890400,Norrie C.,Bellucci M.,,,,,22.0,38.0,29.0,38.0,11.0,6.0,20.0,8.0,1744049185.933837
joDtXiS8,1743888300,Bergs Z.,Marozsan F.,,,,,11.0,20.0,23.0,22.0,2.0,6.0,7.0,10.0,1744049182.756606
lM6CdBjd,1743883200,Lajovic D.,Bublik A.,,,,,19.0,25.0,28.0,44.0,11.0,9.0,14.0,15.0,1744049179.584157
zwVg9lz2,1743882600,Comesana F.,Djere L.,,,,,10.0,16.0,13.0,9.0,8.0,8.0,12.0,8.0,1744049176.475007
xrm7IhDF,1743879900,Bonzi B.,Ramos A.,,,,,22.0,9.0,51.0,32.0,8.0,3.0,11.0,6.0,1744049173.332486
jRtUA1B6,1743876000,Budkov Kjaer N.,Bu Y.,,,,,11.0,13.0,30.0,22.0,1.0,4.0,2.0,5.0,1744049170.268002
ngzw9utJ,1743873000,Nardi L.,Rinderknech A.,,,,,11.0,16.0,27.0,32.0,0.0,10.0,0.0,16.0,1744049167.196297
p8jFGWsS,1743872700,Goffin D.,Hanfmann Y.,,,,,29.0,26.0,49.0,52.0,5.0,8.0,11.0,16.0,1744049164.086065
6Pc9GV2M,1743869400,Navone M.,Tseng C. H.,,,,,17.0,5.0,23.0,27.0,6.0,1.0,8.0,5.0,1744049161.015408
2PWoBA5k,1743869400,Navone M.,Van De Zandschulp B.,,,,,,,,,,,,,1744049157.926389
GSbbKEr3,1743869400,Gojo B.,Medjedovic H.,,,,,21.0,21.0,34.0,15.0,7.0,5.0,12.0,5.0,1744049154.907009
Ym5u4gbM,1743867600,Herbert P.,Vukic A.,,,,,27.0,20.0,11.0,16.0,11.0,5.0,15.0,9.0,1744049151.612752
vmNOWrYP,1743862200,Ugo Carabelli C.,Gaston H.,,,,,9.0,16.0,17.0,31.0,3.0,4.0,4.0,9.0,1744049148.534099
UJjBbXLq,1743862200,Munar J.,Altmaier D.,,,,,25.0,44.0,29.0,49.0,15.0,29.0,19.0,39.0,1744049145.358997
dpuEEqCs,1743862200,Diallo G.,Moutet C.,,,,,32.0,29.0,54.0,22.0,28.0,4.0,54.0,7.0,1744049142.285955
IkYPVH5M,1743879600,Griekspoor T.,Majchrzak K.,201.0,184.0,165.0,148.0,27.0,23.0,12.0,8.0,8.0,7.0,13.0,9.0,1744049138.818611
WpKmjUHl,1743873000,Carballes Baena R.,Darderi L.,176.0,195.0,143.0,148.0,5.0,22.0,23.0,29.0,7.0,8.0,10.0,10.0,1744049135.724921
GCzNUad2,1743894600,Paul T.,Brooksby J.,,,,,36.0,20.0,54.0,32.0,15.0,12.0,22.0,16.0,1744049132.258486
dAQt7hkR,1743835500,Michelsen A.,Tiafoe F.,,,,,20.0,21.0,32.0,19.0,4.0,9.0,6.0,10.0,1744049129.186062
d2ME4TWs,1743873000,Cobolli F.,Dzumhur D.,187.0,166.0,156.0,148.0,20.0,8.0,8.0,8.0,5.0,3.0,9.0,3.0,1744049122.94639
pxv5pjSq,1743865800,Baez S.,Fucsovics M.,172.0,187.0,143.0,158.0,9.0,15.0,24.0,37.0,4.0,3.0,8.0,4.0,1744049119.624641
G27vvOB7,1743960000,Marozsan F.,Bellucci M.,,,,,18.0,16.0,13.0,23.0,8.0,4.0,11.0,8.0,1744049105.54386
hlrjKMMt,1743959100,Djere L.,Lajovic D.,,,,,16.0,9.0,42.0,25.0,1.0,2.0,6.0,5.0,1744049102.488698
vX2QtsZH,1743956100,Ramos A.,Bu Y.,,,,,15.0,20.0,27.0,14.0,2.0,6.0,4.0,6.0,1744049099.256271
Myt5aXSN,1743952200,Ugo Carabelli C.,Medjedovic H.,,,,,24.0,31.0,10.0,12.0,3.0,4.0,6.0,10.0,1744049096.141793
bJp1Jnyf,1743948900,Navone M.,Rinderknech A.,,,,,18.0,22.0,20.0,66.0,3.0,13.0,6.0,21.0,1744049092.686913
WpOsWPKa,1743948600,Goffin D.,Moutet C.,,,,,32.0,26.0,73.0,54.0,34.0,13.0,56.0,19.0,1744049089.58946
zLsc1gbB,1743948600,Altmaier D.,Herbert P.,,,,,25.0,25.0,21.0,35.0,8.0,20.0,12.0,25.0,1744049086.283644
GOOAagPQ,1743972600,Thompson J.,Mpetshi Perricard G.,195.0,217.0,152.0,179.0,15.0,24.0,18.0,34.0,7.0,4.0,9.0,7.0,1744049083.243281
tzpbL9om,1743962400,Struff J-L.,Vacherot V.,193.0,202.0,161.0,168.0,11.0,17.0,25.0,10.0,3.0,4.0,4.0,4.0,1744049079.985128
8bL21FfE,1743962400,Arnaldi M.,Gasquet R.,193.0,188.0,158.0,158.0,35.0,32.0,53.0,28.0,16.0,15.0,26.0,19.0,1744049076.895777
AiB9pPZh,1743966600,Griekspoor T.,Darderi L.,201.0,191.0,164.0,151.0,39.0,26.0,30.0,27.0,17.0,9.0,23.0,12.0,1744049073.680453
QPQ5iiR9,1743987900,Brooksby J.,Tiafoe F.,,,,,25.0,16.0,17.0,26.0,5.0,9.0,10.0,12.0,1744049070.546498
Iyqzuax0,1743922200,Nakashima B.,Tiafoe F.,,,,,18.0,26.0,27.0,17.0,5.0,7.0,14.0,10.0,1744049067.415997
IRDBCvO9,1743955800,Baez S.,Cobolli F.,166.0,191.0,144.0,154.0,18.0,14.0,32.0,37.0,6.0,11.0,7.0,17.0,1744049064.363162
Y7cugXCG,1743542400,Cerundolo J. M.,Gaston H.,177.0,167.0,136.0,139.0,29.0,38.0,43.0,48.0,17.0,18.0,30.0,21.0,1743605351.561729
thqWdFDi,1743541200,Coria F.,Herbert P.,160.0,195.0,145.0,159.0,10.0,39.0,31.0,54.0,3.0,25.0,4.0,33.0,1743605348.499551
2iTHAPWg,1743537000,Carreno-Busta P.,Lalami Laaroussi Y.,183.0,195.0,145.0,150.0,15.0,11.0,11.0,30.0,9.0,5.0,11.0,5.0,1743605345.243902
dWaRQyNi,1743533700,Kotov P.,Bellucci M.,184.0,194.0,138.0,160.0,11.0,26.0,21.0,27.0,4.0,5.0,7.0,7.0,1743605342.171505
E5svegr4,1743530700,Majchrzak K.,Munar J.,187.0,203.0,141.0,159.0,17.0,16.0,24.0,37.0,6.0,2.0,7.0,4.0,1743605338.89383
Sh3jPOom,1743523800,Benchetrit E.,De Jong J.,194.0,185.0,151.0,154.0,19.0,21.0,38.0,15.0,10.0,8.0,15.0,8.0,1743605335.817055
WWKY6sWI,1743523800,Altmaier D.,Virtanen O.,,,,,19.0,22.0,33.0,38.0,8.0,11.0,15.0,19.0,1743605332.334424
tC9id1E7,1743552900,Mmoh M.,Walton A.,,,,,17.0,18.0,29.0,27.0,2.0,4.0,5.0,8.0,1743605322.901841
8I1wK46E,1743552600,Galan D. E.,McDonald M.,,,,,29.0,29.0,42.0,29.0,6.0,4.0,9.0,6.0,1743605319.684197
jqYx4W9D,1743545400,Hanfmann Y.,Mannarino A.,,,,,28.0,18.0,0.0,17.0,7.0,5.0,11.0,9.0,1743605316.652237
UXknIryR,1743545400,Hanfmann Y.,Moreno De Alboran N.,,,,,,,,,,,,,1743605313.401505
lder0qFr,1743486000,Kovacevic A.,Etcheverry T. M.,,,,,27.0,16.0,26.0,12.0,13.0,3.0,13.0,3.0,1743605310.404784
0WvESgmB,1743483000,Holt B.,Denolly C.,,,,,32.0,45.0,26.0,43.0,9.0,11.0,15.0,15.0,1743605307.27504
0GtICMbl,1743480600,Michelsen A.,Tien L.,,,,,27.0,11.0,17.0,17.0,3.0,5.0,3.0,8.0,1743605304.173636
x80ocOiT,1743535200,Wawrinka S.,Skatov T.,190.0,184.0,151.0,150.0,50.0,29.0,30.0,23.0,10.0,12.0,15.0,16.0,1743605298.029956
n5EJXFae,1743526800,Diallo G.,Tseng C. H.,201.0,179.0,179.0,141.0,39.0,13.0,42.0,21.0,13.0,3.0,19.0,3.0,1743605294.604917
GhCxapNG,1743523800,Klizan M.,Comesana F.,175.0,191.0,145.0,164.0,32.0,34.0,43.0,40.0,20.0,11.0,33.0,16.0,1743605291.557806
lCTf6z6K,1743523500,Bu Y.,Bautista-Agut R.,190.0,179.0,147.0,151.0,41.0,34.0,44.0,43.0,13.0,13.0,18.0,20.0,1743605288.195728
dW5suPVp,1743520200,Ugo Carabelli C.,Albot R.,173.0,170.0,144.0,140.0,10.0,16.0,10.0,46.0,3.0,9.0,5.0,11.0,1743605285.116882
lQhT2SNi,1743518400,Shevchenko A.,Misolic F.,175.0,180.0,143.0,150.0,10.0,18.0,30.0,24.0,2.0,3.0,7.0,3.0,1743605281.714127
SOZhnFEl,1743518400,Nardi L.,Fucsovics M.,193.0,183.0,158.0,151.0,4.0,14.0,29.0,14.0,2.0,2.0,6.0,2.0,1743605278.615414
8S8U06h4,1743513000,Vacherot V.,Dzumhur D.,190.0,165.0,156.0,143.0,14.0,29.0,27.0,19.0,9.0,2.0,17.0,3.0,1743605275.297594
dIt9rXDD,1743512700,Lajovic D.,O'Connell C.,177.0,187.0,149.0,153.0,20.0,21.0,28.0,21.0,9.0,6.0,17.0,10.0,1743605272.224551
vyVYeLXo,1743363600,Rocha H.,Herbert P.,,,,,35.0,37.0,40.0,42.0,4.0,20.0,7.0,27.0,1743381432.75838
b1TMpePp,1743363000,Mayot H.,Karatsev A.,,,,,12.0,12.0,15.0,24.0,1.0,2.0,1.0,4.0,1743381429.484219
GtQcjH1N,1743361500,Jamji A.,Nagal S.,,,,,14.0,11.0,43.0,17.0,1.0,1.0,1.0,3.0,1743381426.205411
rTRkhwXA,1743357300,Majchrzak K.,Trungelliti M.,,,,,19.0,18.0,21.0,31.0,9.0,4.0,11.0,6.0,1743381422.936853
EF01HVGL,1743356400,Droguet T.,Guinard M.,,,,,13.0,27.0,20.0,31.0,5.0,10.0,7.0,12.0,1743381419.662532
fmDP4GGG,1743356400,Droguet T.,Koepfer D.,,,,,,,,,,,,,1743381416.575667
nN9H6xn4,1743356400,Cerundolo J. M.,Bennani K.,,,,,20.0,4.0,19.0,25.0,1.0,0.0,1.0,5.0,1743381413.515586
n1Ytfa2b,1743351000,Hemery C.,Moro Canas A.,,,,,14.0,12.0,7.0,9.0,5.0,3.0,9.0,5.0,1743381410.23703
Q7L88bHi,1743351000,Coria F.,Zeppieri G.,,,,,11.0,10.0,15.0,29.0,1.0,2.0,3.0,5.0,1743381406.9597
vmNNaGbf,1743380700,Draxl L.,Smith C.,,,,,11.0,32.0,24.0,32.0,7.0,13.0,7.0,18.0,1743381403.473602
lW7DHW6D,1743375000,Krueger M.,Zahraj P.,,,,,28.0,32.0,19.0,30.0,10.0,5.0,13.0,7.0,1743381400.317564
pbDVwSf3,1743369000,Mannarino A.,Denolly C.,,,,,38.0,42.0,48.0,47.0,9.0,12.0,12.0,16.0,1743381396.913761
2HjIPuUF,1743369000,Brooksby J.,Maloney P.,,,,,14.0,12.0,13.0,27.0,4.0,2.0,5.0,4.0,1743381393.641151
0IsMflw3,1743312600,Zhu E.,Smith C.,,,,,2.0,16.0,23.0,18.0,5.0,3.0,10.0,4.0,1743381390.569442
fVJjAFnJ,1743306900,Draxl L.,Grant W.,,,,,12.0,13.0,11.0,0.0,3.0,10.0,5.0,13.0,1743381387.291825
Y56RY6Gq,1743306900,Draxl L.,Ayeni A.,,,,,,,,,,,,,1743381384.009112
2NFevThM,1743305400,Krueger M.,Kodat T.,,,,,18.0,19.0,23.0,21.0,11.0,5.0,16.0,8.0,1743381380.731273
fLfzXpod,1743301500,Corwin F.,Zahraj P.,,,,,14.0,17.0,28.0,37.0,4.0,8.0,4.0,11.0,1743381377.462278
6DquZr8r,1743356400,Martineau M.,Misolic F.,,,,,21.0,23.0,31.0,29.0,8.0,13.0,13.0,13.0,1743381373.974189
YuVzrJZF,1743354900,Blanchet U.,Cretu C.,,,,,19.0,21.0,28.0,26.0,12.0,5.0,13.0,10.0,1743381370.707366
Y3DNYEd2,1743348600,Skatov T.,Prihodko O.,,,,,13.0,23.0,20.0,42.0,2.0,3.0,3.0,6.0,1743381367.214833
EF40tRF8,1743347700,Andreescu S. A.,Albot R.,,,,,23.0,29.0,47.0,46.0,3.0,9.0,9.0,12.0,1743381363.940929
CQtSqu53,1743345600,Basilashvili N.,Vacherot V.,,,,,30.0,21.0,26.0,11.0,3.0,3.0,6.0,4.0,1743381360.459033
Mu88v5pL,1743339600,Ymer E.,Gueymard Wayenburg S.,,,,,20.0,24.0,26.0,40.0,6.0,6.0,9.0,10.0,1743381357.28161
t6Yrtc4S,1743339600,Preda L.,Dellien Velasco M. A.,,,,,15.0,5.0,18.0,28.0,4.0,1.0,6.0,3.0,1743381354.104016
0jFFzySk,1743339600,Landaluce M.,Klizan M.,,,,,24.0,20.0,42.0,29.0,4.0,7.0,6.0,9.0,1743381350.832724
jVxuUy4l,1743221400,Mensik J.,Fritz T.,204.0,198.0,156.0,171.0,40.0,39.0,37.0,34.0,6.0,13.0,9.0,16.0,1743354585.735003
UcZxi6xS,1743295500,Gomez F. A.,Brooksby J.,,,,,40.0,27.0,58.0,32.0,4.0,9.0,5.0,13.0,1743354567.510667
lrG9op0k,1743293700,Maloney P.,Andrade A.,,,,,22.0,24.0,25.0,32.0,10.0,6.0,15.0,9.0,1743354563.654324
dpyVhS7F,1743287100,Mannarino A.,Nakagawa N.,,,,,17.0,27.0,28.0,44.0,1.0,2.0,2.0,4.0,1743354559.756796
6eMntkO9,1743286800,Denolly C.,Trotter J. K.,,,,,21.0,26.0,19.0,36.0,3.0,10.0,6.0,14.0,1743354555.742024
ARHHTJwe,1743207300,Djokovic N.,Dimitrov G.,190.0,198.0,150.0,168.0,10.0,14.0,5.0,32.0,1.0,6.0,2.0,7.0,1743354540.496213
fkKOpUrf,1743135000,Fritz T.,Berrettini M.,202.0,208.0,163.0,167.0,38.0,41.0,25.0,35.0,9.0,7.0,13.0,11.0,1743354536.801091
SKB2uZ6E,1743122100,Korda S.,Djokovic N.,196.0,192.0,148.0,152.0,19.0,19.0,20.0,18.0,4.0,4.0,5.0,5.0,1743163105.731865
COXgdWgt,1743109800,Fils A.,Mensik J.,195.0,206.0,165.0,152.0,19.0,26.0,19.0,23.0,6.0,4.0,8.0,4.0,1743163102.05694
IJyaLF46,1742615700,Bublik A.,Paul T.,204.0,204.0,200.0,198.0,42.0,39.0,48.0,27.0,7.0,9.0,13.0,15.0,1743162805.905461
MgcwV40T,1742614500,Korda S.,Spizzirri E.,195.0,193.0,176.0,175.0,20.0,10.0,30.0,19.0,5.0,2.0,5.0,3.0,1743162802.220801
YusrosXp,1742611500,Nakashima B.,Carballes Baena R.,188.0,185.0,173.0,159.0,40.0,25.0,36.0,28.0,15.0,9.0,20.0,10.0,1743162798.534552
pdpDs8Qh,1742604600,Moutet C.,Tabilo A.,,,,,,,,,,,,,1743162794.84615
famxHfED,1742600700,Hijikata R.,Djokovic N.,,,,,16.0,19.0,22.0,11.0,7.0,4.0,13.0,6.0,1743162791.157156
bezX2T4N,1742596200,Monfils G.,Lehecka J.,,,,,31.0,37.0,22.0,47.0,3.0,22.0,6.0,32.0,1743162787.881757
r7bEBcme,1742595300,Tseng C. H.,Tsitsipas S.,178.0,199.0,177.0,176.0,24.0,32.0,25.0,39.0,14.0,7.0,17.0,12.0,1743162784.198869
dSm1iweA,1742594700,Medvedev D.,Munar J.,187.0,207.0,175.0,169.0,14.0,18.0,31.0,14.0,9.0,8.0,15.0,8.0,1743162780.511801
fXdnSD8F,1742594400,Michelsen A.,Ugo Carabelli C.,189.0,199.0,174.0,180.0,35.0,26.0,46.0,24.0,20.0,12.0,28.0,13.0,1743162776.828665
UmC8RzJc,1742589300,Kyrgios N.,Khachanov K.,,,,,22.0,15.0,28.0,12.0,3.0,4.0,5.0,7.0,1743162773.145875
d2Q0xNcl,1742584200,Schoolkate T.,Auger-Aliassime F.,189.0,208.0,184.0,201.0,11.0,26.0,28.0,16.0,5.0,14.0,10.0,14.0,1743162769.253383
6PDffoAb,1742584200,Ruud C.,Kecmanovic M.,,,,,44.0,30.0,38.0,24.0,8.0,9.0,10.0,15.0,1743162765.563226
hhUoM9Hb,1742584200,Musetti L.,Halys Q.,,,,,33.0,45.0,27.0,48.0,12.0,17.0,16.0,24.0,1743162761.876482
hE5f0UqI,1742584200,Dimitrov G.,Cina F.,195.0,197.0,171.0,161.0,21.0,17.0,17.0,24.0,5.0,8.0,5.0,11.0,1743162758.185423
hWnpt0q3,1742527200,Bautista-Agut R.,Mensik J.,181.0,204.0,164.0,198.0,20.0,39.0,27.0,32.0,6.0,10.0,8.0,13.0,1743162754.50912
MBv1xIrS,1742526600,Fonseca J.,Tien L.,204.0,181.0,186.0,175.0,43.0,31.0,40.0,35.0,19.0,9.0,28.0,13.0,1743162750.817729
CEC9vqtI,1742699400,Davidovich Fokina A.,Tiafoe F.,189.0,200.0,184.0,185.0,14.0,22.0,31.0,26.0,6.0,10.0,9.0,16.0,1743162735.248895
EsJY3wgo,1742697900,Berrettini M.,Gaston H.,218.0,177.0,201.0,162.0,33.0,19.0,30.0,23.0,18.0,14.0,28.0,17.0,1743162731.564272
SxHz6j5k,1742697900,Bergs Z.,Rublev A.,,,,,25.0,15.0,24.0,33.0,7.0,7.0,9.0,8.0,1743162728.080654
U9DqJ5lL,1742690400,Fonseca J.,Humbert U.,,,,,16.0,11.0,10.0,21.0,,,,,1743162724.42398
YZJr4UZ1,1742689500,Rune H.,Opelka R.,,,,,17.0,44.0,24.0,41.0,3.0,7.0,4.0,11.0,1743162721.005515
xfJxCBJt,1742685300,Popyrin A.,Safiullin R.,194.0,195.0,191.0,189.0,42.0,40.0,42.0,23.0,10.0,10.0,18.0,14.0,1743162716.210017
pMwtapck,1742684100,Mensik J.,Draper J.,212.0,195.0,188.0,188.0,44.0,27.0,25.0,28.0,7.0,5.0,8.0,6.0,1743162712.746293
6m0ncMMH,1742679600,Tirante T. A.,Shapovalov D.,,,,,29.0,21.0,42.0,45.0,6.0,15.0,6.0,23.0,1743162709.32805
4l91t5B5,1742678400,Thompson J.,Mpetshi Perricard G.,,,,,25.0,27.0,12.0,30.0,12.0,9.0,15.0,20.0,1743162705.850635
6ZAg8TI5,1742676900,Arnaldi M.,Machac T.,184.0,202.0,186.0,185.0,27.0,27.0,28.0,32.0,7.0,12.0,9.0,14.0,1743162702.411421
CCkKgU3C,1742676000,Fritz T.,Sonego L.,203.0,201.0,183.0,183.0,23.0,24.0,16.0,26.0,15.0,12.0,16.0,18.0,1743162698.978276
8hz4BCsS,1742674200,Zverev A.,Fearnley J.,206.0,198.0,196.0,187.0,27.0,11.0,22.0,23.0,2.0,2.0,5.0,6.0,1743162695.511886
KG5CawKk,1742670000,Wong C.,Shelton B.,,,,,37.0,47.0,33.0,30.0,12.0,12.0,19.0,15.0,1743162692.034198
MHmCpcoA,1742670000,Walton A.,Darderi L.,195.0,184.0,166.0,181.0,30.0,23.0,17.0,22.0,11.0,11.0,13.0,14.0,1743162688.350395
OrZzQ97r,1742670000,Hurkacz H.,Darderi L.,,,,,,,,,,,,,1743162684.559322
nHMjl5vA,1742619300,Goffin D.,Alcaraz C.,177.0,201.0,163.0,179.0,23.0,36.0,26.0,42.0,11.0,12.0,17.0,20.0,1743162681.192016
SYGBtMth,1742616300,Cerundolo F.,Muller A.,,,,,22.0,7.0,16.0,21.0,8.0,7.0,10.0,9.0,1743162677.504317
fsODt66c,1742784900,Munar J.,Monfils G.,195.0,191.0,161.0,161.0,38.0,31.0,34.0,30.0,18.0,7.0,29.0,8.0,1743162651.085582
bBvgRT1n,1742775300,Ugo Carabelli C.,Djokovic N.,170.0,155.0,145.0,129.0,15.0,18.0,19.0,20.0,3.0,9.0,4.0,12.0,1743162647.281666
6TFQEogK,1742775000,Nakashima B.,Goffin D.,188.0,180.0,164.0,149.0,35.0,27.0,29.0,42.0,12.0,18.0,15.0,25.0,1743162643.705847
jLFZodJG,1742768400,Korda S.,Tsitsipas S.,196.0,202.0,169.0,176.0,22.0,16.0,20.0,27.0,13.0,4.0,20.0,4.0,1743162639.995162
827sjq46,1742765400,Musetti L.,Auger-Aliassime F.,184.0,203.0,162.0,176.0,19.0,25.0,26.0,51.0,9.0,13.0,11.0,22.0,1743162636.533729
n9f94rJa,1742757300,Dimitrov G.,Khachanov K.,203.0,194.0,170.0,161.0,46.0,24.0,41.0,31.0,24.0,2.0,26.0,2.0,1743162632.91229
0tn1D6sJ,1742706300,Fils A.,Diallo G.,201.0,209.0,169.0,185.0,12.0,12.0,13.0,16.0,5.0,4.0,5.0,7.0,1743162629.296469
djCZ13Ka,1742705100,De Minaur A.,Bu Y.,202.0,201.0,166.0,160.0,24.0,13.0,13.0,22.0,2.0,7.0,2.0,10.0,1743162625.688811
OjyXvfcC,1742871900,De Minaur A.,Fonseca J.,,,,,22.0,20.0,27.0,43.0,10.0,9.0,14.0,15.0,1743162599.46737
dpyULaYq,1742871600,Berrettini M.,Bergs Z.,215.0,189.0,176.0,176.0,15.0,16.0,21.0,35.0,6.0,7.0,10.0,16.0,1743162595.891003
AotipkZi,1742859600,Fils A.,Tiafoe F.,201.0,201.0,172.0,157.0,45.0,31.0,46.0,49.0,7.0,12.0,10.0,21.0,1743162592.448501
AotPBWH5,1742853300,Safiullin R.,Mensik J.,194.0,207.0,163.0,173.0,25.0,21.0,15.0,6.0,3.0,4.0,5.0,6.0,1743162588.88153
fsU0QMDF,1742853000,Fritz T.,Shapovalov D.,202.0,195.0,176.0,165.0,16.0,18.0,13.0,29.0,4.0,7.0,5.0,9.0,1743162585.131697
02s556Ja,1742847300,Zverev A.,Thompson J.,212.0,192.0,176.0,166.0,22.0,19.0,18.0,21.0,9.0,10.0,12.0,15.0,1743162581.448315
Wj9NSQcs,1742843400,Walton A.,Wong C.,193.0,199.0,166.0,179.0,31.0,48.0,33.0,40.0,5.0,10.0,9.0,14.0,1743162577.768521
vcd7okMj,1742843400,Opelka R.,Machac T.,208.0,191.0,189.0,168.0,30.0,11.0,16.0,5.0,4.0,1.0,7.0,3.0,1743162574.071385
Kbxp289E,1742797200,Cerundolo F.,Paul T.,191.0,197.0,152.0,161.0,15.0,13.0,11.0,10.0,6.0,6.0,8.0,9.0,1743162570.502299
4U0IMuj5,1742789400,Ruud C.,Tabilo A.,193.0,189.0,170.0,155.0,33.0,24.0,24.0,22.0,9.0,7.0,13.0,12.0,1743162566.808335
phWkfwle,1742960700,Fritz T.,Walton A.,,,,,,,,,,,,,1743162548.055335
Qqez08KG,1742958000,Machac T.,Mensik J.,,,,,,,,,,,,,1743162544.573101
lhTwyrn2,1742956800,De Minaur A.,Berrettini M.,199.0,214.0,194.0,193.0,17.0,19.0,27.0,32.0,6.0,8.0,8.0,11.0,1743162540.895452
OhGugwdd,1742956500,Musetti L.,Djokovic N.,196.0,195.0,176.0,172.0,10.0,18.0,19.0,17.0,3.0,10.0,6.0,11.0,1743162537.219402
x4tujHwA,1742936400,Ruud C.,Cerundolo F.,,,,,7.0,21.0,18.0,17.0,2.0,11.0,6.0,12.0,1743162533.523576
MetJjZBU,1742933700,Monfils G.,Korda S.,,,,,17.0,18.0,27.0,38.0,3.0,9.0,4.0,9.0,1743162529.944317
tjjUw1io,1742929800,Dimitrov G.,Nakashima B.,,,,,28.0,14.0,18.0,12.0,5.0,1.0,6.0,3.0,1743162526.250805
xIyRBlUQ,1743039600,Cerundolo F.,Dimitrov G.,192.0,200.0,166.0,166.0,31.0,30.0,43.0,46.0,2.0,14.0,6.0,18.0,1743162503.516633
hpjLmieR,1743030900,Zverev A.,Fils A.,210.0,204.0,186.0,176.0,14.0,25.0,26.0,35.0,5.0,9.0,8.0,10.0,1743162499.835676
old_2,1742438100,Rinderknech A.,Munar J.,201.0,199.0,171.0,164.0,30.0,19.0,39.0,15.0,9.0,5.0,15.0,9.0,1743105600.905461
old_5,1742497500,Bergs Z.,Borges N.,188.0,196.0,180.0,204.0,33.0,25.0,39.0,34.0,13.0,3.0,19.0,7.0,1743105600.905461
old_14,1742512800,Diallo G.,Etcheverry T. M.,,,,,16.0,4.0,27.0,16.0,12.0,3.0,17.0,5.0,1743105600.905461
old_4,1742445600,Seyboth Wild T.,Halys Q.,194.0,200.0,169.0,160.0,20.0,29.0,18.0,21.0,4.0,8.0,5.0,10.0,1743105600.905461
old_11,1742507700,Bu Y.,Norrie C.,,,,,20.0,17.0,16.0,30.0,1.0,5.0,3.0,8.0,1743105600.905461
old_3,1742445300,Spizzirri E.,Harris B.,190.0,195.0,161.0,158.0,24.0,27.0,34.0,41.0,8.0,5.0,10.0,6.0,1743105600.905461
old_6,1742497800,Bonzi B.,Fearnley J.,187.0,194.0,197.0,185.0,21.0,32.0,30.0,42.0,8.0,12.0,14.0,16.0,1743105600.905461
old_10,1742505600,Wong C.,Altmaier D.,189.0,184.0,197.0,159.0,21.0,16.0,13.0,19.0,12.0,1.0,12.0,2.0,1743105600.905461
old_16,1742518200,Sonego L.,Navone M.,,,,,23.0,9.0,40.0,29.0,10.0,5.0,15.0,7.0,1743105600.905461
old_9,1742503500,Gaston H.,Nishioka Y.,175.0,177.0,191.0,180.0,12.0,15.0,15.0,29.0,2.0,6.0,4.0,13.0,1743105600.905461
old_20,1742527200,Bautista-Agut R.,Mensik J.,181.0,204.0,164.0,198.0,20.0,39.0,27.0,32.0,6.0,10.0,8.0,13.0,1743105600.905461
old_17,1742519400,Arnaldi M.,Wu Y.,,,,,31.0,23.0,38.0,47.0,10.0,11.0,11.0,15.0,1743105600.905461
old_1,1742437500,Muller A.,Sakamoto R.,182.0,193.0,152.0,160.0,11.0,16.0,19.0,42.0,2.0,5.0,3.0,9.0,1743105600.905461
old_7,1742497800,Tirante T. A.,Cobolli F.,206.0,193.0,175.0,173.0,26.0,17.0,26.0,41.0,3.0,10.0,6.0,12.0,1743105600.905461
old_19,1742526600,Fonseca J.,Tien L.,204.0,181.0,186.0,175.0,43.0,31.0,40.0,35.0,19.0,9.0,28.0,13.0,1743105600.905461
old_15,1742512800,Struff J-L.,Davidovich Fokina A.,202.0,183.0,180.0,156.0,27.0,22.0,35.0,19.0,5.0,4.0,12.0,5.0,1743105600.905461
old_8,1742501400,Eubanks C.,Opelka R.,,,,,16.0,32.0,19.0,17.0,9.0,4.0,12.0,5.0,1743105600.905461
old_13,1742509800,Thompson J.,Giron M.,197.0,194.0,183.0,172.0,32.0,26.0,36.0,41.0,10.0,5.0,16.0,9.0,1743105600.905461
old_18,1742519400,Safiullin R.,Brooksby J.,193.0,187.0,180.0,161.0,33.0,33.0,39.0,26.0,8.0,6.0,17.0,7.0,1743105600.905461
old_12,1742507700,Martinez P.,Darderi L.,160.0,191.0,155.0,172.0,9.0,17.0,14.0,12.0,4.0,4.0,7.0,7.0,1743105600.905461
