match_id,match_timestamp,p1_name,p2_name,p1_avg_1st_sv_speed,p2_avg_1st_sv_speed,p1_avg_2nd_sv_speed,p2_avg_2nd_sv_speed,p1_winners,p2_winners,p1_unforced_errors,p2_unforced_errors,p1_net_points_won,p2_net_points_won,p1_net_points_played,p2_net_points_played,data_added_timestamp
4YbSj3uQ,1749247800,Sinner J.,Djokovic N.,195,187,150,154,44,35,36,53,14,17,19,21,1749502345.786506
fPG3qGjC,1749231600,Musetti L.,Alcaraz C.,194,192,159,166,22,35,33,32,13,20,17,26,1749502342.503394
Sr4z6qHi,1749080100,Zverev A.,Djokovic N.,200.0,185.0,172.0,144.0,38.0,42.0,44.0,29.0,17.0,27.0,38.0,37.0,1749140740.127923
bqjCSit1,1749064800,Sinner J.,Bublik A.,193.0,200.0,155.0,169.0,31.0,22.0,13.0,37.0,18.0,9.0,31.0,21.0,1749140736.138237
d4LpPJdm,1748993400,Paul T.,Alcaraz C.,185.0,188.0,161.0,161.0,13.0,40.0,26.0,22.0,10.0,8.0,17.0,9.0,1749067152.859417
xEoNdDz9,1748976000,Musetti L.,Tiafoe F.,180.0,187.0,152.0,140.0,45.0,33.0,32.0,51.0,15.0,19.0,24.0,36.0,1749067149.602547
ChkgRiLl,1748907000,Sinner J.,Rublev A.,190.0,196.0,154.0,141.0,25.0,24.0,19.0,39.0,5.0,10.0,8.0,14.0,1749065911.790389
A1OegycD,1748894100,Bublik A.,Draper J.,200.0,196.0,171.0,159.0,68.0,37.0,39.0,25.0,33.0,14.0,40.0,33.0,1749065908.645356
YZV8QUFt,1748891100,Norrie C.,Djokovic N.,186.0,187.0,144.0,151.0,22.0,26.0,32.0,28.0,15.0,19.0,26.0,29.0,1749065905.525452
EmhH4Aac,1748880600,Zverev A.,Griekspoor T.,205.0,175.0,179.0,158.0,11.0,8.0,6.0,19.0,3.0,4.0,6.0,7.0,1749065902.283315
phQD0eWq,1748822100,Musetti L.,Rune H.,187.0,183.0,152.0,146.0,39.0,50.0,34.0,55.0,15.0,35.0,26.0,48.0,1749065805.822872
0IRiL2WG,1748814000,Tiafoe F.,Altmaier D.,196.0,183.0,141.0,156.0,40.0,28.0,36.0,33.0,30.0,5.0,37.0,15.0,1749065802.605572
Am399Kke,1748807400,Shelton B.,Alcaraz C.,202.0,193.0,171.0,165.0,32.0,43.0,47.0,43.0,25.0,31.0,43.0,45.0,1749065799.531751
Q7qs6H8M,1748787300,Popyrin A.,Paul T.,197.0,179.0,158.0,149.0,18.0,27.0,37.0,22.0,10.0,16.0,12.0,20.0,1749065796.39708
lWylsj3l,1748734200,Misolic F.,Djokovic N.,184.0,184.0,145.0,149.0,33.0,33.0,22.0,14.0,4.0,17.0,11.0,26.0,1749065652.363682
QLEPM93E,1748724900,Norrie C.,Fearnley J.,189.0,186.0,142.0,169.0,17.0,44.0,28.0,72.0,8.0,9.0,15.0,15.0,1749065649.248256
lbbWcnc3,1748717400,Bublik A.,Rocha H.,197.0,192.0,169.0,154.0,31.0,23.0,26.0,37.0,13.0,7.0,14.0,19.0,1749065646.156975
4vxuAuwh,1748713800,Fonseca J.,Draper J.,194.0,201.0,162.0,162.0,23.0,32.0,38.0,20.0,10.0,8.0,16.0,9.0,1749065642.986891
Mgo1dwGL,1748712900,Zverev A.,Cobolli F.,202.0,168.0,177.0,147.0,32.0,22.0,30.0,47.0,19.0,11.0,28.0,15.0,1749065639.871174
AyNo170c,1748712600,Rublev A.,Fils A.,,,,,,,,,,,,,1749065636.666858
retYlweT,1748706900,Sinner J.,Lehecka J.,200.0,198.0,159.0,170.0,31.0,17.0,9.0,29.0,12.0,19.0,19.0,29.0,1749065633.610049
ltXFi3np,1748700900,Griekspoor T.,Quinn E.,196.0,191.0,169.0,162.0,36.0,55.0,37.0,58.0,27.0,30.0,32.0,45.0,1749065630.511806
W4M0DzeS,1748647800,Dzumhur D.,Alcaraz C.,170.0,185.0,153.0,160.0,34.0,52.0,38.0,44.0,24.0,26.0,42.0,44.0,1749065537.507117
AqeC0c3e,1748642400,Tiafoe F.,Korda S.,200.0,197.0,154.0,162.0,36.0,28.0,26.0,39.0,16.0,11.0,18.0,18.0,1749065534.388801
4GHTfp1M,1748637000,Shelton B.,Gigante M.,198.0,192.0,177.0,158.0,35.0,23.0,29.0,29.0,20.0,7.0,33.0,16.0,1749065531.263139
p0EfKt3S,1748634300,Medjedovic H.,Altmaier D.,184.0,180.0,156.0,147.0,39.0,50.0,55.0,25.0,7.0,13.0,10.0,19.0,1749065527.985507
n3ZKbdk5,1748623800,Halys Q.,Rune H.,193.0,185.0,160.0,150.0,55.0,66.0,38.0,31.0,22.0,23.0,38.0,32.0,1749065524.799582
UXkREKQk,1748622300,Borges N.,Popyrin A.,186.0,193.0,152.0,157.0,33.0,51.0,36.0,36.0,18.0,26.0,27.0,34.0,1749065521.636695
t8RqcFwK,1748620500,Khachanov K.,Paul T.,188.0,186.0,152.0,149.0,50.0,55.0,53.0,55.0,22.0,36.0,31.0,55.0,1749065518.356745
lEUi0LBd,1748614200,Musetti L.,Navone M.,186.0,171.0,151.0,146.0,43.0,31.0,51.0,49.0,14.0,24.0,23.0,38.0,1749065515.056435
bPX2Wy1m,1748561700,Monfils G.,Draper J.,195.0,193.0,161.0,155.0,45.0,59.0,46.0,33.0,22.0,17.0,41.0,28.0,1749065495.618964
YBwzjuFb,1748556000,Fearnley J.,Humbert U.,199.0,190.0,169.0,159.0,24.0,11.0,27.0,29.0,9.0,2.0,10.0,10.0,1749065492.397494
0YDuOPQs,1748553600,Shapovalov D.,Misolic F.,187.0,181.0,156.0,153.0,53.0,56.0,66.0,48.0,35.0,18.0,57.0,38.0,1749065489.264832
8WQ5eutg,1748550900,Moutet C.,Djokovic N.,178.0,193.0,146.0,149.0,29.0,44.0,33.0,33.0,9.0,54.0,22.0,69.0,1749065486.081536
noA2ysSO,1748545500,Shevchenko A.,Quinn E.,,,,,43.0,92.0,41.0,82.0,14.0,45.0,34.0,62.0,1749065482.925295
p8nvzn4n,1748545200,Norrie C.,Gomez F. A.,186.0,188.0,142.0,164.0,22.0,39.0,22.0,56.0,12.0,14.0,17.0,22.0,1749065479.771898
GzHO79VF,1748544900,Fonseca J.,Herbert P.,192.0,196.0,170.0,169.0,34.0,49.0,26.0,43.0,15.0,27.0,30.0,36.0,1749065476.649298
EgNIBCml,1748541300,Cobolli F.,Arnaldi M.,177.0,186.0,147.0,154.0,32.0,36.0,36.0,63.0,18.0,17.0,29.0,24.0,1749065473.49133
QDjOlzOp,1748540700,Rublev A.,Walton A.,196.0,189.0,152.0,154.0,67.0,25.0,35.0,28.0,13.0,3.0,16.0,5.0,1749065470.359195
vZ3UWlpg,1748539200,Sinner J.,Gasquet R.,184.0,184.0,149.0,156.0,27.0,22.0,20.0,29.0,8.0,16.0,11.0,21.0,1749065467.226623
Olr6nzqm,1748538900,Diallo G.,Griekspoor T.,,,,,51.0,39.0,47.0,44.0,33.0,21.0,45.0,28.0,1749065464.062843
OU3xLUTa,1748534100,Zverev A.,De Jong J.,202.0,189.0,170.0,154.0,43.0,34.0,43.0,45.0,30.0,24.0,46.0,32.0,1749065460.864518
8dhhPGac,1748528100,Rocha H.,Mensik J.,187.0,200.0,153.0,154.0,38.0,45.0,47.0,53.0,9.0,28.0,13.0,40.0,1749065457.716346
p88ATo3K,1748527800,Munar J.,Fils A.,186.0,191.0,143.0,156.0,43.0,69.0,41.0,84.0,24.0,35.0,33.0,57.0,1749065454.535141
Oxf0ufYQ,1748527800,Lehecka J.,Davidovich Fokina A.,201.0,176.0,170.0,154.0,39.0,27.0,30.0,36.0,21.0,9.0,32.0,16.0,1749065451.371352
WWrxKZDl,1748527800,De Minaur A.,Bublik A.,196.0,203.0,162.0,168.0,46.0,51.0,34.0,48.0,29.0,22.0,41.0,38.0,1749065448.15218
I1rf4z7d,1748475000,Nava E.,Rune H.,194.0,192.0,171.0,156.0,25.0,29.0,40.0,26.0,16.0,14.0,27.0,20.0,1749065374.479762
0bJ7UAyo,1748474700,Tiafoe F.,Carreno-Busta P.,194.0,178.0,146.0,152.0,37.0,17.0,19.0,22.0,21.0,10.0,26.0,15.0,1749065371.223349
SAY3OZsp,1748474100,Shelton B.,Gaston H.,,,,,,,,,,,,,1749065367.920374
OG6pmPJi,1748471700,Brooksby J.,Korda S.,179.0,193.0,141.0,149.0,19.0,35.0,31.0,39.0,6.0,17.0,10.0,25.0,1749065364.855852
bqn7BNwq,1748460600,Gigante M.,Tsitsipas S.,190.0,195.0,152.0,163.0,42.0,31.0,46.0,49.0,11.0,30.0,18.0,41.0,1749065361.674707
tpmGl5zo,1748460300,Fucsovics M.,Paul T.,187.0,179.0,155.0,150.0,41.0,33.0,55.0,40.0,33.0,25.0,45.0,36.0,1749065358.367371
jRURCoAr,1748458200,Mpetshi Perricard G.,Dzumhur D.,200.0,163.0,182.0,149.0,54.0,32.0,55.0,23.0,36.0,20.0,59.0,29.0,1749065355.24701
bToJRQAc,1748451300,Marozsan F.,Alcaraz C.,186.0,192.0,163.0,158.0,22.0,41.0,30.0,25.0,19.0,28.0,33.0,36.0,1749065351.997771
4MSDY6ho,1748449500,Khachanov K.,Ofner S.,187.0,196.0,157.0,157.0,45.0,59.0,55.0,69.0,12.0,20.0,20.0,31.0,1749065348.707114
xlQdT9BL,1748448600,Ruud C.,Borges N.,193.0,191.0,167.0,150.0,32.0,51.0,38.0,21.0,17.0,11.0,34.0,18.0,1749065345.520486
fuD6Vy4l,1748445600,Opelka R.,Navone M.,197.0,180.0,171.0,151.0,36.0,20.0,53.0,22.0,11.0,10.0,18.0,17.0,1749065342.381735
M3zaqjx0,1748445600,Halys Q.,Kecmanovic M.,191.0,186.0,155.0,145.0,85.0,37.0,62.0,20.0,36.0,19.0,43.0,29.0,1749065339.114561
QysjoC7m,1748441400,Tabilo A.,Popyrin A.,177.0,188.0,151.0,157.0,25.0,37.0,36.0,26.0,22.0,28.0,31.0,37.0,1749065335.929714
fBuG918e,1748441400,Kopriva V.,Altmaier D.,179.0,180.0,141.0,143.0,34.0,47.0,56.0,46.0,27.0,26.0,39.0,34.0,1749065332.794724
b9R57jY2,1748441400,Cerundolo J. M.,Medjedovic H.,176.0,196.0,143.0,166.0,24.0,44.0,31.0,47.0,7.0,14.0,19.0,18.0,1749065329.588522
xEZUVuZA,1748441100,Musetti L.,Galan D. E.,188.0,183.0,148.0,148.0,38.0,13.0,31.0,34.0,19.0,19.0,23.0,30.0,1749065326.509623
rkF7ovQO,1748388600,Monfils G.,Dellien H.,191.0,173.0,157.0,144.0,58.0,42.0,50.0,57.0,,,,,1748984598.592321
pIosZ9z2,1748384700,Hurkacz H.,Fonseca J.,195.0,194.0,163.0,169.0,29.0,36.0,20.0,15.0,16.0,18.0,23.0,27.0,1748984595.316144
xvNIb5AT,1748378400,Moutet C.,Tabur C.,175.0,187.0,145.0,150.0,43.0,32.0,37.0,44.0,18.0,37.0,24.0,58.0,1748984592.062817
vuo6kMlD,1748377500,Cilic M.,Cobolli F.,195.0,182.0,151.0,152.0,20.0,28.0,38.0,20.0,8.0,4.0,12.0,7.0,1748984588.764794
0nN8ExfB,1748376300,Arnaldi M.,Auger-Aliassime F.,181.0,196.0,150.0,167.0,46.0,59.0,52.0,55.0,26.0,34.0,40.0,54.0,1748984585.486017
CA8rcGNp,1748375400,Bellucci M.,Draper J.,188.0,196.0,161.0,159.0,39.0,43.0,41.0,26.0,6.0,14.0,14.0,21.0,1748984582.209555
WGMHBC5F,1748374800,Rublev A.,Harris L.,194.0,184.0,147.0,146.0,43.0,29.0,40.0,41.0,17.0,9.0,28.0,12.0,1748984578.93411
dO3kgqYj,1748370300,Basilashvili N.,Rocha H.,,,,,60.0,39.0,88.0,32.0,30.0,7.0,37.0,13.0,1748984575.654976
0QTTdDS8,1748369700,McDonald M.,Djokovic N.,177.0,185.0,149.0,156.0,14.0,32.0,28.0,20.0,11.0,16.0,22.0,25.0,1748984572.48163
vu7Gm9ke,1748369400,Herbert P.,Bonzi B.,,,,,62.0,39.0,67.0,43.0,37.0,21.0,51.0,40.0,1748984567.872637
bVxbirK0,1748368500,Marterer M.,Walton A.,182.0,183.0,154.0,150.0,47.0,37.0,64.0,68.0,20.0,11.0,28.0,16.0,1748984564.599687
C4mZzW5k,1748365200,Muller A.,Mensik J.,181.0,203.0,153.0,147.0,31.0,60.0,44.0,57.0,23.0,19.0,32.0,29.0,1748984561.32088
dEGHCGON,1748362500,De Jong J.,Passaro F.,189.0,177.0,155.0,161.0,43.0,50.0,47.0,80.0,15.0,34.0,24.0,52.0,1748984558.044407
0jDKVzU9,1748361300,Zverev A.,Tien L.,200.0,176.0,171.0,154.0,28.0,15.0,28.0,32.0,16.0,2.0,25.0,4.0,1748984554.767067
hO88kVKr,1748361000,Bublik A.,Duckworth J.,197.0,188.0,176.0,163.0,41.0,18.0,38.0,24.0,12.0,21.0,19.0,37.0,1748984551.493721
ARTO7rmp,1748358900,Quinn E.,Dimitrov G.,182.0,186.0,164.0,154.0,36.0,34.0,31.0,34.0,10.0,8.0,16.0,11.0,1748984548.231072
M1eyHnQc,1748355000,Shevchenko A.,Lajovic D.,,,,,29.0,28.0,43.0,36.0,19.0,7.0,21.0,10.0,1748984544.93587
CUWP9g7j,1748355000,Medvedev D.,Norrie C.,193.0,182.0,141.0,139.0,67.0,42.0,69.0,56.0,35.0,33.0,53.0,51.0,1748984541.660795
fye6ZJCj,1748355000,Kovacevic A.,Gomez F. A.,,,,,26.0,63.0,36.0,39.0,7.0,15.0,14.0,20.0,1748984538.383472
nmmoHyFG,1748355000,De Minaur A.,Djere L.,192.0,188.0,160.0,155.0,19.0,22.0,44.0,54.0,11.0,11.0,17.0,20.0,1748984534.903222
raC8KmfR,1747949100,Muller A.,Auger-Aliassime F.,,,,,18.0,40.0,35.0,61.0,9.0,16.0,15.0,21.0,1747987704.120188
2knWnfG5,1747941000,Rublev A.,Darderi L.,,,,,32.0,22.0,23.0,22.0,11.0,2.0,12.0,4.0,1747987700.842942
Shmw3ggc,1747934700,Cobolli F.,Bautista-Agut R.,,,,,23.0,5.0,19.0,22.0,5.0,6.0,6.0,9.0,1747987698.180478
bskaYMW8,1747926600,Etcheverry T. M.,Lehecka J.,,,,,16.0,21.0,24.0,31.0,8.0,13.0,11.0,17.0,1747987695.330889
b7QfkgTq,1747961100,Popyrin A.,Norrie C.,198.0,181.0,162.0,137.0,33.0,15.0,36.0,10.0,7.0,13.0,8.0,16.0,1747987692.037444
UJfhhkho,1747953600,Arnaldi M.,Djokovic N.,188.0,191.0,156.0,156.0,21.0,16.0,24.0,23.0,4.0,8.0,7.0,10.0,1747987688.759968
MNObz8DG,1747947600,Fritz T.,Hurkacz H.,201.0,207.0,156.0,167.0,29.0,28.0,22.0,17.0,1.0,4.0,1.0,6.0,1747987685.482812
I5rPW9e4,1747939200,Khachanov K.,Ofner S.,195.0,201.0,160.0,162.0,15.0,35.0,35.0,34.0,1.0,7.0,2.0,10.0,1747987682.227876
vcO59ttC,1747944000,Droguet T.,Gea A.,,,,,28.0,36.0,28.0,46.0,,,,,1747987678.928346
nXWHTEte,1747940700,Gaubas V.,Llamas Ruiz P.,,,,,23.0,27.0,39.0,16.0,,,,,1747987675.648049
MDDQdDAs,1747939200,Moller E.,Gigante M.,,,,,23.0,14.0,36.0,35.0,9.0,7.0,10.0,13.0,1747987672.988606
Eo3uzRlU,1747938900,Rodionov J.,Jacquet K.,183.0,187.0,151.0,154.0,11.0,28.0,22.0,21.0,6.0,11.0,12.0,13.0,1747987669.712241
25rXT2Jt,1747936200,Quinn E.,Tirante T. A.,,,,,35.0,26.0,38.0,26.0,14.0,7.0,19.0,10.0,1747987666.438013
zoLzB523,1747932600,Martineau M.,Hanfmann Y.,191.0,180.0,153.0,150.0,20.0,28.0,30.0,18.0,7.0,10.0,13.0,15.0,1747987663.158285
6cJgeaiC,1747932000,Skatov T.,van Assche L.,192.0,179.0,155.0,145.0,17.0,33.0,55.0,42.0,,,,,1747987659.882135
A7och84b,1747930200,Collarini A.,Ramos A.,,,,,17.0,10.0,28.0,16.0,6.0,4.0,8.0,4.0,1747987655.988411
I3o8yMID,1747929000,Marterer M.,Coria F.,,,,,9.0,3.0,12.0,12.0,4.0,1.0,4.0,2.0,1747987652.723949
vNJZ3fNF,1747928100,Blanchet U.,Garin C.,190.0,181.0,151.0,148.0,27.0,18.0,37.0,32.0,8.0,9.0,13.0,12.0,1747987649.441831
W6B9Owkg,1747927500,Landaluce M.,Gomez F. A.,,,,,21.0,40.0,34.0,37.0,9.0,22.0,17.0,30.0,1747987646.162893
Kz8gtj3k,1747927200,Trotter J. K.,Kubler J.,,,,,32.0,33.0,33.0,31.0,15.0,17.0,19.0,24.0,1747987642.989113
KGq9Vxqf,1747926300,Moreno De Alboran N.,Klein L.,,,,,23.0,43.0,29.0,42.0,11.0,35.0,16.0,46.0,1747987640.303062
44oUVrO0,1747926000,Basilashvili N.,Vacherot V.,,,,,16.0,12.0,29.0,32.0,4.0,6.0,6.0,9.0,1747987636.942135
WML3sRie,1747925100,Spizzirri E.,Zeppieri G.,,,,,7.0,25.0,13.0,20.0,8.0,2.0,9.0,4.0,1747987633.66453
EJErqse3,1747924500,Gueymard Wayenburg S.,Hassan B.,191.0,180.0,169.0,155.0,9.0,26.0,18.0,14.0,9.0,10.0,18.0,13.0,1747987631.001848
h0IPnhgf,1747923600,Barrios Vera T.,Rocha H.,,,,,23.0,29.0,28.0,17.0,19.0,9.0,28.0,15.0,1747987627.72599
GrN0osz1,1747919400,Popko D.,Galan D. E.,,,,,9.0,23.0,14.0,25.0,8.0,12.0,12.0,16.0,1747987625.061856
O4WuIyHF,1747919400,Jianu F. C.,Squire H.,,,,,18.0,28.0,12.0,38.0,11.0,18.0,13.0,25.0,1747987621.783159
23yfFIg5,1747919400,Harris L.,Virtanen O.,,,,,23.0,24.0,19.0,40.0,14.0,14.0,21.0,22.0,1747987618.511342
EZvoNNbC,1747919400,Evans D.,Tabur C.,134.0,178.0,120.0,127.0,7.0,25.0,20.0,12.0,6.0,9.0,13.0,12.0,1747987615.2307
Qu5giC6M,1747919400,Cilic M.,Martin Tiffon P.,0.0,47.0,0.0,156.0,16.0,14.0,26.0,22.0,,,,,1747987612.004118
tWyBFRml,1747919400,Cerundolo J. M.,Habib H.,171.0,197.0,140.0,172.0,32.0,30.0,36.0,50.0,8.0,15.0,13.0,27.0,1747987609.329607
IkzaPdI5,1747865700,Mpetshi Perricard G.,Auger-Aliassime F.,,,,,13.0,23.0,19.0,12.0,4.0,6.0,8.0,9.0,1747987482.050154
djl7gsRh,1747855200,Darderi L.,Nakashima B.,,,,,33.0,36.0,39.0,48.0,5.0,17.0,11.0,27.0,1747987478.770969
f5OTs3vf,1747854900,Zverev A.,Muller A.,,,,,29.0,29.0,47.0,36.0,11.0,15.0,16.0,22.0,1747987475.49522
0EeHDp13,1747847400,Davidovich Fokina A.,Cobolli F.,,,,,14.0,11.0,41.0,31.0,10.0,2.0,11.0,6.0,1747987472.011685
6oNkrGSa,1747847100,Rublev A.,Engel J.,,,,,20.0,18.0,23.0,33.0,7.0,2.0,8.0,2.0,1747987468.734872
Wn3bWeC6,1747845300,Ugo Carabelli C.,Etcheverry T. M.,,,,,25.0,20.0,33.0,21.0,3.0,7.0,5.0,11.0,1747987465.45846
G212vUX1,1747840200,Lehecka J.,Cerundolo F.,,,,,15.0,20.0,26.0,39.0,6.0,5.0,12.0,8.0,1747987462.202854
O0zdu5Et,1747840200,Bautista-Agut R.,Tiafoe F.,,,,,18.0,26.0,13.0,23.0,6.0,2.0,10.0,5.0,1747987459.520828
SxeUwGg4,1747868400,Norrie C.,Machac T.,182.0,196.0,136.0,164.0,24.0,37.0,15.0,40.0,10.0,6.0,11.0,12.0,1747987456.244738
pjFVyzpp,1747863300,Popyrin A.,Fearnley J.,201.0,196.0,154.0,162.0,11.0,15.0,10.0,25.0,4.0,5.0,8.0,7.0,1747987452.967225
rcH6mcE8,1747862400,Fucsovics M.,Djokovic N.,186.0,194.0,163.0,152.0,11.0,21.0,23.0,15.0,3.0,3.0,4.0,5.0,1747987449.739765
00GraonA,1747857300,Rinderknech A.,Hurkacz H.,204.0,207.0,168.0,177.0,15.0,17.0,23.0,13.0,2.0,5.0,3.0,5.0,1747987446.619793
A7Vbaftg,1747849200,Arnaldi M.,Marozsan F.,186.0,198.0,156.0,160.0,30.0,26.0,20.0,33.0,6.0,16.0,8.0,25.0,1747987443.955969
4diXGyPG,1747845000,Ofner S.,Borges N.,209.0,192.0,157.0,153.0,29.0,19.0,31.0,23.0,11.0,3.0,13.0,4.0,1747987440.647594
vs8e2oT6,1747843200,Khachanov K.,Nishikori K.,197.0,175.0,160.0,149.0,19.0,25.0,20.0,24.0,3.0,5.0,3.0,5.0,1747987437.404875
0zwbN1NM,1747838100,Fritz T.,Halys Q.,203.0,200.0,152.0,165.0,29.0,28.0,22.0,27.0,8.0,2.0,16.0,4.0,1747987434.126157
bJ42lLE8,1747858200,Seyboth Wild T.,Blancaneaux G.,181.0,185.0,149.0,144.0,11.0,15.0,17.0,11.0,9.0,13.0,14.0,22.0,1747987430.848951
6eInFcx8,1747850400,Arnaboldi F.,Mmoh M.,,,,,,,,,,,,,1747987427.557322
8KQCZWfA,1747840800,Rodionov J.,Nagal S.,,,,,19.0,6.0,32.0,30.0,18.0,3.0,22.0,6.0,1747987424.499308
zD9kg27j,1747840500,Napolitano S.,Jacquet K.,178.0,185.0,146.0,151.0,17.0,36.0,16.0,14.0,16.0,9.0,28.0,13.0,1747987420.871729
8CYs9qXF,1747839300,Shevchenko A.,Erhard M.,184.0,186.0,147.0,156.0,28.0,18.0,59.0,36.0,,,,,1747987417.742388
MTFS0g9a,1747838700,Ramos A.,Burruchaga R. A.,168.0,166.0,133.0,139.0,20.0,34.0,27.0,31.0,,,,,1747987414.518311
2NqtXHke,1747838700,Collarini A.,Guillen Meza A.,,,,,31.0,21.0,26.0,24.0,,,,,1747987411.391559
tSiHLFfe,1747838400,Neumayer L.,Misolic F.,,,,,36.0,34.0,37.0,28.0,15.0,11.0,24.0,20.0,1747987408.7313
htI7FXEM,1747833000,Svajda Z.,Gigante M.,187.0,184.0,142.0,154.0,15.0,25.0,25.0,23.0,,,,,1747987406.068401
lGgkR9Cr,1747833000,Moller E.,Coppejans K.,,,,,44.0,15.0,26.0,30.0,8.0,11.0,11.0,17.0,1747987402.791232
G6JFpM14,1747833000,Llamas Ruiz P.,Svrcina D.,,,,,24.0,7.0,11.0,16.0,12.0,8.0,15.0,23.0,1747987400.12831
CWiVsvy1,1747833000,Holmgren A.,Tirante T. A.,,,,,14.0,16.0,27.0,17.0,6.0,3.0,11.0,7.0,1747987396.853007
hpz8Bk6K,1747833000,Boyer T.,Gaubas V.,179.0,178.0,142.0,151.0,20.0,21.0,31.0,26.0,,,,,1747987393.576388
prmbPmse,1747832700,Quinn E.,Tomic B.,191.0,181.0,162.0,142.0,22.0,17.0,23.0,26.0,6.0,8.0,13.0,11.0,1747987390.302579
x0vUtA8L,1747777500,Altmaier D.,Auger-Aliassime F.,,,,,8.0,23.0,21.0,24.0,2.0,13.0,3.0,16.0,1747796843.085829
zeMGX5V7,1747775700,Mpetshi Perricard G.,Bublik A.,,,,,35.0,27.0,18.0,20.0,17.0,5.0,20.0,6.0,1747796839.850828
YVPaylWr,1747771200,Davidovich Fokina A.,Monfils G.,,,,,18.0,17.0,30.0,25.0,16.0,4.0,19.0,5.0,1747796836.585827
8MsgucXG,1747765800,Baez S.,Ugo Carabelli C.,,,,,21.0,21.0,58.0,47.0,6.0,11.0,8.0,18.0,1747796833.305557
tYpLrWw9,1747764600,Bu Y.,Tiafoe F.,,,,,13.0,23.0,22.0,25.0,2.0,6.0,5.0,7.0,1747796830.040186
Gja3e9NE,1747757400,Etcheverry T. M.,Comesana F.,,,,,21.0,23.0,16.0,30.0,13.0,3.0,15.0,6.0,1747796826.973709
6D7YAelS,1747753800,Sachko V.,Cobolli F.,,,,,24.0,24.0,59.0,48.0,9.0,11.0,11.0,16.0,1747796823.884424
dxeUgcET,1747773000,Sell K.,Marozsan F.,,,,,4.0,20.0,10.0,11.0,3.0,2.0,6.0,2.0,1747796820.721673
0EPeHH5N,1747771200,Cazaux A.,Hurkacz H.,,,,,13.0,17.0,22.0,21.0,1.0,3.0,3.0,7.0,1747796817.439421
4nWnJwyB,1747764900,Rinderknech A.,Kecmanovic M.,,,,,25.0,14.0,19.0,14.0,5.0,2.0,9.0,3.0,1747796813.950905
bN4jXPln,1747776000,Cilic M.,Wu Y.,199.0,190.0,144.0,156.0,16.0,5.0,20.0,28.0,0.0,3.0,0.0,4.0,1747796810.884161
fkbaV3Jb,1747773600,Harris L.,Huesler M.,187.0,191.0,149.0,152.0,19.0,14.0,21.0,26.0,11.0,7.0,12.0,13.0,1747796807.811198
z3GOhbHM,1747772700,Escoffier A.,Virtanen O.,182.0,200.0,148.0,165.0,16.0,25.0,33.0,31.0,15.0,16.0,23.0,22.0,1747796804.527483
ttwj9J13,1747771500,Martin Tiffon P.,Kouame M.,185.0,190.0,150.0,154.0,30.0,29.0,43.0,42.0,13.0,16.0,26.0,27.0,1747796801.465567
bHXeH8ZR,1747770600,Cerundolo J. M.,Onclin G.,173.0,176.0,139.0,147.0,27.0,30.0,20.0,32.0,6.0,19.0,10.0,24.0,1747796798.389763
KlBraldn,1747770000,Dougaz A.,Popko D.,184.0,190.0,150.0,144.0,39.0,25.0,64.0,39.0,9.0,17.0,10.0,27.0,1747796795.130535
tbds6N9T,1747768200,Habib H.,Mena F.,200.0,190.0,169.0,155.0,37.0,37.0,29.0,39.0,14.0,13.0,21.0,20.0,1747796791.82948
f5bmF0np,1747767600,Blancaneaux G.,Kukushkin M.,182.0,181.0,146.0,137.0,25.0,7.0,10.0,24.0,14.0,2.0,19.0,4.0,1747796788.603015
SKBT22Mt,1747767000,Mmoh M.,Hemery C.,196.0,197.0,158.0,176.0,42.0,43.0,31.0,47.0,22.0,25.0,27.0,41.0,1747796785.524203
0rwE01Xj,1747766700,Jasika O.,Galan D. E.,,,,,16.0,42.0,23.0,34.0,13.0,11.0,26.0,16.0,1747796782.422086
QRHzAQR1,1747764900,Seyboth Wild T.,Uchiyama Y.,,,,,16.0,23.0,19.0,28.0,7.0,14.0,9.0,19.0,1747796779.307669
YNPcDVcD,1747763100,Harris B.,Evans D.,186.0,184.0,158.0,160.0,18.0,19.0,27.0,16.0,8.0,10.0,18.0,14.0,1747796776.270592
8pbZ7quH,1747760700,Basilashvili N.,Brouwer G.,187.0,154.0,158.0,138.0,23.0,6.0,20.0,23.0,3.0,3.0,3.0,5.0,1747796773.196701
x2qmJU4F,1747759200,van Assche L.,Mannarino A.,177.0,172.0,138.0,128.0,12.0,17.0,28.0,29.0,7.0,6.0,8.0,10.0,1747796770.061033
vHWLYxQj,1747759200,Jianu F. C.,Kovalik J.,,,,,21.0,45.0,16.0,36.0,,,,,1747796767.041963
SIdeDvHd,1747758900,Vacherot V.,Taberner C.,,,,,29.0,15.0,21.0,17.0,9.0,3.0,11.0,7.0,1747796763.984346
AoEcva2T,1747758900,Tabur C.,Tu L.,182.0,185.0,144.0,144.0,37.0,29.0,36.0,24.0,19.0,20.0,27.0,29.0,1747796760.934059
M1oJvjzi,1747758600,Tseng C. H.,Arnaboldi F.,,,,,39.0,40.0,26.0,31.0,10.0,29.0,16.0,34.0,1747796757.83885
40qHIQZh,1747755900,Squire H.,Meligeni Alves F.,,,,,31.0,24.0,24.0,33.0,2.0,3.0,4.0,4.0,1747796754.753295
Wno9Kn5t,1747755300,Rodesch C.,Blanchet U.,193.0,191.0,172.0,155.0,22.0,30.0,25.0,26.0,12.0,10.0,19.0,19.0,1747796751.694601
U7UtDM3U,1747755000,Eubanks C.,Rodionov J.,189.0,184.0,162.0,145.0,28.0,23.0,24.0,9.0,11.0,8.0,18.0,13.0,1747796748.411038
6NO7dtIc,1747754400,Krueger M.,Nagal S.,189.0,170.0,155.0,142.0,9.0,22.0,21.0,14.0,5.0,8.0,10.0,10.0,1747796745.347446
GG4icSQb,1747752900,Kachmazov A.,Skatov T.,180.0,183.0,156.0,150.0,20.0,7.0,41.0,25.0,8.0,5.0,15.0,7.0,1747796742.073131
QXf3oG9d,1747752600,Garin C.,Mayot H.,179.0,177.0,145.0,141.0,18.0,13.0,15.0,23.0,18.0,7.0,24.0,12.0,1747796739.000742
pfRuLjz3,1747746600,Zeppieri G.,Choinski J.,,,,,35.0,16.0,19.0,22.0,5.0,14.0,9.0,17.0,1747796735.726151
WzoPgPqQ,1747746600,Trungelliti M.,Neumayer L.,,,,,14.0,20.0,21.0,13.0,7.0,8.0,12.0,11.0,1747796732.242384
Eo5Q95A4,1747746600,Spizzirri E.,Grenier H.,184.0,179.0,151.0,144.0,48.0,30.0,44.0,37.0,29.0,15.0,42.0,22.0,1747796729.172959
GS2xWLiJ,1747746600,Misolic F.,Draxl L.,,,,,21.0,10.0,13.0,20.0,9.0,4.0,10.0,8.0,1747796726.099562
nTnvNQ8l,1747746600,Coric B.,Droguet T.,184.0,167.0,154.0,143.0,23.0,31.0,29.0,31.0,27.0,17.0,37.0,23.0,1747796722.827266
zLHGKMOM,1747746600,Bertrand R.,Rocha H.,169.0,176.0,147.0,156.0,14.0,19.0,45.0,37.0,8.0,6.0,12.0,7.0,1747796719.755486
UaORBnck,1747746600,Barrios Vera T.,Pavlovic L.,188.0,205.0,151.0,163.0,10.0,21.0,16.0,36.0,9.0,8.0,15.0,11.0,1747796716.687269
fgjnL4w1,1747746300,Gea A.,Blockx A.,188.0,178.0,149.0,139.0,47.0,18.0,63.0,31.0,24.0,12.0,37.0,26.0,1747796713.615987
CflpsJ24,1747689000,Struff J-L.,Engel J.,,,,,22.0,27.0,29.0,28.0,5.0,4.0,5.0,6.0,1747700998.180581
pbJPCHJF,1747680000,Zverev A.,Kovacevic A.,,,,,24.0,22.0,12.0,23.0,8.0,6.0,13.0,11.0,1747700994.960041
bP1C3Dt2,1747678500,Gojo B.,Lehecka J.,,,,,16.0,25.0,33.0,31.0,4.0,12.0,10.0,15.0,1747700991.854504
jJlbRGY8,1747677300,Ymer E.,Muller A.,,,,,27.0,25.0,37.0,30.0,5.0,15.0,5.0,19.0,1747700988.758954
OG2BgmhR,1747672800,Rublev A.,Dzumhur D.,,,,,24.0,15.0,34.0,25.0,13.0,2.0,16.0,2.0,1747700985.479413
zybZKSo2,1747671300,Giron M.,Bautista-Agut R.,,,,,19.0,19.0,27.0,22.0,2.0,5.0,3.0,9.0,1747700982.202432
2c835ZBk,1747667400,Collignon R.,Nakashima B.,,,,,5.0,13.0,14.0,14.0,5.0,2.0,6.0,4.0,1747700978.928404
6i4M2IjU,1747700400,Fucsovics M.,Bergs Z.,,,,,8.0,9.0,17.0,28.0,5.0,5.0,6.0,6.0,1747700975.649258
EXcllJic,1747689300,Norrie C.,Stricker D.,,,,,16.0,24.0,27.0,42.0,4.0,7.0,6.0,11.0,1747700972.1661
dpBRBeTp,1747679700,Arnaldi M.,Gaston H.,,,,,32.0,19.0,54.0,26.0,8.0,9.0,15.0,13.0,1747700968.68493
ChgEZbLi,1747672800,Munar J.,Halys Q.,,,,,22.0,57.0,17.0,46.0,3.0,20.0,5.0,27.0,1747700965.407052
APAD4vMH,1747671000,Nishikori K.,Tien L.,,,,,28.0,22.0,12.0,9.0,10.0,5.0,11.0,7.0,1747700962.132269
h8t0lyxi,1747668900,Ofner S.,Gakhov I.,,,,,21.0,10.0,6.0,23.0,5.0,1.0,6.0,2.0,1747700958.71131
dGqWMLyn,1747665600,Lajovic D.,Fearnley J.,,,,,10.0,20.0,17.0,23.0,3.0,6.0,7.0,7.0,1747700955.619185
tnWtsn0K,1747689300,McCabe J.,Erhard M.,,,,,7.0,16.0,26.0,15.0,2.0,4.0,10.0,7.0,1747700952.504383
xYFktLXG,1747689300,Fognini F.,Moreno De Alboran N.,,,,,19.0,19.0,33.0,20.0,5.0,8.0,7.0,9.0,1747700949.228982
IL4MXTJ8,1747688700,Landaluce M.,Dellien Velasco M. A.,,,,,29.0,22.0,52.0,43.0,18.0,21.0,26.0,27.0,1747700945.952184
8dGLZ3hf,1747687800,Shevchenko A.,Mochizuki S.,,,,,22.0,28.0,30.0,52.0,9.0,25.0,13.0,33.0,1747700942.673807
UB4UXsN6,1747687200,Galarneau A.,Martineau M.,,,,,39.0,39.0,30.0,37.0,19.0,28.0,31.0,41.0,1747700939.429354
OUkGRLIN,1747686300,van Rijthoven T.,Gueymard Wayenburg S.,,,,,20.0,20.0,25.0,19.0,9.0,12.0,15.0,13.0,1747700936.346418
0WCDyQNs,1747683000,Buse I.,Hanfmann Y.,,,,,23.0,40.0,22.0,40.0,6.0,17.0,21.0,27.0,1747700933.049247
0SxQG445,1747682400,Hassan B.,Kotov P.,,,,,30.0,19.0,34.0,29.0,13.0,12.0,18.0,21.0,1747700929.770542
QcMkFiT0,1747681500,Holt B.,Trotter J. K.,,,,,14.0,24.0,16.0,18.0,5.0,7.0,6.0,11.0,1747700926.083717
G2JocbjI,1747679700,Bouquier A.,Coria F.,,,,,45.0,19.0,62.0,22.0,32.0,19.0,49.0,33.0,1747700922.806439
8htYErZH,1747679100,Den Ouden G.,Klein L.,,,,,28.0,47.0,32.0,45.0,13.0,43.0,21.0,54.0,1747700919.336323
6L1IBRuh,1747677300,Malige M.,Gomez F. A.,,,,,9.0,14.0,22.0,19.0,4.0,6.0,9.0,10.0,1747700916.047852
4QA3n2gc,1747675500,Marterer M.,Butvilas E.,,,,,18.0,13.0,30.0,27.0,13.0,12.0,18.0,17.0,1747700912.770909
xdWJrayP,1747673400,Sultanov K.,Ramos A.,,,,,13.0,22.0,12.0,14.0,2.0,4.0,5.0,4.0,1747700909.918038
4rYtHDbl,1747673100,Kubler J.,Moro Canas A.,,,,,19.0,24.0,21.0,43.0,6.0,11.0,8.0,18.0,1747700906.36574
On5x1tig,1747671900,Lestienne C.,Burruchaga R. A.,,,,,18.0,23.0,47.0,35.0,12.0,9.0,21.0,16.0,1747700903.211385
hptnMato,1747671900,Jacquet K.,Daniel T.,,,,,31.0,7.0,19.0,15.0,2.0,8.0,2.0,14.0,1747700900.116833
t6Mtrs34,1747671600,Smith C.,Napolitano S.,,,,,34.0,24.0,39.0,28.0,14.0,13.0,18.0,16.0,1747700897.000718
S6Wfl37m,1747671000,Basavareddy N.,Collarini A.,,,,,36.0,29.0,33.0,35.0,13.0,13.0,21.0,20.0,1747700893.725769
SlVaO4Pc,1747668000,Gaubas V.,Ajdukovic D.,,,,,29.0,29.0,31.0,50.0,11.0,7.0,12.0,10.0,1747700890.460033
l4J8MrfA,1747667100,Llamas Ruiz P.,Bolt A.,,,,,30.0,46.0,32.0,47.0,16.0,29.0,24.0,45.0,1747700887.37661
d03paKL5,1747665300,Pacheco Mendez R.,Guillen Meza A.,,,,,18.0,24.0,26.0,22.0,8.0,4.0,11.0,10.0,1747700884.304325
zcqmFL3s,1747665300,Boyer T.,Rincon D.,,,,,35.0,13.0,27.0,30.0,28.0,13.0,38.0,19.0,1747700881.043975
lU2ae6eB,1747665300,Barrere G.,Svrcina D.,,,,,25.0,20.0,39.0,28.0,12.0,8.0,17.0,10.0,1747700877.931881
S2d7TslB,1747660500,Zhukayev B.,Svajda Z.,,,,,24.0,21.0,31.0,12.0,3.0,4.0,11.0,5.0,1747700874.88068
Yg6OggK6,1747660200,Wong C.,Tomic B.,,,,,27.0,21.0,25.0,19.0,9.0,10.0,14.0,12.0,1747700871.603065
SxDGfKnA,1747660200,Shimizu Y.,Coppejans K.,,,,,11.0,12.0,30.0,17.0,7.0,6.0,12.0,11.0,1747700868.50192
fsYagpQN,1747660200,Quinn E.,Lajal M.,,,,,20.0,16.0,21.0,27.0,15.0,8.0,18.0,11.0,1747700865.462428
YuJYq3Yi,1747660200,Moller E.,Bagnis F.,,,,,17.0,12.0,25.0,32.0,10.0,6.0,18.0,11.0,1747700862.386276
hKdemxup,1747660200,Gigante M.,Kym J.,,,,,29.0,23.0,22.0,39.0,9.0,19.0,11.0,32.0,1747700859.111181
f9fXiXlJ,1747660200,Ficovich J. P.,Tirante T. A.,,,,,7.0,29.0,12.0,23.0,7.0,9.0,14.0,13.0,1747700855.835029
QPOVmOmo,1747660200,Cassone M.,Holmgren A.,,,,,13.0,23.0,21.0,7.0,2.0,3.0,8.0,6.0,1747700852.658646
bca9KHiK,1747600200,Sinner J.,Alcaraz C.,201.0,194.0,154.0,164.0,7.0,18.0,31.0,32.0,1.0,2.0,6.0,2.0,1747682693.31133
YLdLr0Ek,1747586700,Collignon R.,Dutra Da Silva D.,,,,,21.0,9.0,16.0,24.0,7.0,2.0,8.0,4.0,1747682690.040398
882KQcIN,1747581300,Kovacevic A.,Sachko V.,,,,,24.0,12.0,15.0,25.0,5.0,2.0,7.0,2.0,1747682686.569719
MZxjM28l,1747581000,Ymer E.,Topo M.,,,,,28.0,41.0,35.0,58.0,11.0,8.0,20.0,18.0,1747682683.304588
tOHtjrMF,1747581000,Kuzmanov D.,Gojo B.,,,,,14.0,26.0,22.0,23.0,5.0,5.0,7.0,12.0,1747682679.837228
UcJ8ZR0e,1747598400,Martinez P.,Cerundolo F.,,,,,7.0,28.0,20.0,31.0,3.0,2.0,7.0,3.0,1747682676.562952
EL9QMlHk,1747592700,Dedura D.,Darderi L.,,,,,10.0,24.0,21.0,20.0,5.0,2.0,8.0,2.0,1747682673.490135
CWuXZVVH,1747588800,Norrie C.,Brooksby J.,,,,,20.0,16.0,20.0,23.0,5.0,2.0,5.0,6.0,1747682670.416982
2iogZDcc,1747584000,Gakhov I.,Feldbausch K.,,,,,27.0,26.0,58.0,33.0,13.0,8.0,21.0,9.0,1747682667.342542
hOvvQl3n,1747580700,Bertola R.,Sell K.,,,,,24.0,17.0,34.0,38.0,4.0,12.0,7.0,14.0,1747682664.062316
WAkfw1rm,1747577100,Opelka R.,Ofner S.,,,,,22.0,16.0,40.0,26.0,5.0,5.0,7.0,6.0,1747682660.789169
IVXvLa6b,1747590900,Borges N.,Michelsen A.,,,,,20.0,22.0,28.0,35.0,3.0,8.0,7.0,9.0,1747682657.297568
IkdMXxj4,1747581000,Popyrin A.,Jarry N.,,,,,19.0,42.0,31.0,48.0,4.0,15.0,5.0,27.0,1747682654.051106
b5s8RGoL,1747507800,Petkovic M.,Gojo B.,,,,,11.0,19.0,28.0,20.0,1.0,3.0,2.0,6.0,1747682609.248855
EiODYXhl,1747505700,Dutra Da Silva D.,Rehberg M. H.,,,,,21.0,15.0,28.0,37.0,6.0,4.0,8.0,5.0,1747682605.976243
ljluKYwe,1747500300,Collignon R.,Zahraj P.,,,,,22.0,12.0,32.0,37.0,6.0,7.0,10.0,11.0,1747682602.719948
Qiq0TxH8,1747498800,Kovacevic A.,Wiskandt M.,,,,,27.0,25.0,22.0,25.0,5.0,6.0,9.0,11.0,1747682599.425048
xCUZuG0E,1747496700,Vukic A.,Kuzmanov D.,,,,,19.0,19.0,28.0,18.0,4.0,5.0,5.0,6.0,1747682596.153059
A5xlIC87,1747491000,Yevseyev D.,Sachko V.,,,,,11.0,26.0,17.0,25.0,3.0,5.0,9.0,6.0,1747682592.873718
ILxrvfVQ,1747491000,Topo M.,Nava E.,,,,,18.0,20.0,30.0,27.0,11.0,7.0,15.0,11.0,1747682589.805878
tQpXLf9r,1747491000,O'Connell C.,Ymer E.,,,,,35.0,19.0,53.0,26.0,13.0,7.0,17.0,17.0,1747682586.529834
d24c8MMh,1747505100,Sell K.,Herbert P.,,,,,14.0,26.0,36.0,59.0,7.0,8.0,12.0,9.0,1747682583.270141
lEEiUrSE,1747505100,Norrie C.,Kirkin E.,,,,,28.0,13.0,15.0,19.0,8.0,9.0,9.0,10.0,1747682579.98315
lx1kArht,1747505100,Monteiro T.,Gakhov I.,,,,,43.0,37.0,44.0,29.0,10.0,4.0,14.0,6.0,1747682576.710233
M7M56uz8,1747497300,Duckworth J.,Bertola R.,,,,,11.0,17.0,29.0,33.0,4.0,9.0,7.0,11.0,1747682573.436712
GSUX9Et0,1747496400,Feldbausch K.,Schoolkate T.,,,,,19.0,26.0,18.0,14.0,2.0,15.0,4.0,20.0,1747682570.189708
rFWPBzCm,1747496100,Albot R.,Brooksby J.,,,,,27.0,33.0,31.0,27.0,11.0,11.0,14.0,15.0,1747682567.096498
zVpZ7hBC,1747491000,Opelka R.,Dalla Valle E.,,,,,31.0,10.0,29.0,22.0,3.0,3.0,6.0,3.0,1747682563.982721
rels6WuP,1747491000,Borg L.,Ofner S.,,,,,12.0,27.0,27.0,23.0,0.0,11.0,0.0,16.0,1747682560.824865
2VXzhpQr,1747439400,Sinner J.,Paul T.,194.0,186.0,151.0,152.0,17.0,13.0,32.0,35.0,4.0,2.0,6.0,4.0,1747441010.736264
zFfVUOR8,1747421100,Alcaraz C.,Musetti L.,185.0,188.0,160.0,164.0,19.0,9.0,42.0,44.0,6.0,5.0,9.0,6.0,1747441007.602555
6XDsPij3,1747347000,Sinner J.,Ruud C.,197.0,197.0,159.0,169.0,22.0,7.0,10.0,17.0,11.0,2.0,12.0,3.0,1747359885.254684
llFvnWFj,1747325400,Hurkacz H.,Paul T.,203.0,182.0,167.0,155.0,23.0,16.0,48.0,25.0,14.0,8.0,15.0,9.0,1747359881.978222
pSGocSmB,1747268100,Musetti L.,Zverev A.,201.0,209.0,147.0,179.0,20.0,20.0,22.0,36.0,8.0,16.0,9.0,28.0,1747359872.554404
jupjLy3c,1747246500,Draper J.,Alcaraz C.,201.0,192.0,164.0,162.0,8.0,24.0,17.0,29.0,3.0,13.0,5.0,17.0,1747359869.278312
l43utU8C,1747242600,Munar J.,Ruud C.,196.0,196.0,154.0,165.0,18.0,19.0,25.0,22.0,6.0,10.0,8.0,13.0,1747359866.206266
l2tb7WpA,1747184700,Paul T.,De Minaur A.,190.0,199.0,155.0,156.0,9.0,10.0,33.0,49.0,9.0,9.0,13.0,10.0,1747359853.950928
MHkwGMvQ,1747177200,Fils A.,Zverev A.,200.0,210.0,167.0,175.0,22.0,19.0,35.0,19.0,5.0,4.0,8.0,7.0,1747359850.861123
tYMHGzZ9,1747175100,Sinner J.,Cerundolo F.,194.0,189.0,158.0,154.0,17.0,29.0,30.0,53.0,4.0,8.0,7.0,14.0,1747359847.773341
2m1nmxUr,1747159200,Musetti L.,Medvedev D.,184.0,201.0,150.0,151.0,19.0,12.0,15.0,26.0,2.0,9.0,5.0,15.0,1747359844.700008
CrrmN1N7,1747155600,Hurkacz H.,Mensik J.,206.0,213.0,167.0,148.0,38.0,38.0,48.0,53.0,13.0,12.0,19.0,16.0,1747359841.424089
lCuPtuTh,1747145400,Khachanov K.,Alcaraz C.,193.0,194.0,167.0,161.0,15.0,41.0,23.0,36.0,13.0,14.0,19.0,19.0,1747359838.145073
zmKa2uRP,1747145400,Draper J.,Moutet C.,196.0,180.0,161.0,146.0,23.0,27.0,31.0,21.0,21.0,10.0,32.0,11.0,1747359834.872428
8GjyDgeD,1747087800,Berrettini M.,Ruud C.,,,,,15.0,9.0,23.0,10.0,2.0,1.0,2.0,3.0,1747099950.483895
QqiUVMJr,1747080000,Munar J.,Korda S.,,,,,15.0,21.0,8.0,34.0,4.0,10.0,6.0,17.0,1747099946.798763
IgvUWN5S,1747077900,Sinner J.,De Jong J.,,,,,21.0,16.0,16.0,25.0,10.0,7.0,12.0,10.0,1747099943.5224
t098awMk,1747073100,Cerundolo F.,Ofner S.,,,,,16.0,11.0,19.0,30.0,1.0,4.0,2.0,9.0,1747099940.24584
MJImMcYQ,1747068900,Giron M.,Hurkacz H.,193.0,205.0,150.0,168.0,20.0,29.0,22.0,19.0,5.0,11.0,7.0,15.0,1747099936.697468
2BFCs504,1747067400,Mensik J.,Marozsan F.,216.0,190.0,159.0,156.0,26.0,13.0,29.0,27.0,6.0,4.0,7.0,8.0,1747099933.476808
dp1nLuP6,1747059300,Dellien H.,De Minaur A.,185.0,207.0,154.0,164.0,11.0,24.0,21.0,24.0,7.0,7.0,10.0,15.0,1747099930.407839
IknpucMF,1747058700,Paul T.,Machac T.,200.0,194.0,150.0,156.0,30.0,26.0,37.0,38.0,13.0,12.0,15.0,18.0,1747099927.34517
UXJXxaaT,1747007700,Djere L.,Alcaraz C.,193.0,195.0,164.0,168.0,10.0,15.0,36.0,28.0,3.0,6.0,4.0,8.0,1747099914.029718
fsK5TH7c,1746994500,Passaro F.,Khachanov K.,181.0,196.0,160.0,152.0,5.0,9.0,30.0,15.0,1.0,3.0,2.0,4.0,1747099910.548383
IPjCQbpm,1746989700,Draper J.,Kopriva V.,197.0,178.0,151.0,151.0,21.0,10.0,37.0,27.0,6.0,4.0,6.0,5.0,1747099907.272898
nXbbjXwh,1746987900,Gaubas V.,Zverev A.,177.0,206.0,153.0,172.0,8.0,18.0,27.0,21.0,1.0,10.0,3.0,12.0,1747099903.994367
0GA3XxNj,1746981900,Musetti L.,Nakashima B.,190.0,192.0,154.0,147.0,18.0,13.0,16.0,18.0,3.0,8.0,5.0,10.0,1747099900.717341
SbCtguQ7,1746979500,Moutet C.,Rune H.,176.0,193.0,145.0,157.0,35.0,48.0,42.0,62.0,13.0,30.0,18.0,43.0,1747099897.440602
vqHG7A4K,1746972600,Popyrin A.,Medvedev D.,195.0,204.0,166.0,149.0,18.0,17.0,28.0,16.0,8.0,11.0,13.0,13.0,1747099894.165032
fZmYVPon,1746972600,Fils A.,Tsitsipas S.,198.0,205.0,168.0,173.0,26.0,19.0,30.0,26.0,6.0,5.0,6.0,7.0,1747099890.888442
QPlWMJBF,1746920700,Nardi L.,De Minaur A.,,,,,19.0,16.0,40.0,27.0,7.0,8.0,10.0,15.0,1746924109.112296
06DAG2Wh,1746915000,Sinner J.,Navone M.,,,,,21.0,10.0,24.0,17.0,6.0,3.0,8.0,4.0,1746924105.627749
vTGlByVg,1746913200,Shelton B.,Munar J.,,,,,18.0,5.0,41.0,8.0,8.0,5.0,15.0,5.0,1746924102.348804
KlHqvWgC,1746912000,Dellien H.,Seyboth Wild T.,,,,,25.0,27.0,32.0,43.0,8.0,6.0,11.0,12.0,1746924099.067261
nuX6aPDi,1746908400,Auger-Aliassime F.,Seyboth Wild T.,,,,,0.0,0.0,0.0,0.0,0.0,0.0,0.0,0.0,1746924095.973953
CfIlGP1T,1746903900,Cerundolo F.,Jarry N.,187.0,206.0,151.0,175.0,19.0,33.0,16.0,42.0,3.0,13.0,4.0,18.0,1746924092.913162
M9uz0j5e,1746903300,Mensik J.,Gigante M.,218.0,190.0,161.0,157.0,23.0,22.0,27.0,28.0,10.0,3.0,13.0,4.0,1746924089.627012
nysT98M6,1746899400,De Jong J.,Davidovich Fokina A.,191.0,185.0,161.0,156.0,15.0,13.0,11.0,29.0,7.0,5.0,10.0,10.0,1746924086.438737
j1scxETh,1746895800,Fritz T.,Giron M.,203.0,193.0,155.0,146.0,23.0,20.0,27.0,25.0,5.0,10.0,9.0,11.0,1746924083.347241
r1NuDc0s,1746895500,Bublik A.,Ruud C.,205.0,197.0,161.0,167.0,41.0,20.0,25.0,8.0,13.0,5.0,16.0,7.0,1746924080.247389
dzUzYDfc,1746892800,Martinez P.,Hurkacz H.,169.0,203.0,145.0,174.0,12.0,21.0,20.0,21.0,4.0,7.0,7.0,12.0,1746924077.138855
4Y4hZq7F,1746891900,Vukic A.,Korda S.,190.0,196.0,151.0,155.0,12.0,26.0,14.0,21.0,4.0,8.0,9.0,11.0,1746924073.999815
lCDPsqPE,1746886200,Tien L.,Machac T.,176.0,192.0,141.0,152.0,21.0,16.0,29.0,20.0,6.0,8.0,10.0,11.0,1746924070.873381
KxFXpy7K,1746885600,Paul T.,Bautista-Agut R.,198.0,182.0,156.0,151.0,18.0,8.0,14.0,20.0,4.0,3.0,4.0,6.0,1746924067.595057
QukK6Gv1,1746885600,Ofner S.,Tiafoe F.,208.0,199.0,161.0,146.0,32.0,21.0,36.0,31.0,7.0,8.0,8.0,8.0,1746924064.318562
MeISuJa4,1746885600,Marozsan F.,Rublev A.,190.0,200.0,157.0,150.0,33.0,32.0,36.0,30.0,3.0,8.0,10.0,10.0,1746924061.041774
fHpiQ1yi,1746885600,Berrettini M.,Fearnley J.,209.0,189.0,172.0,164.0,23.0,21.0,31.0,31.0,11.0,8.0,17.0,11.0,1746924057.780591
AHGbCJSb,1746836100,Ugo Carabelli C.,Zverev A.,,,,,4.0,20.0,11.0,19.0,0.0,20.0,0.0,26.0,1746828563.257482
QR3b80Ik,1746827100,Draper J.,Darderi L.,,,,,33.0,8.0,21.0,18.0,6.0,2.0,7.0,3.0,1746828560.203376
vLWZVIaE,1746823500,Comesana F.,Rune H.,,,,,32.0,44.0,40.0,59.0,19.0,21.0,25.0,28.0,1746828557.155571
tz4p1qBM,1746821100,Shapovalov D.,Gaubas V.,,,,,18.0,12.0,44.0,26.0,6.0,5.0,10.0,8.0,1746828554.073298
IyRFxVbf,1746818700,Kopriva V.,Baez S.,,,,,25.0,17.0,51.0,45.0,7.0,5.0,15.0,8.0,1746828551.030297
x0IKiwGc,1746814800,Humbert U.,Moutet C.,195.0,176.0,165.0,142.0,15.0,11.0,37.0,9.0,13.0,0.0,25.0,3.0,1746828547.853003
6g5u1uHa,1746814500,Norrie C.,Medvedev D.,187.0,202.0,141.0,149.0,12.0,18.0,28.0,22.0,8.0,6.0,11.0,9.0,1746828544.751941
dzMuL9RE,1746813000,Musetti L.,Virtanen O.,186.0,204.0,148.0,164.0,15.0,7.0,22.0,35.0,7.0,5.0,9.0,8.0,1746828541.56172
WIqBb1Di,1746813000,Michelsen A.,Djere L.,188.0,195.0,160.0,160.0,8.0,14.0,25.0,16.0,8.0,2.0,11.0,3.0,1746828538.477756
tAQBk8jR,1746810600,Muller A.,Tsitsipas S.,182.0,199.0,150.0,167.0,9.0,29.0,20.0,24.0,5.0,9.0,7.0,11.0,1746828535.212652
viFOz9T6,1746807000,Lajovic D.,Alcaraz C.,184.0,191.0,152.0,159.0,13.0,24.0,23.0,24.0,3.0,6.0,4.0,9.0,1746828531.933451
rTBRgTYh,1746806100,Popyrin A.,Taberner C.,200.0,181.0,167.0,147.0,41.0,6.0,40.0,15.0,8.0,4.0,14.0,6.0,1746828528.864409
IkhNs8N7,1746799800,Fils A.,Griekspoor T.,196.0,207.0,168.0,176.0,18.0,12.0,15.0,20.0,2.0,3.0,3.0,5.0,1746828525.578468
8YRLHexK,1746799800,Dimitrov G.,Passaro F.,202.0,188.0,167.0,162.0,20.0,19.0,30.0,23.0,5.0,3.0,11.0,4.0,1746828522.47771
Q7DWYnbJ,1746799800,Burruchaga R. A.,Khachanov K.,181.0,191.0,150.0,150.0,29.0,33.0,39.0,47.0,14.0,12.0,15.0,21.0,1746828519.23285
Y5zgwv14,1746799200,Thompson J.,Nakashima B.,,,,,,,,,,,,,1746828515.739142
dWmj4YLq,1746745200,Tien L.,Opelka R.,,,,,11.0,19.0,15.0,48.0,1.0,9.0,6.0,13.0,1746747559.473181
CKmfMXsS,1746742200,Fearnley J.,Fognini F.,,,,,13.0,11.0,22.0,25.0,4.0,7.0,5.0,11.0,1746747556.072666
4KTxcHEG,1746741600,Bellucci M.,Martinez P.,,,,,16.0,14.0,17.0,10.0,5.0,10.0,9.0,13.0,1746747553.075306
QVwCWpUr,1746739800,Carballes Baena R.,Ofner S.,,,,,4.0,16.0,11.0,11.0,1.0,5.0,1.0,7.0,1746747550.060753
dhPQGB5k,1746732600,Diallo G.,Giron M.,,,,,26.0,16.0,34.0,25.0,12.0,5.0,23.0,8.0,1746747546.906918
UskzwdNp,1746732600,Bublik A.,Safiullin R.,,,,,23.0,17.0,26.0,34.0,8.0,10.0,12.0,13.0,1746747543.707893
4fpnOgDF,1746728700,Rinderknech A.,Gigante M.,,,,,31.0,27.0,43.0,31.0,18.0,10.0,22.0,12.0,1746747540.230327
4Y8BBGT9,1746727500,Nardi L.,Cobolli F.,,,,,13.0,12.0,26.0,30.0,6.0,4.0,7.0,11.0,1746747536.948345
vFL2utDD,1746727200,Barrios Vera T.,Munar J.,,,,,35.0,46.0,52.0,27.0,18.0,4.0,33.0,8.0,1746747533.677849
YXbXwTy9,1746722700,Borges N.,Seyboth Wild T.,,,,,29.0,32.0,38.0,30.0,12.0,5.0,15.0,12.0,1746747530.39935
dI8HkZ6j,1746722100,Marozsan F.,Fonseca J.,194.0,196.0,158.0,170.0,19.0,18.0,27.0,37.0,4.0,2.0,8.0,5.0,1746747527.325115
2TYgcQ8a,1746721200,Navone M.,Cina F.,191.0,182.0,156.0,153.0,15.0,17.0,22.0,28.0,2.0,7.0,3.0,10.0,1746747524.046985
Cn2gqODl,1746713400,Vukic A.,Moreno De Alboran N.,185.0,191.0,158.0,155.0,20.0,16.0,21.0,32.0,2.0,7.0,2.0,9.0,1746747520.975322
4ISYEkz2,1746713400,Gaston H.,Jarry N.,164.0,206.0,139.0,178.0,20.0,29.0,25.0,38.0,5.0,13.0,6.0,18.0,1746747517.493828
I3VUbwp4,1746713400,Arnaldi M.,Bautista-Agut R.,185.0,187.0,157.0,154.0,21.0,20.0,30.0,27.0,7.0,16.0,9.0,18.0,1746747514.137166
WStKUObe,1746713100,De Jong J.,Shevchenko A.,187.0,186.0,154.0,159.0,28.0,15.0,21.0,22.0,6.0,6.0,7.0,16.0,1746747510.942274
xnkF48GP,1746666600,Bu Y.,Darderi L.,,,,,25.0,30.0,25.0,20.0,14.0,2.0,15.0,5.0,1746663533.573947
WlIfs2r1,1746662700,Gaubas V.,Dzumhur D.,,,,,30.0,30.0,47.0,44.0,16.0,17.0,22.0,21.0,1746663530.196718
hbsa2Cjd,1746657600,Djere L.,Etcheverry T. M.,,,,,13.0,6.0,18.0,23.0,5.0,1.0,6.0,2.0,1746663527.020823
jgkLcNSs,1746657300,Medjedovic H.,Virtanen O.,,,,,27.0,27.0,30.0,14.0,3.0,12.0,5.0,20.0,1746663523.744553
W2cTe1cf,1746656700,Passaro F.,Tseng C. H.,,,,,34.0,15.0,27.0,23.0,8.0,6.0,11.0,7.0,1746663520.472395
GGGNlpjR,1746653100,O'Connell C.,Norrie C.,,,,,20.0,21.0,25.0,12.0,4.0,4.0,9.0,5.0,1746663517.294314
pMqLQtjg,1746644700,Nishioka Y.,Lajovic D.,,,,,17.0,22.0,26.0,20.0,7.0,5.0,9.0,5.0,1746663514.121721
KAbk3q5K,1746644100,Sonego L.,Burruchaga R. A.,,,,,18.0,11.0,37.0,17.0,8.0,7.0,11.0,7.0,1746663510.750664
KlNEj6LE,1746644100,Kopriva V.,Halys Q.,,,,,23.0,12.0,22.0,36.0,7.0,7.0,10.0,11.0,1746663507.544463
0nNoeeqT,1746637200,Nishioka Y.,Struff J-L.,,,,,,,,,,,,,1746663504.49091
zsX1e4wC,1746634200,Griekspoor T.,Kecmanovic M.,,,,,41.0,15.0,26.0,21.0,10.0,4.0,15.0,8.0,1746663501.013189
6ocux76L,1746633900,Taberner C.,Kovacevic A.,,,,,18.0,35.0,21.0,49.0,10.0,9.0,11.0,9.0,1746663497.741633
hrVSS2T7,1746632700,Ugo Carabelli C.,Carreno-Busta P.,,,,,32.0,20.0,31.0,30.0,6.0,15.0,6.0,22.0,1746663494.466398
CQj4Dxac,1746627000,Thompson J.,Mpetshi Perricard G.,186.0,209.0,155.0,192.0,26.0,23.0,23.0,39.0,14.0,5.0,18.0,12.0,1746663491.295924
QmcK9fbM,1746627000,Lehecka J.,Muller A.,200.0,167.0,168.0,166.0,37.0,20.0,63.0,39.0,15.0,7.0,26.0,11.0,1746663488.08667
8Uuoanvm,1746627000,Hijikata R.,Moutet C.,179.0,167.0,152.0,141.0,22.0,36.0,42.0,42.0,18.0,12.0,33.0,17.0,1746663484.842892
dlsM0aFi,1746627000,Altmaier D.,Comesana F.,186.0,206.0,154.0,157.0,19.0,23.0,27.0,11.0,9.0,8.0,14.0,11.0,1746663481.567464
phUpQFr3,1746626400,Bonzi B.,Halys Q.,,,,,,,,,,,,,1746663478.284122
zg9ezmg4,1746561300,Barrios Vera T.,Royer V.,,,,,41.0,40.0,26.0,35.0,11.0,12.0,19.0,17.0,1746620707.661604
xQXnsRV7,1746560100,Tseng C. H.,Cerundolo J. M.,,,,,13.0,11.0,19.0,30.0,5.0,1.0,8.0,2.0,1746620704.389022
QXGvFgUO,1746555600,Dellien H.,Gaubas V.,,,,,9.0,13.0,18.0,9.0,6.0,7.0,7.0,11.0,1746620701.289845
AB5CBp4j,1746552900,Norrie C.,Lajovic D.,,,,,27.0,32.0,39.0,26.0,13.0,4.0,19.0,6.0,1746620698.05943
veZIcBR8,1746551400,Arnaboldi F.,Virtanen O.,,,,,12.0,22.0,22.0,19.0,2.0,4.0,4.0,6.0,1746620694.78924
U5NVGFaC,1746549000,Moreno De Alboran N.,Zeppieri G.,,,,,17.0,24.0,24.0,45.0,3.0,5.0,5.0,8.0,1746620691.517136
0O8c1Q6e,1746543000,Kopriva V.,Basavareddy N.,,,,,28.0,11.0,26.0,21.0,7.0,2.0,9.0,4.0,1746620688.238687
8SIQsuA5,1746542700,De Jong J.,Seyboth Wild T.,,,,,26.0,31.0,20.0,24.0,6.0,8.0,9.0,16.0,1746620684.961359
pIVGk0fM,1746537000,Shevchenko A.,Fucsovics M.,,,,,15.0,14.0,17.0,26.0,3.0,3.0,5.0,5.0,1746620681.681882
GSGCCIhK,1746537000,Ofner S.,Hanfmann Y.,,,,,23.0,9.0,29.0,24.0,5.0,2.0,7.0,3.0,1746620678.407048
CYK5yaRk,1746537000,Faria J.,Taberner C.,,,,,3.0,8.0,14.0,4.0,0.0,2.0,2.0,2.0,1746620675.307453
ttHYuJvI,1746537000,Carreno-Busta P.,Burruchaga R. A.,,,,,26.0,23.0,47.0,39.0,8.0,13.0,14.0,16.0,1746620672.057826
CdPmdwU6,1746482700,Harris B.,Barrios Vera T.,,,,,22.0,9.0,17.0,7.0,6.0,2.0,9.0,3.0,1746620625.149609
nDQ252OH,1746480000,Monteiro T.,Arnaboldi F.,,,,,36.0,28.0,65.0,38.0,12.0,4.0,16.0,9.0,1746620621.666547
82siEW6k,1746478800,Gomez F. A.,Royer V.,,,,,25.0,21.0,26.0,19.0,4.0,13.0,7.0,18.0,1746620618.388029
bVIpB6ft,1746478200,Herbert P.,Cerundolo J. M.,,,,,30.0,23.0,34.0,18.0,27.0,2.0,39.0,2.0,1746620614.90606
2oht2THP,1746474900,Tseng C. H.,Piraino G.,,,,,12.0,15.0,25.0,30.0,0.0,2.0,1.0,5.0,1746620611.426214
v5YU8yV9,1746473400,Gaubas V.,Spizzirri E.,,,,,23.0,6.0,21.0,17.0,4.0,2.0,5.0,4.0,1746620608.275312
6FI91gNq,1746472800,Collignon R.,Moreno De Alboran N.,,,,,11.0,28.0,16.0,29.0,6.0,11.0,7.0,14.0,1746620605.074184
pANefHbJ,1746471000,Zeppieri G.,Kotov P.,,,,,41.0,17.0,51.0,28.0,7.0,5.0,16.0,9.0,1746620601.802349
lI0KJhqS,1746471000,Dellien H.,Huesler M.,,,,,31.0,29.0,23.0,32.0,5.0,22.0,7.0,32.0,1746620598.522057
nikShPvC,1746467400,Virtanen O.,Boyer T.,,,,,35.0,23.0,47.0,42.0,11.0,15.0,15.0,17.0,1746620595.242407
Qcxf7Og5,1746467100,Lajovic D.,Quinn E.,,,,,26.0,25.0,32.0,40.0,6.0,10.0,9.0,17.0,1746620591.979329
Kx93Nzp3,1746466500,Norrie C.,Vasami J.,,,,,13.0,15.0,7.0,15.0,4.0,6.0,5.0,7.0,1746620588.909438
IXYo9pPh,1746465300,Basile P.,Seyboth Wild T.,,,,,15.0,14.0,30.0,14.0,3.0,5.0,5.0,6.0,1746620585.822302
GUVvbaaf,1746463800,Krueger M.,Basavareddy N.,,,,,26.0,33.0,32.0,38.0,12.0,5.0,18.0,8.0,1746620582.745453
GYmM3R3C,1746461400,Fucsovics M.,Napolitano S.,,,,,21.0,7.0,19.0,22.0,3.0,2.0,4.0,6.0,1746620579.276804
6izNAc0c,1746461400,Fucsovics M.,Meligeni Alves F.,,,,,,,,,,,,,1746620576.105688
UDXWaLUs,1746461400,Burruchaga R. A.,Galan D. E.,,,,,24.0,20.0,37.0,44.0,9.0,12.0,13.0,21.0,1746620573.015393
IBcBd7um,1746460200,Shevchenko A.,Ficovich J. P.,,,,,26.0,15.0,34.0,36.0,12.0,6.0,17.0,9.0,1746620569.940795
SU6IaXid,1746458100,De Jong J.,Mayot H.,,,,,25.0,15.0,22.0,20.0,4.0,10.0,10.0,20.0,1746620566.881473
hChzmf8j,1746456900,Carreno-Busta P.,Tirante T. A.,,,,,10.0,18.0,10.0,16.0,7.0,5.0,10.0,5.0,1746620563.871726
vRoKfoAa,1746450900,Kopriva V.,Svrcina D.,,,,,36.0,20.0,43.0,37.0,12.0,9.0,20.0,14.0,1746620560.798614
ptd05s7K,1746450600,Taberner C.,Mannarino A.,,,,,16.0,22.0,24.0,36.0,5.0,10.0,9.0,14.0,1746620557.754354
rJryi39O,1746450600,Majchrzak K.,Ofner S.,,,,,10.0,23.0,13.0,10.0,6.0,7.0,10.0,9.0,1746620554.342984
G42CLEEF,1746450600,Faria J.,Kym J.,,,,,35.0,30.0,30.0,38.0,9.0,12.0,12.0,17.0,1746620551.230176
zXRw7FaM,1746450600,Daniel T.,Hanfmann Y.,,,,,29.0,40.0,43.0,36.0,8.0,3.0,11.0,5.0,1746620547.924153
MmAmCu6T,1746395100,Ruud C.,Draper J.,199.0,202.0,173.0,156.0,40.0,43.0,33.0,30.0,8.0,14.0,11.0,18.0,1746620536.457229
v5K0RcW7,1746227400,Draper J.,Musetti L.,205.0,195.0,154.0,157.0,19.0,22.0,19.0,25.0,8.0,8.0,11.0,9.0,1746620509.651007
O8YyI7Lh,1746213300,Cerundolo F.,Ruud C.,187.0,201.0,148.0,170.0,28.0,17.0,27.0,26.0,0.0,9.0,1.0,17.0,1746620506.383204
0rm9Dqbd,1746141000,Musetti L.,Diallo G.,191.0,205.0,156.0,180.0,12.0,14.0,12.0,37.0,3.0,11.0,5.0,24.0,1746187399.498897
K813D6i5,1746132300,Draper J.,Arnaldi M.,204.0,194.0,158.0,160.0,17.0,14.0,15.0,25.0,6.0,5.0,9.0,6.0,1746187395.816994
QmRADxCO,1746123000,Cerundolo F.,Mensik J.,190.0,213.0,155.0,155.0,23.0,32.0,29.0,46.0,2.0,13.0,4.0,18.0,1746187392.243836
QHpn9odC,1746115800,Ruud C.,Medvedev D.,199.0,200.0,165.0,147.0,17.0,22.0,21.0,33.0,4.0,13.0,8.0,20.0,1746187388.543235
noEWJbG7,1746065100,De Minaur A.,Musetti L.,208.0,206.0,165.0,151.0,5.0,15.0,27.0,19.0,4.0,2.0,6.0,3.0,1746187385.263827
dMfA5tFE,1746052800,Dimitrov G.,Diallo G.,,,,,39.0,31.0,29.0,26.0,3.0,7.0,5.0,14.0,1746068458.360878
2P4n3pko,1746040200,Draper J.,Paul T.,194.0,192.0,160.0,156.0,19.0,7.0,11.0,31.0,2.0,8.0,2.0,12.0,1746068455.283626
tMKIEAYo,1746029400,Tiafoe F.,Arnaldi M.,199.0,186.0,144.0,159.0,19.0,23.0,13.0,12.0,8.0,5.0,10.0,9.0,1746068452.008246
lbCVFGnJ,1745973900,Fritz T.,Ruud C.,,,,,19.0,27.0,27.0,22.0,8.0,9.0,10.0,10.0,1746013998.877218
WKt6Y2n2,1745964900,Medvedev D.,Nakashima B.,,,,,30.0,20.0,38.0,29.0,10.0,8.0,13.0,13.0,1746013995.197451
vVqhL25F,1745960400,Zverev A.,Cerundolo F.,,,,,6.0,17.0,23.0,27.0,10.0,7.0,12.0,7.0,1746013991.988171
zkVuOcvP,1745952300,Tsitsipas S.,Musetti L.,,,,,28.0,22.0,38.0,20.0,18.0,6.0,22.0,8.0,1746013988.437441
0vFpafaJ,1745952000,Draper J.,Berrettini M.,,,,,10.0,16.0,12.0,20.0,3.0,5.0,4.0,6.0,1746013985.364691
bJvu17BN,1745949900,Dimitrov G.,Fearnley J.,201.0,196.0,170.0,173.0,23.0,25.0,26.0,36.0,6.0,7.0,8.0,12.0,1746013981.647959
0Q5zVcGj,1745947200,Mensik J.,Bublik A.,211.0,195.0,169.0,185.0,19.0,14.0,10.0,21.0,3.0,6.0,3.0,7.0,1746013978.593508
SQGuaj5d,1745945400,Norrie C.,Diallo G.,,,,,19.0,38.0,32.0,51.0,7.0,9.0,11.0,19.0,1746013975.063906
Kb01aOAa,1745939700,Tiafoe F.,Muller A.,201.0,175.0,155.0,160.0,17.0,17.0,17.0,22.0,4.0,5.0,6.0,8.0,1746013971.231583
U1mxXQ74,1745939700,Khachanov K.,Paul T.,195.0,198.0,155.0,160.0,17.0,22.0,13.0,12.0,4.0,7.0,8.0,7.0,1746013968.162238
WxUiqm9s,1745939400,De Minaur A.,Shapovalov D.,206.0,199.0,158.0,173.0,11.0,21.0,11.0,14.0,5.0,5.0,6.0,7.0,1746013964.880185
xhYnZr4N,1745849400,Dzumhur D.,Arnaldi M.,,,,,11.0,21.0,23.0,27.0,8.0,3.0,10.0,5.0,1745938758.853529
Wtrz3W8E,1745801700,Korda S.,Ruud C.,199.0,197.0,163.0,171.0,10.0,16.0,17.0,5.0,5.0,2.0,7.0,4.0,1745838653.195598
0hpWDMU0,1745793600,Cerundolo F.,Comesana F.,190.0,199.0,151.0,176.0,27.0,10.0,32.0,20.0,10.0,8.0,10.0,11.0,1745838650.068327
rVOfAriL,1745791800,Shelton B.,Mensik J.,207.0,213.0,173.0,205.0,12.0,18.0,19.0,13.0,5.0,6.0,8.0,6.0,1745838646.48891
K0DIxUe2,1745785800,Fritz T.,Bonzi B.,200.0,176.0,149.0,160.0,25.0,20.0,25.0,17.0,9.0,9.0,12.0,10.0,1745838643.322141
WK6ajgP8,1745782500,Medvedev D.,Cerundolo J. M.,204.0,187.0,156.0,138.0,18.0,10.0,18.0,16.0,13.0,2.0,15.0,4.0,1745838639.91844
xQehAiA4,1745771400,Zverev A.,Davidovich Fokina A.,214.0,184.0,180.0,160.0,24.0,32.0,28.0,45.0,8.0,13.0,15.0,14.0,1745838636.801474
neFzNUgA,1745763000,Nakashima B.,Cobolli F.,195.0,181.0,151.0,161.0,19.0,21.0,19.0,37.0,9.0,7.0,14.0,10.0,1745838633.481143
O8js25tB,1745763000,Bublik A.,Rublev A.,205.0,206.0,187.0,171.0,33.0,31.0,19.0,13.0,1.0,14.0,3.0,23.0,1745838630.409986
U1oMwmrm,1745714700,Fonseca J.,Paul T.,,,,,25.0,32.0,37.0,28.0,12.0,16.0,13.0,18.0,1745712135.652522
84WeHN6k,1745711700,Khachanov K.,Opelka R.,,,,,17.0,43.0,12.0,36.0,3.0,10.0,3.0,12.0,1745712132.495371
hh8eLyuB,1745706300,Tiafoe F.,Darderi L.,,,,,18.0,14.0,6.0,15.0,9.0,1.0,12.0,3.0,1745712129.217846
UyKZ9BOr,1745705400,Draper J.,Griekspoor T.,,,,,21.0,14.0,12.0,8.0,4.0,5.0,5.0,9.0,1745712125.941069
IHdoO1qg,1745700900,Giron M.,Berrettini M.,,,,,29.0,47.0,36.0,37.0,6.0,8.0,11.0,13.0,1745712122.665015
SWiDDC8b,1745700000,Muller A.,Humbert U.,,,,,23.0,39.0,33.0,52.0,10.0,7.0,13.0,12.0,1745712119.387983
8xfgKkeA,1745699100,Dimitrov G.,Jarry N.,,,,,12.0,24.0,12.0,37.0,4.0,7.0,5.0,14.0,1745712116.110017
prmlriB5,1745692800,Fearnley J.,Machac T.,201.0,198.0,168.0,163.0,32.0,20.0,34.0,35.0,5.0,9.0,7.0,12.0,1745712112.732844
QBJXFOYr,1745692800,Arnaldi M.,Djokovic N.,189.0,195.0,159.0,156.0,21.0,21.0,18.0,32.0,2.0,4.0,4.0,10.0,1745712109.251462
6TR8fH65,1745690700,Tsitsipas S.,Struff J-L.,205.0,203.0,167.0,166.0,16.0,29.0,9.0,17.0,5.0,10.0,6.0,11.0,1745712105.975999
A9GvPJun,1745683800,Diallo G.,Majchrzak K.,202.0,192.0,179.0,154.0,38.0,15.0,25.0,9.0,19.0,5.0,24.0,6.0,1745712102.699689
IXUvlREE,1745683800,De Minaur A.,Sonego L.,205.0,198.0,168.0,172.0,12.0,10.0,9.0,32.0,7.0,7.0,8.0,11.0,1745712099.424598
bwuANFzh,1745681700,Lehecka J.,Norrie C.,211.0,188.0,178.0,148.0,28.0,14.0,37.0,22.0,6.0,6.0,11.0,10.0,1745712096.151098
6qQTuuoL,1745676900,Baez S.,Dzumhur D.,173.0,164.0,138.0,144.0,19.0,14.0,35.0,23.0,12.0,3.0,20.0,5.0,1745712092.878721
Gp0cscon,1745676600,Nishikori K.,Shapovalov D.,176.0,194.0,151.0,159.0,4.0,13.0,22.0,15.0,2.0,1.0,6.0,3.0,1745712089.6382
258J6H8K,1745676600,Etcheverry T. M.,Musetti L.,187.0,193.0,151.0,158.0,17.0,18.0,25.0,23.0,10.0,9.0,16.0,9.0,1745712086.331897
bcB07R0M,1745624400,Cobolli F.,Rune H.,194.0,194.0,158.0,155.0,4.0,8.0,7.0,14.0,3.0,3.0,4.0,5.0,1745712066.166697
IyLexvd5,1745622600,Borges N.,Davidovich Fokina A.,197.0,182.0,159.0,157.0,10.0,12.0,19.0,8.0,2.0,6.0,3.0,7.0,1745712062.683764
b1olSnKb,1745622000,Monfils G.,Rublev A.,,,,,,,,,,,,,1745712059.389948
lS1Mkrem,1745610300,Shelton B.,Navone M.,206.0,184.0,180.0,157.0,27.0,8.0,20.0,17.0,11.0,6.0,14.0,9.0,1745712056.112224
vNk0mYvm,1745607000,Nakashima B.,Ofner S.,198.0,207.0,156.0,162.0,17.0,20.0,11.0,12.0,1.0,5.0,2.0,5.0,1745712052.822422
dU2Kyhm4,1745604600,Fritz T.,O'Connell C.,204.0,185.0,162.0,150.0,22.0,14.0,20.0,18.0,7.0,6.0,9.0,9.0,1745712049.527898
KYp5gL8T,1745602200,Zverev A.,Bautista-Agut R.,211.0,183.0,179.0,156.0,30.0,4.0,18.0,10.0,3.0,2.0,3.0,3.0,1745712046.428684
MoHjcfjL,1745601000,Quinn E.,Mensik J.,202.0,211.0,167.0,165.0,17.0,25.0,22.0,22.0,7.0,3.0,9.0,5.0,1745712042.932432
IPn9rRmK,1745597700,Korda S.,Cina F.,197.0,185.0,159.0,156.0,32.0,21.0,21.0,33.0,5.0,2.0,7.0,4.0,1745712039.454427
ltNXPMJl,1745596500,Popyrin A.,Bublik A.,205.0,206.0,171.0,174.0,12.0,16.0,5.0,8.0,5.0,2.0,10.0,3.0,1745712036.182577
b9TnZoEa,1745596200,Cerundolo J. M.,Auger-Aliassime F.,171.0,205.0,144.0,179.0,20.0,30.0,17.0,39.0,3.0,9.0,3.0,13.0,1745712032.908007
jgglc394,1745595900,Medvedev D.,Djere L.,,,,,,,,,,,,,1745712029.754195
jXZeZMA6,1745590500,Rinderknech A.,Ruud C.,197.0,190.0,169.0,166.0,13.0,13.0,9.0,8.0,6.0,4.0,15.0,6.0,1745712026.775842
KWFxLRI8,1745590200,Comesana F.,Fils A.,202.0,191.0,170.0,158.0,25.0,29.0,19.0,13.0,5.0,9.0,6.0,12.0,1745712023.507869
zZSd5xQi,1745590200,Cerundolo F.,Mayot H.,188.0,187.0,144.0,151.0,30.0,10.0,25.0,20.0,6.0,5.0,9.0,8.0,1745712020.044559
4YhwlMxR,1745589900,Bonzi B.,Hurkacz H.,197.0,199.0,167.0,170.0,,,,,,,,,1745712016.790971
8hrjAsdT,1745586000,Diallo G.,Alcaraz C.,,,,,,,,,,,,,1745712013.539753
AwEIlulC,1745540100,Bu Y.,Fearnley J.,199.0,202.0,158.0,171.0,12.0,29.0,27.0,26.0,5.0,4.0,8.0,5.0,1745711978.526396
SzbYjADr,1745538000,Opelka R.,Hijikata R.,218.0,187.0,187.0,157.0,26.0,19.0,16.0,8.0,11.0,8.0,20.0,10.0,1745711975.249993
r3M1dWkL,1745533500,Griekspoor T.,Kopriva V.,200.0,179.0,168.0,147.0,19.0,7.0,21.0,18.0,7.0,2.0,9.0,2.0,1745711971.772032
hnVtmSdL,1745531400,Tien L.,Giron M.,180.0,195.0,143.0,152.0,19.0,28.0,19.0,18.0,3.0,11.0,9.0,11.0,1745711968.499654
tbM1hNlm,1745529300,Fonseca J.,Moller E.,199.0,179.0,172.0,152.0,16.0,10.0,26.0,28.0,1.0,3.0,2.0,4.0,1745711965.229022
OMsyBV4E,1745523300,Van De Zandschulp B.,Struff J-L.,207.0,206.0,157.0,163.0,24.0,13.0,39.0,23.0,5.0,5.0,7.0,6.0,1745711962.161408
I3HQnJIO,1745522400,Arnaldi M.,Coric B.,191.0,196.0,157.0,156.0,36.0,28.0,32.0,46.0,5.0,17.0,8.0,18.0,1745711958.916806
Olpffq4l,1745520900,Landaluce M.,Norrie C.,197.0,190.0,174.0,148.0,42.0,24.0,37.0,10.0,2.0,11.0,3.0,19.0,1745711955.829801
f1ny7M3t,1745517000,Altmaier D.,Jarry N.,184.0,207.0,154.0,173.0,11.0,26.0,10.0,17.0,1.0,12.0,1.0,14.0,1745711952.780108
dEQCs6Kr,1745514000,Halys Q.,Darderi L.,197.0,187.0,160.0,160.0,27.0,18.0,32.0,8.0,8.0,3.0,14.0,3.0,1745711949.430888
hUyBj13D,1745511900,Sonego L.,Kecmanovic M.,193.0,188.0,164.0,152.0,39.0,11.0,45.0,25.0,16.0,5.0,21.0,10.0,1745711945.978243
pCbirfw9,1745511600,Bergs Z.,Diallo G.,186.0,200.0,170.0,181.0,14.0,13.0,19.0,3.0,5.0,4.0,8.0,4.0,1745711942.700505
KGw3hNY0,1745508600,Bergs Z.,Nishioka Y.,,,,,,,,,,,,,1745711939.549919
h0AF1RBE,1745503800,Vukic A.,Nishikori K.,193.0,173.0,156.0,142.0,20.0,28.0,33.0,37.0,2.0,7.0,3.0,10.0,1745711936.557719
UROKupke,1745503800,Goffin D.,Muller A.,179.0,175.0,155.0,149.0,23.0,15.0,36.0,20.0,5.0,5.0,7.0,5.0,1745711933.48032
QgITwOJ7,1745503800,Etcheverry T. M.,Medjedovic H.,,,,,19.0,34.0,26.0,35.0,11.0,10.0,19.0,13.0,1745711930.194507
EFbOa5tR,1745503800,Dzumhur D.,Bellucci M.,173.0,194.0,146.0,164.0,18.0,32.0,31.0,59.0,15.0,7.0,23.0,16.0,1745711926.915373
Cz8cKxNH,1745451600,Marozsan F.,Cobolli F.,,,,,22.0,29.0,34.0,24.0,6.0,9.0,16.0,10.0,1745458702.256378
je4fbhL8,1745450400,Monfils G.,Gojo B.,,,,,15.0,29.0,20.0,36.0,5.0,7.0,7.0,13.0,1745458698.976166
nTMXPtgt,1745444100,Michelsen A.,Bublik A.,,,,,23.0,22.0,35.0,33.0,11.0,4.0,15.0,8.0,1745458695.717256
WSfkmSC7,1745443500,Cerundolo J. M.,Kovacevic A.,,,,,24.0,36.0,30.0,61.0,6.0,10.0,9.0,14.0,1745458692.422053
z11tklre,1745438100,Fognini F.,Djere L.,,,,,3.0,14.0,34.0,22.0,1.0,2.0,2.0,2.0,1745458689.326229
xIgF7awC,1745438100,Comesana F.,Martinez P.,,,,,38.0,24.0,24.0,22.0,4.0,10.0,7.0,17.0,1745458686.074539
lOP9j1Ja,1745435400,Ofner S.,Gaston H.,,,,,28.0,17.0,31.0,25.0,12.0,7.0,14.0,8.0,1745458682.797275
p2L4IGiU,1745434200,Bautista-Agut R.,Munar J.,,,,,36.0,29.0,37.0,23.0,19.0,10.0,21.0,11.0,1745458679.522748
SEpq50Yh,1745431800,Lajovic D.,Quinn E.,,,,,17.0,21.0,15.0,9.0,4.0,6.0,8.0,10.0,1745458676.415145
Otvh3v35,1745429100,Moutet C.,Mayot H.,,,,,6.0,18.0,17.0,30.0,2.0,15.0,6.0,20.0,1745458673.17016
Uij79L8a,1745423700,Borges N.,Carreno-Busta P.,,,,,42.0,21.0,41.0,27.0,12.0,10.0,13.0,15.0,1745458669.893966
h8rWYyxB,1745423400,O'Connell C.,Ugo Carabelli C.,,,,,21.0,21.0,18.0,22.0,6.0,0.0,12.0,3.0,1745458666.618543
OSjFxKxn,1745423400,Bonzi B.,Cilic M.,,,,,20.0,23.0,17.0,32.0,1.0,10.0,1.0,13.0,1745458663.341969
jLJlMbh5,1745417400,Safiullin R.,Rinderknech A.,,,,,16.0,28.0,19.0,21.0,0.0,5.0,3.0,7.0,1745458660.064096
reGtOKNh,1745417400,Mpetshi Perricard G.,Navone M.,,,,,20.0,13.0,38.0,10.0,14.0,3.0,19.0,4.0,1745458656.786732
dtkNzb7b,1745417400,Cina F.,Wong C.,,,,,19.0,14.0,17.0,26.0,3.0,7.0,3.0,12.0,1745458653.680321
WGnO5w8O,1745413200,Carballes Baena R.,Thompson J.,,,,,,,,,,,,,1745458650.637155
QFmCZVl3,1745358600,Hijikata R.,Fognini F.,,,,,32.0,37.0,44.0,49.0,5.0,9.0,12.0,16.0,1745458624.625412
CEpS5oCF,1745353800,Majchrzak K.,Moller E.,,,,,32.0,53.0,35.0,39.0,10.0,7.0,14.0,8.0,1745458621.588812
OnHxn0vQ,1745352000,Monteiro T.,Quinn E.,,,,,34.0,38.0,42.0,43.0,4.0,12.0,5.0,19.0,1745458618.495602
GfPeX5lg,1745351100,Altmaier D.,Galan D. E.,,,,,38.0,19.0,34.0,26.0,21.0,9.0,25.0,13.0,1745458615.218817
A75PBSdd,1745348100,Gaston H.,Nardi L.,,,,,21.0,20.0,22.0,31.0,9.0,9.0,11.0,18.0,1745458611.936403
0pC6U9XI,1745343900,Diallo G.,Coric B.,,,,,30.0,13.0,31.0,19.0,5.0,3.0,12.0,7.0,1745458608.865977
Srf9Q7pp,1745343600,Gojo B.,Kym J.,,,,,26.0,22.0,21.0,33.0,5.0,2.0,7.0,3.0,1745458605.588683
UT3y2v0K,1745338200,Kopriva V.,Royer V.,,,,,25.0,25.0,39.0,47.0,8.0,8.0,10.0,13.0,1745458602.310819
Ic0ILGwR,1745337600,Lajovic D.,Garin C.,,,,,25.0,19.0,22.0,24.0,5.0,4.0,8.0,7.0,1745458599.03449
pMRYllS8,1745331300,Fearnley J.,Dellien H.,,,,,24.0,14.0,12.0,15.0,9.0,3.0,13.0,5.0,1745458595.757138
QgxPQwIU,1745331000,Van De Zandschulp B.,Cerundolo J. M.,,,,,45.0,33.0,57.0,40.0,24.0,12.0,38.0,15.0,1745458592.481351
Iqsspyht,1745331000,Boyer T.,Mayot H.,,,,,17.0,25.0,31.0,26.0,8.0,2.0,10.0,5.0,1745458589.204324
6gXXXMff,1745281200,Monteiro T.,Krueger M.,,,,,24.0,9.0,13.0,12.0,3.0,7.0,4.0,9.0,1745458574.869235
Cdekhos2,1745277000,Quinn E.,Harris B.,,,,,20.0,13.0,10.0,8.0,4.0,3.0,6.0,3.0,1745458571.795344
4Wisf7Ck,1745276700,Hijikata R.,Harris L.,,,,,25.0,38.0,38.0,57.0,7.0,13.0,9.0,16.0,1745458568.109626
KOBeQVho,1745275200,Gaston H.,Hanfmann Y.,,,,,36.0,43.0,37.0,54.0,9.0,18.0,13.0,29.0,1745458564.836064
0IypES3L,1745274900,Majchrzak K.,Blanch Dar.,,,,,7.0,16.0,5.0,16.0,5.0,3.0,6.0,6.0,1745458561.55887
KbGAaTlS,1745273400,Moller E.,Basavareddy N.,,,,,21.0,13.0,6.0,19.0,3.0,4.0,4.0,7.0,1745458558.075207
K0T8ZZVb,1745268600,Ritschard A.,Fognini F.,,,,,18.0,22.0,10.0,12.0,6.0,6.0,10.0,8.0,1745458554.803626
G4IkLqBl,1745267700,Dhamne M.,Nardi L.,,,,,6.0,14.0,21.0,20.0,8.0,3.0,8.0,6.0,1745458551.521734
S4wxGlZ8,1745267100,Dedura D.,Galan D. E.,,,,,28.0,23.0,46.0,26.0,6.0,10.0,14.0,15.0,1745458548.245844
KdF6H1AD,1745265000,Virtanen O.,Coric B.,,,,,27.0,23.0,23.0,17.0,7.0,16.0,12.0,20.0,1745458544.96069
v7VuW0P6,1745262600,Diallo G.,Moreno De Alboran N.,,,,,28.0,8.0,24.0,12.0,5.0,1.0,9.0,1.0,1745458541.690244
CWBbJNu1,1745259600,Altmaier D.,van Assche L.,,,,,26.0,24.0,31.0,33.0,9.0,10.0,16.0,12.0,1745458538.55204
SQWGXD0B,1745258400,Lajovic D.,Tirante T. A.,,,,,21.0,23.0,26.0,26.0,7.0,3.0,10.0,3.0,1745458535.521369
j3rH6pde,1745257500,Daniel T.,Royer V.,,,,,16.0,26.0,26.0,17.0,2.0,2.0,3.0,3.0,1745458532.284252
0hhgu52K,1745255700,Kopriva V.,Burruchaga R. A.,,,,,22.0,35.0,51.0,58.0,9.0,5.0,14.0,6.0,1745458528.994565
rwu986Rr,1745253600,Kym J.,McDonald M.,,,,,10.0,13.0,26.0,11.0,2.0,3.0,3.0,4.0,1745458525.715746
vPOBSRIE,1745250300,Fucsovics M.,Gojo B.,,,,,12.0,25.0,33.0,34.0,5.0,3.0,5.0,4.0,1745458522.453291
bou0yd1n,1745247600,Garin C.,Tseng C. H.,,,,,33.0,26.0,47.0,27.0,18.0,2.0,29.0,4.0,1745458519.16252
CIWP4OQ7,1745247000,Fearnley J.,Kotov P.,,,,,29.0,15.0,36.0,24.0,3.0,5.0,6.0,10.0,1745458515.885577
KYWJQ5mR,1745246700,Mannarino A.,Dellien H.,,,,,14.0,11.0,36.0,31.0,8.0,2.0,10.0,2.0,1745458512.810472
noIXXsCi,1745241300,Van De Zandschulp B.,Kouame M.,,,,,15.0,12.0,21.0,32.0,9.0,5.0,10.0,6.0,1745458509.742254
ARwPZrQs,1745241000,Mayot H.,Shevchenko A.,,,,,13.0,14.0,8.0,11.0,5.0,4.0,6.0,5.0,1745458506.465466
OhQPViVN,1745241000,De Jong J.,Boyer T.,,,,,27.0,40.0,21.0,37.0,12.0,14.0,13.0,19.0,1745458503.187972
zZOlUvfJ,1745241000,Cerundolo J. M.,Seyboth Wild T.,,,,,19.0,19.0,8.0,9.0,5.0,7.0,6.0,11.0,1745458499.968141
bgJt6M3M,1745167500,Zverev A.,Shelton B.,,,,,13.0,11.0,7.0,21.0,8.0,3.0,10.0,4.0,1745458474.721533
phQFeEqm,1745176500,Alcaraz C.,Rune H.,,,,,16.0,18.0,32.0,24.0,5.0,8.0,10.0,11.0,1745458471.240576
bV4tFIPH,1745089800,Zverev A.,Marozsan F.,,,,,22.0,24.0,13.0,28.0,4.0,9.0,8.0,11.0,1745115411.79607
GCtQMSgo,1745080800,Cerundolo F.,Shelton B.,,,,,21.0,16.0,39.0,36.0,8.0,8.0,11.0,15.0,1745115408.678688
WKERvQQj,1745090100,Alcaraz C.,Fils A.,,,,,11.0,13.0,13.0,38.0,3.0,2.0,5.0,4.0,1745115405.206859
bJOHg4an,1745080800,Khachanov K.,Rune H.,,,,,5.0,20.0,17.0,13.0,5.0,5.0,12.0,5.0,1745115401.7131
jZC9rP5M,1745008200,Marozsan F.,Bergs Z.,,,,,21.0,14.0,27.0,32.0,13.0,5.0,19.0,8.0,1745115371.897692
tOXiaH0E,1744996800,Zverev A.,Griekspoor T.,,,,,37.0,37.0,35.0,48.0,24.0,23.0,29.0,30.0,1745115367.292636
SEnYEeo9,1744991100,Darderi L.,Shelton B.,,,,,12.0,28.0,18.0,17.0,7.0,5.0,13.0,8.0,1745115363.414016
lIlJVHY8,1744985400,Cerundolo F.,Goffin D.,,,,,17.0,7.0,26.0,27.0,2.0,1.0,3.0,4.0,1745115359.926584
dt1OP1i5,1745010900,Tsitsipas S.,Fils A.,,,,,1.0,4.0,3.0,4.0,0.0,0.0,1.0,0.0,1745115356.445592
zoyiiglf,1745003400,Alcaraz C.,De Minaur A.,,,,,16.0,10.0,34.0,33.0,8.0,10.0,8.0,15.0,1745115352.752552
29bUjm9m,1744993500,Rune H.,Ruud C.,,,,,15.0,14.0,20.0,29.0,3.0,7.0,3.0,11.0,1745115348.689958
6ZC5aS4s,1744985400,Khachanov K.,Davidovich Fokina A.,,,,,23.0,19.0,29.0,29.0,3.0,10.0,5.0,15.0,1745115344.972782
vJV8fovn,1744919700,Humbert U.,Marozsan F.,,,,,12.0,17.0,22.0,19.0,4.0,8.0,5.0,10.0,1745115320.805483
YyJSOiqH,1744914600,Bergs Z.,Dedura-Palomero D.,,,,,23.0,4.0,26.0,22.0,6.0,0.0,7.0,2.0,1745115317.14856
jwaEX8Er,1744908300,Cerundolo F.,Shevchenko A.,,,,,18.0,6.0,30.0,30.0,1.0,3.0,4.0,3.0,1745115313.389283
ljxUQYV1,1744899000,Goffin D.,Navone M.,,,,,18.0,17.0,45.0,38.0,7.0,4.0,8.0,6.0,1745115309.583802
I18HeoRp,1744922700,Fearnley J.,De Minaur A.,,,,,5.0,13.0,28.0,21.0,3.0,5.0,4.0,5.0,1745115305.650813
KMQFjCdf,1744917000,Alcaraz C.,Djere L.,,,,,,,17.0,27.0,4.0,5.0,4.0,5.0,1745115301.864959
fi7yNVDT,1744908000,Davidovich Fokina A.,Rublev A.,,,,,36.0,13.0,43.0,26.0,10.0,6.0,13.0,8.0,1745115298.377772
zLccc66t,1744899000,Munar J.,Khachanov K.,,,,,21.0,24.0,29.0,37.0,10.0,10.0,12.0,15.0,1745115294.439797
4bhQlId3,1744835100,Griekspoor T.,Hanfmann Y.,,,,,26.0,16.0,19.0,18.0,5.0,8.0,8.0,8.0,1745115280.672397
WxxzKZW0,1744829100,Zverev A.,Altmaier D.,,,,,14.0,9.0,22.0,24.0,14.0,4.0,15.0,7.0,1745115277.390857
O08RndRF,1744822800,Van De Zandschulp B.,Shelton B.,,,,,19.0,14.0,31.0,16.0,9.0,7.0,14.0,11.0,1745115273.602544
GGIjBB8s,1744812600,Darderi L.,Kecmanovic M.,,,,,34.0,29.0,44.0,40.0,1.0,8.0,3.0,11.0,1745115270.218434
8SdCn8lU,1744837500,Medjedovic H.,Ruud C.,,,,,37.0,19.0,44.0,29.0,4.0,5.0,6.0,8.0,1745115266.567936
AJN9KOC5,1744830600,Tsitsipas S.,Korda S.,,,,,15.0,16.0,30.0,34.0,4.0,7.0,5.0,12.0,1745115263.299456
MJ0Vj8Ab,1744818000,Rune H.,Baez S.,,,,,22.0,21.0,36.0,35.0,12.0,5.0,17.0,12.0,1745115259.6743
08fR8tWq,1744812900,Martinez P.,Fils A.,,,,,6.0,27.0,19.0,24.0,2.0,0.0,2.0,1.0,1745115255.905393
trKr34Dj,1744746900,Bergs Z.,Bublik A.,,,,,39.0,34.0,40.0,44.0,21.0,4.0,34.0,8.0,1744829759.349568
4lLY0YL0,1744746000,Navone M.,Auger-Aliassime F.,,,,,17.0,25.0,42.0,68.0,5.0,9.0,10.0,14.0,1744829755.868171
xILjL9gm,1744740900,Dedura-Palomero D.,Shapovalov D.,,,,,3.0,15.0,10.0,39.0,0.0,6.0,0.0,6.0,1744829752.182208
SMx3Aogc,1744739400,Humbert U.,Jarry N.,,,,,15.0,36.0,21.0,52.0,4.0,15.0,5.0,19.0,1744829748.70044
AoOtaCjD,1744736700,Cerundolo F.,Struff J-L.,,,,,14.0,3.0,13.0,22.0,0.0,1.0,1.0,3.0,1744829745.312798
OGp0nZ67,1744736400,Monfils G.,Shapovalov D.,,,,,,,,,,,,,1744829741.729913
Sz0wPozA,1744736400,Cobolli F.,Shevchenko A.,,,,,40.0,31.0,58.0,52.0,7.0,14.0,14.0,23.0,1744829738.255288
CE8I2ZZj,1744734000,Engel J.,Marozsan F.,,,,,19.0,14.0,26.0,14.0,2.0,2.0,2.0,2.0,1744829734.468025
4YAVamxh,1744725900,O'Connell C.,Darderi L.,,,,,28.0,43.0,24.0,24.0,12.0,9.0,17.0,14.0,1744829730.678942
GOnoAxaE,1744725900,Hanfmann Y.,Mensik J.,,,,,25.0,37.0,35.0,46.0,13.0,11.0,15.0,15.0,1744829727.196218
SbrQFscd,1744725900,Bautista-Agut R.,Van De Zandschulp B.,,,,,22.0,38.0,35.0,38.0,10.0,15.0,19.0,22.0,1744829723.510615
fygqjH7r,1744725600,Lehecka J.,Darderi L.,,,,,,,,,,,,,1744829719.818932
rBMTLlGG,1744752000,Wawrinka S.,Davidovich Fokina A.,,,,,4.0,14.0,30.0,22.0,1.0,3.0,3.0,3.0,1744829716.547204
ldTy4dYP,1744750200,Khachanov K.,Norrie C.,,,,,36.0,28.0,28.0,40.0,6.0,9.0,6.0,12.0,1744829712.860195
8tA8bzdm,1744744200,Alcaraz C.,Quinn E.,,,,,14.0,9.0,26.0,35.0,4.0,7.0,5.0,16.0,1744829709.291058
6sTsICZg,1744739100,Tiafoe F.,Munar J.,,,,,40.0,22.0,51.0,23.0,12.0,6.0,21.0,12.0,1744829705.897457
U7df7k1N,1744733100,Etcheverry T. M.,De Minaur A.,,,,,9.0,14.0,18.0,25.0,7.0,6.0,7.0,7.0,1744829702.211531
tf8GdEQa,1744732500,Djere L.,Rinderknech A.,,,,,29.0,18.0,29.0,38.0,6.0,10.0,6.0,15.0,1744829698.524165
CzhzDZAt,1744731600,Galan D. E.,Ruud C.,,,,,11.0,25.0,18.0,25.0,3.0,9.0,7.0,10.0,1744829694.837807
4QAxKSpT,1744726200,Tsitsipas S.,Opelka R.,,,,,6.0,13.0,9.0,35.0,2.0,4.0,3.0,10.0,1744829690.4346
0AB7E68j,1744726200,Carreno-Busta P.,Fils A.,,,,,15.0,35.0,15.0,29.0,5.0,7.0,6.0,9.0,1744829687.055838
K0erBDug,1744726200,Baez S.,Dzumhur D.,,,,,26.0,13.0,29.0,30.0,6.0,8.0,10.0,12.0,1744829683.369688
6LBUQ75c,1744662600,Tseng C. H.,Altmaier D.,,,,,15.0,30.0,28.0,35.0,8.0,19.0,10.0,24.0,1744829673.949708
8MRP2fil,1744661100,Zverev A.,Muller A.,,,,,27.0,11.0,24.0,19.0,10.0,4.0,14.0,6.0,1744829670.467608
fopIH3Sq,1744651500,Gojo B.,Shelton B.,,,,,40.0,34.0,28.0,31.0,14.0,19.0,17.0,27.0,1744829666.780584
z13oNP4M,1744645200,Harris B.,Goffin D.,,,,,26.0,26.0,51.0,36.0,5.0,9.0,8.0,10.0,1744829663.301074
Cjtf8GTQ,1744639800,Kecmanovic M.,Giron M.,,,,,35.0,55.0,33.0,43.0,8.0,14.0,12.0,15.0,1744829659.957894
McwC8QkT,1744639800,Griekspoor T.,Tien L.,,,,,23.0,7.0,27.0,21.0,10.0,2.0,11.0,3.0,1744829656.765721
21dilexe,1744635600,Tabilo A.,Altmaier D.,,,,,,,,,,,,,1744829653.46153
0zyB8PN9,1744635600,Bergs Z.,Halys Q.,,,,,,,,,,,,,1744829650.184266
0dOHfheC,1744668900,De Jong J.,Rublev A.,,,,,12.0,23.0,17.0,16.0,2.0,8.0,2.0,16.0,1744829646.709921
zoJLNAo4,1744661100,Rune H.,Ramos A.,,,,,27.0,15.0,29.0,33.0,2.0,5.0,3.0,12.0,1744829643.023709
8MRPhWPO,1744656900,Medjedovic H.,Mpetshi Perricard G.,,,,,42.0,25.0,20.0,22.0,9.0,7.0,11.0,13.0,1744829639.338686
dAp7uIeo,1744652700,Carballes Baena R.,Fearnley J.,,,,,11.0,33.0,21.0,36.0,1.0,9.0,4.0,19.0,1744829635.447469
h21VCgXo,1744648800,Arnaldi M.,Korda S.,,,,,18.0,32.0,17.0,32.0,4.0,11.0,5.0,14.0,1744829632.003215
vJPCPWGi,1744646400,Carballes Baena R.,Thompson J.,,,,,,,,,,,,,1744829628.873118
0S4wBX1b,1744639800,Martinez P.,Nakashima B.,,,,,26.0,39.0,43.0,51.0,11.0,19.0,17.0,21.0,1744829625.796636
Msgn9BWA,1744635600,Musetti L.,Munar J.,,,,,,,,,,,,,1744829622.335799
nPxR1TOp,1744635600,Machac T.,Tiafoe F.,,,,,,,,,,,,,1744829619.014058
0r5RfUUq,1744559400,Tseng C. H.,Harris B.,,,,,21.0,29.0,24.0,41.0,1.0,9.0,4.0,15.0,1744829608.167593
fchpxJJt,1744558800,Bublik A.,Dedura-Palomero D.,,,,,23.0,8.0,24.0,22.0,5.0,3.0,8.0,8.0,1744829604.117148
MFOKO5ll,1744553400,Tien L.,Van De Zandschulp B.,,,,,9.0,16.0,14.0,33.0,3.0,9.0,4.0,15.0,1744829600.414417
xdbXxSYH,1744553400,Gojo B.,Shevchenko A.,,,,,24.0,16.0,24.0,27.0,5.0,0.0,8.0,2.0,1744829597.138766
IFJ3giDL,1744557000,Musetti L.,Alcaraz C.,181.0,186.0,151.0,163.0,10.0,30.0,29.0,32.0,2.0,13.0,4.0,17.0,1744829593.927868
Iiozljht,1744573500,Coric B.,Quinn E.,,,,,16.0,27.0,31.0,37.0,7.0,10.0,10.0,17.0,1744829588.212294
6oorIFYO,1744565100,Medjedovic H.,Diallo G.,,,,,22.0,20.0,21.0,21.0,2.0,4.0,5.0,7.0,1744829584.393779
GKOMA3jI,1744564800,Dzumhur D.,Norrie C.,,,,,27.0,29.0,35.0,42.0,9.0,19.0,15.0,26.0,1744829580.695359
ELy7Bpj4,1744564200,De Jong J.,Rinderknech A.,,,,,26.0,15.0,10.0,32.0,6.0,8.0,10.0,16.0,1744829577.520333
pClwnyyh,1744557900,Rincon D.,Djere L.,,,,,12.0,20.0,29.0,29.0,6.0,5.0,8.0,7.0,1744829572.656234
IDvmXd2d,1744557900,Galan D. E.,Fearnley J.,,,,,11.0,29.0,17.0,48.0,3.0,6.0,11.0,8.0,1744829569.511288
CnIoHiYO,1744481400,Bublik A.,Ritschard A.,,,,,15.0,13.0,20.0,29.0,5.0,4.0,6.0,5.0,1744829537.204081
2Ht4ZYmg,1744480500,Dedura-Palomero D.,McDonald M.,,,,,21.0,10.0,13.0,23.0,3.0,4.0,4.0,8.0,1744829533.460183
8fLUKZYa,1744475400,Harris B.,Vukic A.,,,,,24.0,21.0,34.0,28.0,6.0,4.0,7.0,4.0,1744829529.611408
4MEwJD3C,1744474200,Tien L.,Squire H.,,,,,17.0,12.0,34.0,42.0,5.0,5.0,5.0,8.0,1744829526.259601
WERjSHtQ,1744473600,O'Connell C.,Tseng C. H.,,,,,18.0,18.0,35.0,18.0,11.0,4.0,14.0,7.0,1744829522.60697
48Z44ElJ,1744468800,Rehberg M. H.,Van De Zandschulp B.,,,,,8.0,17.0,21.0,20.0,6.0,8.0,7.0,9.0,1744829518.918857
zsNMMe4m,1744467300,Shevchenko A.,Hijikata R.,,,,,23.0,33.0,26.0,38.0,7.0,8.0,16.0,10.0,1744829515.621983
ns634whC,1744467300,Masur D.,Gojo B.,,,,,17.0,30.0,27.0,23.0,6.0,5.0,7.0,6.0,1744829512.246227
G0rdyeJt,1744466400,Bu Y.,Gojo B.,,,,,,,,,,,,,1744829508.674261
GQRnAIKs,1744483200,Musetti L.,De Minaur A.,188.0,203.0,141.0,158.0,20.0,23.0,43.0,45.0,9.0,18.0,11.0,23.0,1744829505.459543
YJaYqwE5,1744474200,Davidovich Fokina A.,Alcaraz C.,178.0,191.0,159.0,158.0,19.0,21.0,40.0,28.0,12.0,7.0,15.0,8.0,1744829502.126534
Ycd8M7R1,1744486200,Kovalik J.,Rinderknech A.,,,,,31.0,42.0,31.0,44.0,8.0,12.0,11.0,17.0,1744829498.439083
CjWmZPgA,1744485300,Quinn E.,Moutet C.,,,,,37.0,26.0,47.0,20.0,28.0,10.0,38.0,13.0,1744829494.790797
va3aOTdk,1744481100,Bellucci M.,Coric B.,,,,,14.0,17.0,28.0,22.0,1.0,3.0,6.0,6.0,1744829491.476866
A9Ek1Du3,1744478400,Harris L.,De Jong J.,,,,,20.0,22.0,35.0,15.0,12.0,14.0,21.0,18.0,1744829487.789211
CEEzQLGd,1744476300,Medjedovic H.,Dellien H.,,,,,43.0,24.0,44.0,32.0,8.0,8.0,19.0,9.0,1744829484.103055
KGZeX3OM,1744474500,Landaluce M.,Diallo G.,,,,,12.0,19.0,29.0,26.0,1.0,7.0,1.0,8.0,1744829480.352324
n1OKVB4F,1744473600,Navone M.,De Jong J.,,,,,,,,,,,,,1744829476.780022
QcjgDrXj,1744470900,Dzumhur D.,Alcala Gurri M.,,,,,36.0,10.0,30.0,19.0,24.0,5.0,30.0,8.0,1744829473.559737
jyruynPc,1744469700,Norrie C.,Gaston H.,,,,,17.0,12.0,18.0,21.0,9.0,3.0,12.0,5.0,1744829470.264642
Yo0grgzH,1744468800,Basilashvili N.,Galan D. E.,,,,,17.0,12.0,41.0,20.0,7.0,0.0,9.0,1.0,1744829467.058413
v1GSRsnp,1744468800,Ugo Carabelli C.,Galan D. E.,,,,,,,,,,,,,1744829463.51188
vyLCXXZ2,1744463100,Coria F.,Djere L.,,,,,4.0,19.0,10.0,28.0,0.0,7.0,4.0,10.0,1744829460.143087
WdYKVjmI,1744463100,Borg L.,Fearnley J.,,,,,11.0,40.0,31.0,37.0,7.0,7.0,12.0,8.0,1744829456.818735
8GCTTkZR,1744463100,Bonzi B.,Rincon D.,,,,,12.0,22.0,25.0,26.0,9.0,6.0,12.0,9.0,1744829453.387386
fa9gxCX8,1744400100,Musetti L.,Tsitsipas S.,177.0,200.0,145.0,160.0,21.0,25.0,17.0,15.0,9.0,19.0,11.0,28.0,1744460430.971054
GA1IcJan,1744395900,Dimitrov G.,De Minaur A.,194.0,204.0,164.0,159.0,1.0,7.0,23.0,8.0,0.0,1.0,2.0,1.0,1744460427.695776
SxDMstUq,1744386000,Fils A.,Alcaraz C.,190.0,189.0,155.0,163.0,23.0,18.0,53.0,41.0,8.0,3.0,13.0,6.0,1744460424.423028
zsotPUIt,1744380600,Davidovich Fokina A.,Popyrin A.,181.0,202.0,154.0,162.0,11.0,17.0,13.0,31.0,4.0,4.0,4.0,7.0,1744460421.349893
G0CC8tQc,1744318800,Tabilo A.,Dimitrov G.,183.0,203.0,146.0,168.0,15.0,26.0,23.0,16.0,6.0,8.0,15.0,10.0,1744406295.76553
S4u2TlGM,1744318800,Borges N.,Tsitsipas S.,191.0,201.0,155.0,161.0,3.0,21.0,22.0,23.0,3.0,5.0,6.0,5.0,1744406292.71624
CdZIqUR8,1744313100,Medvedev D.,De Minaur A.,198.0,202.0,143.0,153.0,9.0,15.0,27.0,21.0,3.0,9.0,6.0,10.0,1744406289.633772
4zpJO5T1,1744311900,Berrettini M.,Musetti L.,209.0,172.0,171.0,143.0,18.0,9.0,44.0,11.0,7.0,2.0,11.0,4.0,1744406286.617372
tQYobUef,1744305300,Altmaier D.,Alcaraz C.,183.0,196.0,151.0,158.0,5.0,16.0,29.0,33.0,3.0,11.0,8.0,15.0,1744406283.565256
M15WNIU8,1744301100,Popyrin A.,Ruud C.,204.0,184.0,170.0,166.0,48.0,36.0,45.0,37.0,23.0,21.0,27.0,25.0,1744406280.491805
Ikp6t5Ui,1744294200,Rublev A.,Fils A.,204.0,195.0,151.0,161.0,9.0,21.0,18.0,18.0,1.0,3.0,3.0,5.0,1744406277.420739
QPtKhVPi,1744294200,Draper J.,Davidovich Fokina A.,194.0,186.0,148.0,154.0,32.0,30.0,46.0,57.0,12.0,18.0,17.0,23.0,1744406274.348288
KEfyJ6qR,1744232100,Medvedev D.,Muller A.,198.0,182.0,148.0,147.0,28.0,30.0,47.0,47.0,13.0,9.0,17.0,14.0,1744406254.643409
0ClmdRKh,1744229700,Vacherot V.,Dimitrov G.,172.0,206.0,154.0,163.0,8.0,35.0,29.0,43.0,5.0,9.0,8.0,12.0,1744406251.617802
fqXorQ4m,1744225800,Tiafoe F.,Popyrin A.,195.0,195.0,146.0,159.0,22.0,27.0,20.0,37.0,5.0,7.0,9.0,12.0,1744406248.546624
WQk1lyDU,1744225500,Djokovic N.,Tabilo A.,192.0,194.0,156.0,147.0,18.0,16.0,29.0,16.0,6.0,6.0,8.0,11.0,1744406245.474452
CE834oJk,1744224600,Bautista-Agut R.,Ruud C.,184.0,192.0,152.0,164.0,8.0,24.0,25.0,10.0,6.0,5.0,9.0,8.0,1744406242.395328
drncY5rh,1744221000,Machac T.,De Minaur A.,193.0,203.0,157.0,157.0,24.0,28.0,40.0,24.0,10.0,5.0,12.0,7.0,1744406239.354735
xlt1HSKj,1744218600,Cerundolo F.,Alcaraz C.,188.0,196.0,154.0,163.0,11.0,19.0,31.0,31.0,1.0,8.0,7.0,11.0,1744406236.36096
8tGs9rT8,1744217100,Rublev A.,Monfils G.,198.0,199.0,150.0,159.0,22.0,20.0,27.0,28.0,8.0,3.0,10.0,3.0,1744406233.323626
6ejJBOgS,1744215600,Cobolli F.,Fils A.,183.0,198.0,153.0,158.0,12.0,13.0,23.0,17.0,3.0,8.0,6.0,9.0,1744406230.322964
KExAsRA7,1744207800,Lehecka J.,Musetti L.,209.0,181.0,174.0,157.0,25.0,24.0,51.0,27.0,16.0,8.0,23.0,11.0,1744406227.250003
4zpCA2jo,1744207800,Etcheverry T. M.,Davidovich Fokina A.,209.0,192.0,155.0,159.0,15.0,29.0,35.0,33.0,4.0,8.0,14.0,10.0,1744406224.226394
hnLBqM5j,1744207800,Borges N.,Martinez P.,192.0,172.0,155.0,139.0,49.0,28.0,66.0,41.0,15.0,12.0,20.0,22.0,1744406221.10511
tjI5Uken,1744207800,Altmaier D.,Gasquet R.,184.0,180.0,142.0,152.0,36.0,27.0,20.0,14.0,15.0,16.0,24.0,26.0,1744406218.033597
Y1nzEQGr,1744147200,Draper J.,Giron M.,202.0,187.0,161.0,152.0,21.0,9.0,17.0,14.0,7.0,2.0,10.0,4.0,1744406191.337722
IXp6IXB4,1744144200,Thompson J.,Tsitsipas S.,196.0,201.0,153.0,161.0,22.0,22.0,33.0,29.0,12.0,7.0,14.0,10.0,1744406188.339481
fFqpEhvK,1744142400,Tiafoe F.,Kecmanovic M.,193.0,189.0,140.0,150.0,52.0,29.0,46.0,32.0,13.0,9.0,23.0,16.0,1744406185.270819
p4bSQVNP,1744136400,Griekspoor T.,Fils A.,198.0,193.0,165.0,174.0,21.0,31.0,49.0,36.0,13.0,5.0,20.0,10.0,1744406182.198591
ruIX4l16,1744134900,Machac T.,Baez S.,196.0,169.0,160.0,144.0,32.0,17.0,49.0,32.0,14.0,3.0,16.0,4.0,1744406179.133718
b3tJwO8t,1744134300,Zverev A.,Berrettini M.,211.0,210.0,170.0,165.0,21.0,25.0,34.0,39.0,16.0,5.0,25.0,7.0,1744406176.018806
4YpSGuPO,1744132800,Etcheverry T. M.,Moutet C.,197.0,165.0,152.0,141.0,25.0,31.0,26.0,36.0,21.0,5.0,38.0,6.0,1744406172.988527
fcQyyqAt,1744130700,Lajovic D.,Cobolli F.,180.0,183.0,152.0,154.0,10.0,19.0,22.0,23.0,1.0,12.0,4.0,16.0,1744406169.628845
2LdbjknD,1744129200,Rune H.,Borges N.,191.0,194.0,155.0,155.0,7.0,13.0,15.0,10.0,2.0,0.0,3.0,0.0,1744406166.529972
MPTO6AWg,1744128900,Bautista-Agut R.,Nakashima B.,183.0,185.0,156.0,140.0,12.0,12.0,23.0,34.0,6.0,4.0,7.0,8.0,1744406163.458058
8OGIeP6e,1744121400,Sonego L.,Martinez P.,197.0,169.0,162.0,137.0,32.0,16.0,47.0,19.0,10.0,8.0,18.0,11.0,1744406160.38598
UeGu3SVI,1744121400,Popyrin A.,Humbert U.,198.0,198.0,168.0,160.0,24.0,34.0,50.0,46.0,18.0,6.0,29.0,6.0,1744406157.315183
KbrV4Tq9,1744121400,Jarry N.,Dimitrov G.,190.0,202.0,168.0,161.0,20.0,10.0,15.0,13.0,6.0,4.0,10.0,4.0,1744406154.146046
tEWw37EL,1744067100,Fognini F.,Cerundolo F.,178.0,188.0,150.0,163.0,11.0,10.0,35.0,18.0,6.0,2.0,7.0,5.0,1744406026.559705
EaQG8W1s,1744056600,Davidovich Fokina A.,Shelton B.,189.0,201.0,157.0,174.0,17.0,16.0,33.0,47.0,9.0,6.0,14.0,13.0,1744406023.489
8M3khBH0,1744055700,Medvedev D.,Khachanov K.,202.0,186.0,152.0,147.0,36.0,26.0,34.0,43.0,4.0,12.0,8.0,22.0,1744406020.421073
ldJpZMvg,1744050900,Muller A.,Ugo Carabelli C.,182.0,183.0,146.0,139.0,23.0,17.0,29.0,21.0,15.0,4.0,16.0,4.0,1744406017.345252
M9HhX095,1744048500,Navone M.,Berrettini M.,179.0,208.0,153.0,168.0,12.0,19.0,29.0,35.0,2.0,7.0,7.0,9.0,1744406014.244406
rJdJI1fC,1744044900,Bu Y.,Musetti L.,194.0,177.0,152.0,148.0,15.0,35.0,35.0,45.0,14.0,14.0,17.0,20.0,1744406011.14891
IyB1VvvI,1744042800,Auger-Aliassime F.,Altmaier D.,198.0,183.0,169.0,141.0,23.0,23.0,16.0,7.0,16.0,7.0,24.0,12.0,1744406008.128879
Q1E9TI8U,1744041300,Monfils G.,Marozsan F.,196.0,183.0,159.0,155.0,28.0,22.0,20.0,41.0,2.0,13.0,3.0,18.0,1744406005.057678
CdN9coxq,1744035000,Wawrinka S.,Tabilo A.,193.0,184.0,156.0,142.0,39.0,30.0,41.0,37.0,9.0,9.0,11.0,17.0,1744406001.985065
txFQg3y8,1744035000,Lehecka J.,Korda S.,201.0,196.0,171.0,158.0,17.0,15.0,22.0,26.0,6.0,7.0,9.0,11.0,1744405998.913905
0d0sfXnl,1744035000,Giron M.,Shapovalov D.,185.0,194.0,138.0,164.0,12.0,28.0,23.0,49.0,5.0,18.0,6.0,23.0,1744405995.842909
0ClVMLvn,1743399900,Mensik J.,Djokovic N.,166.0,166.0,140.0,145.0,29.0,22.0,22.0,20.0,5.0,5.0,8.0,5.0,1744049536.957363
8S6o0qX9,1743444000,Mayot H.,Herbert P.,,,,,12.0,26.0,19.0,24.0,6.0,14.0,9.0,16.0,1744049533.837851
SYEafulK,1743442800,Majchrzak K.,Nagal S.,,,,,29.0,13.0,17.0,25.0,14.0,3.0,16.0,6.0,1744049530.790407
2u71j2C5,1743437400,Coria F.,Hemery C.,,,,,11.0,12.0,6.0,20.0,2.0,10.0,2.0,13.0,1744049527.726089
hOb7TBq4,1743437400,Cerundolo J. M.,Droguet T.,,,,,25.0,17.0,30.0,28.0,12.0,12.0,16.0,17.0,1744049524.668007
Wp07LtoC,1743459600,Vukic A.,Dellien H.,192.0,174.0,151.0,148.0,46.0,26.0,59.0,30.0,12.0,11.0,16.0,14.0,1744049521.413964
O6HQ8316,1743453600,Fognini F.,Collignon R.,182.0,201.0,152.0,167.0,14.0,10.0,30.0,21.0,7.0,10.0,9.0,10.0,1744049518.326498
jZCu3YUp,1743445200,Carballes Baena R.,Baadi T.,171.0,162.0,142.0,147.0,21.0,24.0,30.0,48.0,9.0,10.0,10.0,16.0,1744049514.919249
MoTMQXHN,1743473100,Daniel T.,Brooksby J.,,,,,12.0,22.0,22.0,16.0,3.0,5.0,8.0,7.0,1744049511.775568
MoB37RM8,1743466200,Garin C.,Ritschard A.,,,,,24.0,16.0,17.0,25.0,8.0,8.0,9.0,14.0,1744049508.527591
8GGUWGFF,1743437400,Skatov T.,Albot R.,,,,,19.0,22.0,19.0,37.0,1.0,7.0,4.0,11.0,1744049505.387117
08bWJbC7,1743432600,Blanchet U.,Misolic F.,,,,,20.0,18.0,27.0,5.0,2.0,5.0,9.0,7.0,1744049502.237636
WvFr46OE,1743426600,Vacherot V.,Preda L.,,,,,26.0,12.0,25.0,23.0,8.0,1.0,8.0,4.0,1744049498.899285
UqKWiBgm,1743426600,Klizan M.,Gueymard Wayenburg S.,,,,,31.0,39.0,33.0,59.0,10.0,9.0,16.0,17.0,1744049495.646879
0jm0pgq1,1743448200,Van De Zandschulp B.,Gasquet R.,191.0,189.0,154.0,160.0,27.0,26.0,24.0,17.0,13.0,12.0,18.0,19.0,1744049492.515212
zRfEgcME,1743440100,Basavareddy N.,Jianu F. C.,186.0,167.0,155.0,158.0,24.0,13.0,30.0,14.0,7.0,12.0,8.0,14.0,1744049489.278973
KICRVgU7,1743436800,Marozsan F.,Dzumhur D.,,,,,,,,,,,,,1744049486.161062
ribMiyiR,1743432000,Djere L.,Navone M.,194.0,185.0,154.0,153.0,12.0,19.0,24.0,7.0,3.0,4.0,9.0,6.0,1744049482.888219
bixVdhKr,1743636600,Collignon R.,Borges N.,204.0,193.0,159.0,156.0,24.0,43.0,30.0,43.0,9.0,10.0,17.0,10.0,1744049352.861354
ANs071Mr,1743630600,Carballes Baena R.,Virtanen O.,172.0,190.0,141.0,164.0,11.0,22.0,14.0,33.0,9.0,3.0,12.0,8.0,1744049349.598103
2m1fccHO,1743624600,De Jong J.,Majchrzak K.,177.0,184.0,150.0,138.0,10.0,21.0,30.0,25.0,4.0,7.0,7.0,10.0,1744049346.505143
AePDVyxS,1743617100,Muller A.,Dellien H.,184.0,183.0,148.0,157.0,29.0,23.0,34.0,54.0,6.0,13.0,8.0,14.0,1744049343.415316
WMHKUpOP,1743610200,Kopriva V.,Gojo B.,166.0,207.0,142.0,150.0,12.0,24.0,27.0,56.0,2.0,2.0,4.0,2.0,1744049340.204235
OKdaN2Ga,1743610200,Darderi L.,Boyer T.,187.0,177.0,161.0,142.0,14.0,20.0,25.0,36.0,6.0,15.0,7.0,18.0,1744049337.067591
CY2DyTzp,1743650100,Smith C.,Quinn E.,,,,,13.0,13.0,15.0,18.0,4.0,5.0,4.0,7.0,1744049333.959255
CjGSf1OM,1743639000,Tabilo A.,Brooksby J.,,,,,23.0,32.0,52.0,33.0,14.0,16.0,20.0,23.0,1744049330.921954
fZy6UFIb,1743580800,Nishikori K.,Krueger M.,,,,,0.0,3.0,4.0,0.0,1.0,2.0,3.0,2.0,1744049327.669261
UBEB55iL,1743572700,Hijikata R.,Eubanks C.,,,,,2.0,4.0,1.0,3.0,1.0,0.0,2.0,1.0,1744049324.57507
M9gjbNqe,1743561900,Quinn E.,Thompson J.,,,,,15.0,6.0,25.0,16.0,3.0,2.0,4.0,5.0,1744049321.30286
b7rcWyln,1743560100,Smith C.,Duckworth J.,,,,,17.0,13.0,12.0,27.0,2.0,5.0,3.0,10.0,1744049318.173266
dEMjoH4m,1743614100,Comesana F.,Bautista-Agut R.,189.0,181.0,163.0,155.0,41.0,30.0,26.0,24.0,13.0,19.0,16.0,28.0,1744049315.070597
h0dtyxoe,1743605700,Gasquet R.,Cobolli F.,184.0,192.0,153.0,157.0,12.0,33.0,33.0,45.0,3.0,4.0,8.0,8.0,1744049312.007827
SMUKJ1yP,1743599400,Ugo Carabelli C.,Misolic F.,183.0,176.0,151.0,138.0,9.0,18.0,8.0,7.0,1.0,7.0,3.0,10.0,1744049308.620551
Qs05Q5an,1743720600,Kopriva V.,Sonego L.,167.0,194.0,135.0,156.0,21.0,24.0,35.0,40.0,5.0,13.0,8.0,21.0,1744049294.061614
WnyUeffe,1743712800,Darderi L.,Gaston H.,183.0,177.0,158.0,137.0,23.0,26.0,36.0,31.0,13.0,10.0,23.0,10.0,1744049290.778811
CEbRB5k1,1743702900,Griekspoor T.,Carreno-Busta P.,200.0,184.0,168.0,147.0,48.0,22.0,42.0,22.0,21.0,7.0,24.0,7.0,1744049287.714822
CjdnWT4s,1743696600,Herbert P.,Bellucci M.,191.0,180.0,159.0,156.0,13.0,19.0,28.0,15.0,9.0,6.0,18.0,9.0,1744049284.352256
GQaa4wSp,1743731100,Nishikori K.,Eubanks C.,,,,,6.0,9.0,9.0,8.0,0.0,2.0,1.0,2.0,1744049281.054264
xKSAdzCG,1743725400,McDonald M.,Nakashima B.,,,,,14.0,24.0,17.0,20.0,3.0,4.0,5.0,5.0,1744049277.587455
GdUgBB0s,1743667200,Denolly C.,Kovacevic A.,,,,,11.0,26.0,25.0,28.0,5.0,6.0,8.0,9.0,1744049274.50174
2svk1rp3,1743656400,Paul T.,Garin C.,,,,,34.0,26.0,47.0,26.0,16.0,10.0,28.0,14.0,1744049271.235998
jcDBIVO6,1743719100,Wawrinka S.,Martinez P.,189.0,171.0,154.0,139.0,26.0,26.0,49.0,38.0,6.0,11.0,13.0,14.0,1744049265.001023
2uBFKO95,1743708600,Dzumhur D.,Jianu F. C.,164.0,168.0,142.0,136.0,38.0,30.0,31.0,47.0,12.0,21.0,16.0,33.0,1744049261.696439
Kp9TiwUO,1743698100,Fucsovics M.,Navone M.,185.0,183.0,159.0,149.0,27.0,15.0,32.0,41.0,17.0,10.0,20.0,11.0,1744049258.609789
Gp6nvA6e,1743694800,Jarry N.,O'Connell C.,199.0,186.0,163.0,146.0,35.0,18.0,63.0,26.0,25.0,6.0,29.0,10.0,1744049255.348843
IayZp8A4,1743694800,Baez S.,Diallo G.,173.0,203.0,147.0,180.0,6.0,29.0,23.0,61.0,2.0,6.0,4.0,11.0,1744049252.235732
tCHpfxn3,1743804600,Muller A.,Majchrzak K.,188.0,188.0,154.0,154.0,20.0,20.0,42.0,24.0,5.0,10.0,9.0,14.0,1744049238.042428
hCtiSCHq,1743798600,Griekspoor T.,Bellucci M.,194.0,187.0,159.0,165.0,15.0,15.0,21.0,35.0,9.0,3.0,13.0,5.0,1744049234.5784
YmcYCVuo,1743790800,Darderi L.,Kopriva V.,185.0,172.0,145.0,138.0,13.0,31.0,27.0,42.0,2.0,9.0,8.0,12.0,1744049231.505328
0QiMlK3m,1743783000,Carballes Baena R.,Borges N.,174.0,193.0,141.0,154.0,10.0,31.0,22.0,48.0,3.0,9.0,3.0,11.0,1744049228.246259
GtA4Y38L,1743820500,Eubanks C.,Nakashima B.,,,,,10.0,15.0,30.0,17.0,5.0,5.0,6.0,6.0,1744049225.168849
SSswFjit,1743814200,Paul T.,Smith C.,,,,,23.0,13.0,19.0,31.0,11.0,4.0,14.0,6.0,1744049222.095279
YLOa80yH,1743804600,Brooksby J.,Kovacevic A.,,,,,26.0,24.0,27.0,45.0,11.0,12.0,14.0,15.0,1744049219.02191
jZAWxfvm,1743746400,Michelsen A.,Mannarino A.,,,,,21.0,24.0,45.0,44.0,8.0,8.0,13.0,12.0,1744049215.911376
negM3W1n,1743739800,Walton A.,Tiafoe F.,,,,,14.0,34.0,20.0,21.0,2.0,9.0,7.0,11.0,1744049212.854582
fa3xecKa,1743795600,Dzumhur D.,Martinez P.,164.0,179.0,140.0,143.0,18.0,9.0,9.0,20.0,2.0,4.0,6.0,11.0,1744049209.641291
O0dtBWb6,1743787800,Misolic F.,Cobolli F.,174.0,191.0,146.0,158.0,19.0,16.0,38.0,37.0,6.0,6.0,8.0,9.0,1744049206.481749
lYn04n3e,1743778200,Baez S.,Comesana F.,171.0,191.0,143.0,165.0,27.0,27.0,35.0,52.0,8.0,14.0,12.0,22.0,1744049203.258972
x4jr7gSi,1743772200,O'Connell C.,Fucsovics M.,187.0,188.0,146.0,157.0,16.0,26.0,19.0,12.0,6.0,8.0,12.0,11.0,1744049200.195188
IaTMCNtf,1743890400,Norrie C.,Bellucci M.,,,,,22.0,38.0,29.0,38.0,11.0,6.0,20.0,8.0,1744049185.933837
joDtXiS8,1743888300,Bergs Z.,Marozsan F.,,,,,11.0,20.0,23.0,22.0,2.0,6.0,7.0,10.0,1744049182.756606
lM6CdBjd,1743883200,Lajovic D.,Bublik A.,,,,,19.0,25.0,28.0,44.0,11.0,9.0,14.0,15.0,1744049179.584157
zwVg9lz2,1743882600,Comesana F.,Djere L.,,,,,10.0,16.0,13.0,9.0,8.0,8.0,12.0,8.0,1744049176.475007
xrm7IhDF,1743879900,Bonzi B.,Ramos A.,,,,,22.0,9.0,51.0,32.0,8.0,3.0,11.0,6.0,1744049173.332486
jRtUA1B6,1743876000,Budkov Kjaer N.,Bu Y.,,,,,11.0,13.0,30.0,22.0,1.0,4.0,2.0,5.0,1744049170.268002
ngzw9utJ,1743873000,Nardi L.,Rinderknech A.,,,,,11.0,16.0,27.0,32.0,0.0,10.0,0.0,16.0,1744049167.196297
p8jFGWsS,1743872700,Goffin D.,Hanfmann Y.,,,,,29.0,26.0,49.0,52.0,5.0,8.0,11.0,16.0,1744049164.086065
6Pc9GV2M,1743869400,Navone M.,Tseng C. H.,,,,,17.0,5.0,23.0,27.0,6.0,1.0,8.0,5.0,1744049161.015408
2PWoBA5k,1743869400,Navone M.,Van De Zandschulp B.,,,,,,,,,,,,,1744049157.926389
GSbbKEr3,1743869400,Gojo B.,Medjedovic H.,,,,,21.0,21.0,34.0,15.0,7.0,5.0,12.0,5.0,1744049154.907009
Ym5u4gbM,1743867600,Herbert P.,Vukic A.,,,,,27.0,20.0,11.0,16.0,11.0,5.0,15.0,9.0,1744049151.612752
vmNOWrYP,1743862200,Ugo Carabelli C.,Gaston H.,,,,,9.0,16.0,17.0,31.0,3.0,4.0,4.0,9.0,1744049148.534099
UJjBbXLq,1743862200,Munar J.,Altmaier D.,,,,,25.0,44.0,29.0,49.0,15.0,29.0,19.0,39.0,1744049145.358997
dpuEEqCs,1743862200,Diallo G.,Moutet C.,,,,,32.0,29.0,54.0,22.0,28.0,4.0,54.0,7.0,1744049142.285955
IkYPVH5M,1743879600,Griekspoor T.,Majchrzak K.,201.0,184.0,165.0,148.0,27.0,23.0,12.0,8.0,8.0,7.0,13.0,9.0,1744049138.818611
WpKmjUHl,1743873000,Carballes Baena R.,Darderi L.,176.0,195.0,143.0,148.0,5.0,22.0,23.0,29.0,7.0,8.0,10.0,10.0,1744049135.724921
GCzNUad2,1743894600,Paul T.,Brooksby J.,,,,,36.0,20.0,54.0,32.0,15.0,12.0,22.0,16.0,1744049132.258486
dAQt7hkR,1743835500,Michelsen A.,Tiafoe F.,,,,,20.0,21.0,32.0,19.0,4.0,9.0,6.0,10.0,1744049129.186062
d2ME4TWs,1743873000,Cobolli F.,Dzumhur D.,187.0,166.0,156.0,148.0,20.0,8.0,8.0,8.0,5.0,3.0,9.0,3.0,1744049122.94639
pxv5pjSq,1743865800,Baez S.,Fucsovics M.,172.0,187.0,143.0,158.0,9.0,15.0,24.0,37.0,4.0,3.0,8.0,4.0,1744049119.624641
G27vvOB7,1743960000,Marozsan F.,Bellucci M.,,,,,18.0,16.0,13.0,23.0,8.0,4.0,11.0,8.0,1744049105.54386
hlrjKMMt,1743959100,Djere L.,Lajovic D.,,,,,16.0,9.0,42.0,25.0,1.0,2.0,6.0,5.0,1744049102.488698
vX2QtsZH,1743956100,Ramos A.,Bu Y.,,,,,15.0,20.0,27.0,14.0,2.0,6.0,4.0,6.0,1744049099.256271
Myt5aXSN,1743952200,Ugo Carabelli C.,Medjedovic H.,,,,,24.0,31.0,10.0,12.0,3.0,4.0,6.0,10.0,1744049096.141793
bJp1Jnyf,1743948900,Navone M.,Rinderknech A.,,,,,18.0,22.0,20.0,66.0,3.0,13.0,6.0,21.0,1744049092.686913
WpOsWPKa,1743948600,Goffin D.,Moutet C.,,,,,32.0,26.0,73.0,54.0,34.0,13.0,56.0,19.0,1744049089.58946
zLsc1gbB,1743948600,Altmaier D.,Herbert P.,,,,,25.0,25.0,21.0,35.0,8.0,20.0,12.0,25.0,1744049086.283644
GOOAagPQ,1743972600,Thompson J.,Mpetshi Perricard G.,195.0,217.0,152.0,179.0,15.0,24.0,18.0,34.0,7.0,4.0,9.0,7.0,1744049083.243281
tzpbL9om,1743962400,Struff J-L.,Vacherot V.,193.0,202.0,161.0,168.0,11.0,17.0,25.0,10.0,3.0,4.0,4.0,4.0,1744049079.985128
8bL21FfE,1743962400,Arnaldi M.,Gasquet R.,193.0,188.0,158.0,158.0,35.0,32.0,53.0,28.0,16.0,15.0,26.0,19.0,1744049076.895777
AiB9pPZh,1743966600,Griekspoor T.,Darderi L.,201.0,191.0,164.0,151.0,39.0,26.0,30.0,27.0,17.0,9.0,23.0,12.0,1744049073.680453
QPQ5iiR9,1743987900,Brooksby J.,Tiafoe F.,,,,,25.0,16.0,17.0,26.0,5.0,9.0,10.0,12.0,1744049070.546498
Iyqzuax0,1743922200,Nakashima B.,Tiafoe F.,,,,,18.0,26.0,27.0,17.0,5.0,7.0,14.0,10.0,1744049067.415997
IRDBCvO9,1743955800,Baez S.,Cobolli F.,166.0,191.0,144.0,154.0,18.0,14.0,32.0,37.0,6.0,11.0,7.0,17.0,1744049064.363162
Y7cugXCG,1743542400,Cerundolo J. M.,Gaston H.,177.0,167.0,136.0,139.0,29.0,38.0,43.0,48.0,17.0,18.0,30.0,21.0,1743605351.561729
thqWdFDi,1743541200,Coria F.,Herbert P.,160.0,195.0,145.0,159.0,10.0,39.0,31.0,54.0,3.0,25.0,4.0,33.0,1743605348.499551
2iTHAPWg,1743537000,Carreno-Busta P.,Lalami Laaroussi Y.,183.0,195.0,145.0,150.0,15.0,11.0,11.0,30.0,9.0,5.0,11.0,5.0,1743605345.243902
dWaRQyNi,1743533700,Kotov P.,Bellucci M.,184.0,194.0,138.0,160.0,11.0,26.0,21.0,27.0,4.0,5.0,7.0,7.0,1743605342.171505
E5svegr4,1743530700,Majchrzak K.,Munar J.,187.0,203.0,141.0,159.0,17.0,16.0,24.0,37.0,6.0,2.0,7.0,4.0,1743605338.89383
Sh3jPOom,1743523800,Benchetrit E.,De Jong J.,194.0,185.0,151.0,154.0,19.0,21.0,38.0,15.0,10.0,8.0,15.0,8.0,1743605335.817055
WWKY6sWI,1743523800,Altmaier D.,Virtanen O.,,,,,19.0,22.0,33.0,38.0,8.0,11.0,15.0,19.0,1743605332.334424
tC9id1E7,1743552900,Mmoh M.,Walton A.,,,,,17.0,18.0,29.0,27.0,2.0,4.0,5.0,8.0,1743605322.901841
8I1wK46E,1743552600,Galan D. E.,McDonald M.,,,,,29.0,29.0,42.0,29.0,6.0,4.0,9.0,6.0,1743605319.684197
jqYx4W9D,1743545400,Hanfmann Y.,Mannarino A.,,,,,28.0,18.0,0.0,17.0,7.0,5.0,11.0,9.0,1743605316.652237
UXknIryR,1743545400,Hanfmann Y.,Moreno De Alboran N.,,,,,,,,,,,,,1743605313.401505
lder0qFr,1743486000,Kovacevic A.,Etcheverry T. M.,,,,,27.0,16.0,26.0,12.0,13.0,3.0,13.0,3.0,1743605310.404784
0WvESgmB,1743483000,Holt B.,Denolly C.,,,,,32.0,45.0,26.0,43.0,9.0,11.0,15.0,15.0,1743605307.27504
0GtICMbl,1743480600,Michelsen A.,Tien L.,,,,,27.0,11.0,17.0,17.0,3.0,5.0,3.0,8.0,1743605304.173636
x80ocOiT,1743535200,Wawrinka S.,Skatov T.,190.0,184.0,151.0,150.0,50.0,29.0,30.0,23.0,10.0,12.0,15.0,16.0,1743605298.029956
n5EJXFae,1743526800,Diallo G.,Tseng C. H.,201.0,179.0,179.0,141.0,39.0,13.0,42.0,21.0,13.0,3.0,19.0,3.0,1743605294.604917
GhCxapNG,1743523800,Klizan M.,Comesana F.,175.0,191.0,145.0,164.0,32.0,34.0,43.0,40.0,20.0,11.0,33.0,16.0,1743605291.557806
lCTf6z6K,1743523500,Bu Y.,Bautista-Agut R.,190.0,179.0,147.0,151.0,41.0,34.0,44.0,43.0,13.0,13.0,18.0,20.0,1743605288.195728
dW5suPVp,1743520200,Ugo Carabelli C.,Albot R.,173.0,170.0,144.0,140.0,10.0,16.0,10.0,46.0,3.0,9.0,5.0,11.0,1743605285.116882
lQhT2SNi,1743518400,Shevchenko A.,Misolic F.,175.0,180.0,143.0,150.0,10.0,18.0,30.0,24.0,2.0,3.0,7.0,3.0,1743605281.714127
SOZhnFEl,1743518400,Nardi L.,Fucsovics M.,193.0,183.0,158.0,151.0,4.0,14.0,29.0,14.0,2.0,2.0,6.0,2.0,1743605278.615414
8S8U06h4,1743513000,Vacherot V.,Dzumhur D.,190.0,165.0,156.0,143.0,14.0,29.0,27.0,19.0,9.0,2.0,17.0,3.0,1743605275.297594
dIt9rXDD,1743512700,Lajovic D.,O'Connell C.,177.0,187.0,149.0,153.0,20.0,21.0,28.0,21.0,9.0,6.0,17.0,10.0,1743605272.224551
vyVYeLXo,1743363600,Rocha H.,Herbert P.,,,,,35.0,37.0,40.0,42.0,4.0,20.0,7.0,27.0,1743381432.75838
b1TMpePp,1743363000,Mayot H.,Karatsev A.,,,,,12.0,12.0,15.0,24.0,1.0,2.0,1.0,4.0,1743381429.484219
GtQcjH1N,1743361500,Jamji A.,Nagal S.,,,,,14.0,11.0,43.0,17.0,1.0,1.0,1.0,3.0,1743381426.205411
rTRkhwXA,1743357300,Majchrzak K.,Trungelliti M.,,,,,19.0,18.0,21.0,31.0,9.0,4.0,11.0,6.0,1743381422.936853
EF01HVGL,1743356400,Droguet T.,Guinard M.,,,,,13.0,27.0,20.0,31.0,5.0,10.0,7.0,12.0,1743381419.662532
fmDP4GGG,1743356400,Droguet T.,Koepfer D.,,,,,,,,,,,,,1743381416.575667
nN9H6xn4,1743356400,Cerundolo J. M.,Bennani K.,,,,,20.0,4.0,19.0,25.0,1.0,0.0,1.0,5.0,1743381413.515586
n1Ytfa2b,1743351000,Hemery C.,Moro Canas A.,,,,,14.0,12.0,7.0,9.0,5.0,3.0,9.0,5.0,1743381410.23703
Q7L88bHi,1743351000,Coria F.,Zeppieri G.,,,,,11.0,10.0,15.0,29.0,1.0,2.0,3.0,5.0,1743381406.9597
vmNNaGbf,1743380700,Draxl L.,Smith C.,,,,,11.0,32.0,24.0,32.0,7.0,13.0,7.0,18.0,1743381403.473602
lW7DHW6D,1743375000,Krueger M.,Zahraj P.,,,,,28.0,32.0,19.0,30.0,10.0,5.0,13.0,7.0,1743381400.317564
pbDVwSf3,1743369000,Mannarino A.,Denolly C.,,,,,38.0,42.0,48.0,47.0,9.0,12.0,12.0,16.0,1743381396.913761
2HjIPuUF,1743369000,Brooksby J.,Maloney P.,,,,,14.0,12.0,13.0,27.0,4.0,2.0,5.0,4.0,1743381393.641151
0IsMflw3,1743312600,Zhu E.,Smith C.,,,,,2.0,16.0,23.0,18.0,5.0,3.0,10.0,4.0,1743381390.569442
fVJjAFnJ,1743306900,Draxl L.,Grant W.,,,,,12.0,13.0,11.0,0.0,3.0,10.0,5.0,13.0,1743381387.291825
Y56RY6Gq,1743306900,Draxl L.,Ayeni A.,,,,,,,,,,,,,1743381384.009112
2NFevThM,1743305400,Krueger M.,Kodat T.,,,,,18.0,19.0,23.0,21.0,11.0,5.0,16.0,8.0,1743381380.731273
fLfzXpod,1743301500,Corwin F.,Zahraj P.,,,,,14.0,17.0,28.0,37.0,4.0,8.0,4.0,11.0,1743381377.462278
6DquZr8r,1743356400,Martineau M.,Misolic F.,,,,,21.0,23.0,31.0,29.0,8.0,13.0,13.0,13.0,1743381373.974189
YuVzrJZF,1743354900,Blanchet U.,Cretu C.,,,,,19.0,21.0,28.0,26.0,12.0,5.0,13.0,10.0,1743381370.707366
Y3DNYEd2,1743348600,Skatov T.,Prihodko O.,,,,,13.0,23.0,20.0,42.0,2.0,3.0,3.0,6.0,1743381367.214833
EF40tRF8,1743347700,Andreescu S. A.,Albot R.,,,,,23.0,29.0,47.0,46.0,3.0,9.0,9.0,12.0,1743381363.940929
CQtSqu53,1743345600,Basilashvili N.,Vacherot V.,,,,,30.0,21.0,26.0,11.0,3.0,3.0,6.0,4.0,1743381360.459033
Mu88v5pL,1743339600,Ymer E.,Gueymard Wayenburg S.,,,,,20.0,24.0,26.0,40.0,6.0,6.0,9.0,10.0,1743381357.28161
t6Yrtc4S,1743339600,Preda L.,Dellien Velasco M. A.,,,,,15.0,5.0,18.0,28.0,4.0,1.0,6.0,3.0,1743381354.104016
0jFFzySk,1743339600,Landaluce M.,Klizan M.,,,,,24.0,20.0,42.0,29.0,4.0,7.0,6.0,9.0,1743381350.832724
jVxuUy4l,1743221400,Mensik J.,Fritz T.,204.0,198.0,156.0,171.0,40.0,39.0,37.0,34.0,6.0,13.0,9.0,16.0,1743354585.735003
UcZxi6xS,1743295500,Gomez F. A.,Brooksby J.,,,,,40.0,27.0,58.0,32.0,4.0,9.0,5.0,13.0,1743354567.510667
lrG9op0k,1743293700,Maloney P.,Andrade A.,,,,,22.0,24.0,25.0,32.0,10.0,6.0,15.0,9.0,1743354563.654324
dpyVhS7F,1743287100,Mannarino A.,Nakagawa N.,,,,,17.0,27.0,28.0,44.0,1.0,2.0,2.0,4.0,1743354559.756796
6eMntkO9,1743286800,Denolly C.,Trotter J. K.,,,,,21.0,26.0,19.0,36.0,3.0,10.0,6.0,14.0,1743354555.742024
ARHHTJwe,1743207300,Djokovic N.,Dimitrov G.,190.0,198.0,150.0,168.0,10.0,14.0,5.0,32.0,1.0,6.0,2.0,7.0,1743354540.496213
fkKOpUrf,1743135000,Fritz T.,Berrettini M.,202.0,208.0,163.0,167.0,38.0,41.0,25.0,35.0,9.0,7.0,13.0,11.0,1743354536.801091
SKB2uZ6E,1743122100,Korda S.,Djokovic N.,196.0,192.0,148.0,152.0,19.0,19.0,20.0,18.0,4.0,4.0,5.0,5.0,1743163105.731865
COXgdWgt,1743109800,Fils A.,Mensik J.,195.0,206.0,165.0,152.0,19.0,26.0,19.0,23.0,6.0,4.0,8.0,4.0,1743163102.05694
IJyaLF46,1742615700,Bublik A.,Paul T.,204.0,204.0,200.0,198.0,42.0,39.0,48.0,27.0,7.0,9.0,13.0,15.0,1743162805.905461
MgcwV40T,1742614500,Korda S.,Spizzirri E.,195.0,193.0,176.0,175.0,20.0,10.0,30.0,19.0,5.0,2.0,5.0,3.0,1743162802.220801
YusrosXp,1742611500,Nakashima B.,Carballes Baena R.,188.0,185.0,173.0,159.0,40.0,25.0,36.0,28.0,15.0,9.0,20.0,10.0,1743162798.534552
pdpDs8Qh,1742604600,Moutet C.,Tabilo A.,,,,,,,,,,,,,1743162794.84615
famxHfED,1742600700,Hijikata R.,Djokovic N.,,,,,16.0,19.0,22.0,11.0,7.0,4.0,13.0,6.0,1743162791.157156
bezX2T4N,1742596200,Monfils G.,Lehecka J.,,,,,31.0,37.0,22.0,47.0,3.0,22.0,6.0,32.0,1743162787.881757
r7bEBcme,1742595300,Tseng C. H.,Tsitsipas S.,178.0,199.0,177.0,176.0,24.0,32.0,25.0,39.0,14.0,7.0,17.0,12.0,1743162784.198869
dSm1iweA,1742594700,Medvedev D.,Munar J.,187.0,207.0,175.0,169.0,14.0,18.0,31.0,14.0,9.0,8.0,15.0,8.0,1743162780.511801
fXdnSD8F,1742594400,Michelsen A.,Ugo Carabelli C.,189.0,199.0,174.0,180.0,35.0,26.0,46.0,24.0,20.0,12.0,28.0,13.0,1743162776.828665
UmC8RzJc,1742589300,Kyrgios N.,Khachanov K.,,,,,22.0,15.0,28.0,12.0,3.0,4.0,5.0,7.0,1743162773.145875
d2Q0xNcl,1742584200,Schoolkate T.,Auger-Aliassime F.,189.0,208.0,184.0,201.0,11.0,26.0,28.0,16.0,5.0,14.0,10.0,14.0,1743162769.253383
6PDffoAb,1742584200,Ruud C.,Kecmanovic M.,,,,,44.0,30.0,38.0,24.0,8.0,9.0,10.0,15.0,1743162765.563226
hhUoM9Hb,1742584200,Musetti L.,Halys Q.,,,,,33.0,45.0,27.0,48.0,12.0,17.0,16.0,24.0,1743162761.876482
hE5f0UqI,1742584200,Dimitrov G.,Cina F.,195.0,197.0,171.0,161.0,21.0,17.0,17.0,24.0,5.0,8.0,5.0,11.0,1743162758.185423
hWnpt0q3,1742527200,Bautista-Agut R.,Mensik J.,181.0,204.0,164.0,198.0,20.0,39.0,27.0,32.0,6.0,10.0,8.0,13.0,1743162754.50912
MBv1xIrS,1742526600,Fonseca J.,Tien L.,204.0,181.0,186.0,175.0,43.0,31.0,40.0,35.0,19.0,9.0,28.0,13.0,1743162750.817729
CEC9vqtI,1742699400,Davidovich Fokina A.,Tiafoe F.,189.0,200.0,184.0,185.0,14.0,22.0,31.0,26.0,6.0,10.0,9.0,16.0,1743162735.248895
EsJY3wgo,1742697900,Berrettini M.,Gaston H.,218.0,177.0,201.0,162.0,33.0,19.0,30.0,23.0,18.0,14.0,28.0,17.0,1743162731.564272
SxHz6j5k,1742697900,Bergs Z.,Rublev A.,,,,,25.0,15.0,24.0,33.0,7.0,7.0,9.0,8.0,1743162728.080654
U9DqJ5lL,1742690400,Fonseca J.,Humbert U.,,,,,16.0,11.0,10.0,21.0,,,,,1743162724.42398
YZJr4UZ1,1742689500,Rune H.,Opelka R.,,,,,17.0,44.0,24.0,41.0,3.0,7.0,4.0,11.0,1743162721.005515
xfJxCBJt,1742685300,Popyrin A.,Safiullin R.,194.0,195.0,191.0,189.0,42.0,40.0,42.0,23.0,10.0,10.0,18.0,14.0,1743162716.210017
pMwtapck,1742684100,Mensik J.,Draper J.,212.0,195.0,188.0,188.0,44.0,27.0,25.0,28.0,7.0,5.0,8.0,6.0,1743162712.746293
6m0ncMMH,1742679600,Tirante T. A.,Shapovalov D.,,,,,29.0,21.0,42.0,45.0,6.0,15.0,6.0,23.0,1743162709.32805
4l91t5B5,1742678400,Thompson J.,Mpetshi Perricard G.,,,,,25.0,27.0,12.0,30.0,12.0,9.0,15.0,20.0,1743162705.850635
6ZAg8TI5,1742676900,Arnaldi M.,Machac T.,184.0,202.0,186.0,185.0,27.0,27.0,28.0,32.0,7.0,12.0,9.0,14.0,1743162702.411421
CCkKgU3C,1742676000,Fritz T.,Sonego L.,203.0,201.0,183.0,183.0,23.0,24.0,16.0,26.0,15.0,12.0,16.0,18.0,1743162698.978276
8hz4BCsS,1742674200,Zverev A.,Fearnley J.,206.0,198.0,196.0,187.0,27.0,11.0,22.0,23.0,2.0,2.0,5.0,6.0,1743162695.511886
KG5CawKk,1742670000,Wong C.,Shelton B.,,,,,37.0,47.0,33.0,30.0,12.0,12.0,19.0,15.0,1743162692.034198
MHmCpcoA,1742670000,Walton A.,Darderi L.,195.0,184.0,166.0,181.0,30.0,23.0,17.0,22.0,11.0,11.0,13.0,14.0,1743162688.350395
OrZzQ97r,1742670000,Hurkacz H.,Darderi L.,,,,,,,,,,,,,1743162684.559322
nHMjl5vA,1742619300,Goffin D.,Alcaraz C.,177.0,201.0,163.0,179.0,23.0,36.0,26.0,42.0,11.0,12.0,17.0,20.0,1743162681.192016
SYGBtMth,1742616300,Cerundolo F.,Muller A.,,,,,22.0,7.0,16.0,21.0,8.0,7.0,10.0,9.0,1743162677.504317
fsODt66c,1742784900,Munar J.,Monfils G.,195.0,191.0,161.0,161.0,38.0,31.0,34.0,30.0,18.0,7.0,29.0,8.0,1743162651.085582
bBvgRT1n,1742775300,Ugo Carabelli C.,Djokovic N.,170.0,155.0,145.0,129.0,15.0,18.0,19.0,20.0,3.0,9.0,4.0,12.0,1743162647.281666
6TFQEogK,1742775000,Nakashima B.,Goffin D.,188.0,180.0,164.0,149.0,35.0,27.0,29.0,42.0,12.0,18.0,15.0,25.0,1743162643.705847
jLFZodJG,1742768400,Korda S.,Tsitsipas S.,196.0,202.0,169.0,176.0,22.0,16.0,20.0,27.0,13.0,4.0,20.0,4.0,1743162639.995162
827sjq46,1742765400,Musetti L.,Auger-Aliassime F.,184.0,203.0,162.0,176.0,19.0,25.0,26.0,51.0,9.0,13.0,11.0,22.0,1743162636.533729
n9f94rJa,1742757300,Dimitrov G.,Khachanov K.,203.0,194.0,170.0,161.0,46.0,24.0,41.0,31.0,24.0,2.0,26.0,2.0,1743162632.91229
0tn1D6sJ,1742706300,Fils A.,Diallo G.,201.0,209.0,169.0,185.0,12.0,12.0,13.0,16.0,5.0,4.0,5.0,7.0,1743162629.296469
djCZ13Ka,1742705100,De Minaur A.,Bu Y.,202.0,201.0,166.0,160.0,24.0,13.0,13.0,22.0,2.0,7.0,2.0,10.0,1743162625.688811
OjyXvfcC,1742871900,De Minaur A.,Fonseca J.,,,,,22.0,20.0,27.0,43.0,10.0,9.0,14.0,15.0,1743162599.46737
dpyULaYq,1742871600,Berrettini M.,Bergs Z.,215.0,189.0,176.0,176.0,15.0,16.0,21.0,35.0,6.0,7.0,10.0,16.0,1743162595.891003
AotipkZi,1742859600,Fils A.,Tiafoe F.,201.0,201.0,172.0,157.0,45.0,31.0,46.0,49.0,7.0,12.0,10.0,21.0,1743162592.448501
AotPBWH5,1742853300,Safiullin R.,Mensik J.,194.0,207.0,163.0,173.0,25.0,21.0,15.0,6.0,3.0,4.0,5.0,6.0,1743162588.88153
fsU0QMDF,1742853000,Fritz T.,Shapovalov D.,202.0,195.0,176.0,165.0,16.0,18.0,13.0,29.0,4.0,7.0,5.0,9.0,1743162585.131697
02s556Ja,1742847300,Zverev A.,Thompson J.,212.0,192.0,176.0,166.0,22.0,19.0,18.0,21.0,9.0,10.0,12.0,15.0,1743162581.448315
Wj9NSQcs,1742843400,Walton A.,Wong C.,193.0,199.0,166.0,179.0,31.0,48.0,33.0,40.0,5.0,10.0,9.0,14.0,1743162577.768521
vcd7okMj,1742843400,Opelka R.,Machac T.,208.0,191.0,189.0,168.0,30.0,11.0,16.0,5.0,4.0,1.0,7.0,3.0,1743162574.071385
Kbxp289E,1742797200,Cerundolo F.,Paul T.,191.0,197.0,152.0,161.0,15.0,13.0,11.0,10.0,6.0,6.0,8.0,9.0,1743162570.502299
4U0IMuj5,1742789400,Ruud C.,Tabilo A.,193.0,189.0,170.0,155.0,33.0,24.0,24.0,22.0,9.0,7.0,13.0,12.0,1743162566.808335
phWkfwle,1742960700,Fritz T.,Walton A.,,,,,,,,,,,,,1743162548.055335
Qqez08KG,1742958000,Machac T.,Mensik J.,,,,,,,,,,,,,1743162544.573101
lhTwyrn2,1742956800,De Minaur A.,Berrettini M.,199.0,214.0,194.0,193.0,17.0,19.0,27.0,32.0,6.0,8.0,8.0,11.0,1743162540.895452
OhGugwdd,1742956500,Musetti L.,Djokovic N.,196.0,195.0,176.0,172.0,10.0,18.0,19.0,17.0,3.0,10.0,6.0,11.0,1743162537.219402
x4tujHwA,1742936400,Ruud C.,Cerundolo F.,,,,,7.0,21.0,18.0,17.0,2.0,11.0,6.0,12.0,1743162533.523576
MetJjZBU,1742933700,Monfils G.,Korda S.,,,,,17.0,18.0,27.0,38.0,3.0,9.0,4.0,9.0,1743162529.944317
tjjUw1io,1742929800,Dimitrov G.,Nakashima B.,,,,,28.0,14.0,18.0,12.0,5.0,1.0,6.0,3.0,1743162526.250805
xIyRBlUQ,1743039600,Cerundolo F.,Dimitrov G.,192.0,200.0,166.0,166.0,31.0,30.0,43.0,46.0,2.0,14.0,6.0,18.0,1743162503.516633
hpjLmieR,1743030900,Zverev A.,Fils A.,210.0,204.0,186.0,176.0,14.0,25.0,26.0,35.0,5.0,9.0,8.0,10.0,1743162499.835676
old_16,1742518200,Sonego L.,Navone M.,,,,,23.0,9.0,40.0,29.0,10.0,5.0,15.0,7.0,1743105600.905461
old_18,1742519400,Safiullin R.,Brooksby J.,193.0,187.0,180.0,161.0,33.0,33.0,39.0,26.0,8.0,6.0,17.0,7.0,1743105600.905461
old_11,1742507700,Bu Y.,Norrie C.,,,,,20.0,17.0,16.0,30.0,1.0,5.0,3.0,8.0,1743105600.905461
old_14,1742512800,Diallo G.,Etcheverry T. M.,,,,,16.0,4.0,27.0,16.0,12.0,3.0,17.0,5.0,1743105600.905461
old_13,1742509800,Thompson J.,Giron M.,197.0,194.0,183.0,172.0,32.0,26.0,36.0,41.0,10.0,5.0,16.0,9.0,1743105600.905461
old_17,1742519400,Arnaldi M.,Wu Y.,,,,,31.0,23.0,38.0,47.0,10.0,11.0,11.0,15.0,1743105600.905461
old_19,1742526600,Fonseca J.,Tien L.,204.0,181.0,186.0,175.0,43.0,31.0,40.0,35.0,19.0,9.0,28.0,13.0,1743105600.905461
old_1,1742437500,Muller A.,Sakamoto R.,182.0,193.0,152.0,160.0,11.0,16.0,19.0,42.0,2.0,5.0,3.0,9.0,1743105600.905461
old_4,1742445600,Seyboth Wild T.,Halys Q.,194.0,200.0,169.0,160.0,20.0,29.0,18.0,21.0,4.0,8.0,5.0,10.0,1743105600.905461
old_9,1742503500,Gaston H.,Nishioka Y.,175.0,177.0,191.0,180.0,12.0,15.0,15.0,29.0,2.0,6.0,4.0,13.0,1743105600.905461
old_10,1742505600,Wong C.,Altmaier D.,189.0,184.0,197.0,159.0,21.0,16.0,13.0,19.0,12.0,1.0,12.0,2.0,1743105600.905461
old_7,1742497800,Tirante T. A.,Cobolli F.,206.0,193.0,175.0,173.0,26.0,17.0,26.0,41.0,3.0,10.0,6.0,12.0,1743105600.905461
old_3,1742445300,Spizzirri E.,Harris B.,190.0,195.0,161.0,158.0,24.0,27.0,34.0,41.0,8.0,5.0,10.0,6.0,1743105600.905461
old_20,1742527200,Bautista-Agut R.,Mensik J.,181.0,204.0,164.0,198.0,20.0,39.0,27.0,32.0,6.0,10.0,8.0,13.0,1743105600.905461
old_5,1742497500,Bergs Z.,Borges N.,188.0,196.0,180.0,204.0,33.0,25.0,39.0,34.0,13.0,3.0,19.0,7.0,1743105600.905461
old_2,1742438100,Rinderknech A.,Munar J.,201.0,199.0,171.0,164.0,30.0,19.0,39.0,15.0,9.0,5.0,15.0,9.0,1743105600.905461
old_8,1742501400,Eubanks C.,Opelka R.,,,,,16.0,32.0,19.0,17.0,9.0,4.0,12.0,5.0,1743105600.905461
old_15,1742512800,Struff J-L.,Davidovich Fokina A.,202.0,183.0,180.0,156.0,27.0,22.0,35.0,19.0,5.0,4.0,12.0,5.0,1743105600.905461
old_12,1742507700,Martinez P.,Darderi L.,160.0,191.0,155.0,172.0,9.0,17.0,14.0,12.0,4.0,4.0,7.0,7.0,1743105600.905461
old_6,1742497800,Bonzi B.,Fearnley J.,187.0,194.0,197.0,185.0,21.0,32.0,30.0,42.0,8.0,12.0,14.0,16.0,1743105600.905461
