ID1_G,ID2_G,ID_T_G,ID_R_G,RESULT_G,DATE_G
1,2,1,4,"6-4 6-1",
3,4,1,4,"6-2 6-2",
5,6,1,4,"6-3 6-4",
7,8,1,4,"6-1 6-0",
9,10,1,4,"6-4 4-6 11-9",
11,12,1,4,"5-7 6-2 10-2",
13,14,1,4,"6-2 6-2",
15,16,1,4,"7-6(5) 6-4",
17,18,1,4,"6-4 6-2",
19,20,1,4,"6-1 6-4",
21,22,1,4,"6-2 7-6(0)",
23,24,1,4,"6-4 6-3",
25,26,1,4,"3-6 6-1 10-3",
27,28,1,4,"6-4 4-6 10-3",
29,30,1,4,"6-1 6-7(1) 10-6",
31,32,1,4,"6-4 6-4",
1,3,1,5,"w/o",
5,7,1,5,"2-6 7-5 10-5",
9,11,1,5,"w/o",
13,15,1,5,"6-4 6-7(0) 10-5",
17,19,1,5,"6-2 7-6(6)",
21,23,1,5,"6-0 7-6(2)",
27,25,1,5,"7-5 6-3",
31,29,1,5,"6-3 6-2",
1,5,1,9,"5-7 6-4 10-6",
13,9,1,9,"4-6 6-3 10-7",
17,21,1,9,"3-6 6-3 10-7",
31,27,1,9,"6-1 6-2",
13,1,1,10,"3-6 6-4 10-7",
17,31,1,10,"3-6 6-4 10-6",
17,13,1,12,"6-3 6-2",
24,33,2,4,"6-2 2-6 6-4",
34,35,2,4,"6-3 6-1",
36,37,2,4,"3-6 7-5 6-2",
38,18,2,4,"6-3 6-2",
39,40,2,4,"6-4 6-7(7) 6-4",
41,42,2,4,"7-5 2-6 6-4",
26,43,2,4,"6-7(3) 6-1 6-1",
17,44,2,4,"6-4 6-1",
45,46,2,4,"7-6(2) 5-7 6-2",
47,48,2,4,"3-6 6-3 6-4",
49,50,2,4,"6-3 3-6 6-3",
31,51,2,4,"6-1 5-7 6-3",
21,2,2,4,"7-6(8) 7-5",
52,53,2,4,"6-1 6-0",
54,55,2,4,"6-2 4-6 6-3",
1,56,2,4,"7-5 5-7 6-4",
24,34,2,5,"6-2 6-0",
36,38,2,5,"6-2 7-5",
41,39,2,5,"6-3 7-6(2)",
17,26,2,5,"7-6(8) 6-7(5) 6-1",
45,47,2,5,"6-7(3) 6-4 6-4",
31,49,2,5,"6-4 4-6 6-2",
21,52,2,5,"7-5 6-2",
1,54,2,5,"6-2 1-6 6-1",
24,36,2,9,"6-2 6-1",
41,17,2,9,"5-7 7-6(5) 6-3",
45,31,2,9,"5-7 6-3 6-4",
21,1,2,9,"6-2 6-3",
41,24,2,10,"6-3 6-3",
45,21,2,10,"3-6 6-3 6-4",
45,41,2,12,"6-3 6-3",
57,58,3,4,"6-3 7-5",
59,60,3,4,"7-6(4) 7-6(2)",
19,61,3,4,"7-5 6-2",
62,63,3,4,"6-2 6-2",
64,65,3,4,"7-6(5) 6-2",
66,67,3,4,"6-7(2) 6-4 9-7",
68,69,3,4,"6-1 6-1",
70,41,3,4,"4-6 7-6(2) 7-5",
17,71,3,4,"w/o",
72,73,3,4,"6-3 7-6(3)",
74,75,3,4,"6-3 6-4",
36,76,3,4,"6-1 6-2",
26,1,3,4,"6-2 4-6 6-2",
77,78,3,4,"6-4 6-4",
79,80,3,4,"7-6(3) 6-3",
39,81,3,4,"6-2 3-6 9-7",
82,83,3,4,"6-3 6-7(5) 6-4",
84,85,3,4,"4-6 6-3 9-7",
86,87,3,4,"7-5 6-2",
88,13,3,4,"2-6 7-6(2) 6-4",
89,90,3,4,"6-1 6-1",
91,92,3,4,"6-3 6-4",
93,94,3,4,"6-4 6-4",
31,95,3,4,"6-3 6-4",
48,96,3,4,"6-2 6-4",
97,98,3,4,"6-4 7-6(5)",
99,100,3,4,"4-6 6-4 6-2",
21,101,3,4,"6-1 6-1",
102,103,3,4,"6-2 6-3",
104,105,3,4,"6-7(7) 6-2 9-7",
106,107,3,4,"4-6 7-6(4) 6-4",
56,108,3,4,"7-5 6-3",
57,59,3,5,"6-4 6-0",
62,19,3,5,"6-2 6-2",
66,64,3,5,"3-6 6-4 6-3",
68,70,3,5,"6-7(5) 7-5 6-1",
17,72,3,5,"6-7(8) 6-3 6-4",
74,36,3,5,"6-3 4-1 ret.",
26,77,3,5,"6-3 7-6(2)",
39,79,3,5,"4-6 7-5 6-3",
82,84,3,5,"3-6 6-4 6-2",
88,86,3,5,"w/o",
91,89,3,5,"6-2 6-1",
31,93,3,5,"7-5 6-4",
48,97,3,5,"6-3 6-4",
21,99,3,5,"6-4 6-4",
102,104,3,5,"7-6(3) 4-6 8-6",
56,106,3,5,"7-6(4) 6-3",
62,57,3,6,"6-4 6-3",
68,66,3,6,"6-2 7-6(7)",
17,74,3,6,"7-5 6-3",
39,26,3,6,"w/o",
82,88,3,6,"7-5 6-4",
31,91,3,6,"6-2 7-5",
21,48,3,6,"3-6 6-2 6-3",
56,102,3,6,"7-5 6-3",
62,68,3,9,"6-3 7-5",
17,39,3,9,"7-6(4) 4-6 6-4",
31,82,3,9,"6-4 6-2",
56,21,3,9,"4-6 6-3 6-4",
17,62,3,10,"6-3 3-6 6-2",
31,56,3,10,"6-4 1-6 6-3",
31,17,3,12,"6-2 1-6 6-1",
109,2,4,4,"7-6(4) 7-5",
62,110,4,4,"6-2 6-3",
111,42,4,4,"7-6(5) 6-4",
41,112,4,4,"7-6(2) 6-4",
17,113,4,4,"6-3 6-2",
21,114,4,4,"6-2 6-3",
115,116,4,4,"2-6 7-6(7) 10-8",
56,93,4,4,"6-4 6-4",
117,118,4,4,"6-4 7-5",
119,120,4,4,"6-3 3-6 10-7",
121,122,4,4,"6-4 6-1",
31,123,4,4,"4-6 6-3 10-7",
45,102,4,4,"6-4 6-4",
124,125,4,4,"6-4 7-5",
99,126,4,4,"4-6 6-2 10-6",
7,14,4,4,"6-4 6-2",
62,109,4,5,"7-6(5) 6-4",
41,111,4,5,"7-5 4-6 10-8",
21,17,4,5,"w/o",
56,115,4,5,"7-6(5) 6-2",
117,119,4,5,"6-2 6-4",
121,31,4,5,"6-4 6-7(5) 10-4",
45,124,4,5,"6-4 6-2",
7,99,4,5,"6-2 6-3",
62,41,4,9,"6-3 1-6 12-10",
21,56,4,9,"6-2 6-0",
121,117,4,9,"4-6 7-6(5) 12-10",
7,45,4,9,"6-3 6-4",
21,62,4,10,"6-4 3-6 10-4",
7,121,4,10,"6-3 6-3",
7,21,4,12,"7-6(9) 7-6(1)",
66,127,5,4,"6-2 5-7 10-7",
26,128,5,4,"6-2 7-5",
129,21,5,4,"4-6 6-4 10-5",
17,130,5,4,"6-1 ret.",
131,132,5,4,"7-6(1) 7-6(4)",
109,12,5,4,"6-3 7-5",
133,134,5,4,"7-6(7) 3-6 10-7",
135,136,5,4,"6-2 6-2",
137,138,5,4,"7-5 6-4",
139,140,5,4,"6-4 6-2",
141,142,5,4,"2-6 6-3 10-7",
143,144,5,4,"6-2 7-6(4)",
145,45,5,4,"6-3 6-4",
62,146,5,4,"6-4 6-2",
147,1,5,4,"6-4 7-6(5)",
7,148,5,4,"6-4 6-1",
66,26,5,5,"6-4 1-6 10-7",
17,129,5,5,"2-6 6-3 10-4",
109,131,5,5,"6-2 6-4",
135,133,5,5,"7-6(6) 1-6 10-3",
137,139,5,5,"w/o",
143,141,5,5,"6-2 6-3",
62,145,5,5,"6-2 6-2",
147,7,5,5,"7-6(3) 6-4",
17,66,5,9,"7-6(1) 7-6(3)",
109,135,5,9,"6-4 6-3",
143,137,5,9,"6-4 6-4",
147,62,5,9,"6-3 6-2",
109,17,5,10,"6-3 6-1",
147,143,5,10,"6-4 6-2",
109,147,5,12,"6-4 7-5",
149,150,6,4,"6-1 6-3",
151,152,6,4,"6-2 6-2",
21,66,6,4,"6-3 6-2",
153,143,6,4,"7-5 2-6 6-3",
31,154,6,4,"6-4 6-2",
155,33,6,4,"4-6 6-3 6-1",
156,157,6,4,"1-6 7-6(5) 6-4",
109,158,6,4,"6-1 6-3",
159,160,6,4,"6-1 ret.",
161,162,6,4,"5-7 6-1 6-4",
163,62,6,4,"6-4 6-0",
45,164,6,4,"6-4 3-6 6-1",
165,166,6,4,"6-3 6-4",
167,168,6,4,"6-1 7-5",
169,17,6,4,"6-3 7-6(4)",
7,170,6,4,"6-3 6-2",
149,151,6,5,"5-7 7-5 6-0",
21,153,6,5,"4-6 7-5 6-1",
31,155,6,5,"7-6(5) 3-6 6-3",
156,109,6,5,"7-6(5) 6-2",
161,159,6,5,"3-6 6-3 6-4",
45,163,6,5,"6-3 3-6 6-4",
167,165,6,5,"4-6 7-5 6-2",
7,169,6,5,"4-6 6-0 6-2",
149,21,6,9,"6-4 6-3",
31,156,6,9,"6-4 6-3",
45,161,6,9,"6-3 6-3",
7,167,6,9,"6-2 6-1",
31,149,6,10,"7-5 3-6 6-2",
7,45,6,10,"6-3 6-4",
7,31,6,12,"6-3 6-4",
171,172,7,4,"6-2 6-1",
173,65,7,4,"6-4 6-3",
174,175,7,4,"6-4 6-2",
176,177,7,4,"6-2 7-6(5)",
178,179,7,4,"5-7 6-2 6-4",
180,66,7,4,"6-3 6-4",
181,182,7,4,"6-4 6-1",
17,140,7,4,"5-3 ret.",
183,184,7,4,"6-3 6-2",
185,69,7,4,"6-2 6-2",
58,80,7,4,"6-4 7-6(2)",
186,187,7,4,"6-4 6-3",
188,189,7,4,"6-3 6-4",
190,191,7,4,"6-0 6-3",
192,74,7,4,"6-4 6-4",
45,193,7,4,"6-4 6-2",
194,143,7,4,"7-6(6) 7-5",
195,196,7,4,"6-2 6-2",
197,198,7,4,"2-6 7-5 6-4",
199,200,7,4,"6-4 6-3",
62,163,7,4,"7-6(11) 7-5",
88,138,7,4,"7-5 6-7(4) 7-5",
104,201,7,4,"3-6 7-5 6-3",
202,203,7,4,"6-3 4-6 6-4",
109,204,7,4,"6-4 6-4",
205,206,7,4,"6-2 6-3",
144,207,7,4,"6-3 7-6(3)",
26,208,7,4,"6-7(5) 6-4 7-5",
209,210,7,4,"6-2 6-2",
211,212,7,4,"2-6 6-4 6-4",
213,214,7,4,"7-6(4) 3-6 7-5",
7,215,7,4,"6-3 7-6(4)",
171,173,7,5,"6-4 6-7(2) 6-1",
174,176,7,5,"w/o",
178,180,7,5,"6-2 6-3",
17,181,7,5,"6-4 6-2",
185,183,7,5,"7-5 6-7(4) 6-4",
58,186,7,5,"6-3 6-2",
190,188,7,5,"w/o",
45,192,7,5,"6-4 6-1",
194,195,7,5,"7-5 6-4",
199,197,7,5,"7-6(15) 6-0",
62,88,7,5,"6-3 6-4",
202,104,7,5,"6-3 6-1",
109,205,7,5,"6-0 6-1",
144,26,7,5,"6-4 4-6 9-7",
209,211,7,5,"6-2 6-4",
7,213,7,5,"7-5 7-5",
174,171,7,6,"6-3 6-4",
178,17,7,6,"6-2 6-4",
185,58,7,6,"2-6 6-4 6-4",
190,45,7,6,"7-5 7-6(5)",
199,194,7,6,"w/o",
202,62,7,6,"7-5 6-3",
109,144,7,6,"6-4 6-2",
7,209,7,6,"7-5 7-5",
178,174,7,9,"5-7 7-6(2) 8-6",
185,190,7,9,"7-6(5) 3-6 6-3",
199,202,7,9,"6-4 7-5",
109,7,7,9,"5-7 7-6(3) 6-4",
185,178,7,10,"6-2 6-3",
109,199,7,10,"7-5 6-4",
109,185,7,12,"6-3 6-3",
171,163,8,4,"6-7(7) 6-4 10-6",
155,216,8,4,"6-3 6-2",
217,218,8,4,"5-7 6-3 10-5",
219,220,8,4,"6-4 6-4",
221,222,8,4,"6-1 6-2",
223,224,8,4,"5-7 6-4 10-5",
143,225,8,4,"6-3 6-3",
21,226,8,4,"6-3 7-6(6)",
227,17,8,4,"6-4 7-5",
228,229,8,4,"6-2 6-4",
230,231,8,4,"7-6(6) 2-6 10-8",
232,121,8,4,"6-0 7-5",
45,151,8,4,"7-5 6-0",
233,234,8,4,"6-3 7-6(6)",
137,235,8,4,"2-6 7-5 10-7",
7,157,8,4,"6-3 7-5",
155,171,8,5,"w/o",
219,217,8,5,"6-3 3-6 10-5",
221,223,8,5,"w/o",
21,143,8,5,"4-6 6-3 10-6",
227,228,8,5,"7-5 6-3",
230,232,8,5,"6-1 6-7(5) 10-8",
45,233,8,5,"4-6 7-6(5) 10-5",
7,137,8,5,"6-0 6-1",
219,155,8,9,"7-5 6-4",
21,221,8,9,"2-6 6-2 10-7",
227,230,8,9,"6-1 6-1",
45,7,8,9,"7-6(4) 6-2",
21,219,8,10,"6-1 6-3",
227,45,8,10,"7-6(2) 7-6(5)",
21,227,8,12,"5-7 7-5 10-5",
221,208,9,4,"6-4 6-7(0) 10-2",
219,236,9,4,"6-3 6-2",
237,238,9,4,"7-5 7-6(5)",
45,21,9,4,"7-6(4) 6-3",
109,239,9,4,"6-3 7-6(3)",
240,241,9,4,"6-2 6-4",
242,228,9,4,"6-3 6-1",
243,244,9,4,"6-1 6-2",
245,227,9,4,"7-5 6-2",
246,247,9,4,"6-3 4-6 10-8",
248,62,9,4,"5-7 6-4 10-3",
249,2,9,4,"6-4 1-6 10-8",
250,251,9,4,"6-3 6-4",
252,97,9,4,"7-6(2) 7-6(6)",
253,225,9,4,"6-2 7-5",
254,31,9,4,"7-6(5) 4-6 10-8",
221,219,9,5,"w/o",
237,45,9,5,"6-3 5-7 10-5",
109,240,9,5,"w/o",
242,243,9,5,"3-6 7-5 10-1",
246,245,9,5,"7-6(4) 6-3",
248,249,9,5,"w/o",
250,252,9,5,"6-2 6-3",
253,254,9,5,"3-6 6-2 10-5",
237,221,9,9,"6-7(6) 6-3 10-5",
109,242,9,9,"6-3 3-6 10-7",
246,248,9,9,"w/o",
253,250,9,9,"6-2 6-4",
109,237,9,10,"6-4 6-4",
253,246,9,10,"6-3 7-6(6)",
253,109,9,12,"6-1 7-6(3)",
255,31,10,4,"7-5 6-3",
251,219,10,4,"6-4 6-7(2) 6-3",
256,257,10,4,"6-4 6-0",
258,252,10,4,"7-6(5) 6-4",
45,259,10,4,"7-6(4) 6-2",
260,261,10,4,"6-3 6-1",
262,263,10,4,"6-1 6-3",
194,49,10,4,"6-3 6-4",
264,265,10,4,"6-0 3-6 6-2",
21,266,10,4,"6-1 6-4",
253,267,10,4,"6-2 6-3",
268,7,10,4,"6-2 7-5",
109,269,10,4,"6-3 6-2",
240,239,10,4,"6-0 6-2",
270,228,10,4,"6-1 7-6(6)",
221,237,10,4,"6-3 6-4",
251,255,10,5,"5-7 6-4 6-3",
258,256,10,5,"6-1 6-4",
45,260,10,5,"6-3 6-2",
194,262,10,5,"w/o",
21,264,10,5,"7-6(3) 7-5",
253,268,10,5,"7-6(3) 6-4",
240,109,10,5,"7-5 7-5",
270,221,10,5,"7-5 6-3",
258,251,10,9,"6-3 6-4",
45,194,10,9,"6-2 6-4",
253,21,10,9,"3-6 7-5 7-5",
270,240,10,9,"6-2 6-2",
45,258,10,10,"6-2 6-0",
270,253,10,10,"7-5 3-6 6-1",
270,45,10,12,"6-3 6-4",
271,257,11,4,"7-6(2) 6-4",
272,273,11,4,"7-5 5-7 7-5",
274,275,11,4,"7-5 6-2",
276,277,11,4,"6-4 6-3",
278,279,11,4,"2-6 6-2 6-2",
185,280,11,4,"6-3 6-4",
245,281,11,4,"6-3 6-4",
17,24,11,4,"6-2 7-6(3)",
282,283,11,4,"6-2 6-2",
284,254,11,4,"7-5 4-6 6-3",
285,286,11,4,"6-4 6-2",
287,288,11,4,"6-4 6-0",
289,247,11,4,"6-4 6-2",
290,291,11,4,"6-4 6-4",
292,293,11,4,"6-1 6-3",
62,294,11,4,"6-2 7-6(0)",
31,271,11,5,"6-3 7-6(5)",
227,272,11,5,"6-2 6-2",
274,295,11,5,"4-6 6-3 6-4",
296,276,11,5,"6-4 6-2",
278,7,11,5,"3-6 6-4 6-4",
185,228,11,5,"6-4 6-4",
109,245,11,5,"6-1 6-3",
45,17,11,5,"6-4 6-2",
297,282,11,5,"6-4 6-2",
237,284,11,5,"3-6 7-6(3) 9-7",
298,285,11,5,"6-3 7-5",
299,287,11,5,"w/o",
300,289,11,5,"6-3 6-2",
219,290,11,5,"6-3 6-4",
292,240,11,5,"7-6(4) 7-5",
62,221,11,5,"6-3 6-2",
31,227,11,6,"6-3 7-6(3)",
296,274,11,6,"6-2 6-3",
278,185,11,6,"7-6(4) 3-6 6-4",
45,109,11,6,"7-6(7) 6-7(5) 13-11",
297,237,11,6,"6-4 6-4",
299,298,11,6,"6-2 4-6 6-2",
300,219,11,6,"4-6 7-6(5) 6-4",
292,62,11,6,"6-4 6-4",
296,31,11,9,"6-2 6-4",
45,278,11,9,"6-4 7-6(4)",
297,299,11,9,"6-4 5-7 6-3",
300,292,11,9,"6-1 6-4",
45,296,11,10,"7-5 7-5",
300,297,11,10,"6-4 7-6(3)",
45,300,11,12,"3-6 7-6(8) 6-4",
301,302,12,4,"6-4 6-3",
303,237,12,4,"1-6 6-4 10-7",
304,305,12,4,"6-3 6-2",
306,219,12,4,"6-4 6-7(4) 10-6",
307,209,12,4,"6-3 6-4",
308,309,12,4,"6-2 4-6 10-7",
310,311,12,4,"6-4 6-7(3) 10-8",
312,313,12,4,"6-2 6-4",
314,315,12,4,"7-5 6-4",
316,317,12,4,"6-4 6-4",
300,318,12,4,"6-4 6-1",
319,320,12,4,"6-4 6-2",
109,321,12,4,"6-1 7-6(5)",
322,228,12,4,"4-6 6-3 10-6",
323,324,12,4,"6-4 6-4",
45,325,12,4,"6-4 6-2",
301,303,12,5,"6-3 6-2",
304,306,12,5,"3-6 6-0 10-6",
307,308,12,5,"7-6(7) 6-4",
310,312,12,5,"6-2 7-6(5)",
314,316,12,5,"6-1 6-4",
300,319,12,5,"7-6(1) 7-6(3)",
109,322,12,5,"6-3 6-4",
323,45,12,5,"6-3 7-6(4)",
301,304,12,9,"7-5 6-2",
307,310,12,9,"6-4 6-3",
300,314,12,9,"7-6(7) 7-6(6)",
109,323,12,9,"6-4 6-4",
307,301,12,10,"7-5 6-3",
300,109,12,10,"4-6 6-3 10-3",
307,300,12,12,"6-3 6-4",
301,326,13,4,"4-6 6-4 10-7",
228,327,13,4,"7-6(1) 6-2",
328,329,13,4,"5-7 7-6(8) 10-6",
219,330,13,4,"7-5 6-3",
331,332,13,4,"6-4 2-6 10-4",
322,333,13,4,"6-3 7-6(5)",
334,321,13,4,"6-3 7-6(2)",
314,303,13,4,"6-3 6-1",
307,335,13,4,"6-2 6-7(6) 10-8",
336,337,13,4,"6-3 6-4",
338,315,13,4,"4-6 6-1 10-6",
339,340,13,4,"3-6 6-2 10-5",
341,147,13,4,"6-4 6-4",
209,133,13,4,"6-1 6-4",
342,343,13,4,"6-3 7-6(4)",
45,344,13,4,"6-2 6-3",
301,228,13,5,"6-2 6-3",
328,219,13,5,"6-7(4) 6-1 10-6",
331,322,13,5,"w/o",
334,314,13,5,"6-3 6-4",
307,336,13,5,"6-3 6-2",
339,338,13,5,"w/o",
341,209,13,5,"w/o",
45,342,13,5,"5-7 7-6(4) 10-8",
328,301,13,9,"7-5 6-7(3) 14-12",
334,331,13,9,"6-2 7-6(7)",
339,307,13,9,"6-7(5) 6-3 10-8",
341,45,13,9,"7-5 6-4",
334,328,13,10,"7-5 6-3",
339,341,13,10,"6-2 3-6 10-8",
334,339,13,12,"6-2 2-6 10-6",
301,49,14,4,"7-6(2) 6-3",
345,346,14,4,"6-2 6-4",
89,347,14,4,"7-5 6-7(5) 6-3",
339,348,14,4,"4-6 6-3 8-6",
349,350,14,4,"3-6 6-2 6-2",
351,228,14,4,"6-2 6-3",
352,353,14,4,"6-1 3-6 6-3",
319,354,14,4,"6-3 6-4",
355,356,14,4,"6-3 6-4",
357,335,14,4,"6-4 6-3",
358,359,14,4,"6-3 6-3",
45,262,14,4,"6-2 6-4",
109,360,14,4,"6-4 6-3",
361,362,14,4,"7-6(7) 6-4",
363,209,14,4,"4-6 6-3 6-4",
364,365,14,4,"6-3 3-6 10-8",
345,301,14,5,"6-7(4) 6-3 6-3",
339,89,14,5,"6-4 6-7(1) 6-3",
349,351,14,5,"6-7(5) 7-6(1) 6-4",
319,352,14,5,"7-5 7-6(4)",
355,357,14,5,"7-6(2) 2-6 6-3",
358,45,14,5,"6-3 2-6 6-3",
109,361,14,5,"6-4 6-0",
363,364,14,5,"w/o",
345,339,14,9,"6-2 4-6 6-1",
349,319,14,9,"6-4 6-2",
355,358,14,9,"6-4 6-1",
109,363,14,9,"7-6(5) 4-6 6-3",
345,349,14,10,"7-6(5) 6-0",
109,355,14,10,"6-2 6-3",
345,109,14,12,"3-6 6-3 6-2",
366,367,15,4,"5-7 6-4 11-9",
368,369,15,4,"6-3 6-2",
370,371,15,4,"6-3 7-6(9)",
372,373,15,4,"6-7(5) 6-2 7-5",
374,281,15,4,"7-5 6-2",
375,376,15,4,"1-6 6-4 7-5",
377,378,15,4,"3-6 6-3 6-1",
379,380,15,4,"6-3 6-4",
381,382,15,4,"6-2 6-7(5) 8-6",
383,384,15,4,"6-4 6-4",
385,386,15,4,"6-4 6-4",
387,388,15,4,"7-5 6-2",
389,390,15,4,"4-0 ret.",
391,392,15,4,"6-3 6-4",
393,394,15,4,"6-3 6-4",
395,396,15,4,"6-3 6-4",
366,397,15,5,"6-4 3-6 7-5",
398,368,15,5,"6-7(6) 6-3 6-2",
370,363,15,5,"2-6 6-4 7-5",
219,372,15,5,"6-2 6-4",
339,374,15,5,"w/o",
328,375,15,5,"w/o",
377,209,15,5,"7-6(3) 6-3",
399,379,15,5,"w/o",
400,381,15,5,"6-1 7-6(5)",
401,383,15,5,"6-2 5-7 6-4",
353,385,15,5,"6-3 6-7(5) 6-2",
402,387,15,5,"6-2 6-1",
403,389,15,5,"6-7(6) 6-4 6-4",
404,391,15,5,"6-1 6-3",
393,89,15,5,"4-6 6-1 6-2",
395,45,15,5,"6-3 6-4",
366,398,15,6,"6-2 6-1",
370,219,15,6,"6-4 5-2 ret.",
339,328,15,6,"4-6 6-3 8-6",
399,377,15,6,"7-5 6-7(4) 6-4",
400,401,15,6,"3-6 6-2 6-3",
402,353,15,6,"6-2 6-3",
404,403,15,6,"3-6 6-3 7-5",
395,393,15,6,"6-3 7-6(5)",
370,366,15,9,"6-3 6-4",
339,399,15,9,"3-6 6-4 9-7",
402,400,15,9,"6-2 7-6(13)",
395,404,15,9,"6-1 7-5",
370,339,15,10,"6-3 6-4",
395,402,15,10,"7-5 6-1",
395,370,15,12,"6-4 6-2",
45,377,16,4,"6-7(7) 6-3 10-8",
405,219,16,4,"6-1 6-4",
355,368,16,4,"7-5 6-4",
406,407,16,4,"7-6(5) 2-6 10-6",
408,409,16,4,"6-4 6-2",
401,385,16,4,"6-4 6-2",
410,411,16,4,"7-6(1) 7-6(8)",
109,412,16,4,"6-3 6-2",
306,413,16,4,"6-2 6-3",
414,415,16,4,"6-4 6-3",
416,417,16,4,"4-6 6-3 11-9",
402,418,16,4,"6-1 7-5",
419,420,16,4,"6-3 6-4",
421,89,16,4,"6-7(5) 6-4 10-7",
357,422,16,4,"6-1 1-6 11-9",
397,423,16,4,"6-2 6-1",
405,45,16,5,"6-3 6-4",
355,406,16,5,"7-6(1) 6-4",
401,408,16,5,"7-6(6) 6-3",
109,410,16,5,"6-4 6-1",
306,414,16,5,"6-3 6-4",
416,402,16,5,"6-2 7-6(3)",
419,421,16,5,"2-6 6-2 10-7",
397,357,16,5,"6-3 7-6(4)",
405,355,16,9,"6-3 6-4",
401,109,16,9,"7-6(2) 5-7 11-9",
416,306,16,9,"7-5 6-2",
419,397,16,9,"6-4 6-4",
401,405,16,10,"6-1 7-5",
416,419,16,10,"7-6(4) 7-5",
416,401,16,12,"6-4 6-2",
424,425,17,4,"6-3 6-4",
426,427,17,4,"1-1 ret.",
421,428,17,4,"6-4 6-1",
429,401,17,4,"7-5 7-6(9)",
307,430,17,4,"6-3 6-3",
431,432,17,4,"6-1 3-6 10-7",
433,434,17,4,"6-7(4) 6-2 10-4",
408,435,17,4,"3-6 6-4 13-11",
355,422,17,4,"6-3 6-4",
436,437,17,4,"7-5 6-7(4) 10-8",
350,438,17,4,"7-6(3) 2-6 11-9",
419,439,17,4,"6-3 7-5",
440,441,17,4,"7-5 6-3",
442,443,17,4,"6-4 6-4",
444,445,17,4,"6-2 6-2",
402,446,17,4,"6-2 6-2",
424,426,17,5,"6-3 7-6(4)",
421,429,17,5,"6-2 6-3",
307,431,17,5,"6-2 6-1",
408,433,17,5,"3-6 6-1 10-5",
355,436,17,5,"6-4 6-3",
419,350,17,5,"6-2 6-3",
440,442,17,5,"6-4 7-5",
444,402,17,5,"7-5 6-7(7) 10-7",
424,421,17,9,"6-1 7-6(4)",
408,307,17,9,"6-4 6-4",
355,419,17,9,"7-6(4) 4-6 10-8",
444,440,17,9,"7-5 7-6(5)",
408,424,17,10,"3-6 6-4 10-4",
444,355,17,10,"6-3 6-3",
444,408,17,12,"6-3 6-3",
447,402,18,4,"2-6 6-3 6-2",
446,438,18,4,"6-7(4) 6-1 6-1",
199,441,18,4,"6-2 7-6(8)",
408,448,18,4,"6-4 7-6(3)",
449,450,18,4,"6-3 1-6 6-2",
451,452,18,4,"6-4 7-5",
444,453,18,4,"7-5 6-2",
454,455,18,4,"6-0 6-4",
401,89,18,4,"7-6(7) 6-4",
456,170,18,4,"6-3 6-1",
457,458,18,4,"6-1 6-1",
459,271,18,4,"6-2 7-5",
440,427,18,4,"4-6 6-4 6-3",
209,460,18,4,"4-4 ret.",
461,462,18,4,"6-0 6-3",
417,425,18,4,"6-0 3-6 6-1",
447,446,18,5,"w/o",
408,199,18,5,"6-0 6-4",
449,451,18,5,"7-5 7-6(3)",
454,444,18,5,"w/o",
401,456,18,5,"6-1 6-3",
457,459,18,5,"7-6(8) 5-7 6-3",
440,209,18,5,"7-6(2) 6-4",
461,417,18,5,"6-2 4-6 6-3",
408,447,18,9,"7-5 1-6 6-3",
454,449,18,9,"6-3 6-3",
401,457,18,9,"6-7(5) 6-4 9-7",
461,440,18,9,"7-6(5) 6-2",
408,454,18,10,"3-6 6-3 6-2",
401,461,18,10,"6-4 6-2",
401,408,18,12,"6-3 6-4",
463,464,19,4,"2-3 ret.",
465,466,19,4,"6-3 6-4",
233,381,19,4,"6-4 7-6(9)",
409,467,19,4,"6-4 6-2",
468,469,19,4,"3-6 7-6(5) 6-4",
457,470,19,4,"2-6 6-1 6-0",
471,472,19,4,"6-4 6-4",
473,474,19,4,"7-6(3) 7-6(5)",
417,475,19,4,"6-4 6-1",
476,477,19,4,"6-3 6-3",
478,479,19,4,"6-4 6-3",
370,480,19,4,"6-2 7-6(5)",
481,482,19,4,"6-3 6-2",
483,484,19,4,"6-2 7-5",
485,486,19,4,"6-4 6-4",
487,393,19,4,"6-4 6-3",
402,463,19,5,"6-3 6-2",
421,465,19,5,"6-4 6-2",
461,233,19,5,"6-4 2-6 6-4",
488,409,19,5,"6-2 7-6(4)",
45,468,19,5,"6-2 6-1",
419,457,19,5,"w/o",
89,471,19,5,"6-3 7-6(13)",
401,473,19,5,"6-4 6-4",
440,417,19,5,"4-6 7-6(3) 6-4",
476,489,19,5,"6-4 6-1",
478,490,19,5,"1-6 6-4 6-3",
491,370,19,5,"4-6 6-3 12-10",
408,481,19,5,"6-1 6-1",
483,199,19,5,"6-1 6-1",
485,492,19,5,"6-3 6-4",
459,487,19,5,"6-2 6-2",
421,402,19,6,"w/o",
461,488,19,6,"7-5 6-1",
45,419,19,6,"6-2 6-4",
401,89,19,6,"7-6(10) 6-7(3) 6-4",
476,440,19,6,"7-6(4) 6-3",
491,478,19,6,"6-3 6-2",
408,483,19,6,"6-3 5-7 6-2",
459,485,19,6,"6-4 6-7(5) 9-7",
461,421,19,9,"6-3 6-4",
45,401,19,9,"6-7(4) 6-4 11-9",
476,491,19,9,"7-6(3) 6-3",
459,408,19,9,"6-2 6-3",
461,45,19,10,"6-3 7-6(5)",
476,459,19,10,"7-5 7-5",
461,476,19,12,"6-3 6-2",
493,402,20,4,"7-5 6-1",
494,461,20,4,"7-5 7-6(4)",
8,495,20,4,"7-5 6-4",
89,408,20,4,"7-5 7-5",
496,491,20,4,"3-6 6-2 10-5",
157,418,20,4,"7-6(3) 3-6 10-3",
497,498,20,4,"6-2 6-3",
499,500,20,4,"6-3 3-6 10-7",
401,483,20,4,"6-2 3-6 10-7",
409,501,20,4,"6-7(5) 6-1 10-5",
502,503,20,4,"6-3 6-2",
504,199,20,4,"7-5 3-6 10-7",
454,419,20,4,"6-7(6) 6-4 10-4",
505,506,20,4,"6-4 7-6(6)",
507,456,20,4,"4-6 6-1 10-8",
421,508,20,4,"6-4 6-4",
494,493,20,5,"7-6(5) 6-2",
89,8,20,5,"6-3 7-5",
157,496,20,5,"5-7 7-5 12-10",
497,499,20,5,"6-2 6-3",
409,401,20,5,"7-6(5) 3-6 12-10",
502,504,20,5,"7-6(3) ret.",
454,505,20,5,"6-1 5-7 10-7",
421,507,20,5,"7-5 7-5",
89,494,20,9,"6-4 6-2",
157,497,20,9,"6-2 2-6 14-12",
409,502,20,9,"6-4 1-6 10-7",
454,421,20,9,"6-3 6-4",
89,157,20,10,"6-4 6-1",
454,409,20,10,"w/o",
454,89,20,12,"6-2 6-3",
509,194,21,4,"6-1 6-4",
241,461,21,4,"7-6(1) 6-4",
510,416,21,4,"4-6 7-6(4) 10-8",
496,511,21,4,"6-4 3-6 10-8",
512,494,21,4,"4-6 6-3 10-5",
434,5,21,4,"6-1 6-3",
505,513,21,4,"6-2 7-6(5)",
504,421,21,4,"3-6 7-6(6) 10-5",
408,514,21,4,"6-4 3-6 10-7",
515,506,21,4,"6-4 6-4",
233,516,21,4,"6-3 6-1",
491,517,21,4,"6-2 6-2",
339,419,21,4,"7-5 6-3",
481,518,21,4,"6-4 6-4",
519,520,21,4,"6-7(4) 6-4 11-9",
508,521,21,4,"7-6(0) 1-6 10-7",
509,241,21,5,"6-2 6-2",
496,510,21,5,"6-4 7-5",
512,434,21,5,"6-7(7) 6-2 10-6",
505,504,21,5,"w/o",
408,515,21,5,"6-1 6-4",
491,233,21,5,"6-3 6-4",
339,481,21,5,"7-5 2-6 10-7",
519,508,21,5,"0-6 7-6(6) 10-6",
496,509,21,9,"6-2 6-1",
512,505,21,9,"7-6(3) 6-4",
408,491,21,9,"7-6(4) 6-1",
339,519,21,9,"6-4 3-6 10-7",
496,512,21,10,"6-2 6-3",
408,339,21,10,"6-2 7-5",
408,496,21,12,"6-4 6-4",
509,522,22,4,"6-0 7-5",
523,524,22,4,"6-3 6-7(5) 10-9",
521,525,22,4,"6-2 6-0",
401,408,22,4,"6-2 5-7 10-7",
526,89,22,4,"6-2 6-4",
451,527,22,4,"6-4 5-7 10-7",
528,171,22,4,"7-6(4) 6-3",
529,530,22,4,"6-2 6-1",
531,532,22,4,"6-2 6-0",
533,534,22,4,"6-7(5) 6-1 10-5",
505,496,22,4,"1-2 ret.",
535,536,22,4,"1-6 6-4 10-4",
537,538,22,4,"7-6(8) 6-1",
5,8,22,4,"5-7 6-2 10-8",
539,540,22,4,"6-3 2-6 11-9",
339,541,22,4,"6-1 6-3",
509,523,22,5,"3-6 6-3 10-5",
401,521,22,5,"6-2 7-6(1)",
526,451,22,5,"4-6 6-2 10-7",
529,528,22,5,"7-6(5) 6-3",
531,533,22,5,"6-2 0-6 10-8",
505,535,22,5,"6-1 6-1",
537,5,22,5,"4-6 6-3 10-7",
339,539,22,5,"6-2 7-6(4)",
401,509,22,9,"6-4 7-6(6)",
529,526,22,9,"6-4 7-6(4)",
505,531,22,9,"4-6 6-4 10-7",
537,339,22,9,"7-6(5) 6-2",
401,529,22,10,"6-3 6-4",
537,505,22,10,"6-2 6-4",
537,401,22,12,"7-5 6-3",
542,543,23,4,"6-4 7-6(0)",
544,545,23,4,"6-3 6-1",
494,546,23,4,"6-1 6-4",
485,496,23,4,"7-6(3) 6-3",
547,548,23,4,"3-6 7-6(4) 6-2",
549,550,23,4,"3-6 6-3 6-2",
551,552,23,4,"6-3 6-4",
553,554,23,4,"3-6 6-4 6-2",
502,555,23,4,"4-6 6-1 6-2",
556,557,23,4,"6-2 6-7(7) 6-4",
558,559,23,4,"6-2 ret.",
560,561,23,4,"7-6(3) 6-2",
562,563,23,4,"6-3 3-6 11-9",
463,564,23,4,"6-2 6-1",
565,566,23,4,"6-1 6-3",
567,568,23,4,"6-4 6-4",
542,7,23,5,"6-4 3-6 6-3",
569,544,23,5,"4-6 6-4 6-2",
408,494,23,5,"6-1 6-2",
485,523,23,5,"6-3 7-5",
547,529,23,5,"7-6(4) 6-7(5) 6-3",
505,549,23,5,"7-6(5) 6-3",
511,551,23,5,"6-4 6-4",
537,553,23,5,"6-4 6-4",
570,502,23,5,"1-6 6-4 6-4",
571,556,23,5,"6-4 6-2",
370,558,23,5,"6-4 6-4",
560,339,23,5,"7-6(0) 4-6 6-4",
531,562,23,5,"6-0 6-0",
526,463,23,5,"7-5 6-2",
565,540,23,5,"6-3 6-4",
572,567,23,5,"6-1 6-4",
542,569,23,6,"6-4 6-3",
408,485,23,6,"6-4 3-6 13-11",
547,505,23,6,"6-3 7-6(1)",
511,537,23,6,"6-3 6-4",
570,571,23,6,"6-4 6-4",
560,370,23,6,"4-6 6-4 6-4",
531,526,23,6,"7-5 7-5",
565,572,23,6,"w/o",
408,542,23,9,"6-3 7-6(4)",
547,511,23,9,"7-6(1) 6-7(4) 7-5",
570,560,23,9,"4-6 6-3 6-4",
565,531,23,9,"2-6 6-3 6-4",
547,408,23,10,"6-4 4-6 6-4",
570,565,23,10,"6-3 3-6 6-3",
547,570,23,12,"6-4 3-6 6-1",
496,573,24,4,"6-7(6) 6-3 10-3",
502,574,24,4,"6-2 6-1",
575,576,24,4,"7-6(2) 6-4",
551,408,24,4,"6-0 6-2",
529,427,24,4,"6-2 6-2",
577,578,24,4,"4-6 6-3 10-8",
537,434,24,4,"6-1 6-0",
579,580,24,4,"6-4 6-3",
550,511,24,4,"6-4 6-4",
569,440,24,4,"5-2 ret.",
581,582,24,4,"6-3 6-4",
583,584,24,4,"7-6(3) 7-6(5)",
89,505,24,4,"6-4 6-4",
531,5,24,4,"7-5 6-3",
585,586,24,4,"7-5 6-4",
587,588,24,4,"6-3 7-6(2)",
496,502,24,5,"4-6 7-5 10-7",
551,575,24,5,"7-6(4) 3-6 10-2",
529,577,24,5,"6-7(4) 6-1 10-5",
537,579,24,5,"6-2 6-3",
550,569,24,5,"6-4 7-6(2)",
583,581,24,5,"7-5 6-4",
531,89,24,5,"7-5 6-3",
585,587,24,5,"6-3 6-4",
496,551,24,9,"6-4 6-1",
529,537,24,9,"6-4 6-4",
583,550,24,9,"6-1 6-2",
531,585,24,9,"6-3 6-4",
496,529,24,10,"7-6(5) 6-4",
531,583,24,10,"6-7(4) 7-6(5) 10-5",
496,531,24,12,"6-4 7-6(6)",
589,590,25,4,"7-6(5) 6-2",
591,440,25,4,"4-6 6-4 10-4",
583,592,25,4,"7-5 7-6(3)",
593,594,25,4,"6-1 6-3",
529,595,25,4,"6-3 3-6 10-6",
596,496,25,4,"6-3 7-6(4)",
597,598,25,4,"2-6 6-2 10-6",
579,599,25,4,"4-6 6-3 11-9",
537,600,25,4,"6-3 6-4",
601,556,25,4,"6-3 7-5",
602,515,25,4,"6-4 6-2",
603,604,25,4,"7-5 7-6(1)",
89,605,25,4,"6-1 7-6(5)",
606,607,25,4,"6-0 6-1",
551,30,25,4,"6-1 6-4",
608,609,25,4,"6-4 6-2",
589,591,25,5,"6-1 6-1",
593,583,25,5,"6-2 6-4",
529,596,25,5,"7-5 6-2",
579,597,25,5,"w/o",
537,601,25,5,"6-3 5-7 10-4",
603,602,25,5,"1-6 7-5 10-5",
89,606,25,5,"6-1 6-1",
551,608,25,5,"6-3 2-6 10-7",
593,589,25,9,"4-6 7-6(7) 10-8",
529,579,25,9,"6-4 6-4",
537,603,25,9,"6-1 6-2",
551,89,25,9,"w/o",
593,529,25,10,"4-6 7-5 10-6",
551,537,25,10,"6-4 6-2",
593,551,25,12,"7-6(4) 6-4",
401,610,26,4,"6-1 6-2",
611,537,26,4,"6-4 6-4",
612,613,26,4,"6-3 6-4",
560,608,26,4,"7-5 6-2",
614,579,26,4,"7-6(3) 6-1",
602,615,26,4,"7-6(2) 7-5",
616,617,26,4,"7-5 6-4",
589,408,26,4,"6-4 3-6 10-7",
529,618,26,4,"6-3 6-7(6) 12-10",
583,619,26,4,"6-0 4-6 10-8",
620,621,26,4,"6-4 6-2",
622,623,26,4,"1-6 6-2 10-6",
624,570,26,4,"6-3 6-4",
625,626,26,4,"6-1 4-6 10-7",
627,603,26,4,"6-3 6-3",
571,628,26,4,"6-2 6-4",
401,611,26,5,"6-2 6-3",
560,612,26,5,"6-4 3-6 10-3",
602,614,26,5,"6-7(2) 6-3 10-6",
616,589,26,5,"7-6(2) 6-1",
583,529,26,5,"w/o",
622,620,26,5,"7-6(5) 6-3",
624,625,26,5,"1-6 6-3 10-6",
571,627,26,5,"6-3 6-4",
401,560,26,9,"6-3 6-3",
616,602,26,9,"6-2 6-4",
622,583,26,9,"6-0 7-6(5)",
571,624,26,9,"7-5 6-4",
401,616,26,10,"w/o",
622,571,26,10,"4-6 6-3 10-8",
622,401,26,12,"6-2 7-6(4)",
619,629,27,4,"6-7(5) 6-2 6-3",
630,548,27,4,"6-4 6-2",
570,631,27,4,"4-6 6-3 6-1",
632,633,27,4,"6-3 6-2",
634,635,27,4,"6-7(3) 7-6(4) 9-7",
636,637,27,4,"6-4 2-6 6-4",
434,638,27,4,"4-6 6-1 7-5",
639,612,27,4,"5-7 6-4 6-2",
640,641,27,4,"4-6 6-3 7-5",
642,602,27,4,"4-6 6-3 6-2",
572,643,27,4,"6-7(5) 6-1 6-3",
644,542,27,4,"7-6(6) 2-6 9-7",
645,646,27,4,"5-7 6-1 6-4",
647,648,27,4,"6-4 6-2",
649,650,27,4,"4-6 7-5 6-1",
651,624,27,4,"6-2 6-2",
652,619,27,5,"6-3 6-2",
653,630,27,5,"w/o",
570,654,27,5,"6-3 3-6 6-3",
306,632,27,5,"2-6 7-5 7-5",
571,634,27,5,"6-1 7-6(3)",
608,636,27,5,"6-3 7-6(1)",
434,551,27,5,"7-6(4) 6-3",
639,593,27,5,"7-5 7-5",
640,529,27,5,"6-3 3-6 6-4",
537,642,27,5,"6-4 6-0",
572,560,27,5,"6-0 7-5",
589,644,27,5,"6-4 6-4",
655,645,27,5,"6-4 6-4",
583,647,27,5,"6-2 2-6 9-7",
649,595,27,5,"4-6 6-4 6-1",
656,651,27,5,"7-6(5) 6-2",
652,653,27,6,"7-6(4) 6-2",
306,570,27,6,"6-7(5) 6-2 6-2",
571,608,27,6,"w/o",
434,639,27,6,"w/o",
537,640,27,6,"6-3 7-5",
572,589,27,6,"6-4 4-6 6-1",
583,655,27,6,"6-4 6-3",
656,649,27,6,"6-3 7-6(4)",
652,306,27,9,"6-3 3-6 6-3",
434,571,27,9,"6-3 6-4",
572,537,27,9,"6-4 6-2",
583,656,27,9,"6-4 7-5",
652,434,27,10,"6-4 6-2",
572,583,27,10,"2-6 7-6(1) 6-4",
572,652,27,12,"7-5 6-4",
657,656,28,4,"6-1 6-4",
658,659,28,4,"6-4 3-6 10-8",
619,660,28,4,"6-0 6-4",
661,662,28,4,"6-3 6-2",
663,655,28,4,"6-3 6-1",
664,665,28,4,"6-3 6-1",
689,746,32,5,"6-2 6-0",
750,748,32,5,"6-1 6-4",
739,752,32,5,"6-4 4-6 10-7",
753,702,32,5,"6-3 6-3",
623,520,32,5,"6-3 6-4",
661,632,32,5,"6-4 6-4",
742,744,32,9,"6-4 6-3",
750,689,32,9,"6-2 7-5",
739,753,32,9,"7-6(3) 7-6(4)",
661,623,32,9,"7-5 3-6 10-6",
750,742,32,10,"6-3 6-4",
661,739,32,10,"6-2 3-6 10-5",
750,661,32,12,"6-2 6-4",
661,758,33,4,"7-5 7-5",
759,760,33,4,"7-5 6-2",
761,762,33,4,"7-5 6-4",
763,764,33,4,"6-0 6-3",
765,766,33,4,"6-2 4-6 10-7",
767,768,33,4,"6-2 6-4",
753,520,33,4,"6-4 7-6(2)",
769,410,33,4,"6-3 6-0",
770,731,33,4,"6-3 3-6 10-3",
771,772,33,4,"6-3 7-5",
773,774,33,4,"6-4 6-3",
599,775,33,4,"7-6(5) 7-6(4)",
776,777,33,4,"6-3 3-6 11-9",
631,663,33,4,"6-3 2-6 10-8",
778,779,33,4,"6-4 5-7 10-6",
780,781,33,4,"6-3 3-6 10-6",
661,759,33,5,"6-4 6-2",
763,761,33,5,"3-6 7-5 10-6",
767,765,33,5,"7-5 7-6(4)",
769,753,33,5,"6-1 6-4",
771,770,33,5,"3-6 6-3 10-7",
773,599,33,5,"6-2 6-3",
776,631,33,5,"w/o",
778,780,33,5,"w/o",
661,763,33,9,"6-4 6-3",
769,767,33,9,"6-3 3-6 12-10",
773,771,33,9,"6-4 6-4",
778,776,33,9,"6-4 7-6(3)",
661,769,33,10,"6-7(6) 7-6(5) 10-7",
778,773,33,10,"6-0 4-6 10-8",
661,778,33,12,"7-5 6-3",
603,742,34,4,"6-1 6-4",
782,783,34,4,"6-2 6-3",
763,784,34,4,"6-2 6-1",
401,785,34,4,"6-2 6-3",
786,787,34,4,"6-3 6-3",
707,520,34,4,"6-3 2-6 11-9",
712,788,34,4,"1-6 6-1 10-5",
770,789,34,4,"3-6 6-3 10-8",
790,769,34,4,"7-6(4) 6-3",
791,767,34,4,"6-2 6-7(4) 10-3",
792,793,34,4,"6-2 5-7 10-8",
794,795,34,4,"7-6(4) 6-1",
796,753,34,4,"6-4 6-4",
797,798,34,4,"6-2 2-6 16-14",
766,623,34,4,"6-3 4-6 10-4",
661,697,34,4,"6-3 6-3",
782,603,34,5,"7-6(7) 5-7 10-8",
401,763,34,5,"6-3 6-7(6) 10-8",
786,707,34,5,"5-7 6-2 10-8",
770,712,34,5,"6-2 6-3",
790,791,34,5,"6-7(3) 6-3 10-7",
794,792,34,5,"6-3 6-2",
796,797,34,5,"6-3 6-3",
661,766,34,5,"7-5 2-6 10-8",
401,782,34,9,"6-7(5) 6-3 10-3",
786,770,34,9,"7-6(7) 7-6(7)",
790,794,34,9,"6-4 3-6 10-7",
796,661,34,9,"6-3 6-7(2) 10-7",
401,786,34,10,"4-6 6-3 11-9",
796,790,34,10,"6-4 6-4",
401,796,34,12,"4-6 7-6(5) 11-9",
717,790,35,4,"6-3 6-4",
799,767,35,4,"6-3 6-4",
800,801,35,4,"7-6(6) 6-4",
296,802,35,4,"7-6(3) 6-3",
796,803,35,4,"3-6 6-3 12-10",
766,726,35,4,"6-3 4-6 6-4",
804,805,35,4,"7-6(4) 6-2",
285,806,35,4,"6-7(7) 6-1 6-4",
807,808,35,4,"6-3 6-3",
809,810,35,4,"6-3 6-3",
811,812,35,4,"6-3 3-6 7-5",
813,814,35,4,"6-3 3-6 6-2",
815,792,35,4,"6-2 6-3",
816,645,35,4,"6-4 6-4",
560,817,35,4,"6-4 6-4",
658,632,35,4,"4-6 6-3 7-5",
818,717,35,5,"6-1 6-4",
799,763,35,5,"6-3 6-2",
819,800,35,5,"6-3 6-2",
820,296,35,5,"6-4 3-6 11-9",
796,786,35,5,"6-2 6-2",
766,821,35,5,"7-6(5) 6-4",
769,804,35,5,"6-3 7-6(3)",
770,285,35,5,"7-6(2) 6-3",
753,807,35,5,"7-6(5) 6-3",
520,809,35,5,"6-7(4) 6-4 6-4",
811,794,35,5,"7-6(6) 6-7(3) 6-4",
813,742,35,5,"6-2 3-6 6-3",
822,815,35,5,"4-6 6-2 6-3",
823,816,35,5,"6-1 6-3",
824,560,35,5,"5-7 7-6(6) 7-5",
661,658,35,5,"6-3 3-6 6-2",
799,818,35,6,"6-4 7-6(4)",
819,820,35,6,"7-5 6-4",
796,766,35,6,"6-4 7-5",
769,770,35,6,"4-6 7-6(2) 6-4",
520,753,35,6,"6-4 6-4",
813,811,35,6,"6-4 6-7(5) 6-1",
823,822,35,6,"3-6 6-3 7-5",
661,824,35,6,"6-1 6-3",
819,799,35,9,"7-6(3) 7-6(3)",
769,796,35,9,"7-6(8) 3-6 6-2",
520,813,35,9,"3-6 6-3 6-4",
661,823,35,9,"6-4 6-7(4) 6-3",
819,769,35,10,"6-4 6-4",
661,520,35,10,"6-3 6-3",
661,819,35,12,"6-4 7-6(5)",
695,766,36,4,"6-4 6-3",
825,792,36,4,"6-1 7-5",
826,827,36,4,"6-1 6-3",
769,785,36,4,"6-1 7-6(4)",
820,828,36,4,"6-2 2-6 10-7",
829,830,36,4,"6-2 6-4",
823,816,36,4,"6-4 6-2",
831,832,36,4,"7-6(4) 7-6(3)",
833,834,36,4,"7-5 4-6 10-5",
796,835,36,4,"7-6(3) 5-7 10-1",
836,750,36,4,"6-2 6-4",
401,837,36,4,"7-6(3) 7-6(2)",
763,709,36,4,"6-4 6-7(6) 10-9",
702,838,36,4,"6-3 6-2",
839,416,36,4,"6-4 6-2",
661,631,36,4,"6-4 7-5",
695,825,36,5,"5-7 6-1 10-3",
769,826,36,5,"6-4 7-6(5)",
820,829,36,5,"6-7(2) 6-2 10-5",
823,831,36,5,"6-2 5-7 10-5",
833,796,36,5,"5-7 6-3 10-4",
836,401,36,5,"7-5 7-5",
702,763,36,5,"4-6 6-3 10-7",
661,839,36,5,"6-4 6-1",
695,769,36,9,"6-4 7-6(3)",
820,823,36,9,"6-4 6-3",
833,836,36,9,"3-6 6-2 10-4",
702,661,36,9,"6-3 6-4",
695,820,36,10,"6-3 7-5",
833,702,36,10,"7-6(5) 7-6(4)",
695,833,36,12,"6-4 6-4",
695,840,37,4,"7-6(4) 6-3",
841,842,37,4,"6-1 6-2",
843,844,37,4,"6-4 2-6 10-8",
845,769,37,4,"6-4 6-2",
661,770,37,4,"7-6(2) 4-6 12-10",
823,846,37,4,"6-2 6-0",
847,848,37,4,"6-3 3-6 13-11",
771,849,37,4,"7-6(3) 6-3",
850,833,37,4,"3-6 6-3 10-5",
851,710,37,4,"6-1 7-5",
852,853,37,4,"6-3 6-3",
777,830,37,4,"7-6(6) 6-1",
854,599,37,4,"7-6(1) 6-3",
855,837,37,4,"6-2 6-2",
826,856,37,4,"6-2 6-1",
857,858,37,4,"6-2 6-2",
841,695,37,5,"w/o",
845,843,37,5,"6-1 6-2",
823,661,37,5,"7-6(11) 7-6(5)",
847,771,37,5,"6-4 6-4",
851,850,37,5,"5-7 6-4 10-5",
777,852,37,5,"6-3 6-4",
855,854,37,5,"6-3 6-1",
857,826,37,5,"4-6 6-4 10-4",
845,841,37,9,"7-5 6-4",
823,847,37,9,"6-2 4-6 10-7",
777,851,37,9,"6-1 7-6(1)",
857,855,37,9,"w/o",
823,845,37,10,"2-6 6-3 11-9",
857,777,37,10,"6-4 7-5",
857,823,37,12,"6-3 3-6 10-7",
401,839,38,4,"6-3 6-2",
787,712,38,4,"6-4 4-6 10-4",
859,860,38,4,"7-6(4) 7-6(2)",
861,862,38,4,"6-3 6-1",
863,864,38,4,"6-7(5) 6-4 10-7",
865,851,38,4,"7-6(1) 6-4",
785,866,38,4,"6-3 7-5",
867,868,38,4,"6-2 6-3",
616,869,38,4,"6-7(3) 6-0 10-8",
819,870,38,4,"6-4 6-3",
871,872,38,4,"7-5 5-7 10-1",
833,816,38,4,"7-6(4) 6-2",
873,874,38,4,"7-6(2) 7-6(8)",
875,876,38,4,"6-4 7-5",
640,877,38,4,"7-6(9) 7-5",
603,878,38,4,"3-6 6-3 12-10",
401,787,38,5,"6-3 6-1",
861,859,38,5,"6-4 7-6(1)",
865,863,38,5,"6-3 4-6 13-11",
867,785,38,5,"7-6(3) 6-2",
819,616,38,5,"4-6 6-3 10-7",
871,833,38,5,"6-4 6-4",
873,875,38,5,"6-3 6-2",
640,603,38,5,"6-3 2-6 10-6",
401,861,38,9,"7-6(3) 6-3",
865,867,38,9,"5-7 6-3 10-7",
871,819,38,9,"7-6(5) 6-4",
640,873,38,9,"7-6(4) 7-6(6)",
401,865,38,10,"7-6(4) 7-6(5)",
640,871,38,10,"7-6(5) 2-6 14-12",
640,401,38,12,"7-6(6) 4-6 10-7",
640,680,39,4,"6-4 5-7 6-4",
879,880,39,4,"6-3 6-4",
881,882,39,4,"3-6 6-4 8-6",
883,884,39,4,"6-3 6-4",
885,819,39,4,"6-7(5) 6-3 8-6",
886,887,39,4,"1-2 ret.",
888,889,39,4,"6-2 ret.",
666,667,28,4,"6-3 6-3",
623,537,28,4,"6-4 6-4",
668,529,28,4,"7-6(7) 2-3 ret.",
632,669,28,4,"6-1 6-1",
670,671,28,4,"6-3 6-2",
672,306,28,4,"6-4 6-4",
571,673,28,4,"6-4 2-6 10-6",
583,674,28,4,"6-3 6-2",
602,675,28,4,"6-2 3-6 10-5",
401,676,28,4,"6-3 6-2",
658,657,28,5,"7-5 7-5",
661,619,28,5,"w/o",
664,663,28,5,"6-3 6-3",
623,666,28,5,"2-6 6-3 12-10",
632,668,28,5,"6-4 7-5",
672,670,28,5,"7-5 7-5",
583,571,28,5,"7-5 6-3",
401,602,28,5,"6-1 5-7 10-8",
661,658,28,9,"7-5 6-2",
664,623,28,9,"6-3 6-2",
672,632,28,9,"6-7(4) 6-4 10-4",
583,401,28,9,"7-6(5) 6-7(9) 11-9",
661,664,28,10,"6-4 6-4",
583,672,28,10,"6-3 6-4",
661,583,28,12,"7-6(6) 6-4",
661,677,29,4,"6-4 4-6 10-7",
678,679,29,4,"6-3 6-4",
680,681,29,4,"7-6(5) 5-7 12-10",
682,683,29,4,"6-4 6-3",
583,684,29,4,"6-2 7-5",
537,685,29,4,"6-1 6-4",
673,686,29,4,"7-6(0) 7-5",
599,560,29,4,"6-4 6-3",
612,687,29,4,"3-6 6-4 10-6",
632,620,29,4,"6-4 6-4",
523,688,29,4,"7-5 6-3",
520,689,29,4,"7-6(4) 4-6 10-5",
551,571,29,4,"6-2 6-4",
690,691,29,4,"7-5 7-5",
692,693,29,4,"6-3 6-2",
529,694,29,4,"6-3 6-3",
678,661,29,5,"6-1 7-5",
682,680,29,5,"4-6 6-1 10-8",
537,583,29,5,"6-7(6) 6-2 10-4",
673,599,29,5,"6-7(2) 6-2 10-5",
612,632,29,5,"6-3 4-6 10-4",
520,523,29,5,"3-6 6-2 12-10",
551,690,29,5,"6-1 6-2",
692,529,29,5,"7-6(8) 6-4",
682,678,29,9,"5-7 6-4 12-10",
537,673,29,9,"7-5 6-1",
520,612,29,9,"w/o",
551,692,29,9,"3-6 6-4 10-5",
537,682,29,10,"7-6(7) 6-4",
551,520,29,10,"6-4 6-1",
551,537,29,12,"6-3 6-1",
695,625,30,4,"7-6(6) 6-3",
632,696,30,4,"7-5 6-1",
697,698,30,4,"6-4 6-3",
699,700,30,4,"6-3 6-3",
689,701,30,4,"6-2 6-2",
702,520,30,4,"6-3 6-4",
703,704,30,4,"6-1 3-6 11-9",
679,705,30,4,"7-5 4-6 12-10",
706,707,30,4,"6-2 6-1",
537,551,30,4,"6-1 7-5",
708,680,30,4,"6-4 3-6 12-10",
694,709,30,4,"6-1 6-4",
710,410,30,4,"6-4 6-3",
711,712,30,4,"6-3 6-3",
553,713,30,4,"7-6(2) 2-6 10-7",
661,714,30,4,"6-3 6-3",
695,632,30,5,"6-3 3-6 12-10",
699,697,30,5,"6-2 6-3",
702,689,30,5,"3-6 7-5 10-6",
679,703,30,5,"6-4 6-2",
537,706,30,5,"6-4 4-6 10-7",
694,708,30,5,"6-3 6-3",
710,711,30,5,"6-2 6-3",
553,661,30,5,"6-0 1-6 10-6",
695,699,30,9,"1-6 6-4 12-10",
702,679,30,9,"4-6 6-3 10-7",
694,537,30,9,"6-3 6-1",
710,553,30,9,"6-3 7-5",
695,702,30,10,"6-2 6-2",
710,694,30,10,"6-2 3-6 10-7",
695,710,30,12,"5-7 7-6(5) 10-7",
715,716,31,4,"3-6 6-2 11-9",
717,632,31,4,"7-5 4-6 7-5",
718,719,31,4,"6-4 6-4",
720,721,31,4,"7-5 3-6 6-3",
722,723,31,4,"4-6 6-3 15-13",
434,724,31,4,"6-2 3-6 6-2",
679,645,31,4,"6-4 6-2",
725,542,31,4,"7-5 6-3",
726,727,31,4,"6-4 6-4",
583,728,31,4,"2-6 7-6(7) 6-1",
729,730,31,4,"6-3 6-4",
731,732,31,4,"6-3 6-2",
635,733,31,4,"7-6(5) 6-2",
734,735,31,4,"6-3 6-4",
736,631,31,4,"7-6(4) 6-3",
737,738,31,4,"6-2 6-4",
661,715,31,5,"w/o",
551,717,31,5,"7-6(4) 6-4",
699,718,31,5,"6-3 7-6(4)",
623,720,31,5,"6-3 2-6 8-6",
739,722,31,5,"6-3 6-4",
680,434,31,5,"w/o",
410,679,31,5,"7-5 7-6(5)",
694,725,31,5,"w/o",
740,726,31,5,"6-1 6-1",
583,705,31,5,"7-6(3) 3-6 6-3",
520,729,31,5,"7-5 7-6(1)",
689,731,31,5,"6-1 6-3",
706,635,31,5,"6-1 6-2",
702,734,31,5,"7-6(5) 6-3",
736,741,31,5,"6-4 6-3",
572,737,31,5,"6-1 6-4",
661,551,31,6,"6-2 6-7(2) 6-3",
699,623,31,6,"6-7(11) 6-3 6-2",
739,680,31,6,"6-3 6-2",
410,694,31,6,"6-3 7-6(9)",
583,740,31,6,"7-6(7) 4-6 6-3",
520,689,31,6,"4-6 6-4 6-2",
702,706,31,6,"6-4 6-4",
572,736,31,6,"w/o",
661,699,31,9,"6-3 6-3",
410,739,31,9,"6-3 5-7 9-7",
583,520,31,9,"w/o",
702,572,31,9,"0-6 7-5 6-3",
661,410,31,10,"6-4 6-4",
702,583,31,10,"6-2 7-5",
702,661,31,12,"7-5 6-3",
742,710,32,4,"7-5 6-0",
672,743,32,4,"6-3 6-7(9) 10-4",
410,679,32,4,"7-6(7) 7-5",
744,745,32,4,"6-3 6-2",
689,553,32,4,"6-3 6-2",
746,747,32,4,"6-4 7-5",
748,749,32,4,"6-3 6-1",
750,694,32,4,"6-2 2-6 11-9",
739,751,32,4,"7-6(6) 7-5",
752,680,32,4,"6-3 6-3",
753,720,32,4,"6-7(5) 6-4 10-4",
702,754,32,4,"6-2 4-6 10-5",
623,755,32,4,"6-2 6-3",
520,756,32,4,"7-6(3) 7-5",
632,757,32,4,"3-6 6-4 10-2",
661,678,32,4,"6-4 3-6 11-9",
742,672,32,5,"6-3 6-3",
744,410,32,5,"6-2 6-4",
890,891,39,4,"6-4 6-2",
441,892,39,4,"6-3 7-6(1)",
893,894,39,4,"7-6(10) 1-6 6-4",
804,895,39,4,"6-4 3-6 6-3",
690,896,39,4,"3-6 7-6(3) 7-5",
897,434,39,4,"7-6(6) 6-3",
898,867,39,4,"6-4 6-4",
815,899,39,4,"7-6(6) 4-6 6-4",
900,901,39,4,"6-1 6-2",
695,640,39,5,"6-4 6-1",
879,902,39,5,"7-6(2) 6-4",
903,881,39,5,"6-4 6-3",
883,726,39,5,"6-2 7-5",
401,885,39,5,"6-4 6-4",
661,886,39,5,"6-1 6-4",
904,888,39,5,"7-5 6-4",
905,890,39,5,"6-2 6-3",
441,833,39,5,"6-3 6-1",
893,906,39,5,"6-4 3-6 6-4",
804,631,39,5,"6-2 6-1",
907,690,39,5,"6-2 7-6(3)",
860,897,39,5,"7-6(5) 6-2",
908,898,39,5,"6-7(3) 7-6(5) 6-3",
851,815,39,5,"6-4 6-4",
900,909,39,5,"6-4 5-7 6-4",
695,879,39,6,"6-4 6-4",
903,883,39,6,"6-4 6-3",
661,401,39,6,"w/o",
905,904,39,6,"7-6(6) 6-2",
441,893,39,6,"6-4 7-5",
907,804,39,6,"6-2 7-6(7)",
860,908,39,6,"6-3 6-0",
900,851,39,6,"7-6(4) 7-6(3)",
903,695,39,9,"w/o",
905,661,39,9,"6-3 6-2",
907,441,39,9,"6-4 6-1",
900,860,39,9,"1-6 6-2 6-2",
903,905,39,10,"6-4 6-4",
907,900,39,10,"6-2 3-6 7-5",
903,907,39,12,"6-3 6-2",
695,910,40,4,"7-5 6-4",
911,912,40,4,"6-4 0-6 11-9",
321,913,40,4,"6-2 7-5",
726,914,40,4,"7-6(1) 4-6 10-7",
826,909,40,4,"4-6 6-3 10-7",
915,916,40,4,"6-7(6) 6-2 10-8",
917,364,40,4,"6-3 6-4",
918,865,40,4,"6-2 6-7(7) 10-6",
919,920,40,4,"6-4 5-7 10-5",
786,921,40,4,"7-6(4) 6-1",
922,923,40,4,"6-0 6-1",
924,925,40,4,"6-3 6-4",
631,551,40,4,"6-3 7-6(5)",
926,927,40,4,"3-6 6-3 10-6",
928,929,40,4,"6-3 6-2",
857,903,40,4,"6-1 3-6 10-7",
911,695,40,5,"2-6 6-3 10-6",
726,321,40,5,"6-4 6-3",
826,915,40,5,"7-6(4) 6-2",
918,917,40,5,"6-2 6-7(7) 10-4",
919,786,40,5,"6-4 6-3",
924,922,40,5,"6-4 7-6(3)",
631,926,40,5,"7-5 7-5",
928,857,40,5,"6-4 3-6 10-8",
911,726,40,9,"6-3 7-6(3)",
918,826,40,9,"6-2 6-4",
919,924,40,9,"3-6 6-3 10-8",
631,928,40,9,"7-5 7-5",
911,918,40,10,"w/o",
919,631,40,10,"6-4 6-4",
911,919,40,12,"7-6(4) 4-6 10-8",
930,931,41,4,"3-6 6-2 11-9",
932,919,41,4,"6-4 6-1",
933,934,41,4,"6-1 6-3",
935,936,41,4,"6-3 6-1",
937,938,41,4,"6-1 6-0",
939,940,41,4,"6-4 6-2",
941,942,41,4,"4-6 7-6(2) 10-5",
918,943,41,4,"6-2 7-5",
551,915,41,4,"6-4 6-2",
903,786,41,4,"6-1 7-6(6)",
944,901,41,4,"7-6(4) 7-5",
945,709,41,4,"7-5 6-2",
845,631,41,4,"4-6 6-3 10-6",
946,910,41,4,"4-6 6-3 10-5",
947,948,41,4,"6-3 5-7 10-5",
924,807,41,4,"6-7(4) 6-2 11-9",
930,932,41,5,"6-3 7-6(6)",
935,933,41,5,"6-3 6-3",
937,939,41,5,"6-4 6-2",
918,941,41,5,"6-3 7-5",
551,903,41,5,"3-6 6-4 12-10",
945,944,41,5,"6-3 6-2",
845,946,41,5,"6-4 7-6(2)",
924,947,41,5,"6-3 6-2",
930,935,41,9,"6-1 7-5",
918,937,41,9,"6-2 6-2",
551,945,41,9,"7-6(5) 6-2",
845,924,41,9,"4-6 6-1 13-11",
918,930,41,10,"5-7 6-2 10-7",
845,551,41,10,"6-3 6-3",
845,918,41,12,"6-3 5-7 10-3",
949,950,42,4,"6-2 7-5",
951,924,42,4,"3-6 7-6(6) 10-8",
952,947,42,4,"7-5 6-3",
918,631,42,4,"6-1 6-1",
953,937,42,4,"7-6(6) 4-6 10-6",
626,954,42,4,"6-3 6-4",
955,712,42,4,"6-4 6-1",
807,956,42,4,"3-6 6-3 10-8",
957,935,42,4,"6-4 6-2",
919,958,42,4,"7-5 3-6 10-6",
786,959,42,4,"7-6(4) 2-6 10-3",
401,910,42,4,"6-3 6-3",
551,709,42,4,"6-2 6-4",
960,944,42,4,"3-6 7-5 10-6",
845,961,42,4,"7-5 6-1",
931,962,42,4,"6-4 6-1",
949,951,42,5,"6-1 7-6(3)",
918,952,42,5,"6-2 6-0",
953,626,42,5,"6-2 6-4",
807,955,42,5,"6-4 6-4",
957,919,42,5,"6-4 7-5",
786,401,42,5,"6-2 7-5",
551,960,42,5,"7-6(4) 6-3",
931,845,42,5,"5-3 ret.",
918,949,42,9,"4-6 7-5 10-5",
807,953,42,9,"6-4 3-6 10-5",
957,786,42,9,"6-1 6-2",
551,931,42,9,"6-2 6-3",
807,918,42,10,"7-6(2) 6-3",
551,957,42,10,"6-4 6-2",
551,807,42,12,"7-6(3) 6-1",
963,964,43,4,"7-6(3) 6-7(3) 6-4",
441,845,43,4,"7-5 6-1",
965,966,43,4,"6-1 6-2",
967,968,43,4,"6-4 7-5",
969,970,43,4,"6-2 7-5",
496,466,43,4,"7-6(11) 6-4",
971,972,43,4,"7-5 7-6(2)",
973,882,43,4,"6-4 6-4",
974,975,43,4,"4-6 6-3 6-4",
976,977,43,4,"7-6(2) 6-4",
978,979,43,4,"7-6(5) 7-6(6)",
885,980,43,4,"6-4 6-3",
981,982,43,4,"6-2 6-3",
983,950,43,4,"6-3 7-5",
924,984,43,4,"6-7(13) 6-4 6-4",
985,986,43,4,"4-6 6-2 6-1",
695,963,43,5,"4-6 6-4 6-4",
987,441,43,5,"6-3 3-6 6-4",
965,988,43,5,"w/o",
989,967,43,5,"4-6 6-3 6-4",
918,969,43,5,"6-3 6-3",
496,990,43,5,"6-3 6-2",
971,947,43,5,"6-3 7-5",
973,551,43,5,"6-3 6-1",
974,935,43,5,"6-3 6-7(5) 6-1",
976,903,43,5,"6-3 3-6 6-1",
978,991,43,5,"6-4 7-5",
401,885,43,5,"5-7 6-4 6-4",
930,981,43,5,"6-3 2-6 6-4",
992,983,43,5,"w/o",
993,924,43,5,"6-4 5-7 6-4",
7,985,43,5,"7-6(3) 6-4",
695,987,43,6,"3-6 6-2 6-1",
989,965,43,6,"7-5 4-6 6-2",
918,496,43,6,"7-6(3) 6-3",
973,971,43,6,"7-6(6) 3-6 7-5",
974,976,43,6,"7-6(3) 7-6(3)",
401,978,43,6,"6-4 6-7(5) 9-7",
992,930,43,6,"6-0 6-3",
7,993,43,6,"6-3 7-5",
695,989,43,9,"7-5 6-1",
918,973,43,9,"6-2 6-2",
401,974,43,9,"7-6(3) 6-3",
7,992,43,9,"6-2 7-5",
918,695,43,10,"7-5 3-6 6-3",
7,401,43,10,"6-3 6-4",
7,918,43,12,"6-3 5-7 6-4",
949,994,44,4,"6-3 6-2",
995,845,44,4,"6-2 5-7 10-8",
991,996,44,4,"7-6(3) 6-3",
997,998,44,4,"6-2 6-4",
779,999,44,4,"6-4 6-4",
957,1000,44,4,"6-2 5-7 10-6",
1001,1002,44,4,"6-2 7-6(5)",
911,401,44,4,"4-6 6-3 15-13",
631,989,44,4,"3-6 6-3 10-6",
1003,1004,44,4,"6-1 6-3",
831,903,44,4,"6-4 6-3",
918,984,44,4,"6-4 7-5",
1005,1006,44,4,"6-7(6) 6-3 10-8",
1007,992,44,4,"6-2 7-5",
1008,928,44,4,"6-2 6-2",
867,7,44,4,"6-1 7-5",
949,995,44,5,"w/o",
991,997,44,5,"w/o",
779,957,44,5,"6-1 7-6(2)",
1001,911,44,5,"6-4 7-6(7)",
631,1003,44,5,"2-6 6-4 10-7",
918,831,44,5,"4-6 6-4 10-5",
1007,1005,44,5,"7-6(6) 6-4",
867,1008,44,5,"6-2 3-6 12-10",
949,991,44,9,"6-1 7-5",
779,1001,44,9,"6-3 7-5",
631,918,44,9,"7-6(2) 7-5",
867,1007,44,9,"4-6 6-3 10-7",
779,949,44,10,"7-5 6-2",
867,631,44,10,"6-3 6-3",
867,779,44,12,"6-7(8) 6-1 12-10",
496,981,45,4,"6-2 6-2",
1009,364,45,4,"6-2 6-4",
7,1010,45,4,"7-5 6-3",
1011,1012,45,4,"6-3 7-5",
1013,1014,45,4,"7-5 6-7(7) 10-7",
1015,1016,45,4,"6-3 6-3",
930,466,45,4,"6-3 4-6 10-8",
1017,695,45,4,"6-3 4-6 10-8",
496,1009,45,9,"7-5 7-6(5)",
7,1011,45,9,"6-2 7-5",
1013,1015,45,9,"6-3 3-6 10-8",
1017,930,45,9,"4-6 7-6(2) 10-7",
496,7,45,10,"3-6 6-4 10-7",
1013,1017,45,10,"6-1 6-7(7) 10-7",
496,1013,45,12,"2-6 6-3 10-8",
484,972,50,8,"6-4 6-7(3) 10-8","12/29/12 00:00:00"
1018,1021,50,8,"w/o","12/29/12 00:00:00"
1025,972,50,8,"6-3 6-2","12/30/12 00:00:00"
484,1022,50,8,"6-3 6-3","12/30/12 00:00:00"
1019,433,50,8,"7-6(4) 6-4","12/31/12 00:00:00"
1025,1022,50,8,"6-7(5) 6-2 10-8","01/01/13 00:00:00"
433,1018,50,8,"6-4 6-7(8) 10-6","01/02/13 00:00:00"
1019,1026,50,8,"6-4 7-5","01/02/13 00:00:00"
484,1027,50,8,"6-1 6-3","01/03/13 00:00:00"
1019,1018,50,8,"2-6 6-4 10-3","01/03/13 00:00:00"
433,1028,50,8,"6-2 7-5","01/04/13 00:00:00"
972,1022,50,8,"6-3 1-2 ret.","01/04/13 00:00:00"
484,433,50,12,"6-4 7-5","01/05/13 00:00:00"
3701,3716,46,4,"6-4 6-7(7) 10-3","01/18/13 00:00:00"
401,940,46,4,"6-3 6-3","01/18/13 00:00:00"
3717,925,46,4,"6-2 6-2","01/18/13 00:00:00"
3703,3702,46,4,"6-3 6-3","01/19/13 00:00:00"
831,984,46,4,"6-3 3-6 10-7","01/19/13 00:00:00"
3709,3708,46,4,"7-6(3) 7-6(4)","01/19/13 00:00:00"
3710,710,46,4,"2-6 6-4 10-7","01/19/13 00:00:00"
3714,3713,46,4,"7-6(6) 6-3","01/19/13 00:00:00"
918,3715,46,4,"6-7(8) 6-4 10-7","01/19/13 00:00:00"
631,845,46,4,"4-6 7-6(5) 10-8","01/20/13 00:00:00"
991,3711,46,4,"6-4 6-3","01/20/13 00:00:00"
949,589,46,4,"6-3 6-2","01/20/13 00:00:00"
3712,1007,46,4,"6-4 6-2","01/20/13 00:00:00"
779,3718,46,4,"6-3 7-5","01/20/13 00:00:00"
3719,3720,46,4,"6-2 6-3","01/20/13 00:00:00"
779,3701,46,5,"w/o","01/21/13 00:00:00"
3703,3719,46,5,"6-1 7-5","01/21/13 00:00:00"
3706,831,46,5,"4-6 6-1 10-4","01/21/13 00:00:00"
631,3709,46,5,"6-4 7-6(7)","01/21/13 00:00:00"
3706,3707,46,4,"6-2 6-2","01/19/13 00:00:00"
3710,3717,46,5,"6-2 6-1","01/22/13 00:00:00"
991,949,46,5,"6-2 5-7 10-4","01/22/13 00:00:00"
3712,401,46,5,"3-6 6-2 10-5","01/22/13 00:00:00"
3714,918,46,5,"6-3 6-2","01/22/13 00:00:00"
779,3703,46,9,"6-2 6-3","01/23/13 00:00:00"
3710,991,46,9,"6-4 7-5","01/23/13 00:00:00"
631,3706,46,9,"7-5 6-4","01/24/13 00:00:00"
3714,3712,46,9,"6-3 3-6 13-11","01/24/13 00:00:00"
631,779,46,10,"3-6 7-5 10-7","01/25/13 00:00:00"
3714,3710,46,10,"7-5 7-6(5)","01/25/13 00:00:00"
3714,631,46,12,"6-3 7-5","01/27/13 00:00:00"
3725,3726,47,4,"6-4 7-5","05/30/13 00:00:00"
3722,3721,47,4,"6-2 6-3","05/31/13 00:00:00"
3732,984,47,4,"6-1 6-2","05/31/13 00:00:00"
3734,3735,47,4,"0-6 7-5 11-9","05/31/13 00:00:00"
3737,779,47,4,"3-6 6-1 10-8","05/31/13 00:00:00"
3738,626,47,4,"7-5 6-3","05/31/13 00:00:00"
3742,863,47,4,"0-6 6-0 10-6","05/31/13 00:00:00"
3727,3728,47,4,"6-4 1-6 11-9","06/01/13 00:00:00"
3724,3723,47,4,"7-6(5) 6-4","06/01/13 00:00:00"
401,3729,47,4,"6-2 7-5","06/01/13 00:00:00"
3731,3730,47,4,"6-4 6-7(8) 14-12","06/01/13 00:00:00"
3733,831,47,4,"6-2 6-4","06/01/13 00:00:00"
3739,712,47,4,"6-3 1-6 10-5","06/01/13 00:00:00"
631,3741,47,4,"6-4 6-4","06/01/13 00:00:00"
3743,3740,47,4,"6-4 7-5","06/01/13 00:00:00"
3736,957,47,4,"7-5 6-3","06/02/13 00:00:00"
3722,3724,47,5,"6-4 6-0","06/02/13 00:00:00"
3725,3727,47,5,"6-3 6-2","06/02/13 00:00:00"
401,3731,47,5,"6-3 7-6(5)","06/02/13 00:00:00"
3733,3732,47,5,"6-3 7-5","06/02/13 00:00:00"
3738,3737,47,5,"6-2 4-6 14-12","06/02/13 00:00:00"
3743,3739,47,5,"1-6 6-0 10-7","06/02/13 00:00:00"
631,3742,47,5,"7-6(5) 6-2","06/02/13 00:00:00"
3722,3725,47,9,"7-6(5) 6-3","06/03/13 00:00:00"
3733,401,47,9,"7-5 6-4","06/03/13 00:00:00"
631,3743,47,9,"7-6(3) 3-6 10-5","06/03/13 00:00:00"
3734,3736,47,5,"7-5 6-7(1) 10-2","06/04/13 00:00:00"
3734,3738,47,9,"6-4 6-4","06/05/13 00:00:00"
3733,3722,47,10,"7-5 6-4","06/05/13 00:00:00"
631,3734,47,10,"3-6 6-2 10-3","06/05/13 00:00:00"
631,3733,47,12,"1-6 6-4 10-6","06/06/13 00:00:00"
3762,3761,48,4,"6-4 4-6 6-1","06/27/13 00:00:00"
3770,416,48,4,"6-7(2) 6-4 6-4","06/28/13 00:00:00"
3750,3732,48,4,"6-7(7) 6-3 6-3","06/29/13 00:00:00"
3751,3752,48,4,"7-6(6) 4-6 6-4","06/29/13 00:00:00"
3730,3756,48,4,"6-3 7-5","06/29/13 00:00:00"
3760,3759,48,4,"6-2 6-4","06/29/13 00:00:00"
3763,957,48,4,"6-4 6-7(6) 6-2","06/29/13 00:00:00"
3773,3774,48,4,"7-5 6-2","06/29/13 00:00:00"
3758,3776,48,4,"3-6 6-3 6-3","06/29/13 00:00:00"
3766,3777,48,4,"6-4 6-1","06/29/13 00:00:00"
3764,3765,48,4,"7-6(2) 6-3","06/29/13 00:00:00"
3768,3769,48,4,"4-6 6-3 19-17","06/29/13 00:00:00"
3772,873,48,4,"6-4 3-6 6-3","06/29/13 00:00:00"
3746,3745,48,4,"6-7(2) 6-2 6-4","07/01/13 00:00:00"
3754,3755,48,4,"6-7(2) 6-3 6-4","07/01/13 00:00:00"
3757,3730,48,5,"2-6 6-3 6-3","07/01/13 00:00:00"
3758,631,48,5,"7-6(3) 6-3","07/01/13 00:00:00"
992,3760,48,5,"7-6(6) 7-5","07/01/13 00:00:00"
993,3762,48,5,"6-2 6-4","07/01/13 00:00:00"
640,3764,48,5,"w/o","07/01/13 00:00:00"
3722,3770,48,5,"w/o","07/01/13 00:00:00"
3748,3747,48,4,"7-5 6-4","07/01/13 00:00:00"
401,3766,48,5,"7-5 6-1","07/01/13 00:00:00"
3734,3751,48,5,"4-0 ret.","07/02/13 00:00:00"
779,3763,48,5,"7-5 7-5","07/02/13 00:00:00"
3754,3753,48,5,"7-6(3) 6-3","07/02/13 00:00:00"
3738,3746,48,5,"6-2 6-3","07/02/13 00:00:00"
3748,3749,48,5,"3-6 6-3 6-4","07/02/13 00:00:00"
3750,984,48,5,"4-6 6-3 6-4","07/02/13 00:00:00"
3733,3768,48,5,"3-6 6-3 6-4","07/02/13 00:00:00"
3772,3771,48,5,"6-3 6-3","07/02/13 00:00:00"
3775,3773,48,5,"6-3 6-4","07/02/13 00:00:00"
3738,3748,48,6,"6-3 6-4","07/03/13 00:00:00"
3750,3734,48,6,"6-4 1-6 6-2","07/03/13 00:00:00"
3754,3757,48,6,"6-7(4) 7-6(3) 7-5","07/03/13 00:00:00"
992,3758,48,6,"7-6(4) 3-6 6-1","07/03/13 00:00:00"
779,993,48,6,"6-7(3) 6-4 6-2","07/03/13 00:00:00"
401,640,48,6,"6-2 6-7(3) 6-2","07/03/13 00:00:00"
3733,3722,48,6,"3-6 6-3 6-2","07/03/13 00:00:00"
3775,3772,48,6,"6-1 7-5","07/03/13 00:00:00"
3754,992,48,9,"6-3 3-6 6-3","07/04/13 00:00:00"
3738,3750,48,9,"7-6(6) 7-6(4)","07/04/13 00:00:00"
401,779,48,9,"7-6(10) 6-7(6) 6-4","07/04/13 00:00:00"
3733,3775,48,9,"7-6(5) 7-6(5)","07/04/13 00:00:00"
3738,3754,48,10,"6-4 6-4","07/05/13 00:00:00"
3733,401,48,10,"6-2 6-7(4) 11-9","07/05/13 00:00:00"
3733,3738,48,12,"5-7 6-2 8-6","07/07/13 00:00:00"
3757,3779,49,4,"2-6 6-0 10-4","08/28/13 00:00:00"
779,3789,49,4,"6-3 2-6 10-8","08/28/13 00:00:00"
3750,993,49,4,"4-6 6-3 11-9","08/30/13 00:00:00"
631,3778,49,4,"6-2 7-5","08/30/13 00:00:00"
3701,3780,49,4,"7-5 6-2","08/30/13 00:00:00"
3782,3781,49,4,"6-7(1) 6-2 10-6","08/30/13 00:00:00"
3784,3783,49,4,"6-4 6-1","08/30/13 00:00:00"
984,3785,49,4,"2-6 6-4 10-6","08/30/13 00:00:00"
3734,3775,49,4,"4-6 7-6(10) 10-4","08/30/13 00:00:00"
3753,3786,49,4,"6-1 6-1","08/30/13 00:00:00"
3787,444,49,4,"7-6(5) 7-6(5)","08/30/13 00:00:00"
3746,3788,49,4,"6-4 7-6(3)","08/30/13 00:00:00"
3793,3792,49,4,"6-4 6-4","08/30/13 00:00:00"
3733,640,49,4,"6-3 6-3","08/30/13 00:00:00"
401,3722,49,4,"6-3 6-1","08/30/13 00:00:00"
3790,3791,49,4,"6-3 3-6 10-7","08/31/13 00:00:00"
631,3750,49,5,"7-6(10) 7-6(5)","08/31/13 00:00:00"
3753,3787,49,5,"6-3 6-4","08/31/13 00:00:00"
779,3746,49,5,"6-3 6-4","08/31/13 00:00:00"
3733,401,49,5,"6-1 7-6(3)","08/31/13 00:00:00"
3701,3757,49,5,"6-3 7-5","08/31/13 00:00:00"
3782,3784,49,5,"7-5 6-2","09/01/13 00:00:00"
3734,984,49,5,"4-6 7-6(4) 10-5","09/01/13 00:00:00"
3793,3790,49,5,"6-4 7-5","09/01/13 00:00:00"
3701,631,49,9,"6-4 6-7(3) 13-11","09/03/13 00:00:00"
3782,3734,49,9,"2-6 6-1 11-9","09/03/13 00:00:00"
3753,779,49,9,"6-1 6-2","09/03/13 00:00:00"
3733,3793,49,9,"7-6(5) 6-3","09/03/13 00:00:00"
3782,3701,49,10,"6-3 6-1","09/04/13 00:00:00"
3753,3733,49,10,"7-5 6-7(4) 12-10","09/04/13 00:00:00"
3753,3782,49,12,"7-6(5) 6-3","09/06/13 00:00:00"
3797,3796,51,8,"6-2 6-1","12/28/13 00:00:00"
3794,3795,51,8,"6-2 6-4","12/28/13 00:00:00"
3798,3801,51,8,"6-3 6-4","12/29/13 00:00:00"
3795,3797,51,8,"6-3 5-7 10-3","12/29/13 00:00:00"
3800,3801,51,8,"4-6 6-0 10-4","12/30/13 00:00:00"
3799,3798,51,8,"6-1 6-3","12/30/13 00:00:00"
3802,3794,51,8,"6-3 6-4","12/31/13 00:00:00"
3799,3800,51,8,"6-1 5-7 10-5","01/01/14 00:00:00"
3797,3794,51,8,"1-6 7-5 10-8","01/02/14 00:00:00"
3795,3803,51,8,"6-1 6-4","01/02/14 00:00:00"
3798,3800,51,8,"w/o","01/03/14 00:00:00"
3799,3801,51,8,"8-3","01/03/14 00:00:00"
3799,3797,51,12,"6-0 6-2","01/04/14 00:00:00"
779,3819,52,4,"7-5 6-4","01/17/14 00:00:00"
3750,3821,52,4,"6-3 6-4","01/17/14 00:00:00"
993,3754,52,4,"6-3 7-6(5)","01/18/14 00:00:00"
3701,3807,52,4,"6-2 6-4","01/18/14 00:00:00"
3733,3809,52,4,"7-5 6-3","01/18/14 00:00:00"
3775,3813,52,4,"4-6 7-6(3) 10-8","01/18/14 00:00:00"
3817,3816,52,4,"6-3 6-4","01/18/14 00:00:00"
3714,3820,52,4,"6-2 6-4","01/18/14 00:00:00"
3822,984,52,4,"6-2 6-3","01/18/14 00:00:00"
3808,3734,52,4,"6-2 6-2","01/19/14 00:00:00"
3811,3810,52,4,"7-5 4-6 10-7","01/19/14 00:00:00"
907,3812,52,4,"6-7(3) 6-4 10-5","01/19/14 00:00:00"
3815,3814,52,4,"6-4 6-4","01/19/14 00:00:00"
3806,3823,52,4,"6-1 7-6(5)","01/19/14 00:00:00"
3805,3824,52,4,"6-3 6-4","01/20/14 00:00:00"
3753,3818,52,4,"6-4 6-4","01/20/14 00:00:00"
3733,3808,52,5,"6-4 6-1","01/20/14 00:00:00"
3811,907,52,5,"6-0 2-6 10-6","01/20/14 00:00:00"
3775,3815,52,5,"6-2 6-2","01/20/14 00:00:00"
3714,779,52,5,"6-4 3-6 10-6","01/20/14 00:00:00"
3822,3750,52,5,"7-6(5) 7-5","01/20/14 00:00:00"
3805,993,52,5,"2-6 7-6(5) 10-5","01/21/14 00:00:00"
3701,3806,52,5,"6-7(5) 7-5 10-8","01/21/14 00:00:00"
3817,3753,52,5,"6-3 6-4","01/21/14 00:00:00"
3805,3701,52,9,"3-6 6-4 10-7","01/22/14 00:00:00"
3714,3822,52,9,"7-5 6-3","01/22/14 00:00:00"
3775,3817,52,9,"6-3 6-4","01/23/14 00:00:00"
3733,3811,52,9,"6-3 6-3","01/23/14 00:00:00"
3733,3805,52,10,"6-3 6-1","01/24/14 00:00:00"
3775,3714,52,10,"2-6 6-3 10-2","01/24/14 00:00:00"
3733,3775,52,12,"6-3 6-2","01/26/14 00:00:00"
3837,3824,53,4,"6-4 6-4","05/28/14 00:00:00"
3827,3828,53,4,"7-6(2) 6-2","05/29/14 00:00:00"
3829,3805,53,4,"7-5 6-3","05/29/14 00:00:00"
3834,3815,53,4,"3-6 6-3 10-8","05/29/14 00:00:00"
3775,779,53,4,"4-6 6-3 10-7","05/29/14 00:00:00"
3841,3842,53,4,"6-4 6-4","05/29/14 00:00:00"
3825,903,53,4,"6-4 6-2","05/30/14 00:00:00"
3830,712,53,4,"1-6 7-6(10) 10-8","05/30/14 00:00:00"
3831,3832,53,4,"6-3 5-7 10-6","05/30/14 00:00:00"
3731,3833,53,4,"7-5 6-3","05/30/14 00:00:00"
3733,3835,53,4,"7-6(1) 6-4","05/30/14 00:00:00"
535,3836,53,4,"2-6 7-5 10-5","05/30/14 00:00:00"
3838,756,53,4,"5-7 7-5 10-3","05/30/14 00:00:00"
3840,626,53,4,"6-3 6-2","05/30/14 00:00:00"
3822,3843,53,4,"7-6(3) 7-5","05/30/14 00:00:00"
3839,3844,53,4,"6-1 7-5","05/30/14 00:00:00"
3827,3825,53,5,"5-7 6-3 10-4","05/31/14 00:00:00"
535,3837,53,5,"7-6(10) 3-6 11-9","05/31/14 00:00:00"
3838,3775,53,5,"1-6 6-4 10-7","05/31/14 00:00:00"
3839,3840,53,5,"6-0 6-1","05/31/14 00:00:00"
3822,3841,53,5,"6-3 3-6 10-7","05/31/14 00:00:00"
3829,3830,53,5,"6-7(8) 6-2 10-5","06/01/14 00:00:00"
3831,3731,53,5,"6-3 6-4","06/01/14 00:00:00"
3733,3834,53,5,"6-3 6-2","06/01/14 00:00:00"
3839,3822,53,9,"2-6 6-4 10-5","06/01/14 00:00:00"
3838,535,53,9,"6-4 6-3","06/02/14 00:00:00"
3829,3827,53,9,"6-2 6-4","06/03/14 00:00:00"
3831,3733,53,9,"6-3 1-6 10-3","06/03/14 00:00:00"
3829,3831,53,10,"3-6 7-6(4) 10-5","06/04/14 00:00:00"
3839,3838,53,10,"6-2 6-2","06/04/14 00:00:00"
3829,3839,53,12,"4-6 6-2 10-7","06/05/14 00:00:00"
3847,3846,54,4,"6-3 6-4","06/27/14 00:00:00"
3848,3849,54,4,"6-4 6-4","06/26/14 00:00:00"
3855,3854,54,4,"6-4 6-0","06/27/14 00:00:00"
3857,3856,54,4,"6-2 7-5","06/27/14 00:00:00"
3859,3860,54,4,"6-4 6-4","06/27/14 00:00:00"
893,3805,54,4,"6-2 6-0","06/27/14 00:00:00"
3866,3867,54,4,"6-2 3-6 6-2","06/27/14 00:00:00"
3838,3868,54,4,"6-0 4-6 6-3","06/26/14 00:00:00"
3873,631,54,4,"6-1 6-2","06/27/14 00:00:00"
3877,3851,54,4,"6-3 3-6 6-1","06/27/14 00:00:00"
3852,3853,54,4,"7-6(6) 7-6(4)","06/27/14 00:00:00"
3862,3876,54,4,"6-3 6-4","06/27/14 00:00:00"
3864,885,54,4,"6-1 1-6 9-7","06/27/14 00:00:00"
3870,3869,54,4,"6-4 3-6 6-1","06/27/14 00:00:00"
3871,3760,54,4,"7-5 7-6(5)","06/27/14 00:00:00"
3768,3874,54,4,"7-6(5) 6-4","06/27/14 00:00:00"
3835,3848,54,5,"7-6(5) 6-4","06/30/14 00:00:00"
3838,661,54,5,"1-6 6-2 6-3","06/30/14 00:00:00"
3847,652,54,5,"2-6 6-4 6-3","07/01/14 00:00:00"
3855,3825,54,5,"6-4 6-2","07/01/14 00:00:00"
3858,3857,54,5,"6-1 6-1","07/01/14 00:00:00"
3750,3859,54,5,"w/o","07/01/14 00:00:00"
3733,3862,54,5,"7-5 6-2","07/01/14 00:00:00"
3864,3865,54,5,"6-2 7-5","07/01/14 00:00:00"
3871,3812,54,5,"2-6 6-3 6-4","07/01/14 00:00:00"
3872,3873,54,5,"3-6 7-6(1) 6-3","07/01/14 00:00:00"
3875,3768,54,5,"7-6(6) 6-3","07/01/14 00:00:00"
3863,893,54,5,"6-4 7-5","07/01/14 00:00:00"
818,3866,54,5,"6-1 6-2","07/01/14 00:00:00"
3832,3877,54,5,"7-6(8) 6-7(5) 6-4","07/02/14 00:00:00"
3775,3852,54,5,"6-3 6-3","07/02/14 00:00:00"
3870,3878,54,5,"6-4 6-4","07/02/14 00:00:00"
3835,3847,54,6,"6-2 7-6(4)","07/03/14 00:00:00"
3858,3855,54,6,"6-3 5-7 9-7","07/03/14 00:00:00"
3733,3750,54,6,"7-6(4) 6-3","07/03/14 00:00:00"
3864,3863,54,6,"3-6 7-5 6-3","07/03/14 00:00:00"
818,3838,54,6,"2-6 6-2 8-6","07/03/14 00:00:00"
3872,3875,54,6,"7-5 6-4","07/03/14 00:00:00"
3871,3870,54,6,"4-6 6-3 6-4","07/03/14 00:00:00"
3832,3775,54,6,"7-5 6-3","07/03/14 00:00:00"
3733,3858,54,9,"6-4 7-6(3)","07/03/14 00:00:00"
818,3864,54,9,"6-3 6-1","07/03/14 00:00:00"
3835,3832,54,9,"6-2 3-6 6-3","07/04/14 00:00:00"
3872,3871,54,9,"6-4 6-3","07/04/14 00:00:00"
818,3872,54,10,"7-5 6-2","07/05/14 00:00:00"
3835,3733,54,10,"7-6(4) 7-5","07/05/14 00:00:00"
818,3835,54,12,"6-4 6-2","07/06/14 00:00:00"
3879,3880,55,4,"6-2 3-6 10-5","08/27/14 00:00:00"
3884,3733,55,4,"7-6(5) 3-6 10-6","08/27/14 00:00:00"
802,3889,55,4,"7-6(1) 6-3","08/27/14 00:00:00"
3832,3870,55,4,"3-6 6-1 13-11","08/28/14 00:00:00"
3822,3883,55,4,"3-6 6-2 10-0","08/28/14 00:00:00"
3887,3839,55,4,"7-5 2-6 12-10","08/28/14 00:00:00"
661,3829,55,4,"6-3 4-6 10-8","08/28/14 00:00:00"
3881,3882,55,4,"7-6(1) 6-2","08/29/14 00:00:00"
3888,3865,55,4,"4-6 6-3 10-5","08/29/14 00:00:00"
3782,3838,55,4,"7-6(6) 1-6 10-5","08/29/14 00:00:00"
3835,3890,55,4,"6-3 6-3","08/29/14 00:00:00"
3750,3891,55,4,"6-2 6-2","08/29/14 00:00:00"
916,3892,55,4,"7-5 6-3","08/29/14 00:00:00"
3893,3812,55,4,"6-3 5-7 11-9","08/29/14 00:00:00"
751,3894,55,4,"6-1 6-4","08/28/14 00:00:00"
3879,3832,55,5,"6-2 7-6(8)","08/30/14 00:00:00"
779,922,55,4,"4-6 6-3 11-9","08/30/14 00:00:00"
3884,751,55,5,"6-2 2-6 13-11","08/30/14 00:00:00"
3782,3888,55,5,"5-7 6-3 11-9","08/30/14 00:00:00"
661,802,55,5,"6-1 4-6 10-4","08/30/14 00:00:00"
3822,3881,55,5,"6-3 6-4","08/31/14 00:00:00"
779,3887,55,5,"5-7 6-2 10-8","08/31/14 00:00:00"
3750,3835,55,5,"6-3 6-2","08/31/14 00:00:00"
916,3893,55,5,"6-3 6-3","08/31/14 00:00:00"
3879,3822,55,9,"7-5 2-6 10-5","09/01/14 00:00:00"
3884,779,55,9,"6-3 1-2 ret.","09/01/14 00:00:00"
3782,661,55,9,"6-4 4-6 10-8","09/01/14 00:00:00"
916,3750,55,9,"2-6 7-6(3) 10-5","09/01/14 00:00:00"
3879,3884,55,10,"7-5 4-6 10-7","09/03/14 00:00:00"
3782,916,55,10,"6-3 6-4","09/03/14 00:00:00"
3879,3782,55,12,"6-1 2-6 11-9","09/05/14 00:00:00"
3896,3895,56,8,"6-4 6-2","01/04/15 00:00:00"
3897,3764,56,8,"6-2 2-6 11-9","01/05/15 00:00:00"
3901,3902,56,8,"8-6","01/04/15 00:00:00"
3900,3899,56,8,"6-4 2-6 10-8","01/05/15 00:00:00"
3897,3895,56,8,"6-3 7-5","01/06/15 00:00:00"
3901,3900,56,8,"6-4 6-4","01/07/15 00:00:00"
3899,3903,56,8,"7-6(3) 7-5","01/07/15 00:00:00"
3896,3904,56,8,"8-6","01/06/15 00:00:00"
3764,3895,56,8,"6-3 4-6 10-7","01/08/15 00:00:00"
3897,3896,56,8,"6-3 6-3","01/08/15 00:00:00"
3901,3897,56,12,"7-5 6-3","01/10/15 00:00:00"
3901,3899,56,8,"4-6 ret.","01/09/15 00:00:00"
3900,3903,56,8,"7-5 6-1","01/09/15 00:00:00"
3879,3838,57,4,"6-1 4-6 10-3","01/23/15 00:00:00"
3913,3912,57,4,"6-2 5-7 10-6","01/23/15 00:00:00"
3916,3917,57,4,"6-2 7-6(4)","01/23/15 00:00:00"
3782,3905,57,4,"6-3 7-5","01/24/15 00:00:00"
3919,3918,57,4,"4-6 7-6(7) 10-8","01/24/15 00:00:00"
3924,802,57,4,"7-6(6) 7-5","01/24/15 00:00:00"
3926,3812,57,4,"6-1 6-4","01/24/15 00:00:00"
3906,3890,57,4,"6-1 7-5","01/25/15 00:00:00"
3907,779,57,4,"7-5 6-4","01/25/15 00:00:00"
3910,3909,57,4,"6-1 6-3","01/25/15 00:00:00"
3914,3915,57,4,"6-2 7-6(2)","01/25/15 00:00:00"
3893,3920,57,4,"6-1 6-3","01/25/15 00:00:00"
3922,3921,57,4,"6-4 5-7 10-4","01/25/15 00:00:00"
3923,3829,57,4,"6-2 4-6 10-6","01/25/15 00:00:00"
3733,3908,57,4,"6-2 3-6 10-4","01/26/15 00:00:00"
3911,3888,57,4,"6-3 6-2","01/26/15 00:00:00"
3879,3782,57,5,"7-5 6-7(3) 10-8","01/26/15 00:00:00"
3913,3911,57,5,"6-4 5-7 14-12","01/27/15 00:00:00"
3914,3916,57,5,"6-3 6-1","01/27/15 00:00:00"
3893,3919,57,5,"3-6 6-4 10-5","01/27/15 00:00:00"
3922,3923,57,5,"3-6 6-3 10-6","01/27/15 00:00:00"
3907,3906,57,5,"3-6 6-3 10-5","01/27/15 00:00:00"
3733,3910,57,5,"6-4 7-5","01/27/15 00:00:00"
3926,3924,57,5,"6-3 6-2","01/27/15 00:00:00"
3879,3907,57,9,"6-2 6-2","01/28/15 00:00:00"
3733,3913,57,9,"6-2 6-3","01/29/15 00:00:00"
3914,3893,57,9,"6-3 6-1","01/29/15 00:00:00"
3922,3926,57,9,"6-1 6-2","01/29/15 00:00:00"
3733,3879,57,10,"3-6 6-2 10-8","01/30/15 00:00:00"
3914,3922,57,10,"7-5 6-4","01/30/15 00:00:00"
3914,3733,57,12,"6-4 6-3","02/01/15 00:00:00"
3929,3930,58,4,"6-2 6-3","05/27/15 00:00:00"
3928,3927,58,4,"6-3 6-4","05/28/15 00:00:00"
3829,3879,58,4,"6-2 6-2","05/28/15 00:00:00"
3933,3934,58,4,"7-6(5) 0-6 10-3","05/28/15 00:00:00"
3935,3812,58,4,"6-3 7-6(1)","05/28/15 00:00:00"
3914,3936,58,4,"6-2 6-3","05/28/15 00:00:00"
3938,626,58,4,"6-2 6-4","05/27/15 00:00:00"
3939,3940,58,4,"7-6(4) 6-3","05/27/15 00:00:00"
3941,3843,58,4,"7-5 2-6 10-5","05/28/15 00:00:00"
3943,3942,58,4,"6-3 7-5","05/28/15 00:00:00"
740,3945,58,4,"6-1 6-4","05/28/15 00:00:00"
3946,3931,58,4,"3-6 7-5 10-8","05/29/15 00:00:00"
831,712,58,4,"6-4 7-5","05/29/15 00:00:00"
3733,3833,58,4,"4-6 6-3 10-8","05/29/15 00:00:00"
3944,3947,58,4,"7-5 6-4","05/29/15 00:00:00"
3928,3829,58,5,"6-1 6-4","05/30/15 00:00:00"
3938,3914,58,5,"6-7(6) 6-3 10-6","05/30/15 00:00:00"
3941,3939,58,5,"6-4 6-4","05/30/15 00:00:00"
740,3944,58,5,"6-3 6-3","05/30/15 00:00:00"
3929,3946,58,5,"6-3 1-6 11-9","05/30/15 00:00:00"
3910,3932,58,4,"4-6 7-6(2) 10-8","05/30/15 00:00:00"
3933,3910,58,5,"4-6 7-6(6) 10-6","05/31/15 00:00:00"
3935,831,58,5,"7-6(5) 6-3","05/31/15 00:00:00"
3943,3733,58,5,"6-4 6-3","05/31/15 00:00:00"
3929,3928,58,9,"6-4 6-4","06/01/15 00:00:00"
3938,3941,58,9,"6-3 6-2","06/01/15 00:00:00"
3933,3935,58,9,"7-6(4) 3-6 10-8","06/02/15 00:00:00"
740,3943,58,9,"6-0 7-6(3)","06/02/15 00:00:00"
3933,3929,58,10,"7-5 7-6(5)","06/03/15 00:00:00"
740,3938,58,10,"4-6 6-3 10-8","06/03/15 00:00:00"
740,3933,58,12,"7-6(3) 6-1","06/05/15 00:00:00"
3949,3948,59,4,"5-7 6-3 6-2","07/03/15 00:00:00"
3974,3950,59,4,"6-3 6-2","07/03/15 00:00:00"
3951,3782,59,4,"6-4 6-2","07/03/15 00:00:00"
3952,3872,59,4,"7-6(5) 7-5","07/03/15 00:00:00"
3955,3954,59,4,"7-6(5) 7-6(4)","07/03/15 00:00:00"
3957,3956,59,4,"6-3 7-6(3)","07/03/15 00:00:00"
3959,811,59,4,"6-4 6-4","07/03/15 00:00:00"
3784,3960,59,4,"6-4 6-3","07/03/15 00:00:00"
3962,3961,59,4,"7-6(9) 5-7 7-5","07/03/15 00:00:00"
1005,3963,59,4,"6-3 6-7(4) 7-5","07/03/15 00:00:00"
3965,3964,59,4,"7-6(6) 6-2","07/03/15 00:00:00"
3966,3906,59,4,"6-3 7-5","07/03/15 00:00:00"
3967,3968,59,4,"6-2 6-3","07/03/15 00:00:00"
3971,893,59,4,"6-3 6-7(5) 6-1","07/03/15 00:00:00"
3973,3972,59,4,"7-5 6-3","07/03/15 00:00:00"
3975,3969,59,4,"6-7(5) 7-6(4) 6-4","07/04/15 00:00:00"
740,3949,59,5,"6-4 6-1","07/04/15 00:00:00"
3953,3955,59,5,"6-4 6-2","07/04/15 00:00:00"
3959,3829,59,5,"6-4 6-7(1) 6-3","07/04/15 00:00:00"
3914,3784,59,5,"6-4 6-2","07/04/15 00:00:00"
3938,3962,59,5,"6-2 6-4","07/04/15 00:00:00"
3834,1005,59,5,"w/o","07/04/15 00:00:00"
3966,3931,59,5,"3-6 6-3 9-7","07/04/15 00:00:00"
3935,3967,59,5,"6-2 6-7(5) 7-5","07/04/15 00:00:00"
3971,3928,59,5,"7-6(6) 7-6(9)","07/04/15 00:00:00"
3879,3973,59,5,"6-2 6-4","07/04/15 00:00:00"
3974,3929,59,5,"6-4 6-2","07/06/15 00:00:00"
3913,3951,59,5,"0-6 6-3 6-3","07/06/15 00:00:00"
3733,3952,59,5,"5-7 6-1 6-4","07/06/15 00:00:00"
3958,3957,59,5,"3-6 7-6(2) 10-8","07/06/15 00:00:00"
3965,3910,59,5,"3-6 6-3 6-2","07/06/15 00:00:00"
3975,3812,59,5,"3-6 6-3 6-2","07/06/15 00:00:00"
3733,3913,59,6,"6-3 6-7(4) 6-3","07/07/15 00:00:00"
3914,3959,59,6,"6-2 6-2","07/07/15 00:00:00"
3935,3975,59,6,"6-3 7-6(6)","07/07/15 00:00:00"
3879,3971,59,6,"6-3 6-7(5) 6-3","07/07/15 00:00:00"
740,3974,59,6,"7-6(3) 7-5","07/08/15 00:00:00"
3953,3958,59,6,"6-7(4) 6-4 11-9","07/08/15 00:00:00"
3938,3834,59,6,"6-3 7-5","07/08/15 00:00:00"
3965,3966,59,6,"6-4 7-6(3)","07/08/15 00:00:00"
740,3733,59,9,"7-6(2) 6-2","07/09/15 00:00:00"
3914,3953,59,9,"6-2 6-1","07/09/15 00:00:00"
3965,3938,59,9,"6-4 1-6 6-3","07/09/15 00:00:00"
3935,3879,59,9,"3-6 7-6(6) 9-7","07/09/15 00:00:00"
3914,740,59,10,"6-3 6-4","07/10/15 00:00:00"
3935,3965,59,10,"4-6 6-3 11-9","07/10/15 00:00:00"
3914,3935,59,12,"6-1 6-1","07/12/15 00:00:00"
3979,3978,60,4,"6-2 6-4","09/02/15 00:00:00"
3914,3990,60,4,"6-2 6-2","09/02/15 00:00:00"
916,3977,60,4,"6-2 6-1","09/03/15 00:00:00"
3981,3933,60,4,"6-4 3-6 10-7","09/03/15 00:00:00"
3982,3983,60,4,"6-2 6-2","09/03/15 00:00:00"
3985,3984,60,4,"6-2 6-2","09/03/15 00:00:00"
3839,3986,60,4,"6-1 6-1","09/03/15 00:00:00"
3987,3812,60,4,"6-1 6-2","09/03/15 00:00:00"
3994,3993,60,4,"6-4 6-7(2) 10-5","09/03/15 00:00:00"
3998,831,60,4,"5-7 6-2 10-8","09/03/15 00:00:00"
3992,3965,60,4,"5-7 6-3 10-8","09/03/15 00:00:00"
3958,3879,60,4,"6-3 6-3","09/04/15 00:00:00"
3834,3980,60,4,"7-6(3) 3-6 10-5","09/04/15 00:00:00"
3988,3989,60,4,"5-7 6-3 10-3","09/04/15 00:00:00"
3995,3887,60,4,"7-6(5) 6-2","09/04/15 00:00:00"
3997,3996,60,4,"6-4 6-4","09/04/15 00:00:00"
3981,3982,60,5,"6-1 7-5","09/05/15 00:00:00"
3985,3998,60,5,"7-5 2-6 10-8","09/05/15 00:00:00"
3914,3988,60,5,"w/o","09/05/15 00:00:00"
3994,3992,60,5,"7-5 7-5","09/05/15 00:00:00"
3997,3995,60,5,"3-6 6-3 10-8","09/05/15 00:00:00"
3958,916,60,5,"6-7(3) 6-1 10-5","09/06/15 00:00:00"
3979,3834,60,5,"6-4 6-3","09/06/15 00:00:00"
3987,3839,60,5,"6-2 7-5","09/06/15 00:00:00"
3914,3987,60,9,"w/o","09/07/15 00:00:00"
3997,3994,60,9,"7-6(7) 5-7 13-11","09/07/15 00:00:00"
3958,3979,60,9,"6-4 6-4","09/08/15 00:00:00"
3981,3985,60,9,"3-6 6-4 10-6","09/08/15 00:00:00"
3981,3958,60,10,"6-4 6-3","09/09/15 00:00:00"
3914,3997,60,10,"6-2 7-5","09/09/15 00:00:00"
3914,3981,60,12,"6-4 3-6 10-7","09/11/15 00:00:00"
4003,4005,61,8,"6-3 4-6 10-7","01/03/16 00:00:00"
4000,3999,61,8,"6-2 7-5","01/03/16 00:00:00"
4002,4001,61,8,"6-2 6-3","01/04/16 00:00:00"
3900,4004,61,8,"6-2 5-7 10-6","01/04/16 00:00:00"
4000,4001,61,8,"6-3 6-1","01/05/16 00:00:00"
4005,4004,61,8,"6-4 6-7(6) 10-6","01/06/16 00:00:00"
4003,3900,61,8,"6-2 6-7(0) 11-9","01/06/16 00:00:00"
3999,4001,61,8,"3-6 7-5 10-5","01/07/16 00:00:00"
4002,4000,61,8,"7-6(5) 4-6 10-7","01/07/16 00:00:00"
3900,4005,61,8,"6-3 6-4","01/08/16 00:00:00"
4003,4004,61,8,"6-4 2-6 11-9","01/08/16 00:00:00"
4006,4007,62,4,"7-5 6-1","01/23/16 00:00:00"
4008,3924,62,4,"6-4 7-6(5)","01/23/16 00:00:00"
4011,4012,62,4,"7-6(6) 6-0","01/23/16 00:00:00"
4013,4014,62,4,"4-6 6-2 10-7","01/23/16 00:00:00"
4016,4015,62,4,"6-3 6-2","01/23/16 00:00:00"
4021,3989,62,4,"6-4 4-6 10-3","01/23/16 00:00:00"
765,4028,62,4,"6-2 6-1","01/23/16 00:00:00"
4010,3835,62,4,"6-4 4-6 10-5","01/23/16 00:00:00"
3914,4009,62,4,"6-3 7-5","01/24/16 00:00:00"
4018,4017,62,4,"6-3 6-7(4) 10-7","01/24/16 00:00:00"
4024,3933,62,4,"1-6 7-5 10-8","01/24/16 00:00:00"
4020,3834,62,4,"6-7(4) 6-2 10-4","01/24/16 00:00:00"
3958,4022,62,4,"6-0 6-3","01/24/16 00:00:00"
3997,4023,62,4,"7-5 6-1","01/24/16 00:00:00"
990,894,62,4,"7-6(3) 7-5","01/24/16 00:00:00"
4027,4026,62,4,"4-6 6-2 10-8","01/24/16 00:00:00"
4011,4013,62,5,"6-4 6-4","01/25/16 00:00:00"
4018,4016,62,5,"6-2 6-3","01/25/16 00:00:00"
4021,4020,62,5,"6-3 3-6 10-7","01/25/16 00:00:00"
3997,3958,62,5,"4-6 6-3 10-6","01/25/16 00:00:00"
4024,990,62,5,"w/o","01/25/16 00:00:00"
765,4027,62,5,"6-4 6-2","01/25/16 00:00:00"
4006,4008,62,5,"7-5 6-2","01/26/16 00:00:00"
3914,4010,62,5,"6-1 6-2","01/26/16 00:00:00"
4018,4011,62,9,"6-2 6-3","01/27/16 00:00:00"
4021,3997,62,9,"6-2 7-5","01/27/16 00:00:00"
4024,765,62,9,"6-3 6-7(5) 10-6","01/27/16 00:00:00"
4006,3914,62,9,"7-6(1) 6-3","01/28/16 00:00:00"
4018,4006,62,10,"7-5 7-6(4)","01/29/16 00:00:00"
4024,4021,62,10,"6-4 6-4","01/29/16 00:00:00"
4018,4024,62,12,"6-4 4-6 10-5","01/31/16 00:00:00"
4035,3933,63,4,"6-4 6-4","05/26/16 00:00:00"
3914,4013,63,4,"6-4 6-4","05/26/16 00:00:00"
4018,4220,63,4,"6-4 6-2","05/26/16 00:00:00"
4048,4040,63,4,"6-3 6-3","05/26/16 00:00:00"
4006,4047,63,4,"6-4 6-3","05/26/16 00:00:00"
4021,4036,63,4,"6-4 6-4","05/26/16 00:00:00"
4034,4033,63,4,"6-2 6-2","05/26/16 00:00:00"
4032,4031,63,4,"6-4 2-6 10-4","05/26/16 00:00:00"
3919,3982,63,4,"6-1 6-2","05/26/16 00:00:00"
4038,4039,63,4,"6-3 7-5","05/27/16 00:00:00"
4041,4042,63,4,"6-2 6-1","05/27/16 00:00:00"
4045,3987,63,4,"7-5 7-6(3)","05/27/16 00:00:00"
510,3834,63,4,"7-6(5) 6-4","05/27/16 00:00:00"
4030,4029,63,4,"w/o","05/28/16 00:00:00"
4044,4043,63,4,"6-3 6-4","05/28/16 00:00:00"
3914,4035,63,5,"2-6 7-5 10-6","05/28/16 00:00:00"
3919,4030,63,5,"2-6 6-3 10-8","05/29/16 00:00:00"
4034,4032,63,5,"6-2 7-6(5)","05/29/16 00:00:00"
4038,4048,63,5,"6-3 6-3","05/29/16 00:00:00"
4044,4041,63,5,"6-3 6-4","05/29/16 00:00:00"
4045,510,63,5,"7-5 6-4","05/29/16 00:00:00"
535,4049,63,4,"6-3 6-3","05/29/16 00:00:00"
4018,4021,63,5,"7-5 7-6(3)","06/01/16 00:00:00"
4006,535,63,5,"6-7(6) 6-4 10-8","06/01/16 00:00:00"
4034,3919,63,9,"6-4 6-4","06/01/16 00:00:00"
4044,4038,63,9,"2-6 6-2 13-11","06/01/16 00:00:00"
3914,4018,63,9,"6-4 6-3","06/02/16 00:00:00"
4006,4045,63,9,"6-1 3-6 10-6","06/02/16 00:00:00"
3914,4034,63,10,"6-3 3-6 10-7","06/02/16 00:00:00"
4006,4044,63,10,"4-6 6-3 12-10","06/02/16 00:00:00"
3914,4006,63,12,"4-6 6-4 10-8","06/03/16 00:00:00"
4153,4152,64,4,"6-2 6-4","07/01/16 00:00:00"
4165,4166,64,4,"6-3 6-2","07/01/16 00:00:00"
3827,4149,64,4,"6-4 6-4","07/02/16 00:00:00"
976,4155,64,4,"6-4 6-4","07/02/16 00:00:00"
4156,4027,64,4,"6-4 4-6 6-4","07/02/16 00:00:00"
4170,4171,64,4,"7-5 3-6 6-2","07/02/16 00:00:00"
4174,4175,64,4,"w/o","07/02/16 00:00:00"
4163,4176,64,4,"6-0 7-6(1)","07/03/16 00:00:00"
3827,3834,64,5,"6-4 6-4","07/03/16 00:00:00"
4154,976,64,5,"6-3 7-6(6)","07/03/16 00:00:00"
4165,4024,64,5,"7-5 3-6 6-3","07/03/16 00:00:00"
3732,4146,64,4,"7-6(3) 6-4","07/03/16 00:00:00"
3965,4148,64,4,"6-3 6-7(7) 6-3","07/03/16 00:00:00"
4150,4151,64,4,"6-4 6-2","07/03/16 00:00:00"
4159,4158,64,4,"6-3 6-2","07/03/16 00:00:00"
4169,4168,64,4,"7-5 5-7 6-3","07/03/16 00:00:00"
4173,4172,64,4,"6-3 6-2","07/03/16 00:00:00"
4013,4153,64,5,"7-5 6-3","07/03/16 00:00:00"
3958,4156,64,5,"6-3 3-6 6-1","07/03/16 00:00:00"
4170,656,64,5,"2-6 6-3 6-3","07/03/16 00:00:00"
4145,893,64,4,"6-1 1-6 6-3","07/04/16 00:00:00"
4147,3965,64,5,"w/o","07/04/16 00:00:00"
4150,3835,64,5,"7-5 6-2","07/04/16 00:00:00"
4159,4157,64,5,"4-6 7-6(5) 6-4","07/04/16 00:00:00"
805,4163,64,5,"6-3 7-5","07/04/16 00:00:00"
4167,4169,64,5,"7-5 6-1","07/04/16 00:00:00"
3914,4173,64,5,"6-4 6-4","07/04/16 00:00:00"
4145,4006,64,5,"4-6 6-3 7-5","07/05/16 00:00:00"
4147,3827,64,6,"6-3 6-4","07/05/16 00:00:00"
4161,4160,64,4,"2-6 6-3 6-2","07/05/16 00:00:00"
4008,3732,64,5,"6-3 7-6(4)","07/05/16 00:00:00"
4013,4150,64,6,"7-5 3-6 6-4","07/05/16 00:00:00"
4165,805,64,6,"7-6(5) 6-3","07/05/16 00:00:00"
4162,4161,64,5,"7-5 7-6(5)","07/06/16 00:00:00"
4174,4018,64,5,"w/o","07/06/16 00:00:00"
4008,4145,64,6,"6-3 6-4","07/06/16 00:00:00"
4154,3958,64,6,"6-1 6-2","07/06/16 00:00:00"
4170,4167,64,6,"6-3 7-6(5)","07/06/16 00:00:00"
4159,4162,64,6,"6-4 7-6(5)","07/07/16 00:00:00"
4013,4154,64,9,"6-7(2) 6-3 6-3","07/07/16 00:00:00"
4174,3914,64,6,"3-6 6-3 6-2","07/07/16 00:00:00"
4008,4147,64,9,"6-3 3-6 7-5","07/07/16 00:00:00"
4159,4165,64,9,"7-5 4-6 6-0","07/08/16 00:00:00"
4174,4170,64,9,"6-3 6-2","07/08/16 00:00:00"
4013,4008,64,10,"6-4 2-6 7-5","07/08/16 00:00:00"
4174,4159,64,10,"7-6(1) 6-3","07/09/16 00:00:00"
4174,4013,64,12,"7-6(5) 6-4","07/10/16 00:00:00"
4178,4177,66,4,"7-6(4) 7-6(1)","08/11/16 00:00:00"
4179,4180,66,4,"6-4 6-3","08/11/16 00:00:00"
1014,4181,66,4,"w/o","08/11/16 00:00:00"
860,4027,66,4,"7-5 6-4","08/11/16 00:00:00"
4186,4157,66,4,"6-7(4) 7-6(3) 10-8","08/11/16 00:00:00"
4187,4044,66,4,"6-4 3-6 10-8","08/11/16 00:00:00"
4183,4182,66,4,"4-6 7-6(1) 10-8","08/11/16 00:00:00"
3900,4185,66,4,"6-3 6-3","08/11/16 00:00:00"
4179,4178,66,9,"6-4 6-4","08/12/16 00:00:00"
1014,4183,66,9,"6-4 7-5","08/12/16 00:00:00"
860,3900,66,9,"6-4 6-4","08/12/16 00:00:00"
4186,4187,66,9,"6-3 7-5","08/12/16 00:00:00"
4179,1014,66,10,"6-4 7-6(3)","08/13/16 00:00:00"
4186,860,66,10,"2-6 6-2 10-3","08/13/16 00:00:00"
4179,4186,66,12,"6-7(3) 6-1 10-7","08/14/16 00:00:00"
1014,860,66,11,"6-1 7-5","08/14/16 00:00:00"
3914,3992,65,4,"6-3 6-2","08/31/16 00:00:00"
4192,4191,65,4,"7-6(4) 5-7 10-4","08/31/16 00:00:00"
4013,4021,65,4,"7-5 6-4","08/31/16 00:00:00"
3835,4196,65,4,"6-4 6-4","08/31/16 00:00:00"
3831,4202,65,4,"6-4 3-6 10-8","08/31/16 00:00:00"
4167,4200,65,4,"6-0 6-7(4) 10-4","09/01/16 00:00:00"
4006,916,65,4,"6-4 6-4","09/02/16 00:00:00"
4190,4189,65,4,"6-3 2-6 10-8","09/02/16 00:00:00"
4194,4193,65,4,"7-5 6-4","09/02/16 00:00:00"
3958,4195,65,4,"7-6(5) 6-3","09/02/16 00:00:00"
4170,3933,65,4,"7-5 6-7(3) 11-9","09/02/16 00:00:00"
3838,4201,65,4,"7-6(5) 6-1","09/02/16 00:00:00"
4188,4159,65,4,"6-1 6-4","09/02/16 00:00:00"
4197,894,65,4,"6-4 3-6 10-6","09/03/16 00:00:00"
4190,3914,65,5,"7-6(1) 3-6 13-11","09/03/16 00:00:00"
4013,4192,65,5,"6-4 3-6 10-8","09/03/16 00:00:00"
4194,3958,65,5,"5-7 6-3 10-7","09/03/16 00:00:00"
4167,4170,65,5,"6-1 6-2","09/03/16 00:00:00"
3782,4203,65,4,"6-3 6-7(5) 10-4","09/03/16 00:00:00"
4199,4198,65,4,"7-6(4) 6-1","09/04/16 00:00:00"
4188,4006,65,5,"6-3 6-4","09/04/16 00:00:00"
4197,3835,65,5,"7-5 7-6(2)","09/04/16 00:00:00"
3831,3838,65,5,"6-3 7-5","09/04/16 00:00:00"
4199,3782,65,5,"6-4 6-2","09/05/16 00:00:00"
4190,4188,65,9,"6-3 6-3","09/05/16 00:00:00"
4013,4194,65,9,"1-6 6-2 10-8","09/05/16 00:00:00"
4199,4197,65,9,"6-2 7-6(2)","09/06/16 00:00:00"
4167,3831,65,9,"1-6 6-3 13-11","09/06/16 00:00:00"
4190,4013,65,10,"7-6(4) 6-4","09/07/16 00:00:00"
4199,4167,65,10,"7-6(5) 7-5","09/07/16 00:00:00"
4199,4190,65,12,"6-4 6-4","09/09/16 00:00:00"
4210,4208,67,8,"2-4 4-2 4-1","01/01/17 00:00:00"
4209,4003,67,8,"4-0 4-2","01/01/17 00:00:00"
4204,4205,67,8,"4-2 4-1","01/02/17 00:00:00"
4207,4206,67,8,"4-0 4-1","01/02/17 00:00:00"
4210,4209,67,8,"4-3(3) 3-4(2) 4-3(2)","01/03/17 00:00:00"
4208,4003,67,8,"3-4(1) 4-3(1) 4-2","01/03/17 00:00:00"
4204,4206,67,8,"4-3(4) 4-3(2)","01/04/17 00:00:00"
4207,4205,67,8,"4-1 4-2","01/04/17 00:00:00"
4209,4208,67,8,"4-2 4-1","01/05/17 00:00:00"
4210,4211,67,8,"4-1 4-1","01/05/17 00:00:00"
4205,4206,67,8,"4-2 4-2","01/06/17 00:00:00"
4204,4207,67,8,"4-2 4-2","01/06/17 00:00:00"
4204,4210,67,12,"4-1 4-3","01/07/17 00:00:00"
740,4212,68,4,"6-4 4-6 10-6","01/20/17 00:00:00"
4220,1014,68,4,"6-4 7-6(4)","01/20/17 00:00:00"
4227,3924,68,4,"6-3 7-5","01/20/17 00:00:00"
4216,4215,68,4,"6-4 6-3","01/21/17 00:00:00"
4183,4219,68,4,"6-3 6-4","01/21/17 00:00:00"
4194,4228,68,4,"6-4 6-7(5) 10-7","01/21/17 00:00:00"
4229,4230,68,4,"7-6(3) 6-3","01/21/17 00:00:00"
4006,4199,68,4,"7-5 6-4","01/21/17 00:00:00"
4213,4214,68,4,"6-2 6-3","01/22/17 00:00:00"
4153,4013,68,4,"6-3 6-7(5) 10-7","01/22/17 00:00:00"
4217,4034,68,4,"0-6 7-6(6) 10-8","01/22/17 00:00:00"
4218,4021,68,4,"6-7(6) 7-6(5) 10-8","01/22/17 00:00:00"
4222,4221,68,4,"5-7 7-6(2) 10-7","01/22/17 00:00:00"
3914,4223,68,4,"6-4 6-3","01/22/17 00:00:00"
4224,4225,68,4,"6-3 6-4","01/22/17 00:00:00"
4226,3835,68,4,"6-4 6-2","01/22/17 00:00:00"
4153,4216,68,5,"w/o","01/23/17 00:00:00"
4220,4183,68,5,"6-4 6-3","01/23/17 00:00:00"
3914,4222,68,5,"6-2 6-3","01/23/17 00:00:00"
4218,4217,68,5,"6-4 6-4","01/24/17 00:00:00"
4194,4227,68,5,"6-4 5-7 10-3","01/24/17 00:00:00"
740,4213,68,5,"6-3 6-2","01/24/17 00:00:00"
4224,4226,68,5,"7-6(6) 7-5","01/24/17 00:00:00"
4006,4229,68,5,"2-6 6-3 10-6","01/24/17 00:00:00"
4220,4218,68,9,"6-4 6-3","01/25/17 00:00:00"
4006,4194,68,9,"6-4 3-6 12-10","01/25/17 00:00:00"
4153,740,68,9,"w/o","01/26/17 00:00:00"
4224,3914,68,9,"6-3 6-2","01/26/17 00:00:00"
4220,4153,68,10,"7-6(1) 6-2","01/27/17 00:00:00"
4006,4224,68,10,"6-4 2-6 10-5","01/27/17 00:00:00"
4220,4006,68,12,"6-2 6-4","01/29/17 00:00:00"
4220,3928,69,4,"6-4 6-2","05/31/17 00:00:00"
4273,833,69,4,"6-4 6-2","06/01/17 00:00:00"
4194,4276,69,4,"6-0 6-1","06/01/17 00:00:00"
3989,4277,69,4,"6-1 6-4","06/01/17 00:00:00"
4013,4264,69,4,"6-1 7-6(5)","06/01/17 00:00:00"
4266,4265,69,4,"7-5 6-3","06/01/17 00:00:00"
4269,4039,69,4,"7-5 6-3","06/01/17 00:00:00"
4271,4270,69,4,"6-4 7-6(4)","06/01/17 00:00:00"
4034,984,69,4,"1-6 6-2 10-7","06/01/17 00:00:00"
4267,3914,69,4,"6-4 1-6 10-2","06/02/17 00:00:00"
3933,4268,69,4,"6-4 6-4","06/02/17 00:00:00"
3876,4272,69,4,"6-2 7-6(5)","06/02/17 00:00:00"
4274,4275,69,4,"3-6 7-5 10-5","06/02/17 00:00:00"
3942,4213,69,4,"6-2 5-7 10-5","06/02/17 00:00:00"
4006,4166,69,4,"7-5 6-3","06/02/17 00:00:00"
4278,4263,69,4,"7-5 6-2","06/02/17 00:00:00"
4013,4266,69,5,"6-4 ret.","06/03/17 00:00:00"
4278,4220,69,5,"6-4 3-6 15-13","06/04/17 00:00:00"
3933,4267,69,5,"6-2 6-2","06/04/17 00:00:00"
4269,4271,69,5,"6-3 3-6 10-6","06/04/17 00:00:00"
4273,3876,69,5,"6-7(2) 7-5 11-9","06/04/17 00:00:00"
4034,4274,69,5,"6-2 6-4","06/04/17 00:00:00"
4194,3942,69,5,"6-3 6-2","06/04/17 00:00:00"
4006,3989,69,5,"6-2 6-4","06/04/17 00:00:00"
4269,3933,69,9,"6-1 6-3","06/05/17 00:00:00"
4194,4006,69,9,"6-3 6-4","06/05/17 00:00:00"
4013,4278,69,9,"5-7 6-3 10-6","06/06/17 00:00:00"
4034,4273,69,9,"7-6(3) 6-3","06/06/17 00:00:00"
4013,4269,69,10,"6-7(5) 6-3 10-5","06/07/17 00:00:00"
4194,4034,69,10,"7-5 6-3","06/07/17 00:00:00"
4194,4013,69,12,"2-6 6-2 12-10","06/08/17 00:00:00"
4145,4281,70,4,"7-5 6-3","07/07/17 00:00:00"
4286,4285,70,4,"6-2 7-5","07/07/17 00:00:00"
4288,4287,70,4,"6-3 6-4","07/07/17 00:00:00"
4289,4170,70,4,"6-4 7-6(4)","07/07/17 00:00:00"
4278,4290,70,4,"6-3 3-6 9-7","07/07/17 00:00:00"
4292,4291,70,4,"7-5 6-4","07/07/17 00:00:00"
4293,4294,70,4,"6-3 7-6(3)","07/07/17 00:00:00"
4298,4297,70,4,"5-7 6-3 6-2","07/07/17 00:00:00"
4174,4300,70,4,"6-3 6-4","07/07/17 00:00:00"
4303,976,70,4,"6-3 6-4","07/07/17 00:00:00"
4308,4309,70,4,"6-4 6-4","07/07/17 00:00:00"
4296,4295,70,4,"7-5 6-7(3) 12-10","07/07/17 00:00:00"
4311,4302,70,4,"4-6 6-3 6-4","07/07/17 00:00:00"
4151,4310,70,4,"6-4 6-3","07/07/17 00:00:00"
3864,4313,70,4,"6-3 7-5","07/07/17 00:00:00"
4278,779,70,5,"6-2 6-4","07/08/17 00:00:00"
4194,4298,70,5,"7-6(2) 7-5","07/08/17 00:00:00"
4304,4312,70,4,"5-7 6-4 6-2","07/08/17 00:00:00"
4279,4145,70,5,"6-3 6-0","07/08/17 00:00:00"
4283,4151,70,5,"6-4 7-5","07/08/17 00:00:00"
4284,4286,70,5,"6-1 6-3","07/08/17 00:00:00"
4288,4034,70,5,"6-4 7-5","07/08/17 00:00:00"
4220,4292,70,5,"6-2 7-6(5)","07/08/17 00:00:00"
4296,4271,70,5,"6-4 7-6(5)","07/08/17 00:00:00"
4174,4299,70,5,"6-1 6-3","07/08/17 00:00:00"
4006,4311,70,5,"7-6(5) 6-2","07/08/17 00:00:00"
4303,4269,70,5,"1-6 6-3 15-13","07/08/17 00:00:00"
4018,4308,70,5,"6-3 3-6 7-5","07/08/17 00:00:00"
4305,4304,70,5,"6-2 7-5","07/10/17 00:00:00"
4306,3864,70,5,"4-6 6-3 6-4","07/10/17 00:00:00"
4289,4314,70,5,"6-1 6-4","07/10/17 00:00:00"
4293,4267,70,5,"6-4 7-5","07/10/17 00:00:00"
4279,4283,70,6,"6-3 6-4","07/11/17 00:00:00"
4278,4289,70,6,"6-4 3-6 7-5","07/12/17 00:00:00"
4293,4220,70,6,"7-6(5) 5-7 6-3","07/12/17 00:00:00"
4303,4305,70,6,"6-3 6-7(4) 7-5","07/12/17 00:00:00"
4288,4284,70,6,"5-7 6-4 9-7","07/12/17 00:00:00"
4194,4296,70,6,"7-6(5) 6-2","07/12/17 00:00:00"
4174,4006,70,6,"7-6(4) 6-4","07/12/17 00:00:00"
4018,4306,70,6,"6-7(4) 6-4 6-2","07/12/17 00:00:00"
4279,4288,70,9,"6-4 6-4","07/13/17 00:00:00"
4278,4293,70,9,"6-2 2-6 6-3","07/13/17 00:00:00"
4174,4194,70,9,"6-7(4) 6-4 7-5","07/13/17 00:00:00"
4018,4303,70,9,"7-5 6-4","07/13/17 00:00:00"
4279,4278,70,10,"6-2 7-5","07/14/17 00:00:00"
4174,4018,70,10,"6-4 6-7(6) 6-3","07/14/17 00:00:00"
4279,4174,70,12,"6-4 6-4","07/16/17 00:00:00"
4279,3705,71,4,"6-1 6-4","08/31/17 00:00:00"
4220,4317,71,4,"6-3 7-6(6)","08/31/17 00:00:00"
4167,894,71,4,"6-2 7-6(2)","08/31/17 00:00:00"
4322,4323,71,4,"6-4 6-2","08/31/17 00:00:00"
4325,4324,71,4,"6-3 5-7 11-9","08/31/17 00:00:00"
4327,4326,71,4,"6-4 6-3","08/31/17 00:00:00"
4330,4329,71,4,"6-4 6-4","08/31/17 00:00:00"
4316,4315,71,4,"6-3 6-3","09/01/17 00:00:00"
4292,4269,71,4,"3-6 6-4 10-6","09/01/17 00:00:00"
4320,4321,71,4,"6-4 6-4","09/01/17 00:00:00"
4024,4034,71,4,"6-1 6-2","09/01/17 00:00:00"
4331,4332,71,4,"6-2 6-4","09/01/17 00:00:00"
4333,4006,71,4,"5-7 6-3 10-6","09/01/17 00:00:00"
4318,4319,71,4,"6-2 6-2","09/02/17 00:00:00"
4194,4174,71,4,"6-4 4-6 13-11","09/02/17 00:00:00"
3933,4328,71,4,"6-4 6-4","09/02/17 00:00:00"
4220,4292,71,5,"6-2 6-2","09/02/17 00:00:00"
4279,4316,71,5,"6-4 4-6 11-9","09/03/17 00:00:00"
4318,4320,71,5,"7-5 6-3","09/03/17 00:00:00"
4024,4167,71,5,"6-4 6-3","09/03/17 00:00:00"
4194,4322,71,5,"6-3 6-4","09/03/17 00:00:00"
4327,4325,71,5,"6-3 6-7(8) 10-6","09/03/17 00:00:00"
3933,4330,71,5,"3-6 6-3 10-4","09/03/17 00:00:00"
4331,4333,71,5,"6-4 6-2","09/03/17 00:00:00"
4327,4194,71,9,"4-6 6-3 10-8","09/04/17 00:00:00"
4279,4220,71,9,"6-3 2-6 10-8","09/05/17 00:00:00"
4024,4318,71,9,"4-6 6-1 10-8","09/05/17 00:00:00"
4331,3933,71,9,"5-7 6-4 10-8","09/05/17 00:00:00"
4279,4024,71,10,"6-4 7-6(8)","09/08/17 00:00:00"
4327,4331,71,10,"6-1 7-6(6)","09/08/17 00:00:00"
4279,4327,71,12,"6-4 4-6 10-8","09/09/17 00:00:00"
4337,4210,72,8,"3-4(3) 4-1 4-2","12/30/17 00:00:00"
4207,4338,72,8,"2-4 4-1 4-3(1)","12/30/17 00:00:00"
3895,4336,72,8,"4-3(1) 4-3(4)","12/31/17 00:00:00"
4334,4335,72,8,"4-2 4-3(2)","01/01/18 00:00:00"
4207,4337,72,8,"4-3(1) 3-4(3) 4-1","01/02/18 00:00:00"
4334,3895,72,8,"4-3(2) 4-3(2)","01/03/18 00:00:00"
4336,4335,72,8,"4-3(3) 2-4 4-1","01/03/18 00:00:00"
4337,4338,72,8,"4-1 4-0","01/04/18 00:00:00"
4207,4210,72,8,"4-3(3) 4-2","01/04/18 00:00:00"
4334,4336,72,8,"1-4 4-1 4-3(3)","01/05/18 00:00:00"
4207,4334,72,12,"4-3(3) 4-2","01/06/18 00:00:00"
4278,4341,73,4,"6-2 6-3","01/19/18 00:00:00"
4346,4212,73,4,"4-6 7-5 10-7","01/19/18 00:00:00"
4224,4351,73,4,"6-3 7-6(3)","01/19/18 00:00:00"
4357,4325,73,4,"6-2 7-5","01/19/18 00:00:00"
4340,4013,73,4,"7-5 1-6 10-4","01/20/18 00:00:00"
4034,4349,73,4,"6-4 6-4","01/20/18 00:00:00"
4353,4354,73,4,"6-3 7-5","01/20/18 00:00:00"
4339,3946,73,4,"4-6 7-5 11-9","01/21/18 00:00:00"
4327,4342,73,4,"6-3 6-4","01/21/18 00:00:00"
4220,4345,73,4,"6-4 7-6(4) 10-6","01/21/18 00:00:00"
867,4352,73,4,"6-3 5-7 10-2","01/21/18 00:00:00"
4343,4344,73,4,"6-4 6-1","01/21/18 00:00:00"
4348,4347,73,4,"6-2 6-4","01/21/18 00:00:00"
4350,4292,73,4,"7-6(5) 3-6 10-7","01/21/18 00:00:00"
4356,4355,73,4,"7-5 6-4","01/21/18 00:00:00"
3907,894,73,4,"6-4 6-4","01/21/18 00:00:00"
4340,4339,73,5,"7-6(8) 6-4","01/22/18 00:00:00"
4220,4343,73,5,"3-6 6-3 10-8","01/22/18 00:00:00"
4357,3907,73,5,"6-3 7-6(5)","01/22/18 00:00:00"
867,4224,73,5,"6-7(4) 6-3 11-9","01/22/18 00:00:00"
4278,4327,73,5,"6-2 6-1","01/23/18 00:00:00"
4348,4346,73,5,"6-4 6-4","01/23/18 00:00:00"
4034,4350,73,5,"6-2 7-5","01/23/18 00:00:00"
4353,4356,73,5,"6-1 6-3","01/23/18 00:00:00"
4348,4220,73,9,"6-4 7-6(5)","01/24/18 00:00:00"
4278,4340,73,9,"7-5 6-4","01/25/18 00:00:00"
867,4034,73,9,"6-2 4-6 13-11","01/25/18 00:00:00"
4353,4357,73,9,"6-3 7-6(0)","01/25/18 00:00:00"
4353,867,73,10,"6-1 6-4","01/26/18 00:00:00"
4348,4278,73,10,"7-5 5-7 10-6","01/26/18 00:00:00"
4353,4348,73,12,"2-6 6-4 11-9","01/28/18 00:00:00"
4361,4327,74,4,"6-3 6-2","05/30/18 00:00:00"
4359,4360,74,4,"6-2 6-2","05/31/18 00:00:00"
4278,4362,74,4,"6-2 4-6 10-5","05/31/18 00:00:00"
3768,4363,74,4,"6-4 6-3","05/31/18 00:00:00"
4367,4366,74,4,"6-1 6-1","05/31/18 00:00:00"
4013,4190,74,4,"6-2 5-7 10-4","05/31/18 00:00:00"
4368,4342,74,4,"7-6(2) 3-6 10-8","05/31/18 00:00:00"
4220,779,74,4,"5-7 6-4 11-9","05/31/18 00:00:00"
4373,4372,74,4,"6-2 3-6 12-10","05/31/18 00:00:00"
4346,4374,74,4,"6-4 6-2","05/31/18 00:00:00"
4034,3942,74,4,"6-4 6-3","06/01/18 00:00:00"
4364,3849,74,4,"2-6 6-3 10-5","06/01/18 00:00:00"
4370,4369,74,4,"6-7(3) 6-3 11-9","06/01/18 00:00:00"
4371,4348,74,4,"6-2 6-3","06/01/18 00:00:00"
4376,4375,74,4,"7-5 6-3","06/01/18 00:00:00"
4353,4358,74,4,"4-6 6-3 10-7","06/02/18 00:00:00"
4013,4368,74,5,"6-0 6-1","06/03/18 00:00:00"
4220,4370,74,5,"3-6 7-6(3) 10-6","06/03/18 00:00:00"
4373,4371,74,5,"6-4 3-6 10-7","06/03/18 00:00:00"
4376,4346,74,5,"6-3 3-6 10-7","06/03/18 00:00:00"
4278,3768,74,5,"w/o","06/03/18 00:00:00"
4353,4034,74,5,"6-2 6-3","06/03/18 00:00:00"
4361,4359,74,5,"6-4 7-5","06/03/18 00:00:00"
4364,4367,74,5,"6-2 7-6(3)","06/03/18 00:00:00"
4353,4361,74,9,"6-4 6-4","06/04/18 00:00:00"
4364,4278,74,9,"7-6(3) 2-6 10-7","06/04/18 00:00:00"
4013,4220,74,9,"7-6(3) 6-4","06/04/18 00:00:00"
4376,4373,74,9,"2-6 6-4 10-7","06/04/18 00:00:00"
4353,4364,74,10,"6-4 6-4","06/05/18 00:00:00"
4376,4013,74,10,"4-6 7-5 10-8","06/06/18 00:00:00"
4376,4353,74,12,"6-1 6-7(5) 10-8","06/07/18 00:00:00"
4381,4380,75,4,"4-6 6-1 6-4","07/06/18 00:00:00"
4384,4383,75,4,"7-5 6-7(4) 8-6","07/06/18 00:00:00"
4385,4346,75,4,"6-4 7-6(3)","07/06/18 00:00:00"
4312,4386,75,4,"7-6(5) 6-7(4) 6-2","07/06/18 00:00:00"
740,4387,75,4,"6-4 6-4","07/06/18 00:00:00"
3871,4281,75,4,"7-5 7-5","07/06/18 00:00:00"
4298,4392,75,4,"6-7(10) 7-6(2) 9-7","07/06/18 00:00:00"
4393,4394,75,4,"7-6(4) 7-6(7)","07/06/18 00:00:00"
4397,4398,75,4,"6-3 6-2","07/06/18 00:00:00"
4400,4399,75,4,"7-6(4) 7-6(3)","07/06/18 00:00:00"
4402,4401,75,4,"6-1 6-7(3) 7-5","07/06/18 00:00:00"
3792,4403,75,4,"6-2 6-3","07/06/18 00:00:00"
4371,4404,75,4,"6-4 6-3","07/06/18 00:00:00"
4379,4405,75,4,"6-4 7-5","07/06/18 00:00:00"
4390,4283,75,4,"6-7(2) 6-4 6-4","07/07/18 00:00:00"
4395,4396,75,4,"6-3 7-5","07/07/18 00:00:00"
4220,4384,75,5,"7-6(1) 6-3","07/07/18 00:00:00"
4356,4312,75,5,"7-6(13) 6-3","07/07/18 00:00:00"
4357,3871,75,5,"6-4 7-6(0)","07/07/18 00:00:00"
4228,4393,75,5,"6-3 6-7(6) 6-2","07/07/18 00:00:00"
4376,4397,75,5,"6-4 6-4","07/07/18 00:00:00"
4373,4402,75,5,"6-4 7-6(2)","07/07/18 00:00:00"
3792,4278,75,5,"7-5 6-2","07/07/18 00:00:00"
4385,3946,75,5,"7-6(1) 6-2","07/09/18 00:00:00"
4353,4379,75,5,"w/o","07/09/18 00:00:00"
4381,4382,75,5,"6-2 4-6 6-4","07/09/18 00:00:00"
4388,740,75,5,"w/o","07/09/18 00:00:00"
4034,4400,75,5,"6-3 6-3","07/09/18 00:00:00"
867,4371,75,5,"7-6(4) 6-3","07/09/18 00:00:00"
4390,4013,75,5,"7-6(6) 6-7(6) 7-5","07/10/18 00:00:00"
4391,4298,75,5,"6-2 6-4","07/10/18 00:00:00"
4174,4395,75,5,"6-2 5-7 7-5","07/10/18 00:00:00"
4381,4353,75,6,"6-3 6-4","07/10/18 00:00:00"
4356,4388,75,6,"6-4 6-1","07/10/18 00:00:00"
4373,4034,75,6,"7-6(5) 4-6 9-7","07/10/18 00:00:00"
4376,4174,75,6,"6-2 7-6(4)","07/10/18 00:00:00"
4220,4385,75,6,"6-3 6-4","07/11/18 00:00:00"
4390,4357,75,6,"7-6(6) 6-3","07/11/18 00:00:00"
4228,4391,75,6,"4-6 7-6(2) 6-4","07/11/18 00:00:00"
867,3792,75,6,"6-1 7-5","07/11/18 00:00:00"
4373,867,75,9,"w/o","07/12/18 00:00:00"
4381,4220,75,9,"7-6(10) 7-5","07/12/18 00:00:00"
4390,4356,75,9,"4-6 7-5 7-5","07/12/18 00:00:00"
4228,4376,75,9,"7-5 3-6 6-0","07/12/18 00:00:00"
4390,4381,75,10,"6-2 6-2","07/13/18 00:00:00"
4373,4228,75,10,"6-4 6-4","07/13/18 00:00:00"
4373,4390,75,12,"7-6(1) 6-3","07/15/18 00:00:00"
4353,4193,76,4,"6-0 6-4","08/30/18 00:00:00"
4408,4409,76,4,"6-4 6-3","08/30/18 00:00:00"
4034,4278,76,4,"7-6(8) 6-1","08/30/18 00:00:00"
4410,916,76,4,"6-1 7-5","08/30/18 00:00:00"
4228,4414,76,4,"6-4 6-4","08/30/18 00:00:00"
4415,4416,76,4,"3-6 6-4 10-3","08/30/18 00:00:00"
4418,4419,76,4,"6-4 6-4","08/30/18 00:00:00"
4371,4361,76,4,"4-6 6-3 10-8","08/30/18 00:00:00"
4421,4330,76,4,"6-3 6-2","08/30/18 00:00:00"
4406,4407,76,4,"3-6 7-5 10-5","08/31/18 00:00:00"
4376,4379,76,4,"6-4 3-6 10-8","08/31/18 00:00:00"
4411,4412,76,4,"6-4 7-6(2)","08/31/18 00:00:00"
4220,4413,76,4,"5-7 6-3 10-6","08/31/18 00:00:00"
4417,4375,76,4,"4-6 6-2 10-6","08/31/18 00:00:00"
4420,4283,76,4,"7-5 4-6 13-11","08/31/18 00:00:00"
4423,4422,76,4,"7-5 6-1","08/31/18 00:00:00"
4406,4353,76,5,"7-5 6-3","09/01/18 00:00:00"
4417,4418,76,5,"6-2 6-1","09/01/18 00:00:00"
4371,4420,76,5,"6-3 6-3","09/01/18 00:00:00"
4423,4421,76,5,"6-4 6-4","09/01/18 00:00:00"
4034,4408,76,5,"6-4 7-5","09/02/18 00:00:00"
4410,4376,76,5,"w/o","09/02/18 00:00:00"
4411,4220,76,5,"6-4 7-6(2)","09/02/18 00:00:00"
4415,4228,76,5,"4-6 6-4 16-14","09/02/18 00:00:00"
4411,4410,76,9,"7-6(5) 6-7(6) 10-7","09/03/18 00:00:00"
4371,4423,76,9,"3-6 7-6(7) 11-9","09/03/18 00:00:00"
4406,4034,76,9,"6-3 6-4","09/04/18 00:00:00"
4417,4415,76,9,"7-6(5) 6-4","09/04/18 00:00:00"
4411,4406,76,10,"6-4 2-6 10-8","09/05/18 00:00:00"
4417,4371,76,10,"2-6 6-4 10-7","09/05/18 00:00:00"
4411,4417,76,12,"2-6 6-3 11-9","09/08/18 00:00:00"
4429,4428,77,8,"4-3 3-4(2) 4-3(4)","12/29/18 00:00:00"
4424,4425,77,8,"4-3(3) 4-2","12/29/18 00:00:00"
4334,4426,77,8,"4-2 4-3(3)","12/30/18 00:00:00"
4207,4429,77,8,"4-3(4) 4-1","12/30/18 00:00:00"
4428,4427,77,8,"4-1 1-4 4-2","12/31/18 00:00:00"
4207,4427,77,8,"4-2 4-3(3)","01/01/19 00:00:00"
4424,4334,77,8,"4-3(4) 4-3(3)","01/02/19 00:00:00"
4425,4426,77,8,"3-4(3) 4-3(0) 4-3(3)","01/02/19 00:00:00"
4428,4207,77,8,"4-3(4) 2-4 4-3(3)","01/03/19 00:00:00"
4429,4427,77,8,"3-4(2) 4-3(4) 4-1","01/03/19 00:00:00"
4425,4334,77,8,"4-0 4-3(1)","01/04/19 00:00:00"
4424,4430,77,8,"4-0 4-0","01/04/19 00:00:00"
4207,4334,77,12,"4-0 1-4 4-3(4)","01/05/19 00:00:00"
4442,4443,78,4,"6-1 6-2","01/18/19 00:00:00"
4271,4432,78,4,"6-4 6-4","01/19/19 00:00:00"
4435,4375,78,4,"6-2 3-6 10-5","01/19/19 00:00:00"
491,4438,78,4,"6-4 7-5","01/19/19 00:00:00"
4013,4439,78,4,"3-6 6-3 10-6","01/19/19 00:00:00"
4441,4440,78,4,"6-3 6-4","01/19/19 00:00:00"
4220,4376,78,4,"7-5 6-2","01/19/19 00:00:00"
4361,4447,78,4,"6-4 7-6(1)","01/19/19 00:00:00"
4448,4371,78,4,"6-3 4-6 10-7","01/19/19 00:00:00"
4353,4431,78,4,"6-3 6-3","01/20/19 00:00:00"
4434,4433,78,4,"6-3 6-3","01/20/19 00:00:00"
4221,4436,78,4,"1-6 6-2 10-6","01/20/19 00:00:00"
4437,4417,78,4,"6-1 2-6 10-5","01/20/19 00:00:00"
4444,4445,78,4,"6-2 6-2","01/20/19 00:00:00"
4411,4446,78,4,"4-1 ret.","01/20/19 00:00:00"
4449,4183,78,4,"6-1 6-3","01/20/19 00:00:00"
4434,4435,78,5,"6-4 6-1","01/21/19 00:00:00"
4442,4441,78,5,"6-4 7-5","01/21/19 00:00:00"
4411,4444,78,5,"6-4 6-4","01/21/19 00:00:00"
4220,4361,78,5,"6-1 6-2","01/21/19 00:00:00"
4353,4271,78,5,"6-4 6-3","01/22/19 00:00:00"
4221,4437,78,5,"6-3 4-6 10-5","01/22/19 00:00:00"
4013,491,78,5,"4-6 6-4 10-8","01/22/19 00:00:00"
4449,4448,78,5,"6-3 6-2","01/22/19 00:00:00"
4434,4353,78,9,"6-1 4-6 11-9","01/23/19 00:00:00"
4221,4013,78,9,"6-2 7-5","01/23/19 00:00:00"
4442,4411,78,9,"6-2 7-6(5)","01/23/19 00:00:00"
4449,4220,78,9,"6-1 7-6(3)","01/23/19 00:00:00"
4221,4434,78,10,"6-0 6-4","01/24/19 00:00:00"
4442,4449,78,10,"6-4 7-6(5)","01/24/19 00:00:00"
4221,4442,78,12,"7-6(3) 6-1","01/26/19 00:00:00"
4449,4450,79,4,"7-5 6-1","05/29/19 00:00:00"
4451,4452,79,4,"6-7(5) 6-3 10-5","05/29/19 00:00:00"
4417,4453,79,4,"6-4 3-6 10-4","05/29/19 00:00:00"
4434,4388,79,4,"6-1 3-6 10-6","05/29/19 00:00:00"
4459,4458,79,4,"1-6 7-5 14-12","05/29/19 00:00:00"
4371,4461,79,4,"6-2 7-5","05/29/19 00:00:00"
4415,4438,79,4,"6-3 4-6 10-7","05/29/19 00:00:00"
4441,535,79,4,"6-2 4-6 10-5","05/30/19 00:00:00"
4454,4356,79,4,"7-6(5) 7-6(4)","05/30/19 00:00:00"
4455,3849,79,4,"6-3 2-6 10-7","05/30/19 00:00:00"
4013,4456,79,4,"6-1 6-3","05/30/19 00:00:00"
4353,4463,79,4,"6-4 7-6(3)","05/30/19 00:00:00"
4376,4220,79,4,"7-6(5) 6-2","05/31/19 00:00:00"
4448,4462,79,4,"7-6(5) 6-4","05/31/19 00:00:00"
4464,4460,79,4,"3-6 6-2 10-4","05/31/19 00:00:00"
4449,4441,79,5,"6-4 6-3","06/01/19 00:00:00"
4417,4451,79,5,"6-4 6-4","06/01/19 00:00:00"
4464,4459,79,5,"6-4 4-6 10-7","06/01/19 00:00:00"
4457,4465,79,4,"5-7 6-4 10-5","06/01/19 00:00:00"
4454,4455,79,5,"3-6 7-5 10-4","06/02/19 00:00:00"
4376,4013,79,5,"6-2 7-6(6)","06/02/19 00:00:00"
4457,4434,79,5,"6-4 7-5","06/02/19 00:00:00"
4371,4448,79,5,"6-0 6-4","06/02/19 00:00:00"
4353,4415,79,5,"7-6(5) 6-2","06/02/19 00:00:00"
4449,4417,79,9,"6-3 7-6(4)","06/03/19 00:00:00"
4464,4457,79,9,"6-3 6-4","06/03/19 00:00:00"
4376,4454,79,9,"6-4 6-3","06/04/19 00:00:00"
4353,4371,79,9,"1-6 7-5 10-8","06/04/19 00:00:00"
4376,4449,79,10,"6-2 6-1","06/06/19 00:00:00"
4353,4464,79,10,"6-7(4) 6-1 10-8","06/06/19 00:00:00"
4376,4353,79,12,"6-1 7-6(5)","06/07/19 00:00:00"
4466,4467,80,4,"7-6(6) 1-6 6-4","07/05/19 00:00:00"
4473,4472,80,4,"7-6(4) 6-3","07/05/19 00:00:00"
4475,4474,80,4,"6-7(4) 7-6(4) 7-5","07/05/19 00:00:00"
4174,4477,80,4,"6-3 6-2","07/05/19 00:00:00"
4481,4480,80,4,"6-2 6-3","07/05/19 00:00:00"
4482,4483,80,4,"1-6 6-4 6-4","07/05/19 00:00:00"
4173,4488,80,4,"3-6 6-3 6-4","07/05/19 00:00:00"
4411,4281,80,4,"7-5 7-6(8)","07/05/19 00:00:00"
4490,4489,80,4,"6-4 6-4","07/05/19 00:00:00"
4451,4491,80,4,"6-3 6-4","07/05/19 00:00:00"
4493,491,80,4,"6-4 2-6 6-4","07/05/19 00:00:00"
4494,4463,80,4,"6-3 7-5","07/05/19 00:00:00"
4495,4484,80,4,"7-5 6-2","07/05/19 00:00:00"
4468,4469,80,4,"6-4 6-1","07/06/19 00:00:00"
4478,4479,80,4,"6-1 6-4","07/06/19 00:00:00"
4464,4486,80,4,"7-6(2) 6-4","07/06/19 00:00:00"
4449,4466,80,5,"7-6(4) 3-6 6-3","07/06/19 00:00:00"
4473,4471,80,5,"7-6(1) 6-2","07/06/19 00:00:00"
4371,4174,80,5,"4-6 6-3 6-4","07/06/19 00:00:00"
4438,4495,80,5,"6-1 6-4","07/06/19 00:00:00"
4173,4487,80,5,"6-4 6-4","07/06/19 00:00:00"
4441,4451,80,5,"6-4 6-4","07/06/19 00:00:00"
4493,4492,80,5,"6-3 6-4","07/06/19 00:00:00"
4494,4356,80,5,"6-4 7-5","07/06/19 00:00:00"
4475,4476,80,5,"w/o","07/08/19 00:00:00"
4417,4482,80,5,"7-5 6-4","07/08/19 00:00:00"
4478,4398,80,5,"6-3 6-1","07/08/19 00:00:00"
4415,4481,80,5,"6-3 6-1","07/08/19 00:00:00"
4464,4228,80,5,"6-4 7-6(9)","07/08/19 00:00:00"
4376,4490,80,5,"6-3 6-2","07/08/19 00:00:00"
4468,4470,80,5,"7-5 6-3","07/09/19 00:00:00"
4353,4411,80,5,"6-4 3-6 6-3","07/09/19 00:00:00"
4415,4417,80,6,"6-2 6-2","07/09/19 00:00:00"
4493,4494,80,6,"5-7 7-6(5) 6-4","07/09/19 00:00:00"
4449,4468,80,6,"6-3 4-6 6-2","07/10/19 00:00:00"
4473,4475,80,6,"6-2 6-7(5) 6-4","07/10/19 00:00:00"
4478,4371,80,6,"2-6 7-5 6-4","07/10/19 00:00:00"
4438,4464,80,6,"7-6(5) 6-4","07/10/19 00:00:00"
4173,4353,80,6,"5-7 7-6(5) 13-12(5)","07/10/19 00:00:00"
4376,4441,80,6,"2-6 6-3 6-4","07/10/19 00:00:00"
4473,4449,80,9,"6-4 6-3","07/11/19 00:00:00"
4478,4415,80,9,"6-7(6) 6-3 7-5","07/11/19 00:00:00"
4438,4173,80,9,"6-1 6-2","07/11/19 00:00:00"
4376,4493,80,9,"7-5 7-6(5)","07/11/19 00:00:00"
4478,4473,80,10,"7-5 6-2","07/12/19 00:00:00"
4376,4438,80,10,"7-5 6-4","07/12/19 00:00:00"
4376,4478,80,12,"6-2 6-3","07/14/19 00:00:00"
4327,4496,81,4,"7-6(4) 7-6(5)","08/29/19 00:00:00"
4470,4503,81,4,"2-6 6-4 10-8","08/29/19 00:00:00"
4497,4498,81,4,"6-2 6-2","08/30/19 00:00:00"
4499,4500,81,4,"7-6(7) 6-4","08/30/19 00:00:00"
4438,4198,81,4,"6-4 3-6 13-11","08/30/19 00:00:00"
4376,4434,81,4,"6-4 6-3","08/30/19 00:00:00"
4507,4508,81,4,"6-2 6-4","08/30/19 00:00:00"
4449,4490,81,4,"6-1 6-4","08/30/19 00:00:00"
4353,4294,81,4,"6-2 6-2","08/30/19 00:00:00"
4415,4501,81,4,"6-4 7-5","08/31/19 00:00:00"
4502,4417,81,4,"6-3 6-2","08/31/19 00:00:00"
4504,4505,81,4,"7-5 6-4","08/31/19 00:00:00"
4506,4494,81,4,"7-6(9) 6-4","08/31/19 00:00:00"
4509,4413,81,4,"6-4 7-5","08/31/19 00:00:00"
4411,4371,81,4,"6-4 6-7(2) 10-7","08/31/19 00:00:00"
4511,4510,81,4,"6-2 6-2","08/31/19 00:00:00"
4327,4497,81,5,"6-4 6-3","08/31/19 00:00:00"
4438,4499,81,5,"7-5 4-6 10-7","08/31/19 00:00:00"
4376,4415,81,5,"6-1 6-1","09/01/19 00:00:00"
4470,4502,81,5,"7-5 7-6(4)","09/01/19 00:00:00"
4504,4506,81,5,"4-6 7-6(2) 10-8","09/01/19 00:00:00"
4411,4449,81,5,"6-3 6-3","09/01/19 00:00:00"
4353,4511,81,5,"7-6(6) 6-2","09/01/19 00:00:00"
4509,4507,81,5,"7-6(2) 7-5","09/02/19 00:00:00"
4327,4438,81,9,"6-3 7-6(0)","09/02/19 00:00:00"
4376,4470,81,9,"7-6(3) 3-6 10-3","09/02/19 00:00:00"
4411,4353,81,9,"2-6 7-5 10-4","09/02/19 00:00:00"
4509,4504,81,9,"4-6 6-4 14-12","09/03/19 00:00:00"
4327,4376,81,10,"7-6(3) 7-5","09/04/19 00:00:00"
4411,4509,81,10,"6-3 6-1","09/04/19 00:00:00"
4411,4327,81,12,"6-2 6-3","09/07/19 00:00:00"
4515,4497,82,4,"7-6(5) 5-7 10-5","01/24/20 00:00:00"
4442,4517,82,4,"6-3 6-3","01/24/20 00:00:00"
4524,4523,82,4,"6-2 6-4","01/24/20 00:00:00"
4526,4527,82,4,"7-5 6-4","01/24/20 00:00:00"
4437,4516,82,4,"6-4 7-5","01/25/20 00:00:00"
4376,4520,82,4,"7-6(2) 7-5","01/25/20 00:00:00"
4449,4528,82,4,"6-2 6-4","01/25/20 00:00:00"
4494,4514,82,4,"3-6 6-3 10-4","01/25/20 00:00:00"
4327,4499,82,4,"5-7 7-6(5) 10-8","01/25/20 00:00:00"
4441,4521,82,4,"6-2 6-3","01/25/20 00:00:00"
4529,4530,82,4,"7-5 4-6 10-6","01/25/20 00:00:00"
4411,4512,82,4,"3-6 6-4 10-7","01/26/20 00:00:00"
4513,4340,82,4,"6-7(4) 6-3 10-6","01/26/20 00:00:00"
4519,4518,82,4,"6-1 6-2","01/26/20 00:00:00"
4522,4195,82,4,"7-5 7-5","01/26/20 00:00:00"
4525,4438,82,4,"7-5 6-2","01/26/20 00:00:00"
4529,4449,82,5,"6-4 7-6(4)","01/26/20 00:00:00"
4494,4515,82,5,"3-6 6-3 11-9","01/27/20 00:00:00"
4437,4327,82,5,"6-2 6-3","01/27/20 00:00:00"
4442,4519,82,5,"6-3 4-6 10-4","01/27/20 00:00:00"
4411,4513,82,5,"6-2 7-5","01/28/20 00:00:00"
4376,4441,82,5,"6-3 4-6 10-8","01/28/20 00:00:00"
4524,4522,82,5,"7-5 7-6(5)","01/28/20 00:00:00"
4525,4526,82,5,"4-6 6-4 10-8","01/28/20 00:00:00"
4411,4494,82,9,"6-3 6-4","01/29/20 00:00:00"
4442,4437,82,9,"3-6 7-6(4) 10-3","01/29/20 00:00:00"
4524,4376,82,9,"7-5 7-6(2)","01/30/20 00:00:00"
4525,4529,82,9,"6-0 6-2","01/30/20 00:00:00"
4411,4442,82,10,"6-3 7-6(4)","01/31/20 00:00:00"
4525,4524,82,10,"3-6 6-3 10-5","01/31/20 00:00:00"
4525,4411,82,12,"5-7 6-4 10-1","02/02/20 00:00:00"
4497,4536,83,4,"6-4 3-6 10-7","02/12/21 00:00:00"
4539,4376,83,4,"6-4 7-5","02/12/21 00:00:00"
4542,4541,83,4,"7-6(3) 6-4","02/12/21 00:00:00"
4340,4310,83,4,"6-3 3-6 11-9","02/12/21 00:00:00"
4437,4442,83,4,"5-7 7-6(6) 10-6","02/13/21 00:00:00"
4411,4543,83,4,"6-4 6-4","02/13/21 00:00:00"
4353,4544,83,4,"6-1 6-1","02/13/21 00:00:00"
4545,4546,83,4,"7-5 7-6(6)","02/13/21 00:00:00"
4532,4533,83,4,"6-1 6-4","02/14/21 00:00:00"
4535,4534,83,4,"7-5 6-4","02/14/21 00:00:00"
4538,4537,83,4,"6-2 5-7 12-10","02/14/21 00:00:00"
4221,4540,83,4,"7-6(6) 7-5","02/14/21 00:00:00"
4547,4548,83,4,"7-5 6-4","02/14/21 00:00:00"
4550,4549,83,4,"6-4 6-4","02/14/21 00:00:00"
4551,4552,83,4,"6-4 5-7 10-4","02/14/21 00:00:00"
983,4476,83,4,"4-6 6-3 10-7","02/15/21 00:00:00"
4221,4542,83,5,"6-4 3-6 13-11","02/15/21 00:00:00"
4353,4411,83,5,"7-6(7) 5-7 10-3","02/15/21 00:00:00"
4340,4545,83,5,"6-4 6-7(4) 10-8","02/15/21 00:00:00"
4547,4550,83,5,"w/o","02/15/21 00:00:00"
4551,4437,83,5,"6-4 6-1","02/16/21 00:00:00"
4532,4535,83,5,"6-3 6-1","02/16/21 00:00:00"
4497,983,83,5,"6-4 6-4","02/16/21 00:00:00"
4538,4539,83,5,"6-7(3) 7-6(5) 10-8","02/16/21 00:00:00"
4532,4551,83,9,"6-3 6-2","02/17/21 00:00:00"
4497,4538,83,9,"6-3 6-4","02/17/21 00:00:00"
4221,4353,83,9,"7-6(3) 6-3","02/17/21 00:00:00"
4340,4547,83,9,"4-6 7-5 10-8","02/17/21 00:00:00"
4221,4340,83,10,"6-3 6-3","02/18/21 00:00:00"
4532,4497,83,10,"7-5 5-7 10-8","02/19/21 00:00:00"
4221,4532,83,12,"6-1 6-4","02/20/21 00:00:00"
4497,4555,84,4,"6-4 6-3","06/04/21 00:00:00"
4310,4376,84,4,"6-3 6-1","06/04/21 00:00:00"
3760,4562,84,4,"1-6 6-4 10-8","06/04/21 00:00:00"
4553,3784,84,4,"6-2 6-2","06/05/21 00:00:00"
4554,4411,84,4,"7-6(4) 6-7(3) 10-6","06/05/21 00:00:00"
4557,4558,84,4,"6-4 1-6 10-5","06/05/21 00:00:00"
4559,4560,84,4,"6-4 6-2","06/05/21 00:00:00"
4561,4177,84,4,"7-6(4) 6-4","06/05/21 00:00:00"
4497,3760,84,9,"6-2 7-6(3)","06/06/21 00:00:00"
4310,4557,84,9,"4-6 6-3 10-5","06/06/21 00:00:00"
4554,4553,84,9,"6-2 5-7 12-10","06/07/21 00:00:00"
4559,4561,84,9,"6-7(3) 6-2 10-8","06/07/21 00:00:00"
4497,4554,84,10,"w/o","06/08/21 00:00:00"
4559,4310,84,10,"6-4 6-1","06/08/21 00:00:00"
4497,4559,84,12,"2-6 6-4 10-5","06/10/21 00:00:00"
4566,4565,85,4,"6-7(5) 7-6(5) 6-4","07/02/21 00:00:00"
4573,4572,85,4,"6-3 3-6 7-5","07/02/21 00:00:00"
4575,4574,85,4,"6-2 6-3","07/02/21 00:00:00"
4582,4581,85,4,"6-4 6-2","07/02/21 00:00:00"
4585,4586,85,4,"7-5 7-5","07/02/21 00:00:00"
4587,4174,85,4,"6-1 7-6(3)","07/02/21 00:00:00"
4589,4590,85,4,"6-4 6-3","07/02/21 00:00:00"
4592,4591,85,4,"6-3 6-4","07/02/21 00:00:00"
4532,4596,85,4,"7-6(3) 5-7 6-3","07/02/21 00:00:00"
860,4597,85,4,"6-2 7-6(5)","07/02/21 00:00:00"
4578,4598,85,4,"6-4 3-6 6-3","07/02/21 00:00:00"
4599,4583,85,4,"6-3 5-7 6-4","07/02/21 00:00:00"
4594,4600,85,4,"6-3 6-2","07/02/21 00:00:00"
4451,4569,85,4,"w/o","07/03/21 00:00:00"
4464,4580,85,4,"w/o","07/03/21 00:00:00"
4588,4589,85,5,"6-3 3-6 6-4","07/03/21 00:00:00"
4593,4592,85,5,"w/o","07/03/21 00:00:00"
4551,4594,85,5,"6-2 3-6 6-3","07/03/21 00:00:00"
4602,4568,85,4,"6-1 5-7 7-5","07/03/21 00:00:00"
860,4601,85,5,"6-3 6-1","07/03/21 00:00:00"
4367,4566,85,5,"7-6(5) 6-4","07/03/21 00:00:00"
4570,4451,85,5,"6-3 7-6(7)","07/03/21 00:00:00"
4353,4532,85,5,"7-5 7-6(8)","07/03/21 00:00:00"
4571,4573,85,5,"w/o","07/05/21 00:00:00"
4575,4576,85,5,"w/o","07/05/21 00:00:00"
4584,4599,85,5,"3-6 7-6(1) 6-3","07/05/21 00:00:00"
4585,4542,85,5,"w/o","07/05/21 00:00:00"
4371,4578,85,5,"6-2 6-3","07/05/21 00:00:00"
4602,4567,85,5,"6-3 6-3","07/06/21 00:00:00"
4376,4464,85,5,"7-6(5) 6-4","07/06/21 00:00:00"
4587,4310,85,5,"6-2 1-6 6-4","07/06/21 00:00:00"
4571,4575,85,6,"6-2 4-6 6-4","07/07/21 00:00:00"
4593,4588,85,6,"w/o","07/07/21 00:00:00"
4353,4551,85,6,"6-4 6-4","07/07/21 00:00:00"
4367,860,85,6,"6-3 3-6 11-9","07/07/21 00:00:00"
4570,4602,85,6,"7-6(5) 6-3","07/07/21 00:00:00"
4582,4584,85,6,"6-3 7-5","07/07/21 00:00:00"
4371,4376,85,6,"6-4 7-6(4)","07/07/21 00:00:00"
4587,4585,85,6,"6-3 6-7(4) 6-3","07/07/21 00:00:00"
4570,4367,85,9,"7-6(6) 6-2","07/08/21 00:00:00"
4371,4571,85,9,"6-2 6-4","07/08/21 00:00:00"
4587,4582,85,9,"4-6 6-4 7-5","07/08/21 00:00:00"
4593,4353,85,9,"6-3 6-7(3) 9-7","07/08/21 00:00:00"
4587,4593,85,10,"6-2 4-6 6-4","07/10/21 00:00:00"
4570,4371,85,10,"3-6 7-6(4) 7-5","07/10/21 00:00:00"
4570,4587,85,12,"6-2 7-6(1)","07/11/21 00:00:00"
4559,4563,87,4,"6-4 6-2","07/28/21 00:00:00"
4541,4588,87,4,"6-4 5-7 10-8","07/28/21 00:00:00"
4604,4605,87,4,"6-3 6-4","07/28/21 00:00:00"
4607,3917,87,4,"5-7 6-4 11-9","07/28/21 00:00:00"
3750,4531,87,4,"6-1 7-6(3)","07/28/21 00:00:00"
4428,4608,87,4,"6-3 6-4","07/28/21 00:00:00"
4437,4609,87,4,"6-3 7-6(3)","07/28/21 00:00:00"
4542,4606,87,4,"6-3 7-6(3)","07/28/21 00:00:00"
4559,4437,87,9,"6-4 6-4","07/29/21 00:00:00"
4607,4542,87,9,"7-5 6-7(0) 10-8","07/29/21 00:00:00"
3750,4428,87,9,"6-4 4-6 10-6","07/29/21 00:00:00"
4604,4541,87,9,"6-1 6-2","07/29/21 00:00:00"
4559,4604,87,10,"7-6(4) 7-5","07/30/21 00:00:00"
4607,3750,87,10,"5-7 6-4 13-11","07/30/21 00:00:00"
3750,4604,87,11,"w/o","07/31/21 00:00:00"
4607,4559,87,12,"6-3 6-7(5) 13-11","08/01/21 00:00:00"
4610,4371,86,4,"7-6(3) 4-6 12-10","09/03/21 00:00:00"
4612,4611,86,4,"7-6(5) 6-3","09/03/21 00:00:00"
4615,4411,86,4,"2-6 6-4 12-10","09/03/21 00:00:00"
4616,4605,86,4,"7-5 6-7(3) 11-9","09/03/21 00:00:00"
4619,4618,86,4,"4-6 7-5 13-11","09/03/21 00:00:00"
4620,4327,86,4,"6-3 3-6 10-7","09/03/21 00:00:00"
4623,4622,86,4,"6-7(4) 6-0 11-9","09/03/21 00:00:00"
4624,4625,86,4,"6-2 3-6 10-8","09/03/21 00:00:00"
4557,4626,86,4,"5-7 6-3 10-4","09/03/21 00:00:00"
4627,4628,86,4,"6-4 6-3","09/03/21 00:00:00"
4630,4629,86,4,"7-5 7-6(6)","09/03/21 00:00:00"
4632,4631,86,4,"6-4 6-4","09/03/21 00:00:00"
4497,4317,86,4,"5-7 6-3 10-8","09/03/21 00:00:00"
4633,4617,86,4,"6-3 3-6 10-7","09/03/21 00:00:00"
4634,4614,86,4,"6-4 6-3","09/04/21 00:00:00"
4542,4635,86,4,"7-5 6-2","09/04/21 00:00:00"
4612,4610,86,5,"7-5 3-6 10-5","09/04/21 00:00:00"
4633,4616,86,5,"6-3 6-3","09/04/21 00:00:00"
4620,4619,86,5,"6-4 4-6 11-9","09/04/21 00:00:00"
4557,4624,86,5,"6-7(4) 6-1 10-8","09/04/21 00:00:00"
4627,4630,86,5,"w/o","09/04/21 00:00:00"
4497,4632,86,5,"7-6(1) 7-5","09/04/21 00:00:00"
4634,4615,86,5,"6-7(4) 6-4 10-5","09/05/21 00:00:00"
4623,4542,86,5,"7-6(1) 6-3","09/05/21 00:00:00"
4633,4620,86,9,"6-2 6-3","09/06/21 00:00:00"
4612,4634,86,9,"3-6 6-3 10-4","09/07/21 00:00:00"
4623,4557,86,9,"6-1 6-3","09/07/21 00:00:00"
4497,4627,86,9,"6-1 1-6 10-7","09/07/21 00:00:00"
4612,4633,86,10,"4-6 6-4 10-6","09/08/21 00:00:00"
4497,4623,86,10,"7-6(2) 6-4","09/10/21 00:00:00"
4497,4612,86,12,"7-5 6-2","09/11/21 00:00:00"
4648,4354,88,4,"6-7(5) 7-5 13-11","01/20/22 00:00:00"
4649,3924,88,4,"7-6(5) 7-5","01/20/22 00:00:00"
4617,4655,88,4,"6-3 7-6(3)","01/20/22 00:00:00"
4612,4497,88,4,"6-7(7) 6-4 10-5","01/21/22 00:00:00"
4640,4550,88,4,"6-4 6-4","01/21/22 00:00:00"
4646,4647,88,4,"4-6 6-3 10-7","01/21/22 00:00:00"
4652,4651,88,4,"7-5 4-6 10-7","01/21/22 00:00:00"
4636,4442,88,4,"6-3 6-4","01/22/22 00:00:00"
4638,4637,88,4,"1-6 6-4 11-9","01/22/22 00:00:00"
4532,4641,88,4,"6-2 7-6(3)","01/22/22 00:00:00"
4642,4643,88,4,"3-6 6-3 17-15","01/22/22 00:00:00"
4644,4645,88,4,"6-7(4) 6-4 10-3","01/22/22 00:00:00"
4542,4650,88,4,"6-3 7-6(8)","01/22/22 00:00:00"
4653,4654,88,4,"7-5 6-3","01/22/22 00:00:00"
4371,4615,88,4,"6-1 6-4","01/22/22 00:00:00"
4656,4623,88,4,"6-4 6-3","01/22/22 00:00:00"
4656,4638,88,5,"6-3 6-4","01/23/22 00:00:00"
4617,4640,88,5,"7-6(6) 6-4","01/23/22 00:00:00"
4644,4646,88,5,"6-2 6-7(8) 10-8","01/23/22 00:00:00"
4542,4652,88,5,"4-6 6-3 10-8","01/23/22 00:00:00"
4636,4612,88,5,"6-4 6-4","01/24/22 00:00:00"
4642,4532,88,5,"3-6 7-5 11-9","01/24/22 00:00:00"
4648,4649,88,5,"6-3 7-5","01/24/22 00:00:00"
4371,4653,88,5,"7-5 6-3","01/24/22 00:00:00"
4636,4656,88,9,"7-5 7-5","01/25/22 00:00:00"
4642,4617,88,9,"6-4 7-6(5)","01/25/22 00:00:00"
4644,4648,88,9,"6-4 6-2","01/25/22 00:00:00"
4371,4542,88,9,"6-4 6-4","01/25/22 00:00:00"
4642,4636,88,10,"2-6 7-6(2) 10-6","01/26/22 00:00:00"
4644,4371,88,10,"1-6 7-5 10-2","01/26/22 00:00:00"
4644,4642,88,12,"6-3 6-4","01/28/22 00:00:00"
4006,4659,89,4,"7-6(4) 6-2","05/25/22 00:00:00"
4361,4623,89,4,"7-6(6) 6-2","05/25/22 00:00:00"
4658,4657,89,4,"6-4 4-6 10-8","05/26/22 00:00:00"
4660,3942,89,4,"6-3 6-3","05/26/22 00:00:00"
4661,4612,89,4,"7-5 2-6 11-9","05/26/22 00:00:00"
4666,4667,89,4,"4-6 6-3 10-1","05/26/22 00:00:00"
4636,4669,89,4,"6-4 6-4","05/26/22 00:00:00"
4670,4671,89,4,"6-4 7-5","05/26/22 00:00:00"
4673,4672,89,4,"6-0 6-4","05/26/22 00:00:00"
4675,4674,89,4,"0-6 6-1 10-4","05/26/22 00:00:00"
4532,4676,89,4,"6-3 6-2","05/26/22 00:00:00"
4678,4677,89,4,"3-6 6-4 10-6","05/26/22 00:00:00"
4570,4383,89,4,"6-3 6-1","05/27/22 00:00:00"
4662,4663,89,4,"6-1 6-3","05/27/22 00:00:00"
4665,4664,89,4,"6-4 6-2","05/27/22 00:00:00"
4661,4660,89,5,"6-4 7-5","05/28/22 00:00:00"
4673,4670,89,5,"6-1 6-4","05/28/22 00:00:00"
4532,4675,89,5,"2-6 7-6(3) 10-8","05/28/22 00:00:00"
4678,4361,89,5,"6-3 6-4","05/28/22 00:00:00"
4658,4006,89,5,"6-4 6-3","05/29/22 00:00:00"
4570,4662,89,5,"4-6 6-3 10-8","05/29/22 00:00:00"
4666,4665,89,5,"6-4 6-3","05/29/22 00:00:00"
4668,4679,89,4,"6-1 6-4","05/27/22 00:00:00"
4636,4668,89,5,"7-6(2) 6-4","05/29/22 00:00:00"
4661,4658,89,9,"6-4 6-7(2) 12-10","05/30/22 00:00:00"
4666,4570,89,9,"2-6 7-6(4) 10-8","05/30/22 00:00:00"
4678,4532,89,9,"6-3 6-4","05/30/22 00:00:00"
4673,4636,89,9,"7-5 6-2","05/31/22 00:00:00"
4666,4661,89,10,"1-6 7-6(4) 10-7","06/01/22 00:00:00"
4678,4673,89,10,"6-3 6-4","06/01/22 00:00:00"
4678,4666,89,12,"7-6(5) 6-2","06/02/22 00:00:00"
4684,4612,90,4,"6-2 3-6 7-5","07/01/22 00:00:00"
4690,4691,90,4,"6-4 3-6 7-6(3)","07/01/22 00:00:00"
4658,4675,90,4,"7-6(6) 6-3","07/01/22 00:00:00"
4694,4660,90,4,"7-5 3-6 6-1","07/01/22 00:00:00"
4640,4696,90,4,"6-2 7-5","07/01/22 00:00:00"
4683,3876,90,4,"6-3 6-7(3) 6-3","07/01/22 00:00:00"
3784,4687,90,4,"6-7(6) 7-6(8) 6-4","07/01/22 00:00:00"
4689,4688,90,4,"7-6(2) 4-6 6-3","07/01/22 00:00:00"
4680,4681,90,4,"6-4 7-6(10)","07/02/22 00:00:00"
4657,4636,90,4,"6-3 6-4","07/02/22 00:00:00"
4685,4686,90,4,"6-4 6-1","07/02/22 00:00:00"
4376,4692,90,4,"6-2 5-7 6-4","07/02/22 00:00:00"
4673,4693,90,4,"6-3 6-4","07/02/22 00:00:00"
4570,4697,90,4,"7-5 6-7(4) 6-4","07/02/22 00:00:00"
4532,4666,90,4,"4-6 7-6(6) 6-4","07/03/22 00:00:00"
4655,4661,90,4,"3-6 6-3 6-3","07/03/22 00:00:00"
4684,4683,90,5,"3-6 6-4 7-6(16)","07/03/22 00:00:00"
4685,4657,90,5,"6-4 7-6(3)","07/03/22 00:00:00"
3784,4689,90,5,"7-5 6-2","07/03/22 00:00:00"
4690,4376,90,5,"w/o","07/03/22 00:00:00"
4673,4658,90,5,"4-6 6-3 6-0","07/03/22 00:00:00"
4570,4640,90,5,"7-5 6-2","07/03/22 00:00:00"
4532,4680,90,5,"6-3 6-7(5) 6-4","07/04/22 00:00:00"
4694,4655,90,5,"7-6(5) 6-4","07/04/22 00:00:00"
4685,3784,90,9,"6-3 6-4","07/04/22 00:00:00"
4690,4673,90,9,"6-4 3-6 7-5","07/04/22 00:00:00"
4532,4684,90,9,"6-3 6-1","07/05/22 00:00:00"
4570,4694,90,9,"7-6(6) 6-1","07/05/22 00:00:00"
4532,4685,90,10,"6-3 5-7 7-5","07/06/22 00:00:00"
4570,4690,90,10,"4-6 7-5 6-4","07/06/22 00:00:00"
4570,4532,90,12,"6-4 6-3","07/07/22 00:00:00"
4701,4675,91,4,"6-2 7-6(5)","08/31/22 00:00:00"
4706,4707,91,4,"5-7 7-6(2) 11-9","08/31/22 00:00:00"
4623,4711,91,4,"7-5 6-4","08/31/22 00:00:00"
4713,4714,91,4,"7-5 2-6 10-5","08/31/22 00:00:00"
4703,4702,91,4,"6-2 7-6(5)","09/01/22 00:00:00"
4710,4439,91,4,"7-5 7-5","09/01/22 00:00:00"
4507,4612,91,4,"6-4 6-4","09/01/22 00:00:00"
4614,4715,91,4,"6-4 6-2","09/01/22 00:00:00"
4661,4692,91,4,"7-6(2) 7-6(4)","09/01/22 00:00:00"
4570,4698,91,4,"7-6(4) 6-2","09/02/22 00:00:00"
4699,4700,91,4,"7-5 7-5","09/02/22 00:00:00"
4704,4705,91,4,"6-3 7-5","09/02/22 00:00:00"
4708,4709,91,4,"6-2 2-6 10-5","09/02/22 00:00:00"
4532,4712,91,4,"6-3 6-3","09/02/22 00:00:00"
4622,4361,91,4,"6-4 6-4","09/02/22 00:00:00"
4716,4329,91,4,"7-6(1) 6-3","09/02/22 00:00:00"
4701,4703,91,5,"6-1 6-1","09/03/22 00:00:00"
4532,4623,91,5,"7-6(4) 6-4","09/03/22 00:00:00"
4507,4661,91,5,"7-6(3) 7-6(5)","09/03/22 00:00:00"
4713,4622,91,5,"6-3 6-4","09/03/22 00:00:00"
4699,4570,91,5,"6-2 6-4","09/04/22 00:00:00"
4704,4706,91,5,"6-4 6-4","09/04/22 00:00:00"
4708,4710,91,5,"6-4 7-6(4)","09/04/22 00:00:00"
4716,4614,91,5,"6-4 6-2","09/04/22 00:00:00"
4507,4532,91,9,"6-7(7) 6-4 11-9","09/05/22 00:00:00"
4716,4713,91,9,"7-6(5) 4-6 10-3","09/05/22 00:00:00"
4699,4701,91,9,"7-6(8) 6-2","09/07/22 00:00:00"
4704,4708,91,9,"7-5 7-6(3)","09/07/22 00:00:00"
4507,4716,91,10,"6-4 5-7 10-8","09/07/22 00:00:00"
4704,4699,91,10,"6-2 6-7(5) 10-8","09/08/22 00:00:00"
4704,4507,91,12,"4-6 6-4 10-7","09/10/22 00:00:00"
4428,4717,96,8,"6-4 6-4","12/30/22 00:00:00"
4718,4719,96,8,"2-6 6-3 10-7","12/30/22 00:00:00"
4720,4721,96,8,"6-4 6-7(4) 10-4","12/30/22 00:00:00"
4722,4723,96,8,"6-2 6-4","12/30/22 00:00:00"
4027,4724,96,8,"7-6(4) 6-4","12/30/22 00:00:00"
4725,4726,96,8,"7-6(7) 6-3","12/30/22 00:00:00"
4727,4335,96,8,"1-6 7-6(5) 10-6","01/01/23 00:00:00"
4720,4728,96,8,"6-4 7-5","01/01/23 00:00:00"
4729,4719,96,8,"6-4 7-6(1)","01/01/23 00:00:00"
4730,4731,96,8,"6-3 6-4","01/01/23 00:00:00"
4724,4732,96,8,"3-6 6-2 10-5","01/01/23 00:00:00"
4733,4723,96,8,"1-6 6-4 10-4","01/01/23 00:00:00"
4428,4734,96,8,"6-3 6-2","01/03/23 00:00:00"
4735,4736,96,8,"7-5 6-2","01/03/23 00:00:00"
4737,4738,96,8,"6-7(5) 6-4 10-7","01/03/23 00:00:00"
4027,4732,96,8,"6-2 6-3","01/03/23 00:00:00"
4739,4728,96,8,"7-6(6) 6-2","01/03/23 00:00:00"
4740,4741,96,8,"6-4 6-4","01/03/23 00:00:00"
4428,4742,96,9,"7-6(6) 6-4","01/04/23 00:00:00"
4730,4739,96,9,"6-1 6-2","01/04/23 00:00:00"
4718,4743,96,9,"6-4 6-4","01/04/23 00:00:00"
4744,4745,96,10,"6-3 4-6 10-5","01/07/23 00:00:00"
4718,4670,96,10,"6-7(5) 6-4 10-6","01/07/23 00:00:00"
4701,4327,92,4,"6-2 6-7(5) 10-6","01/20/23 00:00:00"
4570,4704,92,4,"6-7(3) 7-6(12) 10-8","01/20/23 00:00:00"
4752,4507,92,4,"6-2 3-6 10-7","01/20/23 00:00:00"
4443,4754,92,4,"7-6(8) 1-6 11-9","01/20/23 00:00:00"
4757,4758,92,4,"6-1 7-6(5)","01/20/23 00:00:00"
4710,4760,92,4,"6-2 7-5","01/20/23 00:00:00"
4761,4709,92,4,"7-5 6-3","01/20/23 00:00:00"
4720,4763,92,4,"6-2 6-0","01/20/23 00:00:00"
4762,4623,92,4,"6-7(4) 7-5 10-8","01/20/23 00:00:00"
4612,4746,92,4,"6-2 3-6 10-6","01/21/23 00:00:00"
860,4747,92,4,"7-5 6-3","01/21/23 00:00:00"
4751,4750,92,4,"4-6 7-6(6) 10-8","01/21/23 00:00:00"
4753,4532,92,4,"4-6 6-3 10-6","01/21/23 00:00:00"
4756,4755,92,4,"2-6 7-6(5) 10-7","01/21/23 00:00:00"
4759,4678,92,4,"6-2 6-2","01/21/23 00:00:00"
4752,4753,92,5,"6-7(5) 6-4 10-5","01/22/23 00:00:00"
4443,4756,92,5,"6-4 7-5","01/22/23 00:00:00"
4761,4710,92,5,"2-6 7-5 10-7","01/22/23 00:00:00"
4720,4762,92,5,"6-4 6-4","01/22/23 00:00:00"
4764,4748,92,4,"6-1 6-4","01/22/23 00:00:00"
4701,4612,92,5,"6-7(4) 7-6(6) 10-8","01/23/23 00:00:00"
4570,4751,92,5,"6-2 6-4","01/23/23 00:00:00"
4759,4757,92,5,"6-0 6-2","01/23/23 00:00:00"
860,4764,92,5,"6-4 7-6(9)","01/23/23 00:00:00"
4570,4752,92,9,"4-6 6-3 10-5","01/24/23 00:00:00"
4759,4443,92,9,"6-3 6-2","01/24/23 00:00:00"
4720,4761,92,9,"6-3 6-4","01/24/23 00:00:00"
860,4701,92,9,"w/o","01/24/23 00:00:00"
860,4570,92,10,"7-6(5) 6-7(5) 10-6","01/25/23 00:00:00"
4720,4759,92,10,"4-6 6-4 11-9","01/25/23 00:00:00"
4720,860,92,12,"7-6(2) 6-2","01/27/23 00:00:00"
4769,4770,93,4,"6-3 6-2","05/31/23 00:00:00"
4762,4356,93,4,"6-3 6-4","05/31/23 00:00:00"
4765,4623,93,4,"5-7 6-3 10-7","06/01/23 00:00:00"
4766,4665,93,4,"6-3 6-2","06/01/23 00:00:00"
4720,4767,93,4,"6-3 6-7(5) 15-13","06/01/23 00:00:00"
4768,3784,93,4,"7-5 3-6 10-6","06/01/23 00:00:00"
4776,4777,93,4,"6-2 6-4","06/01/23 00:00:00"
4771,4746,93,4,"6-3 6-3","06/02/23 00:00:00"
4773,4701,93,4,"6-4 1-6 14-12","06/02/23 00:00:00"
4774,4775,93,4,"6-2 6-2","06/02/23 00:00:00"
4779,4661,93,4,"2-6 6-1 10-8","06/02/23 00:00:00"
4781,4782,93,4,"6-4 3-6 10-5","06/02/23 00:00:00"
4679,4783,93,4,"6-3 6-4","06/02/23 00:00:00"
4784,4785,93,4,"6-7(3) 6-2 10-8","06/02/23 00:00:00"
4752,4497,93,4,"6-2 7-5","06/02/23 00:00:00"
4704,4778,93,4,"6-3 6-2","06/03/23 00:00:00"
4766,4765,93,5,"6-4 6-4","06/03/23 00:00:00"
4720,4768,93,5,"6-2 6-2","06/03/23 00:00:00"
4771,4769,93,5,"6-2 7-6(7)","06/03/23 00:00:00"
4679,4781,93,5,"7-5 6-3","06/03/23 00:00:00"
4774,4773,93,5,"6-4 3-6 10-6","06/04/23 00:00:00"
4776,4704,93,5,"6-4 5-7 12-10","06/04/23 00:00:00"
4779,4762,93,5,"6-4 4-6 10-8","06/04/23 00:00:00"
4784,4752,93,5,"w/o","06/04/23 00:00:00"
4766,4720,93,9,"7-6(5) 6-2","06/05/23 00:00:00"
4784,4679,93,9,"7-5 6-7(2) 11-9","06/05/23 00:00:00"
4771,4774,93,9,"7-5 6-2","06/06/23 00:00:00"
4779,4776,93,9,"7-5 3-6 10-6","06/06/23 00:00:00"
4766,4771,93,10,"7-5 6-0","06/07/23 00:00:00"
4779,4784,93,10,"7-6(5) 7-6(4)","06/07/23 00:00:00"
4766,4779,93,12,"4-6 6-4 10-6","06/08/23 00:00:00"
4788,4720,94,4,"5-7 7-6(3) 6-2","07/07/23 00:00:00"
4790,4789,94,4,"6-4 6-7(5) 7-6(7)","07/07/23 00:00:00"
4293,4791,94,4,"6-3 7-5","07/07/23 00:00:00"
4793,4507,94,4,"1-6 7-6(6) 6-2","07/07/23 00:00:00"
4795,4794,94,4,"6-3 6-4","07/07/23 00:00:00"
4680,4569,94,4,"6-4 7-5","07/07/23 00:00:00"
4802,4704,94,4,"6-2 6-4","07/07/23 00:00:00"
4803,4570,94,4,"4-6 7-6(8) 6-4","07/08/23 00:00:00"
4804,4805,94,4,"6-1 6-4","07/09/23 00:00:00"
4792,4774,94,4,"7-5 7-5","07/09/23 00:00:00"
4797,4796,94,4,"6-3 6-4","07/09/23 00:00:00"
4771,4798,94,4,"6-4 3-6 7-6(7)","07/09/23 00:00:00"
4376,4194,94,4,"6-7(5) 6-3 6-4","07/09/23 00:00:00"
4801,4800,94,4,"6-2 6-4","07/09/23 00:00:00"
4776,4806,94,4,"7-5 6-2","07/09/23 00:00:00"
4752,4799,94,4,"7-6(2) 7-6(13)","07/09/23 00:00:00"
4293,4790,94,5,"6-7(5) 7-6(4) 7-6(9)","07/09/23 00:00:00"
4803,4802,94,5,"6-4 4-6 7-6(2)","07/09/23 00:00:00"
4804,4788,94,5,"7-6(4) 4-6 7-6(8)","07/10/23 00:00:00"
4793,4792,94,5,"6-4 3-6 6-2","07/10/23 00:00:00"
4797,4795,94,5,"6-7(10) 6-4 7-6(9)","07/10/23 00:00:00"
4771,4680,94,5,"3-6 6-3 6-4","07/10/23 00:00:00"
4776,4752,94,5,"6-4 3-6 6-3","07/10/23 00:00:00"
4376,4801,94,5,"2-6 6-3 7-6(5)","07/10/23 00:00:00"
4293,4804,94,9,"6-3 6-4","07/11/23 00:00:00"
4771,4776,94,9,"7-5 7-6(5)","07/11/23 00:00:00"
4803,4376,94,9,"7-6(4) 6-2","07/11/23 00:00:00"
4793,4797,94,9,"7-5 7-5","07/11/23 00:00:00"
4293,4793,94,10,"7-6(6) 4-6 6-3","07/12/23 00:00:00"
4803,4771,94,10,"6-1 3-6 6-3","07/12/23 00:00:00"
4293,4803,94,12,"6-4 6-7(9) 6-3","07/13/23 00:00:00"
4808,4807,97,8,"6-3 7-5","07/19/23 00:00:00"
4811,4335,97,8,"7-6(5) 3-6 10-6","07/20/23 00:00:00"
4809,4807,97,8,"6-4 6-4","07/20/23 00:00:00"
4808,4809,97,8,"6-4 7-5","07/21/23 00:00:00"
4335,4810,97,8,"6-3 6-1","07/21/23 00:00:00"
4811,4810,97,8,"1-6 6-4 14-12","07/22/23 00:00:00"
4821,4376,95,4,"7-6(6) 7-6(4)","08/30/23 00:00:00"
4795,4823,95,4,"2-6 6-1 10-5","08/30/23 00:00:00"
4826,4365,95,4,"6-2 6-4","08/30/23 00:00:00"
4828,4827,95,4,"6-3 5-7 10-7","08/30/23 00:00:00"
4411,4812,95,4,"7-6(4) 0-6 10-4","08/31/23 00:00:00"
4819,4820,95,4,"7-5 6-2","08/31/23 00:00:00"
4829,4685,95,4,"6-2 7-6(2)","08/31/23 00:00:00"
4830,4611,95,4,"7-6(4) 6-4","08/31/23 00:00:00"
4623,4562,95,4,"2-6 6-3 10-4","09/01/23 00:00:00"
4814,4813,95,4,"6-3 6-2","09/01/23 00:00:00"
4816,4815,95,4,"7-6(2) 7-6(7)","09/01/23 00:00:00"
4818,4817,95,4,"6-4 7-6(5)","09/01/23 00:00:00"
4822,4784,95,4,"6-4 6-4","09/01/23 00:00:00"
4798,4704,95,4,"2-6 7-6(5) 11-9","09/01/23 00:00:00"
4803,4832,95,4,"7-6(2) 4-6 10-6","09/01/23 00:00:00"
4825,4831,95,4,"6-7(3) 6-3 11-9","09/01/23 00:00:00"
4798,4795,95,5,"6-2 6-2","09/02/23 00:00:00"
4825,4826,95,5,"6-1 6-4","09/02/23 00:00:00"
4828,4829,95,5,"6-3 6-3","09/02/23 00:00:00"
4803,4830,95,5,"6-2 7-6(2)","09/02/23 00:00:00"
4623,4411,95,5,"7-6(5) 7-5","09/03/23 00:00:00"
4816,4814,95,5,"6-4 6-4","09/03/23 00:00:00"
4818,4819,95,5,"6-2 7-5","09/03/23 00:00:00"
4822,4821,95,5,"6-3 6-1","09/03/23 00:00:00"
4818,4822,95,9,"6-4 6-2","09/04/23 00:00:00"
4828,4803,95,9,"7-5 7-6(2)","09/04/23 00:00:00"
4623,4816,95,9,"6-4 3-6 10-8","09/05/23 00:00:00"
4825,4798,95,9,"6-4 7-6(6)","09/05/23 00:00:00"
4623,4818,95,10,"6-7(5) 6-1 10-3","09/06/23 00:00:00"
4828,4825,95,10,"7-6(2) 6-4","09/06/23 00:00:00"
4828,4623,95,12,"6-3 6-4","09/09/23 00:00:00"
4833,4834,98,8,"6-4 7-5","12/29/23 00:00:00"
4836,4835,98,8,"6-3 7-6(5)","12/29/23 00:00:00"
4310,4837,98,8,"7-6(5) 7-5","12/30/23 00:00:00"
4839,4838,98,8,"6-1 6-2","12/30/23 00:00:00"
4334,4840,98,8,"6-3 6-0","12/30/23 00:00:00"
4730,4834,98,8,"6-4 6-3","12/30/23 00:00:00"
4841,4842,98,8,"7-5 4-6 10-8","12/31/23 00:00:00"
4718,4835,98,8,"1-6 7-6(4) 10-7","12/31/23 00:00:00"
4843,4839,98,8,"6-4 1-6 10-6","12/31/23 00:00:00"
4837,4844,98,8,"6-2 3-6 10-7","01/01/24 00:00:00"
4730,4833,98,8,"6-0 6-0","01/01/24 00:00:00"
4722,4334,98,8,"7-6(4) 2-6 12-10","01/01/24 00:00:00"
4836,4845,98,8,"6-3 6-1","01/01/24 00:00:00"
4842,4428,98,8,"6-7(5) 6-3 10-6","01/02/24 00:00:00"
4846,4847,98,8,"4-6 7-6(2) 10-8","01/02/24 00:00:00"
4310,4844,98,8,"6-7(3) 6-3 14-12","01/02/24 00:00:00"
4848,4849,98,9,"6-3 5-7 10-7","01/03/24 00:00:00"
4836,4850,98,9,"6-3 6-3","01/03/24 00:00:00"
4851,4852,98,8,"7-6(5) 6-4","01/03/24 00:00:00"
4853,4854,98,8,"7-5 6-4","01/03/24 00:00:00"
4722,4837,98,9,"7-5 6-4","01/04/24 00:00:00"
4729,4855,98,9,"6-3 6-3","01/05/24 00:00:00"
4856,4851,98,10,"6-3 6-3","01/06/24 00:00:00"
4729,4836,98,10,"7-6(2) 6-7(2) 15-13","01/06/24 00:00:00"
4729,4730,98,12,"6-4 5-7 10-4","01/07/24 00:00:00"
4858,4857,99,4,"6-4 6-4","01/19/24 00:00:00"
4562,4547,99,4,"6-2 6-4","01/19/24 00:00:00"
4822,4766,99,4,"6-7(4) 6-2 11-9","01/19/24 00:00:00"
4661,4863,99,4,"6-2 6-4","01/19/24 00:00:00"
4784,4864,99,4,"6-3 6-2","01/19/24 00:00:00"
4865,4866,99,4,"2-6 7-6(5) 10-8","01/19/24 00:00:00"
4869,4870,99,4,"7-6(6) 5-7 11-9","01/19/24 00:00:00"
4801,4720,99,4,"6-3 6-4","01/19/24 00:00:00"
4861,4862,99,4,"6-2 6-2","01/20/24 00:00:00"
4788,3924,99,4,"6-3 6-3","01/20/24 00:00:00"
4759,4867,99,4,"6-4 6-7(5) 12-10","01/20/24 00:00:00"
4816,4868,99,4,"6-7(6) 7-6(4) 12-10","01/20/24 00:00:00"
4570,4871,99,4,"6-2 6-2","01/20/24 00:00:00"
4872,4831,99,4,"6-2 6-2","01/20/24 00:00:00"
4836,4293,99,4,"6-3 6-2","01/21/24 00:00:00"
4661,4788,99,5,"7-6(8) 6-2","01/21/24 00:00:00"
4570,4869,99,5,"5-7 7-5 10-7","01/21/24 00:00:00"
4860,4873,99,4,"6-3 7-6(0)","01/21/24 00:00:00"
4858,4836,99,5,"6-4 7-6(6)","01/22/24 00:00:00"
4562,4860,99,5,"6-4 6-4","01/22/24 00:00:00"
4861,4822,99,5,"6-3 6-2","01/22/24 00:00:00"
4784,4872,99,5,"6-3 6-4","01/22/24 00:00:00"
4759,4865,99,5,"5-7 6-3 10-6","01/22/24 00:00:00"
4801,4816,99,5,"6-3 6-2","01/22/24 00:00:00"
4858,4562,99,9,"7-5 7-5","01/23/24 00:00:00"
4861,4661,99,9,"6-2 6-3","01/23/24 00:00:00"
4759,4784,99,9,"6-4 7-6(7)","01/23/24 00:00:00"
4570,4801,99,9,"6-1 6-4","01/23/24 00:00:00"
4861,4858,99,10,"7-6(8) 6-2","01/24/24 00:00:00"
4570,4759,99,10,"6-4 6-1","01/24/24 00:00:00"
4861,4570,99,12,"6-7(5) 6-4 11-9","01/26/24 00:00:00"
4797,4372,100,4,"6-2 6-4","05/31/24 00:00:00"
4665,4767,100,4,"6-3 7-5","05/31/24 00:00:00"
4293,4874,100,4,"6-4 5-7 10-8","06/02/24 00:00:00"
4788,4875,100,4,"6-2 6-2","06/02/24 00:00:00"
4861,4651,100,4,"6-2 7-6(3)","06/02/24 00:00:00"
4570,4886,100,4,"7-5 6-1","06/02/24 00:00:00"
4801,4609,100,4,"6-2 6-4","06/02/24 00:00:00"
4877,4878,100,4,"6-4 6-7(6) 10-6","06/02/24 00:00:00"
4880,4879,100,4,"6-1 6-4","06/02/24 00:00:00"
4766,4765,100,4,"6-4 6-4","06/02/24 00:00:00"
4881,4844,100,4,"6-4 4-6 10-2","06/02/24 00:00:00"
4882,4887,100,4,"7-5 1-6 10-7","06/02/24 00:00:00"
4648,4883,100,4,"6-4 6-3","06/02/24 00:00:00"
4885,4483,100,4,"6-1 6-3","06/02/24 00:00:00"
4888,4876,100,4,"6-3 3-6 10-3","06/02/24 00:00:00"
4884,4787,100,4,"w/o","06/03/24 00:00:00"
4797,4293,100,5,"w/o","06/03/24 00:00:00"
4882,4881,100,5,"w/o","06/03/24 00:00:00"
4861,4788,100,5,"6-0 6-3","06/03/24 00:00:00"
4570,4801,100,5,"6-1 5-7 10-7","06/03/24 00:00:00"
4877,4888,100,5,"4-6 7-5 10-8","06/03/24 00:00:00"
4766,4880,100,5,"7-6(3) 7-6(3)","06/03/24 00:00:00"
4648,4665,100,5,"6-4 6-2","06/03/24 00:00:00"
4885,4884,100,5,"3-6 7-5 10-6","06/04/24 00:00:00"
4861,4797,100,9,"6-3 6-4","06/04/24 00:00:00"
4570,4877,100,9,"7-6(6) 6-4","06/04/24 00:00:00"
4882,4766,100,9,"1-6 7-5 10-8","06/04/24 00:00:00"
4885,4648,100,9,"4-6 6-4 10-7","06/05/24 00:00:00"
4570,4861,100,10,"6-1 6-7(2) 10-4","06/05/24 00:00:00"
4885,4882,100,10,"6-7(2) 6-2 10-7","06/05/24 00:00:00"
4885,4570,100,12,"6-4 7-5","06/06/24 00:00:00"
4892,4893,101,4,"6-3 3-6 10-5","07/07/24 00:00:00"
4586,4890,101,4,"6-4 6-0","07/08/24 00:00:00"
4884,4633,101,4,"6-1 6-2","07/08/24 00:00:00"
4861,4822,101,4,"6-3 7-6(4)","07/08/24 00:00:00"
4899,4900,101,4,"7-5 6-4","07/08/24 00:00:00"
4570,4720,101,4,"6-4 6-7(4) 11-9","07/08/24 00:00:00"
4902,4901,101,4,"6-3 7-6(5)","07/08/24 00:00:00"
4904,4903,101,4,"7-5 7-6(5)","07/08/24 00:00:00"
4648,4905,101,4,"6-4 6-4","07/08/24 00:00:00"
4906,4877,101,4,"2-6 6-4 12-10","07/08/24 00:00:00"
4752,4907,101,4,"6-3 7-6(5)","07/08/24 00:00:00"
4293,4908,101,4,"6-4 7-6(3)","07/09/24 00:00:00"
4882,4894,101,4,"6-3 6-1","07/09/24 00:00:00"
4801,4896,101,4,"5-7 6-3 10-8","07/09/24 00:00:00"
4889,4797,101,4,"6-3 6-7(5) 11-9","07/10/24 00:00:00"
4887,4895,101,4,"6-3 3-6 10-8","07/10/24 00:00:00"
4586,4889,101,5,"7-6(5) 4-6 10-8","07/10/24 00:00:00"
4892,4906,101,5,"2-6 6-3 11-9","07/10/24 00:00:00"
4882,4293,101,5,"w/o","07/10/24 00:00:00"
4884,4887,101,5,"7-6(5) 6-4","07/10/24 00:00:00"
4861,4801,101,5,"7-6(4) 6-4","07/10/24 00:00:00"
4752,4899,101,5,"6-7(3) 6-1 10-5","07/10/24 00:00:00"
4570,4902,101,5,"6-3 6-3","07/10/24 00:00:00"
4648,4904,101,5,"5-7 7-5 11-9","07/10/24 00:00:00"
4586,4892,101,9,"6-3 7-5","07/11/24 00:00:00"
4882,4884,101,9,"6-4 3-6 11-9","07/11/24 00:00:00"
4861,4752,101,9,"7-6(2) 6-7(7) 10-5","07/11/24 00:00:00"
4648,4570,101,9,"7-5 6-4","07/11/24 00:00:00"
4586,4882,101,10,"6-3 7-6(5)","07/12/24 00:00:00"
4861,4648,101,10,"7-6(0) 6-3","07/12/24 00:00:00"
4861,4586,101,12,"6-4 6-2","07/14/24 00:00:00"
4651,4729,102,4,"6-4 7-5","07/29/24 00:00:00"
4797,4913,102,4,"6-3 6-4","07/29/24 00:00:00"
4310,4428,102,4,"6-4 7-6(3)","07/29/24 00:00:00"
4895,4911,102,4,"6-3 6-2","07/29/24 00:00:00"
4909,4722,102,4,"6-4 3-6 10-7","07/29/24 00:00:00"
4915,4914,102,4,"3-6 6-3 10-8","07/30/24 00:00:00"
4910,4630,102,4,"6-1 6-7(6) 10-5","07/30/24 00:00:00"
4608,4801,102,4,"7-5 4-6 10-3","07/30/24 00:00:00"
4310,4895,102,9,"6-7(4) 6-3 11-9","07/31/24 00:00:00"
4915,4797,102,9,"6-7(8) 7-6(8) 10-5","07/31/24 00:00:00"
4608,4910,102,9,"7-6(2) 3-6 10-8","07/31/24 00:00:00"
4651,4909,102,9,"7-5 6-2","07/31/24 00:00:00"
4915,4310,102,10,"2-6 6-4 10-4","08/01/24 00:00:00"
4651,4608,102,10,"6-3 6-3","08/01/24 00:00:00"
4651,4915,102,12,"6-2 5-7 10-8","08/02/24 00:00:00"
4608,4310,102,11,"6-3 7-6(2)","08/02/24 00:00:00"
4922,4720,103,4,"6-2 6-1","08/28/24 00:00:00"
4928,4929,103,4,"6-3 6-4","08/28/24 00:00:00"
4917,4877,103,4,"3-6 6-3 10-8","08/28/24 00:00:00"
4861,4882,103,4,"6-2 6-3","08/28/24 00:00:00"
4918,4610,103,4,"6-7(8) 7-6(5) 11-9","08/29/24 00:00:00"
4919,4920,103,4,"6-2 6-2","08/29/24 00:00:00"
4925,4570,103,4,"6-3 7-5","08/29/24 00:00:00"
4930,4648,103,4,"6-4 6-4","08/29/24 00:00:00"
4828,4916,103,4,"4-6 7-6(5) 10-8","08/30/24 00:00:00"
916,4889,103,4,"7-5 6-0","08/30/24 00:00:00"
4921,4633,103,4,"6-4 6-4","08/30/24 00:00:00"
4819,4923,103,4,"7-6(7) 7-6(5)","08/30/24 00:00:00"
4586,4787,103,4,"7-6(3) 6-4","08/30/24 00:00:00"
4895,4924,103,4,"2-6 6-3 11-9","08/30/24 00:00:00"
4927,4926,103,4,"5-7 7-6(8) 10-3","08/30/24 00:00:00"
4813,4931,103,4,"6-4 2-6 10-8","08/30/24 00:00:00"
916,4918,103,5,"7-5 6-4","08/31/24 00:00:00"
4919,4921,103,5,"6-2 6-3","08/31/24 00:00:00"
4819,4922,103,5,"0-6 7-6(5) 10-7","08/31/24 00:00:00"
4861,4586,103,5,"6-7(4) 6-4 10-6","08/31/24 00:00:00"
4928,4930,103,5,"4-6 6-3 11-9","08/31/24 00:00:00"
4828,4917,103,5,"4-6 6-3 10-8","09/01/24 00:00:00"
4895,4813,103,5,"6-3 6-2","09/01/24 00:00:00"
4927,4925,103,5,"6-4 6-7(4) 10-3","09/01/24 00:00:00"
916,4828,103,9,"6-7(3) 6-3 10-8","09/02/24 00:00:00"
4819,4919,103,9,"7-6(4) 2-6 10-7","09/02/24 00:00:00"
4895,4861,103,9,"6-3 6-4","09/02/24 00:00:00"
4928,4927,103,9,"w/o","09/02/24 00:00:00"
916,4819,103,10,"6-3 6-4","09/03/24 00:00:00"
4895,4928,103,10,"6-3 7-5","09/03/24 00:00:00"
4895,916,103,12,"7-6(0) 7-5","09/05/24 00:00:00"
4932,4933,104,8,"7-6(4) 6-7(2) 10-7","12/27/24 00:00:00"
4934,4935,104,8,"6-4 7-5","12/27/24 00:00:00"
4936,4851,104,8,"6-1 7-6(4)","12/28/24 00:00:00"
4937,4938,104,8,"6-3 6-4","12/28/24 00:00:00"
4939,4797,104,8,"6-2 6-4","12/28/24 00:00:00"
4428,4940,104,8,"4-6 6-3 10-6","12/28/24 00:00:00"
4941,4728,104,8,"6-4 6-4","12/29/24 00:00:00"
4942,4935,104,8,"7-6(8) 6-4","12/29/24 00:00:00"
4895,4936,104,8,"6-4 6-4","12/29/24 00:00:00"
4910,4937,104,8,"7-6(2) 7-5","12/29/24 00:00:00"
4943,4939,104,8,"7-6(4) 7-5","12/30/24 00:00:00"
4944,4853,104,8,"2-6 6-3 10-6","12/30/24 00:00:00"
4945,4837,104,8,"6-3 0-6 10-8","12/30/24 00:00:00"
4729,4934,104,8,"6-2 7-6(3)","12/30/24 00:00:00"
4910,4947,104,8,"6-2 6-3","12/31/24 00:00:00"
4895,4851,104,8,"6-3 7-6(3)","12/31/24 00:00:00"
4730,4941,104,8,"7-6(3) 6-3","01/01/25 00:00:00"
4949,4948,104,8,"6-3 7-6(3)","01/01/25 00:00:00"
4942,4949,104,9,"6-2 6-2","01/01/25 00:00:00"
4951,4952,104,9,"6-3 6-7(1) 10-3","01/01/25 00:00:00"
4953,4948,104,9,"6-2 7-6(3)","01/02/25 00:00:00"
4895,4954,104,9,"7-5 3-6 10-4","01/03/25 00:00:00"
4953,4955,104,10,"6-4 6-1","01/04/25 00:00:00"
4956,4954,104,10,"7-5 6-0","01/04/25 00:00:00"
4904,4958,105,4,"6-4 6-0","01/17/25 00:00:00"
4959,3924,105,4,"6-4 6-0","01/17/25 00:00:00"
4861,4960,105,4,"6-0 7-5","01/17/25 00:00:00"
4962,4411,105,4,"6-3 3-6 11-9","01/16/25 00:00:00"
4963,4964,105,4,"7-6(5) 6-3","01/17/25 00:00:00"
4923,4965,105,4,"7-6(3) 7-5","01/17/25 00:00:00"
4966,4570,105,4,"6-3 6-4","01/17/25 00:00:00"
4969,4644,105,4,"6-4 6-4","01/17/25 00:00:00"
4889,4971,105,4,"6-3 7-6(2)","01/17/25 00:00:00"
4828,4972,105,4,"6-3 7-6(3)","01/16/25 00:00:00"
4973,4917,105,4,"6-4 1-6 10-8","01/16/25 00:00:00"
4895,4957,105,4,"6-3 6-4","01/18/25 00:00:00"
4967,4968,105,4,"7-6(9) 6-1","01/18/25 00:00:00"
4970,4443,105,4,"6-1 7-5","01/18/25 00:00:00"
4648,4974,105,4,"3-6 6-3 10-1","01/18/25 00:00:00"
4961,4643,105,4,"6-4 6-7(3) 10-2","01/18/25 00:00:00"
4904,4895,105,5,"6-3 6-4","01/19/25 00:00:00"
4963,4923,105,5,"6-3 5-7 10-8","01/19/25 00:00:00"
4969,4970,105,5,"w/o","01/19/25 00:00:00"
4889,4828,105,5,"6-1 4-6 11-9","01/19/25 00:00:00"
4648,4973,105,5,"w/o","01/20/25 00:00:00"
4959,4861,105,5,"6-4 6-4","01/20/25 00:00:00"
4961,4962,105,5,"7-5 6-4","01/20/25 00:00:00"
4967,4966,105,5,"6-4 6-4","01/20/25 00:00:00"
4904,4959,105,9,"6-2 6-2","01/21/25 00:00:00"
4963,4961,105,9,"6-2 3-6 10-6","01/21/25 00:00:00"
4967,4969,105,9,"2-6 6-4 11-9","01/21/25 00:00:00"
4648,4889,105,9,"6-7(2) 6-1 10-5","01/21/25 00:00:00"
4963,4904,105,10,"7-6(2) 6-2","01/22/25 00:00:00"
4967,4648,105,10,"6-4 6-4","01/22/25 00:00:00"
4967,4963,105,12,"3-6 6-4 10-6","01/24/25 00:00:00"
