id_p,tm,tmw,tml,aces,df,fs,wfs,wss,bps,bpw,fsp,fssp
13094,65,38,27,135,214,65,64,46,58,47,188,157
47742,54,34,20,156,370,58,64,43,54,46,185,164
13498,52,32,20,239,247,56,71,45,54,43,185,169
5416,45,30,15,125,183,64,66,43,60,45,185,159
11672,36,24,12,135,98,68,65,46,60,43,183,161
18482,28,21,7,101,59,61,69,49,60,46,181,161
11371,48,30,18,156,122,61,65,47,57,47,181,163
14175,61,38,23,208,314,56,70,46,58,44,181,165
17155,71,41,30,165,117,65,62,47,54,42,173,154
66597,46,28,18,218,197,60,70,47,59,45,181,164
24368,49,26,23,230,243,50,70,47,56,45,196,171
14054,51,26,25,289,295,58,69,42,57,43,178,166
12390,62,40,22,89,103,70,61,50,58,51,159,143
6740,46,27,19,148,177,61,67,47,57,45,178,160
49081,56,31,25,138,257,64,64,45,57,44,170,148
13541,38,23,15,125,134,59,68,46,61,47,185,166
37266,44,22,22,113,190,58,61,47,53,46,184,159
13351,52,27,25,184,249,55,67,46,53,45,190,164
40156,48,26,22,112,234,55,65,43,59,43,173,156
41564,34,21,13,113,158,60,62,48,57,49,180,161
47152,55,29,26,131,179,62,62,48,56,44,178,158
9357,58,31,27,195,108,61,64,47,59,43,174,157
32168,27,16,11,81,129,62,62,44,53,50,177,159
38478,57,38,19,277,194,58,70,49,62,43,183,163
7982,35,20,15,250,240,64,68,42,63,43,194,166
11449,30,16,14,120,56,56,70,47,54,44,178,158
54123,53,29,24,31,138,70,58,46,55,47,162,142
24572,49,27,22,119,142,62,64,45,53,44,167,151
17501,60,35,25,101,297,61,62,44,51,48,185,155
17062,69,46,23,204,168,61,62,48,57,47,184,149
53793,47,24,23,112,148,65,60,47,51,48,185,149
10455,34,17,17,257,108,59,70,46,56,39,190,167
37410,59,32,27,128,84,60,62,47,55,42,177,157
54989,61,33,28,372,279,57,70,45,57,47,185,166
39749,57,38,19,129,249,62,63,47,58,47,186,159
54664,52,27,25,77,163,66,62,46,57,45,173,150
12432,65,33,32,88,189,65,60,46,52,46,170,145
57090,74,50,24,92,395,61,62,44,52,47,178,149
52254,75,49,26,239,349,57,65,46,53,46,169,156
16043,46,22,24,63,156,62,60,44,49,42,168,152
53487,36,23,13,145,124,65,65,46,63,45,178,156
16430,40,22,18,266,109,54,74,50,59,45,191,173
52790,70,46,24,46,119,78,58,45,57,47,170,141
44040,56,34,22,60,280,65,59,42,51,51,172,146
45072,72,38,34,119,272,57,63,47,54,47,165,147
12882,46,23,23,113,138,60,63,47,57,41,179,157
51151,59,33,26,281,164,56,67,49,55,39,190,162
64343,55,29,26,171,271,63,64,44,55,44,183,170
13706,59,36,23,88,113,71,60,45,56,47,181,152
44510,57,29,28,77,161,65,59,47,52,44,177,160
48900,60,38,22,134,194,57,65,47,55,47,173,154
13621,44,24,20,243,106,65,66,50,59,39,188,157
6019,28,12,16,99,55,61,62,44,55,40,173,158
5600,29,16,13,52,73,63,64,45,60,47,172,151
14259,61,37,24,255,306,60,65,43,59,45,174,158
16119,43,18,25,156,90,61,64,46,49,47,186,165
27032,65,31,34,116,166,62,61,45,57,45,177,150
10033,41,19,22,31,64,72,59,47,53,39,175,149
18403,80,50,30,66,148,71,59,50,55,50,157,139
6933,70,37,33,164,246,68,62,45,54,45,189,156
34747,55,25,30,97,259,62,60,41,52,45,192,157
28585,47,20,27,102,115,74,60,46,54,41,193,157
6651,43,30,13,75,136,67,63,47,58,46,0,0
4177,50,28,22,29,148,73,57,46,53,47,165,147
23432,42,16,26,65,151,67,61,45,56,41,163,151
45540,68,37,31,443,619,53,70,42,54,43,197,181
69652,67,38,29,192,205,61,64,46,54,44,178,157
66591,62,53,9,112,79,68,67,50,58,49,177,157
17614,60,28,32,176,216,58,64,44,57,44,185,166
4110,71,35,36,283,188,55,65,45,50,44,185,166
39908,69,42,27,185,237,61,63,45,54,51,165,155
49991,63,40,23,44,239,62,60,46,55,51,200,136
45192,62,34,28,178,397,54,64,44,53,46,187,157
10749,49,29,20,23,109,69,60,44,52,52,162,138
8894,73,44,29,58,153,68,57,49,54,50,161,143
48254,70,43,27,292,288,53,70,49,59,44,186,170
31728,82,49,33,340,199,57,67,49,55,44,180,164
30797,74,45,29,33,389,70,59,38,52,50,167,143
26356,58,26,32,157,215,61,64,44,55,47,175,161
45866,69,42,27,153,145,60,63,46,56,48,197,152
43865,67,40,27,229,323,60,66,45,56,42,183,168
43872,56,27,29,201,222,63,66,46,58,43,189,165
41858,53,24,29,146,307,54,61,41,52,46,176,156
14448,56,27,29,92,196,65,61,43,54,46,165,151
41888,66,40,26,63,116,64,59,47,59,52,173,145
8549,83,58,25,651,244,57,73,49,61,43,185,168
24344,53,24,29,71,175,67,59,43,55,48,162,147
14609,53,26,27,98,303,54,63,43,56,48,162,149
4121,51,29,22,7,65,79,55,43,45,48,150,127
13839,51,23,28,19,146,72,54,45,48,49,164,138
60791,87,52,35,269,361,57,64,46,54,48,171,155
10334,52,29,23,107,304,66,62,42,58,48,179,153
9503,42,22,20,121,251,65,63,39,54,44,181,159
13265,60,33,27,92,204,60,60,42,50,46,173,157
14539,56,32,24,293,299,58,71,44,57,43,188,172
52660,60,38,22,73,183,62,62,47,55,46,176,145
18427,70,40,30,147,308,64,65,44,55,42,177,153
9728,45,21,24,135,95,63,61,46,56,47,177,156
9857,40,17,23,7,199,64,56,40,51,45,155,134
72414,88,60,28,99,274,64,60,47,55,52,169,146
64341,58,35,23,280,308,62,69,46,63,40,185,160
71581,61,40,21,169,124,60,63,48,54,49,178,168
64937,85,48,37,94,94,64,57,47,53,45,165,137
12089,31,12,19,61,90,60,62,44,47,42,174,158
17774,56,36,20,170,237,58,65,46,52,53,180,162
7574,43,18,25,157,157,59,66,43,52,45,194,164
13810,65,31,34,212,288,58,63,44,56,41,182,163
10738,54,22,32,64,236,65,60,43,57,43,173,149
66176,54,30,24,120,372,58,64,43,56,49,162,147
61481,85,64,21,73,235,72,60,46,59,51,0,0
52500,62,36,26,121,185,58,62,48,53,45,173,153
43323,69,48,21,20,168,71,59,49,50,53,0,0
461,92,55,37,215,210,67,61,47,56,45,162,144
49995,78,50,28,261,302,61,64,44,56,49,164,148
44525,47,30,17,51,164,66,58,47,52,50,176,135
39226,21,11,10,44,58,66,63,48,52,40,181,154
14654,60,33,27,297,147,57,70,46,54,46,191,157
58588,63,43,20,124,252,57,64,48,58,46,170,157
17021,61,39,22,91,177,64,62,47,55,46,178,153
24112,51,29,22,68,263,63,59,44,56,51,169,143
30451,70,51,19,264,218,62,66,49,56,45,183,156
60792,42,21,21,67,125,64,59,47,53,47,177,152
55173,64,42,22,57,170,71,62,43,55,49,164,145
63749,70,45,25,273,244,66,66,45,53,45,176,158
72064,72,39,33,163,318,59,63,44,53,42,184,161
25062,51,28,23,209,142,63,65,45,58,43,180,164
65417,66,45,21,116,195,66,61,46,51,49,0,0
12842,48,25,23,124,256,62,61,42,53,47,168,149
28732,54,25,29,267,249,61,65,41,58,44,194,173
13937,59,27,32,96,180,66,61,45,53,46,167,147
32633,61,35,26,23,167,75,55,45,54,49,156,141
67792,73,42,31,100,283,63,60,46,55,47,168,141
11959,67,41,26,108,220,60,62,43,50,47,180,156
77513,61,40,21,81,152,68,61,48,55,48,159,145
69737,63,41,22,112,255,57,63,45,55,49,194,147
38210,51,33,18,75,250,65,63,45,56,46,173,152
72174,67,39,28,202,138,59,64,49,55,48,174,155
25513,67,44,23,207,282,60,66,46,54,48,170,155
43866,65,37,28,136,218,55,64,46,56,48,178,155
70327,73,45,28,61,224,66,61,46,54,49,0,0
39326,66,32,34,51,160,67,56,44,52,49,167,145
49864,82,51,31,157,285,59,61,46,53,49,0,0
57147,71,37,34,390,383,59,65,42,54,46,176,155
12570,70,36,34,42,152,72,57,44,50,49,165,138
71163,38,25,13,15,104,69,60,47,47,47,158,135
11071,46,26,20,156,147,59,67,47,55,45,170,159
61881,72,52,20,68,263,66,61,46,58,55,167,152
6159,59,29,30,86,174,66,62,44,51,45,162,144
17549,60,32,28,140,266,58,62,45,53,48,162,150
54393,75,45,30,86,128,64,61,50,53,48,169,145
16627,64,37,27,260,176,59,65,46,55,46,178,162
14694,51,15,36,77,252,56,57,43,46,47,171,145
39540,57,23,34,37,280,68,57,36,50,45,167,143
70326,57,30,27,37,272,63,59,43,53,46,167,156
9669,74,44,30,373,456,57,67,44,56,46,0,0
17345,69,38,31,138,295,62,61,46,55,49,167,144
12059,77,42,35,98,272,73,59,43,53,45,0,0
44349,63,34,29,164,231,64,63,43,55,52,184,161
31727,52,34,18,87,166,62,61,45,54,46,172,141
59448,51,33,18,68,160,68,60,47,54,50,164,147
75858,27,20,7,104,138,52,65,46,55,52,179,159
71436,27,15,12,46,90,63,62,44,54,49,170,150
33355,38,25,13,191,93,61,68,47,61,42,174,162
71093,90,60,30,124,448,67,61,43,56,49,0,0
27035,45,20,25,50,171,61,60,43,51,43,172,150
27243,46,23,23,95,161,61,62,46,51,45,170,148
42096,82,50,32,70,155,74,56,46,50,50,174,149
66626,65,42,23,190,237,55,65,46,54,48,177,154
72946,60,38,22,173,262,56,66,44,52,50,0,0
73771,65,44,21,96,201,65,64,45,54,50,0,0
12722,19,14,5,48,65,62,63,46,57,50,173,158
61291,77,52,25,137,422,63,61,42,54,48,0,0
80381,38,28,10,30,57,61,61,51,55,51,165,149
30116,70,46,24,66,202,64,60,46,51,47,0,0
57876,75,33,42,28,280,63,52,43,47,50,152,133
62005,57,28,29,122,210,59,61,44,52,48,157,146
65912,52,21,31,138,239,61,63,43,51,43,172,147
71129,73,48,25,13,77,77,56,47,50,53,0,0
30238,69,43,26,197,144,64,65,49,57,48,178,159
17831,46,21,25,281,99,66,69,46,55,39,172,158
79059,70,46,24,152,336,61,65,45,59,52,0,0
27775,70,40,30,186,299,54,64,45,56,50,173,149
24845,65,44,21,147,112,67,62,49,60,46,0,0
39543,60,35,25,69,207,66,60,45,56,54,0,0
14541,73,53,20,112,204,63,60,48,52,51,0,0
12116,43,22,21,85,121,54,63,44,51,47,164,149
26145,65,34,31,79,404,62,60,42,52,49,178,160
60758,38,31,7,104,84,69,66,49,62,52,0,0
59575,57,29,28,75,229,65,57,43,53,50,184,144
4263,20,6,14,32,48,64,62,42,48,39,156,144
44338,74,43,31,109,269,56,62,46,52,52,0,0
62886,53,33,20,104,220,64,63,44,53,52,167,146
18197,63,42,21,37,433,67,60,40,51,53,0,0
32501,60,32,28,75,137,68,62,44,56,45,172,150
9458,59,26,33,49,388,64,57,39,52,51,157,139
50943,64,40,24,110,179,57,62,46,55,50,165,154
36397,54,27,27,69,204,60,59,44,57,49,168,146
32365,60,28,32,97,230,61,59,44,53,45,162,140
67639,66,41,25,108,219,63,61,46,55,48,0,0
73681,54,34,20,71,166,60,62,45,54,52,168,146
67801,68,40,28,74,187,66,58,45,50,47,0,0
45536,77,35,42,94,441,64,59,41,52,45,178,147
17040,77,45,32,45,153,70,54,44,48,52,0,0
42230,82,63,19,87,223,69,60,47,50,52,0,0
32313,56,33,23,251,234,57,66,45,54,43,0,0
35997,86,54,32,111,198,69,59,47,58,48,0,0
29373,73,41,32,428,290,58,71,47,58,41,177,159
73836,78,52,26,87,315,68,60,46,54,49,0,0
15642,78,46,32,135,209,63,61,48,54,47,0,0
38681,59,28,31,41,187,66,57,44,46,49,171,150
10350,80,46,34,83,198,68,58,45,53,47,0,0
49988,89,57,32,26,310,66,57,44,51,53,164,150
11066,48,23,25,41,170,58,58,43,50,52,169,150
51269,64,36,28,175,361,64,62,43,53,45,185,160
25351,72,41,31,236,487,56,64,40,51,50,0,0
57896,86,63,23,369,211,58,67,45,61,50,0,0
13019,74,54,20,63,280,60,61,45,52,53,0,0
26509,63,34,29,160,267,59,64,44,55,43,174,152
27919,66,33,33,107,140,66,58,49,54,44,0,0
14902,44,16,28,135,144,58,63,48,54,41,180,156
29825,64,29,35,107,256,55,60,44,50,46,173,151
18454,61,32,29,75,196,57,61,47,57,46,165,143
29704,77,53,24,131,187,64,62,47,58,49,0,0
73274,43,38,5,63,146,62,67,48,58,59,0,0
11944,84,64,20,116,477,56,65,46,57,50,0,0
30510,55,25,30,189,227,61,65,44,57,42,177,161
69246,61,32,29,454,474,55,71,40,59,43,0,0
37592,67,37,30,101,172,70,60,47,58,51,162,148
39921,56,26,30,127,138,60,63,42,55,41,170,157
13511,60,25,35,98,358,66,63,37,52,46,169,151
72881,57,36,21,79,207,62,62,47,56,49,165,147
33357,73,39,34,138,270,61,59,43,48,46,0,0
16527,77,45,32,70,147,67,59,50,53,49,0,0
14884,30,21,9,57,139,59,60,46,56,54,0,0
13310,60,27,33,20,205,69,54,42,49,52,154,139
48220,65,39,26,61,134,66,59,48,52,50,154,144
17893,65,39,26,109,118,64,61,46,54,48,156,145
72615,51,31,20,29,113,65,58,46,49,53,0,0
52398,78,57,21,84,157,66,59,49,52,54,0,0
66592,54,32,22,174,131,68,64,48,56,50,0,0
14680,64,36,28,137,420,58,59,42,48,48,182,171
73203,38,21,17,59,173,57,63,43,50,48,170,157
45990,67,39,28,45,271,72,57,43,53,51,0,0
15504,94,62,32,81,280,70,61,45,54,55,0,0
12107,43,24,19,73,153,67,63,42,48,46,165,154
37530,55,40,15,124,215,59,64,46,52,47,0,0
51925,66,38,28,222,302,59,66,46,58,44,0,0
73977,79,49,30,187,437,60,64,44,53,48,0,0
76098,54,35,19,55,136,62,61,43,56,51,0,0
49987,87,54,33,172,238,62,63,48,57,45,0,0
39535,64,34,30,186,231,54,66,47,55,44,0,0
52646,61,38,23,146,242,60,62,44,53,50,0,0
27804,27,15,12,67,80,62,62,46,48,44,169,156
12205,34,17,17,29,80,62,56,47,51,47,162,151
61688,54,38,16,161,271,54,68,45,47,49,0,0
70347,62,35,27,62,128,67,57,46,55,50,175,155
9391,76,39,37,237,274,51,64,45,53,44,0,0
47153,48,21,27,84,193,58,61,46,50,48,179,146
6744,60,35,25,114,259,60,62,46,57,48,0,0
42435,72,45,27,107,122,66,59,48,50,51,0,0
55186,67,31,36,140,273,53,61,44,51,46,181,159
26693,60,35,25,60,118,69,57,46,51,44,0,0
14397,52,27,25,136,385,64,62,37,53,52,178,161
73190,45,30,15,92,160,64,64,45,56,47,0,0
10343,61,29,32,51,129,67,58,47,53,46,170,141
14188,61,27,34,18,134,71,53,40,48,50,0,0
51696,64,43,21,35,133,71,56,45,54,50,0,0
56488,37,27,10,38,73,64,59,50,48,49,0,0
16664,33,15,18,33,72,65,58,48,54,43,170,140
11947,67,34,33,23,130,70,57,44,53,47,143,132
10791,34,16,18,83,76,60,61,48,50,43,174,152
16947,49,25,24,124,132,54,66,45,55,49,181,159
78153,53,33,20,115,125,67,60,48,54,46,0,0
75089,67,38,29,77,216,61,61,45,51,50,0,0
50297,53,24,29,144,286,53,64,46,56,44,173,161
31016,62,38,24,112,92,69,59,46,54,47,0,0
73967,62,39,23,57,133,68,54,46,51,48,0,0
25509,75,45,30,98,371,68,60,43,54,49,170,156
16971,67,37,30,111,198,65,58,46,48,48,0,0
11878,60,33,27,51,207,64,59,44,50,51,0,0
28421,39,28,11,23,240,59,62,44,48,52,0,0
75657,62,39,23,23,202,72,58,45,53,46,0,0
11931,55,33,22,177,122,61,64,48,57,48,0,0
70328,76,43,33,139,114,64,60,48,56,47,0,0
14387,73,43,30,91,232,65,60,45,54,49,0,0
23430,50,22,28,118,163,57,60,42,49,48,176,143
7926,37,22,15,76,105,59,65,44,54,48,0,0
77673,67,47,20,114,161,65,60,50,57,49,0,0
60086,66,38,28,85,368,61,61,42,52,50,0,0
62169,56,36,20,176,120,59,64,48,56,46,0,0
65910,29,10,19,53,42,66,59,47,47,49,173,150
63769,58,33,25,141,170,66,62,48,55,46,0,0
14697,51,29,22,65,140,64,60,49,56,48,0,0
59592,74,47,27,146,226,66,62,44,51,48,0,0
16106,58,36,22,140,232,62,63,43,56,45,0,0
70519,28,18,10,37,79,60,60,46,46,54,170,152
17896,52,29,23,90,93,62,59,47,55,50,0,0
36822,80,48,32,50,254,72,57,42,55,51,0,0
17282,52,35,17,33,250,67,59,45,56,49,0,0
52663,67,47,20,22,94,68,60,46,52,53,0,0
40537,56,33,23,160,160,57,65,47,53,48,0,0
47998,44,36,8,68,122,65,64,49,58,48,0,0
65916,57,43,14,66,76,70,60,47,55,51,0,0
79600,62,36,26,75,258,67,58,45,49,50,0,0
56631,64,37,27,252,308,53,68,45,54,50,0,0
37733,58,32,26,22,209,67,58,43,53,53,0,0
41111,53,39,14,152,256,58,67,45,59,46,0,0
72468,79,53,26,129,175,65,62,52,55,46,0,0
51278,66,29,37,267,176,52,66,45,52,46,0,0
31267,54,30,24,103,205,65,59,43,50,52,164,152
50619,80,46,34,41,220,63,59,48,55,49,0,0
61710,46,38,8,100,114,63,65,46,54,57,0,0
87187,42,31,11,52,159,63,62,44,53,50,0,0
60266,63,45,18,129,133,65,65,46,55,53,0,0
14066,60,36,24,112,231,66,60,44,51,47,0,0
43263,63,37,26,123,190,69,60,44,53,51,0,0
13311,52,26,26,113,223,53,65,42,52,42,0,0
12997,39,18,21,68,108,73,59,44,54,44,167,150
58904,54,40,14,143,141,69,64,50,60,50,0,0
74280,46,30,16,117,261,63,65,43,56,48,0,0
41890,63,37,26,90,109,69,62,49,59,46,0,0
40596,59,34,25,87,523,50,63,39,47,51,0,0
71462,57,31,26,106,180,61,63,46,54,49,0,0
10600,30,14,16,110,135,62,63,45,57,42,187,168
12139,44,18,26,62,166,59,60,42,46,49,167,138
23858,75,49,26,156,228,62,61,46,53,48,0,0
12267,16,5,11,43,38,56,63,47,50,40,178,159
41911,52,24,28,83,146,60,60,41,51,48,0,0
69231,54,31,23,105,232,59,62,45,51,52,179,160
17500,69,38,31,75,85,74,55,44,44,51,0,0
30197,82,53,29,79,193,62,60,45,51,53,0,0
51597,100,51,49,270,319,54,64,44,53,49,0,0
6590,68,40,28,14,175,73,57,43,51,48,0,0
55139,72,38,34,116,219,60,59,46,52,49,0,0
74077,64,39,25,78,267,65,61,45,56,49,0,0
48015,58,29,29,63,161,57,61,43,50,49,0,0
29385,63,51,12,46,495,63,63,39,51,54,0,0
48385,62,37,25,100,218,63,64,47,55,49,0,0
46169,35,23,12,84,147,60,64,44,58,46,0,0
75655,49,29,20,77,113,69,63,51,55,42,0,0
38720,63,36,27,84,270,62,61,43,50,48,0,0
59466,65,40,25,230,168,59,65,47,56,43,0,0
29178,45,24,21,22,129,74,56,46,54,49,166,147
12439,72,35,37,33,246,67,57,41,53,49,0,0
57761,59,29,30,59,188,67,56,44,51,50,0,0
49066,65,40,25,253,224,55,67,44,55,50,0,0
14882,39,20,19,66,146,62,62,42,52,50,0,0
14744,51,32,19,170,165,60,66,47,55,50,0,0
47858,98,69,29,444,393,57,67,46,55,49,0,0
14740,56,37,19,87,115,64,62,46,56,51,0,0
58729,44,25,19,77,163,63,60,43,50,48,0,0
26193,52,33,19,77,63,63,64,47,53,50,0,0
11278,62,30,32,147,301,60,61,44,52,44,0,0
5604,56,32,24,58,164,68,58,43,51,50,0,0
53321,71,46,25,49,145,67,56,46,49,48,0,0
31919,51,35,16,79,77,67,62,48,52,49,0,0
12762,39,28,11,78,123,66,61,48,52,48,0,0
49092,63,37,26,102,203,60,62,45,53,47,0,0
80422,45,30,15,136,372,64,66,41,55,46,0,0
84356,27,17,10,25,81,67,60,48,55,50,156,145
33820,56,33,23,171,215,64,63,44,51,45,0,0
24853,61,34,27,33,138,64,56,47,52,49,0,0
8531,28,16,12,77,54,58,64,45,52,50,167,153
27810,54,33,21,57,182,69,59,43,55,50,0,0
59449,58,38,20,141,107,58,64,47,55,52,0,0
44527,58,34,24,221,202,57,64,45,52,51,0,0
10394,22,14,8,34,60,70,57,46,54,48,0,0
14567,47,20,27,52,137,68,59,45,52,46,0,0
32932,54,39,15,178,430,58,65,42,52,49,0,0
59581,58,33,25,105,163,70,58,46,53,49,0,0
37189,66,39,27,106,142,69,60,47,54,42,0,0
17544,53,35,18,43,144,69,59,44,54,52,0,0
37618,58,33,25,126,220,64,61,45,54,42,0,0
79766,52,38,14,23,184,73,58,44,56,53,0,0
63282,54,28,26,84,322,55,61,41,55,48,0,0
5817,21,8,13,24,118,59,59,41,54,42,168,156
17122,67,39,28,47,100,72,56,46,52,48,0,0
8757,50,27,23,27,71,77,55,44,49,47,0,0
77378,67,42,25,126,317,62,63,42,49,51,0,0
74176,75,56,19,94,139,59,63,50,57,56,0,0
57213,38,27,11,23,118,72,56,45,49,51,0,0
57066,64,46,18,10,104,75,55,52,54,54,0,0
42244,62,34,28,61,148,67,58,46,50,53,0,0
30669,70,45,25,80,278,63,61,46,52,47,0,0
28057,63,35,28,98,137,69,58,47,52,49,164,149
61096,53,26,27,237,175,65,63,47,56,43,0,0
14686,59,38,21,89,102,64,60,49,54,52,0,0
32186,59,37,22,111,158,58,64,47,54,45,0,0
49273,51,31,20,27,79,74,56,49,51,50,0,0
71437,50,29,21,98,115,59,63,45,52,52,0,0
25504,31,14,17,25,138,65,58,43,53,47,156,144
39522,69,51,18,180,265,63,66,46,53,51,0,0
72065,69,39,30,141,160,63,60,47,54,54,0,0
30909,52,24,28,172,171,59,62,45,58,46,0,0
45827,76,42,34,32,165,71,57,46,51,47,0,0
75085,60,33,27,34,226,72,58,42,52,44,0,0
57279,84,54,30,333,341,60,66,45,57,48,0,0
50620,49,25,24,161,159,54,63,44,48,49,0,0
34441,59,31,28,325,334,57,70,46,53,40,0,0
72126,66,42,24,56,352,66,59,42,52,52,0,0
57072,67,31,36,201,383,58,64,42,54,45,0,0
12337,55,31,24,67,209,63,62,44,54,48,0,0
10629,86,49,37,255,218,60,65,43,54,47,0,0
70970,50,25,25,17,266,61,57,41,50,47,0,0
14629,69,42,27,126,297,63,60,44,53,52,0,0
40291,49,28,21,90,207,68,63,44,49,54,0,0
13412,50,25,25,59,184,66,58,44,51,48,0,0
52941,59,33,26,45,148,68,58,49,55,50,0,0
73702,58,36,22,115,320,63,61,43,54,50,0,0
14293,44,24,20,56,111,60,60,46,51,51,0,0
73698,52,25,27,80,58,67,59,45,52,48,0,0
23782,65,38,27,28,263,70,58,43,52,48,0,0
14093,38,21,17,45,107,61,61,45,48,55,0,0
52261,60,35,25,43,253,65,59,44,54,50,0,0
75744,44,33,11,27,150,61,60,47,51,55,0,0
74840,75,50,25,293,298,47,67,48,59,47,0,0
14316,42,18,24,62,181,62,61,42,50,44,168,147
57306,48,24,24,11,93,70,57,45,52,48,0,0
43326,47,25,22,70,164,65,58,46,54,49,0,0
58728,58,33,25,59,327,66,58,36,51,51,0,0
13945,64,33,31,219,218,63,63,45,55,47,0,0
32184,65,45,20,31,169,67,58,47,53,51,0,0
8584,43,24,19,26,198,71,57,38,50,49,0,0
73821,45,33,12,67,130,65,63,46,53,52,0,0
53488,57,35,22,14,170,71,54,41,49,52,0,0
68932,61,31,30,34,250,70,58,42,48,48,0,0
44823,51,27,24,142,151,61,61,42,55,48,0,0
16801,89,59,30,155,342,55,62,46,53,51,0,0
11372,23,10,13,16,56,74,55,44,48,51,165,152
40759,64,37,27,41,130,67,57,47,48,50,0,0
63291,58,30,28,16,133,71,54,43,51,53,0,0
16853,62,36,26,113,360,65,63,38,51,50,0,0
14504,48,19,29,139,200,54,63,46,51,47,0,0
17962,31,19,12,113,170,66,66,43,51,48,0,0
65789,49,28,21,46,343,56,58,40,52,53,0,0
13871,41,20,21,55,117,64,59,45,51,41,0,0
10967,61,20,41,137,272,58,60,41,52,43,0,0
11306,67,41,26,26,246,71,59,44,53,52,0,0
65909,66,39,27,16,149,71,57,43,52,53,0,0
53771,77,49,28,246,269,58,67,46,56,47,0,0
9752,34,13,21,28,111,68,56,42,48,45,166,141
17771,60,36,24,7,118,73,55,43,50,54,0,0
33113,64,36,28,20,167,74,56,44,52,48,0,0
64827,53,27,26,78,242,60,61,45,52,44,0,0
24105,49,27,22,106,129,64,61,48,58,49,0,0
13768,31,19,12,53,146,62,61,43,50,51,0,0
67109,62,38,24,37,184,61,57,47,52,52,0,0
47975,62,37,25,191,246,61,65,45,55,46,0,0
17696,31,24,7,57,107,61,68,50,49,48,0,0
78675,55,40,15,20,140,65,57,47,54,52,0,0
54662,63,44,19,40,167,75,60,47,56,51,0,0
57513,53,26,27,130,148,58,61,44,52,45,0,0
65791,44,24,20,33,91,71,56,46,52,46,0,0
64149,29,21,8,50,76,60,61,48,54,54,0,0
72239,64,45,19,60,123,65,59,46,56,48,0,0
44714,70,42,28,158,216,64,61,43,52,50,0,0
30328,37,19,18,29,112,65,58,44,51,49,0,0
44197,57,26,31,61,216,63,59,45,52,50,0,0
72906,47,34,13,26,129,70,62,45,51,52,0,0
46151,71,39,32,119,219,66,61,45,53,45,0,0
45852,57,27,30,141,178,63,60,44,56,50,0,0
7944,6,4,2,7,9,70,62,50,52,45,0,0
33918,56,30,26,45,175,72,57,44,51,47,0,0
11087,34,18,16,136,87,60,63,45,49,46,0,0
60341,41,38,3,76,67,68,68,54,66,55,0,0
75388,51,29,22,57,158,65,58,45,52,49,0,0
16626,55,32,23,142,200,63,63,47,55,45,0,0
26514,71,48,23,52,253,66,60,44,52,53,0,0
11205,39,15,24,112,123,65,62,46,54,41,179,162
83274,34,19,15,58,129,58,60,42,45,48,0,0
14056,10,8,2,24,42,65,69,47,66,52,0,0
73835,46,21,25,106,232,65,61,41,52,42,0,0
71739,57,39,18,39,90,67,58,48,57,49,0,0
61300,58,37,21,48,136,73,56,45,50,50,0,0
8351,60,39,21,82,222,62,60,44,54,53,0,0
71092,30,19,11,131,166,52,72,48,57,45,0,0
16134,37,20,17,28,122,70,60,43,56,48,173,157
37605,52,30,22,34,105,70,58,46,51,49,0,0
72510,56,33,23,71,118,70,60,47,53,49,0,0
37909,71,35,36,120,240,60,60,43,51,53,0,0
45704,44,33,11,52,81,69,60,46,53,54,0,0
5300,55,29,26,39,142,74,57,44,55,51,0,0
62199,65,43,22,6,262,72,54,40,51,54,0,0
32499,57,32,25,38,126,65,57,47,53,52,0,0
12641,72,38,34,26,276,63,57,44,50,49,0,0
62360,54,39,15,44,124,65,61,45,50,54,0,0
63359,56,30,26,111,166,59,63,45,54,49,0,0
71302,47,25,22,87,176,60,60,43,50,47,0,0
50949,44,20,24,49,53,66,59,44,49,46,0,0
50937,69,38,31,163,170,60,61,46,50,47,0,0
36165,49,19,30,82,360,59,58,38,46,49,177,152
90390,13,11,2,37,33,59,66,50,54,50,0,0
28118,73,48,25,121,225,63,61,46,52,52,0,0
47426,64,41,23,96,99,66,60,47,55,50,0,0
40292,63,27,36,105,188,59,61,46,50,46,0,0
36546,71,40,31,45,302,67,58,44,53,46,0,0
57305,52,26,26,62,196,63,57,43,53,50,0,0
26314,54,33,21,30,126,64,57,46,51,49,0,0
16379,70,38,32,176,208,64,62,48,56,46,0,0
6577,48,25,23,69,116,66,59,45,52,45,0,0
40565,47,21,26,310,234,57,71,48,55,41,0,0
74254,28,17,11,96,110,60,65,45,58,53,0,0
67063,22,14,8,16,126,64,59,43,47,45,0,0
55698,47,20,27,51,97,61,56,44,46,47,0,0
67291,25,14,11,52,119,61,60,42,55,44,0,0
36391,38,23,15,16,95,67,59,45,49,47,0,0
25216,52,20,32,43,172,57,55,44,49,50,0,0
30232,30,11,19,111,89,65,61,43,54,47,0,0
49984,52,35,17,93,170,58,63,46,50,53,0,0
62340,54,34,20,84,183,67,58,45,49,51,0,0
23648,63,40,23,13,377,69,59,38,49,51,0,0
33094,69,46,23,100,383,65,61,40,51,52,0,0
12389,21,9,12,64,75,68,62,44,54,36,179,168
59749,57,30,27,46,161,68,57,41,51,47,0,0
10209,30,9,21,27,101,66,57,44,52,47,164,150
65615,58,33,25,40,350,63,59,43,53,49,0,0
32675,64,37,27,68,269,66,60,44,50,49,0,0
74446,41,24,17,44,309,59,59,40,51,50,0,0
51486,45,25,20,95,178,57,61,41,53,48,0,0
5632,78,39,39,89,191,61,57,44,50,50,0,0
40933,41,24,17,9,82,76,56,44,52,50,0,0
75313,50,34,16,24,207,65,60,45,51,53,0,0
8008,26,10,16,22,130,63,58,39,51,46,164,154
32308,16,12,4,28,75,59,60,48,54,45,0,0
27926,32,20,12,69,58,67,61,49,55,49,0,0
43766,26,19,7,9,29,76,59,51,57,54,0,0
27780,69,37,32,261,230,63,64,47,55,51,0,0
41569,13,8,5,5,70,65,63,41,46,52,0,0
42867,67,34,33,45,340,65,56,39,49,50,0,0
29547,28,15,13,19,75,70,57,48,52,53,156,144
62880,37,22,15,193,194,55,70,45,62,47,0,0
56118,62,34,28,70,332,64,59,42,53,50,0,0
73956,35,20,15,162,59,57,68,48,59,49,0,0
17677,34,17,17,27,142,69,57,38,51,49,0,0
50940,57,34,23,74,96,71,59,47,55,52,0,0
82348,29,22,7,22,73,67,59,47,55,54,0,0
69064,60,36,24,27,189,69,57,45,49,54,0,0
48414,60,38,22,60,152,71,57,43,54,52,0,0
18083,59,33,26,128,303,65,60,42,53,50,0,0
11325,47,23,24,45,193,66,58,44,51,53,0,0
68764,19,17,2,40,84,63,69,44,60,51,0,0
61290,57,33,24,122,212,58,62,44,57,46,0,0
39554,23,13,10,88,141,63,63,41,57,46,169,153
66333,35,21,14,88,109,57,63,44,56,48,0,0
58621,52,27,25,42,296,69,59,39,52,55,0,0
74949,46,28,18,24,264,61,57,40,49,53,0,0
43010,64,36,28,179,304,60,63,43,52,49,0,0
74181,66,36,30,41,236,67,57,41,47,51,0,0
87232,20,15,5,15,52,72,56,43,50,54,167,139
28124,41,21,20,17,74,73,55,43,48,49,0,0
44114,65,36,29,41,346,61,57,40,50,52,0,0
47860,52,32,20,130,183,56,64,47,53,51,0,0
46569,51,37,14,33,99,73,56,44,52,54,0,0
18097,38,12,26,22,131,69,55,43,52,46,157,138
25863,39,23,16,50,124,67,61,46,54,44,0,0
80418,21,11,10,66,98,60,65,39,47,53,0,0
57375,23,12,11,9,62,72,57,46,62,52,0,0
10951,37,22,15,34,67,66,60,48,53,49,0,0
62185,62,41,21,42,176,72,59,44,50,52,0,0
13180,19,12,7,52,75,61,67,49,57,55,183,164
84377,22,16,6,44,74,67,61,45,50,50,0,0
33527,33,20,13,34,85,65,61,46,52,45,0,0
74986,12,9,3,29,37,54,65,47,54,46,0,0
76632,47,25,22,17,102,68,56,46,55,50,0,0
32023,45,28,17,6,185,71,56,43,50,52,0,0
69651,24,13,11,74,150,57,63,43,53,51,0,0
76667,70,40,30,41,511,65,58,37,52,54,0,0
58612,48,22,26,83,124,60,61,43,55,45,0,0
35105,40,31,9,23,82,63,61,50,53,52,0,0
25503,52,28,24,137,80,66,62,45,56,50,0,0
1014,27,12,15,58,207,58,65,40,51,49,0,0
87418,28,16,12,33,96,65,60,44,47,50,0,0
71438,60,29,31,67,273,57,59,42,53,50,0,0
16486,16,10,6,36,47,70,57,50,53,55,0,0
48382,45,24,21,37,177,61,57,43,51,50,0,0
59913,49,29,20,16,115,69,57,46,48,49,0,0
51690,61,33,28,38,173,65,58,45,50,48,0,0
62006,54,27,27,68,199,62,58,43,50,47,0,0
13160,22,12,10,36,50,65,61,47,52,48,0,0
16200,30,16,14,7,39,80,53,42,45,49,0,0
54990,23,15,8,14,74,65,60,42,50,52,0,0
87646,55,33,22,66,247,63,60,43,51,56,0,0
45191,58,35,23,57,255,66,59,41,51,52,0,0
14070,34,23,11,85,78,52,66,46,58,55,0,0
38474,66,32,34,133,795,50,65,39,47,50,0,0
38911,2,1,1,1,5,66,53,59,44,40,174,153
28075,39,22,17,31,90,67,58,48,53,50,0,0
28097,46,24,22,34,165,60,58,45,46,45,0,0
38701,45,25,20,52,323,58,61,41,50,48,0,0
46394,57,34,23,10,48,78,56,42,51,51,0,0
23847,47,23,24,74,186,63,61,44,49,51,0,0
17862,53,29,24,229,171,54,68,46,59,47,0,0
59764,55,24,31,63,162,63,57,44,50,49,0,0
37907,46,27,19,125,176,53,64,46,52,47,0,0
51958,49,27,22,54,102,64,61,46,54,51,0,0
54676,54,27,27,100,202,56,60,44,49,48,0,0
44616,10,5,5,29,46,62,67,51,57,38,178,162
44437,39,20,19,49,151,61,58,39,46,53,0,0
12899,48,30,18,55,182,64,60,46,55,51,0,0
57640,42,19,23,119,214,63,61,42,50,46,0,0
72758,65,35,30,92,398,61,62,41,52,52,0,0
34595,68,41,27,68,131,65,61,47,50,49,0,0
9247,36,22,14,31,209,59,65,43,56,52,0,0
30808,42,22,20,145,211,58,65,42,52,48,0,0
48014,44,20,24,105,135,59,62,46,56,45,0,0
81569,59,31,28,95,230,57,60,47,53,48,0,0
44012,41,25,16,67,102,65,62,47,58,46,0,0
54651,64,34,30,68,325,60,59,41,53,49,0,0
74633,55,32,23,78,259,60,60,44,54,54,0,0
47741,28,8,20,25,189,65,56,38,53,42,178,147
18452,19,9,10,7,64,77,53,43,51,52,170,153
91616,33,25,8,58,227,58,62,44,53,57,0,0
28436,59,29,30,86,272,64,58,40,49,50,0,0
7022,38,20,18,42,194,62,60,42,47,49,0,0
16219,44,27,17,33,149,68,59,42,55,52,0,0
38598,41,18,23,12,76,70,53,41,52,46,0,0
74062,51,28,23,27,173,56,58,45,52,48,0,0
18144,53,29,24,156,325,61,64,43,55,46,0,0
32310,52,28,24,11,68,75,56,42,46,49,0,0
34737,56,31,25,5,157,76,54,42,48,50,0,0
18194,51,24,27,23,190,69,56,44,50,49,0,0
59590,42,19,23,77,105,65,60,46,44,48,0,0
70194,60,32,28,80,165,62,58,49,52,53,0,0
18460,44,22,22,151,219,62,64,42,57,49,0,0
80423,35,25,10,58,141,57,62,48,52,52,0,0
5853,52,29,23,55,57,69,58,44,53,50,0,0
72741,49,28,21,126,144,59,59,46,54,49,0,0
59451,37,11,26,93,128,61,58,42,49,45,177,157
53104,18,12,6,50,43,63,63,49,54,50,0,0
31572,31,17,14,57,125,68,60,45,51,49,0,0
64934,44,24,20,35,154,69,57,41,50,54,0,0
40440,31,16,15,29,88,69,58,45,54,52,0,0
61985,48,24,24,57,231,59,56,42,47,49,0,0
70531,51,22,29,44,260,61,60,41,52,50,0,0
17673,21,11,10,105,81,58,71,45,61,46,183,168
62729,37,14,23,33,233,62,55,41,50,50,0,0
71777,39,25,14,19,149,67,56,42,52,53,0,0
79099,44,26,18,76,221,54,62,44,50,48,0,0
74257,29,18,11,31,112,65,60,47,54,43,0,0
39731,60,31,29,50,312,68,59,42,52,51,0,0
38718,54,27,27,40,213,65,55,43,45,51,0,0
14324,42,18,24,47,258,62,60,39,52,44,0,0
83823,45,27,18,58,97,67,59,44,51,53,0,0
78057,35,22,13,69,139,59,61,46,49,54,0,0
50859,47,27,20,3,91,76,56,47,52,52,0,0
30278,45,24,21,70,165,61,60,45,52,49,0,0
69758,40,21,19,37,124,60,59,47,54,53,0,0
77630,57,31,26,115,215,59,59,42,53,50,0,0
36895,52,28,24,11,87,74,53,43,47,49,0,0
63537,58,28,30,95,166,51,60,45,51,46,0,0
17723,47,23,24,167,129,68,61,45,56,50,0,0
89247,19,14,5,9,104,66,58,42,53,52,0,0
68101,48,25,23,84,201,65,60,42,53,48,0,0
41691,46,25,21,98,180,64,64,48,55,46,0,0
28074,54,27,27,75,283,56,62,41,53,43,0,0
41269,52,26,26,33,71,72,56,48,50,47,0,0
50750,55,30,25,81,323,57,60,43,54,48,0,0
75217,19,14,5,40,69,62,62,49,54,50,0,0
27645,46,26,20,32,239,65,60,44,52,51,0,0
12617,59,30,29,45,208,62,58,42,52,48,0,0
47867,56,29,27,39,111,68,57,44,52,50,0,0
29386,22,11,11,75,110,57,65,40,56,41,0,0
60940,35,18,17,39,71,66,60,45,48,48,0,0
62482,37,13,24,64,239,57,55,37,48,53,0,0
55182,54,28,26,53,135,67,57,45,48,44,0,0
84425,14,9,5,51,44,61,67,45,56,55,0,0
70663,30,20,10,31,60,71,58,47,51,51,0,0
77410,49,24,25,52,114,64,58,46,51,51,0,0
9533,24,11,13,60,69,60,60,47,49,43,0,0
10025,18,12,6,34,77,56,66,40,58,45,0,0
33139,24,11,13,55,67,65,61,44,52,46,0,0
5305,37,21,16,89,198,60,60,44,52,51,0,0
73873,45,26,19,25,160,72,56,42,51,51,0,0
34127,44,22,22,47,173,63,54,46,49,49,0,0
50952,36,21,15,27,182,62,62,44,51,50,0,0
81370,47,29,18,41,208,64,59,40,52,50,0,0
13087,41,23,18,16,82,75,58,49,53,49,0,0
79601,45,29,16,34,183,54,59,45,51,50,0,0
12144,11,1,10,10,43,65,53,37,43,41,172,137
80421,32,19,13,48,211,59,63,41,53,52,0,0
61183,39,24,15,9,78,75,55,46,51,50,0,0
16919,43,22,21,27,453,58,61,36,51,48,0,0
23860,42,22,20,68,133,58,59,44,51,51,0,0
26342,20,12,8,41,57,56,64,48,55,47,0,0
75198,33,19,14,55,96,60,61,42,49,48,0,0
64936,24,15,9,33,141,59,58,43,56,56,0,0
84361,33,22,11,17,97,71,60,42,53,48,0,0
77511,42,22,20,43,114,67,58,45,50,47,0,0
56141,47,23,24,59,257,53,62,42,52,51,0,0
63052,34,11,23,101,137,63,59,38,43,46,174,146
29728,27,12,15,14,27,67,55,47,49,50,0,0
28845,36,14,22,24,68,73,54,41,48,51,0,0
70958,43,22,21,33,150,69,54,43,49,47,0,0
30514,13,9,4,24,56,70,62,46,50,53,0,0
83250,29,19,10,34,93,63,55,47,52,54,0,0
59755,40,23,17,44,233,56,61,43,48,50,0,0
70417,51,28,23,17,122,73,56,41,48,52,0,0
37881,56,28,28,51,137,65,58,46,49,50,0,0
77292,31,15,16,82,101,62,66,47,58,45,0,0
84571,19,12,7,9,63,70,57,43,51,51,0,0
73840,40,21,19,41,168,62,58,45,48,49,0,0
25824,31,17,14,18,142,68,57,41,50,52,0,0
33095,39,21,18,55,87,60,60,44,53,43,0,0
81710,44,26,18,64,220,54,64,46,54,47,0,0
14399,44,20,24,14,155,65,55,42,46,53,0,0
46577,48,20,28,69,270,53,59,42,47,48,0,0
39578,38,22,16,26,102,62,59,44,51,51,0,0
48559,61,38,23,63,140,64,58,47,56,46,0,0
44444,49,24,25,31,208,68,56,43,49,49,0,0
82563,31,15,16,46,158,61,58,42,48,50,0,0
75445,33,16,17,66,131,61,60,45,53,43,0,0
64522,32,17,15,51,207,61,60,40,51,47,0,0
14057,50,24,26,105,166,62,61,45,52,49,0,0
37264,51,24,27,14,65,75,55,47,48,44,0,0
68111,65,31,34,82,188,69,56,44,46,43,0,0
16955,63,29,34,14,215,66,55,42,48,49,0,0
74363,30,21,9,25,90,67,58,49,55,48,0,0
43027,34,19,15,39,135,69,57,41,51,49,0,0
81890,36,21,15,11,59,70,55,44,50,47,0,0
72660,52,25,27,114,319,59,61,40,47,54,0,0
83591,29,20,9,39,94,66,60,42,53,50,0,0
87779,33,19,14,58,99,58,61,45,60,45,0,0
62335,40,21,19,39,74,73,58,45,53,50,0,0
49870,41,21,20,9,131,73,53,44,47,46,0,0
62486,58,28,30,59,195,66,58,45,54,46,0,0
46554,55,27,28,48,205,65,58,43,50,51,0,0
43871,63,32,31,76,111,70,58,48,50,45,0,0
85882,36,18,18,70,122,62,60,45,47,47,0,0
71439,35,15,20,25,100,63,56,43,52,51,0,0
16677,17,12,5,24,34,65,61,50,56,53,0,0
39023,43,21,22,27,115,70,58,43,53,47,0,0
33681,32,15,17,89,125,64,62,42,50,47,0,0
69395,31,17,14,56,119,67,60,41,51,46,0,0
48009,45,24,21,7,246,72,55,30,45,51,0,0
71982,55,26,29,14,156,76,55,43,50,45,0,0
37603,53,21,32,34,169,57,57,41,49,47,0,0
37408,27,13,14,38,69,67,57,44,52,47,0,0
34735,40,16,24,60,163,61,58,41,44,48,0,0
80201,19,15,4,43,80,68,62,43,60,48,0,0
32321,19,11,8,5,114,60,59,43,49,51,0,0
57745,42,27,15,68,247,64,62,42,55,51,0,0
79119,44,25,19,50,92,63,59,45,52,45,0,0
11392,36,17,19,11,131,62,54,41,45,51,0,0
62330,47,27,20,53,234,63,60,43,53,50,0,0
53588,44,22,22,39,142,64,58,42,46,49,0,0
61457,42,22,20,8,117,75,53,41,48,54,0,0
90658,10,10,0,11,34,70,62,47,63,50,0,0
49526,9,6,3,7,28,62,61,44,40,47,0,0
84315,22,13,9,30,120,63,61,42,49,46,0,0
28435,31,17,14,36,74,67,60,47,54,45,0,0
75820,41,21,20,61,228,52,62,43,51,50,0,0
27920,63,29,34,74,205,55,58,43,52,50,0,0
5650,10,1,9,14,46,66,59,36,47,44,173,157
31920,13,5,8,13,20,60,59,46,47,48,0,0
58602,31,15,16,32,123,64,57,44,51,49,0,0
51265,35,17,18,33,120,65,56,42,46,48,0,0
18152,20,11,9,9,38,74,59,43,55,54,0,0
17335,47,27,20,68,214,62,61,43,55,47,0,0
28122,36,19,17,25,52,75,56,46,48,54,0,0
52528,34,17,17,66,120,62,62,42,51,45,0,0
73699,37,20,17,52,145,61,58,40,49,57,0,0
41393,42,22,20,34,71,71,55,42,49,50,0,0
81172,23,6,17,50,103,57,62,43,60,41,0,0
79778,23,12,11,30,65,66,57,48,57,48,0,0
66757,13,7,6,29,35,58,66,44,58,48,0,0
87195,27,15,12,26,79,58,60,46,55,47,0,0
76964,47,21,26,45,242,60,59,41,49,47,0,0
90092,18,12,6,34,63,48,67,43,49,52,0,0
50671,35,19,16,32,57,71,58,46,50,46,0,0
66717,36,15,21,35,164,60,59,42,52,45,0,0
72821,36,15,21,26,110,66,53,42,49,46,0,0
72825,40,23,17,10,179,72,57,40,48,54,0,0
69066,25,17,8,16,41,68,58,53,47,52,0,0
67791,31,20,11,51,48,69,63,48,57,49,0,0
77715,30,13,17,18,199,62,57,37,48,46,0,0
71170,32,18,14,31,167,61,59,41,50,48,0,0
35605,45,21,24,25,192,66,55,43,49,52,0,0
76799,41,19,22,61,208,63,56,42,45,51,0,0
9331,24,9,15,12,88,62,55,44,46,49,0,0
83066,16,8,8,12,52,65,53,43,48,48,0,0
11976,32,13,19,37,68,62,58,38,46,48,0,0
18337,34,14,20,33,69,71,57,44,49,45,0,0
7833,26,12,14,17,125,71,56,42,53,53,0,0
78152,24,14,10,29,98,54,64,44,52,54,0,0
65080,23,17,6,59,80,62,66,44,48,54,0,0
63441,36,18,18,24,222,61,58,41,50,53,0,0
59579,34,18,16,39,112,64,58,44,53,48,0,0
41374,42,18,24,11,76,75,54,42,50,46,0,0
57526,33,17,16,43,74,64,58,45,54,48,0,0
25056,41,18,23,17,144,66,54,41,44,53,0,0
46022,53,31,22,29,136,66,57,42,51,49,0,0
70190,50,21,29,93,138,63,60,45,58,44,0,0
88204,10,6,4,17,30,61,62,47,57,57,0,0
55962,32,18,14,25,64,59,61,51,56,45,0,0
34448,32,17,15,10,81,68,53,41,42,52,0,0
57067,25,11,14,26,56,70,58,44,50,49,0,0
31994,33,19,14,15,113,66,56,45,54,47,0,0
66589,42,16,26,89,365,55,61,38,50,50,0,0
71646,43,16,27,48,220,58,60,42,51,42,0,0
44367,42,24,18,23,292,62,58,39,49,50,0,0
15471,46,18,28,65,192,54,62,42,51,50,0,0
87414,30,16,14,41,115,63,61,40,53,49,0,0
87185,26,16,10,26,105,58,61,43,46,51,0,0
62158,33,14,19,74,85,61,59,46,51,47,0,0
52978,24,14,10,2,137,62,61,45,55,51,0,0
26528,38,17,21,50,204,62,60,42,50,46,0,0
32662,36,16,20,8,52,75,54,43,48,50,0,0
64229,42,20,22,14,101,69,52,44,43,48,0,0
63047,43,19,24,9,158,69,57,40,53,45,0,0
59465,37,14,23,12,70,75,51,43,44,46,0,0
14616,44,19,25,93,120,55,63,45,52,54,0,0
81178,21,9,12,27,131,59,58,37,47,47,0,0
6054,7,3,4,20,55,61,64,36,50,45,0,0
59915,20,8,12,21,128,62,57,41,51,52,0,0
13307,31,19,12,81,85,66,63,43,51,50,0,0
61867,47,19,28,89,173,65,61,42,54,45,0,0
45724,53,18,35,114,267,57,60,38,52,46,0,0
65421,15,12,3,33,83,60,63,43,56,54,0,0
30516,21,11,10,27,74,60,61,43,43,51,0,0
76965,20,14,6,63,88,61,66,43,51,53,0,0
77950,29,13,16,18,110,66,57,39,48,47,0,0
75190,36,20,16,57,160,54,62,44,51,48,0,0
82334,38,16,22,24,132,68,55,41,51,48,0,0
18361,37,19,18,63,87,67,59,45,46,50,0,0
66595,36,15,21,88,298,53,62,39,50,46,0,0
32631,11,4,7,28,46,61,65,38,50,41,0,0
6989,22,13,9,19,74,61,57,46,51,45,0,0
92600,21,15,6,29,65,53,56,48,51,57,0,0
73587,20,9,11,14,73,58,58,44,50,48,0,0
74256,22,11,11,16,138,57,57,43,54,53,0,0
24134,23,10,13,33,113,64,59,42,48,45,0,0
78164,21,11,10,36,68,65,59,43,49,44,0,0
81353,27,16,11,23,102,64,60,41,56,52,0,0
81407,31,15,16,20,102,65,58,41,54,46,0,0
47425,34,18,16,42,53,59,58,49,54,51,0,0
59916,50,23,27,53,128,65,56,46,53,49,0,0
72327,37,19,18,47,119,59,59,43,48,49,0,0
34470,35,14,21,18,136,66,54,43,43,42,0,0
12396,54,23,31,32,288,61,58,39,50,48,0,0
46348,16,8,8,42,62,56,64,47,55,42,0,0
71293,28,14,14,35,75,56,58,49,48,50,0,0
62167,16,10,6,45,34,61,62,50,58,54,0,0
79615,20,12,8,2,21,82,53,47,50,50,0,0
71981,23,12,11,44,58,65,62,41,53,55,0,0
39330,28,14,14,2,71,67,54,39,52,53,0,0
67997,43,18,25,13,153,68,52,40,45,45,0,0
27043,10,3,7,33,24,61,60,42,47,49,0,0
82042,25,11,14,42,108,52,64,42,52,46,0,0
80419,29,15,14,16,142,66,57,42,52,53,0,0
56736,37,19,18,70,104,62,58,45,56,49,0,0
85077,12,7,5,10,12,74,56,42,47,44,0,0
63768,14,10,4,9,27,69,58,47,53,53,0,0
73601,31,18,13,20,113,62,54,42,52,50,0,0
72661,37,16,21,16,143,64,55,39,47,49,0,0
51960,25,17,8,6,47,75,55,45,50,55,0,0
11427,31,20,11,51,113,60,58,45,50,53,0,0
67521,33,16,17,17,158,57,53,42,41,52,0,0
87776,46,26,20,43,102,61,60,43,51,55,0,0
39329,46,20,26,50,99,68,56,42,49,48,0,0
44528,36,17,19,25,121,62,56,43,50,48,0,0
8324,5,1,4,16,22,60,62,40,58,53,0,0
52267,9,3,6,23,23,63,58,44,48,35,177,157
14972,21,6,15,25,70,67,59,40,56,41,0,0
54677,30,13,17,66,92,60,59,44,52,49,0,0
44325,7,5,2,19,8,67,60,45,53,48,0,0
66888,10,6,4,2,64,70,54,42,49,52,0,0
73694,26,16,10,27,75,63,56,45,48,55,0,0
40166,24,13,11,50,50,68,62,43,58,44,0,0
81215,20,13,7,43,73,62,60,46,59,51,0,0
52789,22,13,9,49,88,64,63,47,59,48,0,0
80701,30,12,18,9,121,67,54,42,47,52,0,0
16227,34,19,15,55,94,70,59,45,48,52,0,0
32500,35,16,19,47,77,61,58,46,47,48,0,0
62871,35,15,20,33,176,64,56,40,48,51,0,0
76508,31,17,14,1,86,71,55,40,53,57,0,0
54797,39,21,18,31,234,62,59,40,48,50,0,0
57898,36,16,20,39,246,60,59,41,49,52,0,0
70969,57,22,35,91,270,58,59,39,53,46,0,0
71168,40,16,24,93,128,58,60,41,57,47,0,0
14734,5,2,3,20,12,66,65,40,46,28,0,0
76375,17,8,9,7,53,66,54,47,48,41,0,0
87188,16,11,5,12,68,57,62,47,52,50,0,0
26840,19,9,10,5,82,69,54,39,55,54,0,0
78310,33,17,16,15,128,60,56,43,50,53,0,0
151,2,0,2,9,16,59,60,30,50,53,0,0
431,7,1,6,7,33,64,54,38,49,60,0,0
448,1,0,1,1,2,47,35,22,22,33,0,0
467,3,0,3,3,5,66,45,28,37,46,166,150
473,2,1,1,3,9,59,67,39,60,47,0,0
487,5,1,4,4,17,57,60,43,58,33,147,136
511,1,0,1,1,5,74,58,33,55,66,0,0
687,2,0,2,3,7,54,62,32,64,25,0,0
758,7,3,4,5,21,69,53,46,46,47,0,0
972,15,2,13,26,54,54,55,39,42,50,0,0
3795,1,0,1,0,1,66,42,44,28,0,0,0
4076,25,10,15,36,68,70,59,44,57,48,164,146
4087,9,5,4,21,28,68,63,44,61,43,0,0
4089,2,0,2,5,9,59,71,56,70,33,0,0
4108,2,1,1,0,6,62,57,34,55,66,0,0
4212,34,15,19,39,97,63,56,43,51,46,0,0
5393,7,4,3,25,27,61,59,54,63,43,0,0
5548,2,1,1,4,6,69,62,45,50,72,0,0
5594,5,2,3,6,26,63,59,46,65,43,0,0
5636,44,17,27,15,255,58,54,39,46,47,0,0
5797,6,2,4,0,12,75,51,46,53,36,0,0
6062,4,1,3,13,16,51,66,37,60,43,0,0
6277,2,1,1,0,11,64,55,34,56,50,0,0
6745,2,0,2,0,7,69,43,37,36,42,0,0
6867,1,0,1,1,2,69,64,25,20,50,0,0
6901,1,0,1,0,3,65,31,20,0,0,0,0
18455,70,56,14,307,205,62,69,50,61,46,195,170
45854,73,64,9,145,118,66,69,53,66,46,190,167
54663,71,54,17,251,430,57,71,44,60,50,201,176
14362,62,41,21,97,110,67,63,48,53,47,181,154
53128,68,50,18,447,247,52,75,46,57,47,186,169
36558,54,43,11,362,139,61,72,48,62,44,194,176
11712,55,39,16,168,126,61,67,48,57,46,178,158
42098,78,54,24,111,171,65,64,49,54,48,189,155
17503,63,40,23,105,316,66,60,42,53,49,180,149
13267,37,21,16,124,159,62,67,44,56,44,178,161
11575,59,42,17,222,274,57,70,46,61,49,178,162
17142,56,37,19,269,316,57,69,46,64,48,194,170
65911,78,55,23,166,205,64,64,50,58,48,194,152
32480,57,38,19,101,199,67,64,49,59,43,174,158
16628,47,29,18,195,259,57,66,43,56,47,177,161
77934,50,34,16,134,129,62,64,48,51,51,184,157
6947,2,1,1,1,4,66,54,37,37,42,0,0
6976,1,0,1,4,6,62,59,31,20,50,0,0
7395,4,1,3,7,17,64,54,30,50,44,0,0
7623,2,0,2,2,3,55,44,40,38,16,0,0
8056,1,0,1,2,4,60,46,25,36,36,0,0
8073,23,3,20,16,60,62,52,39,45,43,0,0
8077,15,1,14,9,50,63,49,34,40,37,0,0
8140,13,3,10,2,48,71,47,35,43,42,0,0
8147,9,4,5,9,22,70,59,45,55,52,0,0
8196,27,11,16,11,74,68,55,44,49,47,0,0
8252,7,2,5,2,10,69,49,35,36,53,0,0
8616,8,1,7,10,75,50,59,31,53,40,0,0
8665,5,3,2,1,17,63,52,43,50,57,0,0
8668,1,0,1,3,8,67,38,31,41,62,0,0
8696,9,3,6,30,60,54,67,42,58,42,187,167
8859,2,1,1,5,9,69,48,47,35,52,0,0
8990,1,0,1,0,3,63,50,17,28,0,0,0
9094,1,0,1,0,3,60,42,29,28,66,0,0
9362,31,15,16,30,293,62,58,33,50,51,0,0
9454,15,4,11,17,33,59,55,45,51,47,0,0
9529,9,5,4,3,32,60,57,46,60,60,0,0
9586,12,4,8,11,58,61,55,42,50,43,0,0
9594,6,1,5,15,35,54,65,36,47,34,0,0
9604,30,15,15,61,74,63,62,49,54,42,0,0
9969,20,11,9,9,84,65,56,41,53,52,0,0
10072,2,1,1,0,4,69,53,44,51,65,0,0
10084,3,1,2,3,7,61,56,33,27,64,0,0
10141,19,9,10,9,43,74,54,40,43,55,0,0
10214,3,2,1,5,11,63,71,46,60,61,0,0
10598,7,1,6,3,29,77,51,38,50,59,0,0
10725,1,0,1,0,3,72,44,30,44,100,0,0
10788,2,1,1,1,11,58,47,38,47,56,0,0
10814,4,2,2,11,16,64,62,50,58,58,0,0
11056,7,2,5,12,47,50,61,35,36,65,0,0
11119,2,1,1,5,2,57,72,52,80,62,0,0
11140,2,0,2,0,7,71,38,34,31,25,0,0
11300,8,3,5,17,43,55,60,42,52,29,0,0
11331,1,0,1,3,4,47,35,31,14,25,0,0
11350,5,0,5,4,4,69,49,41,43,38,0,0
11475,25,5,20,50,113,52,59,40,45,46,0,0
11489,2,0,2,0,4,54,25,33,31,0,0,0
11572,3,2,1,5,6,60,64,59,14,41,0,0
11619,7,3,4,8,12,70,58,46,53,50,0,0
11709,3,1,2,5,7,63,54,44,66,40,0,0
11856,2,0,2,0,9,59,54,45,47,18,0,0
11930,2,0,2,3,13,45,55,43,44,33,0,0
11961,3,1,2,7,14,51,75,44,65,58,0,0
11963,37,19,18,26,87,65,56,42,47,52,0,0
11991,1,0,1,7,6,59,57,37,57,38,0,0
12005,6,1,5,10,19,55,56,38,40,46,0,0
12145,1,0,1,0,3,66,60,51,71,57,0,0
12183,1,0,1,0,4,74,44,30,40,42,0,0
12260,15,7,8,13,18,73,58,42,50,49,0,0
12307,5,2,3,6,33,68,56,39,56,62,0,0
12308,5,2,3,5,27,57,49,40,43,59,0,0
12402,4,1,3,4,23,59,58,37,47,57,177,151
12431,19,3,16,1,152,59,52,33,43,43,0,0
12438,3,0,3,4,4,74,53,41,50,29,0,0
12465,1,0,1,0,3,60,61,40,55,50,0,0
12525,7,3,4,7,33,54,55,40,42,53,0,0
12635,34,21,13,104,76,58,67,46,57,44,0,0
12638,28,13,15,27,134,63,57,41,46,51,0,0
12640,3,1,2,1,10,69,62,39,48,50,0,0
12643,1,0,1,0,3,50,40,40,25,28,0,0
12691,2,0,2,0,7,58,46,31,40,100,0,0
12692,7,4,3,7,22,60,59,43,52,58,0,0
12980,11,5,6,25,95,67,55,36,50,48,0,0
13042,18,7,11,30,61,55,60,42,49,46,0,0
13054,11,2,9,18,34,59,58,41,47,51,0,0
13261,4,1,3,0,11,67,57,46,50,37,0,0
13327,8,1,7,3,27,52,41,27,25,25,0,0
13371,6,1,5,13,27,62,55,36,40,34,0,0
13422,1,0,1,0,4,68,52,30,57,42,0,0
13432,13,3,10,11,67,63,59,41,53,48,0,0
13484,4,0,4,3,17,61,57,41,65,33,0,0
13615,2,0,2,0,6,67,43,44,28,33,0,0
13724,16,7,9,17,40,70,56,41,58,44,0,0
13726,1,0,1,0,0,80,51,25,66,40,0,0
13758,31,11,20,38,61,64,55,42,45,49,0,0
13771,13,4,9,1,36,71,50,37,42,46,0,0
13805,6,4,2,5,13,64,53,46,53,53,0,0
13872,1,0,1,0,1,72,30,42,25,25,0,0
13958,17,7,10,6,46,69,57,43,51,49,0,0
14069,10,8,2,10,32,59,65,43,54,46,0,0
14185,20,8,12,7,53,70,51,43,45,59,0,0
14222,22,8,14,19,98,61,54,40,41,48,0,0
14292,9,1,8,6,26,62,49,40,50,31,0,0
14295,1,0,1,1,12,42,85,39,80,25,0,0
14331,3,0,3,5,19,54,40,36,37,43,0,0
14481,3,1,2,5,23,52,50,36,41,58,0,0
14507,1,0,1,1,1,76,35,50,30,66,0,0
14547,10,3,7,20,37,53,64,39,52,50,0,0
14623,14,4,10,6,34,70,48,39,42,48,0,0
14641,27,11,16,15,230,54,61,35,45,50,0,0
14828,20,8,12,32,67,61,58,39,51,43,0,0
14854,2,1,1,0,9,51,64,36,11,41,0,0
14855,5,3,2,10,11,67,56,50,61,45,0,0
14885,23,9,14,52,87,55,59,39,48,47,0,0
14986,14,5,9,18,39,66,57,38,43,43,0,0
15057,4,0,4,4,13,58,53,37,32,31,0,0
15080,2,1,1,0,9,68,57,40,50,50,0,0
15084,8,3,5,8,38,57,60,44,50,53,0,0
15197,2,0,2,2,13,56,46,35,47,60,0,0
15215,5,1,4,13,25,64,63,32,46,44,0,0
15234,20,8,12,14,68,65,62,40,50,50,0,0
15242,14,7,7,48,64,59,57,45,59,55,0,0
15247,1,0,1,0,7,55,60,40,63,0,0,0
15303,1,0,1,2,6,70,54,35,45,25,0,0
15405,1,0,1,1,2,75,51,45,61,60,0,0
15457,38,16,22,16,98,62,55,46,51,44,0,0
15625,4,1,3,2,14,63,55,41,51,36,0,0
15636,6,0,6,3,25,55,51,36,49,43,0,0
15816,33,13,20,25,93,71,54,42,44,49,0,0
15823,2,0,2,1,8,66,39,36,25,45,0,0
15835,2,0,2,0,4,52,25,11,22,0,0,0
16141,17,7,10,7,45,67,55,44,51,44,0,0
16179,8,3,5,9,32,67,51,45,46,45,0,0
16250,23,11,12,30,107,59,60,46,59,46,0,0
16254,4,2,2,1,7,67,64,38,39,51,0,0
16415,3,0,3,0,14,69,53,45,59,47,0,0
16530,2,1,1,6,8,55,69,54,78,53,0,0
16765,1,0,1,1,0,52,34,29,56,100,0,0
16864,3,0,3,0,9,62,52,39,48,35,0,0
17141,14,3,11,0,19,78,42,36,32,42,0,0
17152,1,0,1,1,2,55,46,28,45,100,0,0
17198,3,0,3,1,13,58,40,31,48,0,0,0
17199,1,0,1,0,8,65,45,28,50,66,0,0
17217,31,14,17,23,266,53,59,38,46,51,0,0
17244,2,0,2,2,8,63,48,33,40,53,0,0
17300,35,9,26,19,105,61,52,40,48,37,0,0
17390,4,0,4,5,20,54,51,30,50,60,0,0
17398,2,1,1,1,7,64,56,41,41,46,0,0
17692,25,7,18,41,183,56,58,35,50,51,0,0
17892,1,0,1,0,4,58,60,25,37,0,0,0
18039,14,8,6,5,32,75,56,48,47,54,0,0
18076,18,6,12,11,21,70,57,45,42,41,0,0
18078,1,0,1,0,5,44,0,7,0,0,0,0
18135,7,1,6,3,47,63,52,30,39,50,0,0
18164,6,1,5,1,22,56,51,35,39,51,0,0
18250,1,0,1,0,4,67,51,31,28,0,0,0
18324,2,0,2,0,1,65,53,40,52,77,0,0
18404,4,0,4,2,10,71,56,40,44,27,0,0
18474,1,0,1,0,6,74,68,45,25,27,0,0
18488,3,1,2,13,17,51,66,34,36,61,0,0
23027,13,5,8,17,38,63,56,43,52,42,0,0
23234,8,2,6,0,43,52,52,39,52,40,0,0
23597,2,0,2,3,6,61,50,23,35,60,0,0
23651,3,2,1,0,9,66,62,49,60,46,0,0
24341,21,9,12,113,92,56,66,40,51,55,0,0
24354,25,8,17,14,77,71,54,42,47,42,0,0
24366,1,0,1,3,12,58,50,30,66,33,0,0
24557,36,13,23,107,240,61,60,39,51,50,0,0
24656,1,0,1,1,2,68,50,28,0,33,0,0
24659,14,7,7,9,64,61,55,37,42,50,0,0
24661,20,5,15,18,73,60,57,39,45,44,0,0
24751,1,0,1,2,1,55,44,40,28,0,0,0
24855,26,15,11,20,77,71,57,44,46,50,0,0
25038,2,0,2,0,1,71,44,33,31,33,0,0
25061,26,12,14,15,102,70,56,39,52,47,0,0
25360,22,5,17,6,56,70,51,40,49,44,0,0
25502,3,0,3,2,2,70,52,50,36,42,0,0
25702,23,5,18,9,98,62,56,39,47,40,0,0
26130,20,8,12,16,37,72,54,44,48,48,0,0
26153,5,0,5,4,37,59,57,30,48,50,0,0
26157,19,9,10,6,64,71,58,41,40,46,0,0
26194,19,10,9,16,92,63,61,42,56,52,0,0
26682,1,0,1,0,9,54,40,13,38,36,0,0
26831,10,2,8,11,34,49,58,43,49,45,0,0
26839,13,7,6,73,42,57,69,44,62,42,0,0
27404,7,2,5,13,17,64,56,42,44,38,0,0
27532,10,7,3,3,42,62,56,46,57,65,0,0
27806,13,7,6,8,31,63,58,48,59,44,0,0
28048,2,1,1,2,4,78,55,45,11,50,0,0
28432,5,2,3,9,14,54,58,44,58,50,0,0
28445,2,0,2,0,6,64,56,35,50,33,0,0
28756,5,1,4,4,17,64,52,41,33,38,0,0
28872,5,1,4,10,18,52,55,40,41,56,0,0
29193,22,10,12,4,166,61,55,38,39,58,0,0
29361,16,5,11,15,81,64,59,39,48,46,0,0
29698,10,0,10,7,41,54,51,45,53,38,0,0
29699,15,5,10,3,68,65,52,34,50,48,0,0
29842,33,12,21,36,89,67,54,45,49,46,0,0
30156,1,0,1,0,4,51,31,13,33,0,0,0
30231,1,0,1,2,7,44,64,29,54,16,0,0
30433,2,2,0,4,9,52,63,43,33,66,0,0
30534,12,4,8,64,40,61,67,42,53,36,0,0
30633,16,4,12,41,71,55,60,41,48,50,0,0
30635,2,0,2,1,8,63,37,39,50,42,0,0
30653,23,11,12,4,80,67,53,43,54,53,0,0
30658,3,0,3,1,8,82,52,25,50,25,0,0
31279,11,5,6,11,34,61,55,37,39,49,0,0
31371,2,1,1,0,8,60,59,61,14,60,0,0
31406,3,0,3,3,17,52,42,18,18,25,0,0
31790,3,1,2,4,10,54,55,55,57,46,0,0
31808,31,12,19,77,159,59,60,41,51,44,0,0
31896,2,0,2,1,9,64,48,43,37,64,0,0
31993,1,0,1,0,5,57,38,26,0,66,0,0
31999,5,2,3,1,16,64,53,42,45,23,0,0
32017,1,0,1,2,0,69,50,46,66,0,0,0
32019,20,8,12,6,42,75,51,44,43,55,0,0
32180,27,10,17,22,86,58,54,43,48,52,0,0
32188,20,10,10,17,63,66,58,39,47,55,0,0
32324,8,0,8,1,24,60,47,39,42,27,0,0
32465,3,0,3,0,25,61,47,21,32,60,0,0
32651,25,8,17,53,85,61,60,42,55,41,0,0
32856,9,3,6,12,45,59,58,38,43,47,0,0
33106,1,0,1,0,2,76,38,33,40,50,0,0
33336,18,5,13,6,131,57,52,37,42,46,0,0
33337,10,5,5,59,38,55,71,48,56,40,0,0
33356,34,16,18,58,150,68,61,43,48,41,0,0
33526,2,1,1,4,6,67,58,38,42,53,0,0
33816,4,1,3,3,8,74,51,41,42,47,0,0
33974,22,13,9,2,57,68,55,43,49,46,0,0
33976,7,4,3,6,43,62,54,40,49,52,0,0
34306,28,11,17,38,107,54,59,42,50,45,0,0
34471,3,1,2,0,6,77,52,49,50,38,0,0
34593,19,4,15,4,101,60,55,34,49,47,0,0
34732,1,0,1,0,2,78,45,41,45,66,0,0
34733,1,0,1,1,2,67,43,50,25,66,0,0
34745,2,1,1,1,11,55,61,42,50,50,0,0
35239,28,14,14,20,129,62,58,45,55,48,0,0
35368,1,0,1,0,2,60,33,0,50,0,0,0
35500,34,8,26,21,168,60,54,37,47,45,0,0
35603,8,1,7,3,47,56,54,27,41,53,0,0
35716,34,14,20,6,100,70,58,44,51,53,0,0
35868,17,8,9,20,152,58,59,38,54,47,0,0
36544,4,2,2,9,21,59,56,44,51,40,0,0
36553,1,0,1,0,3,65,35,37,22,33,0,0
36741,2,0,2,0,5,53,50,37,44,42,0,0
36909,1,0,1,0,1,71,50,27,33,0,0,0
36910,1,0,1,2,7,58,56,25,50,62,0,0
36975,5,3,2,5,12,68,58,43,66,56,0,0
37064,4,1,3,2,16,66,49,33,40,53,0,0
37065,1,0,1,0,12,46,47,18,25,0,0,0
37169,11,2,9,7,56,64,51,37,45,41,0,0
37171,3,1,2,3,9,68,59,42,40,41,0,0
37191,4,1,3,4,26,63,57,29,37,48,0,0
37382,25,6,19,21,85,64,53,41,48,51,0,0
37383,3,1,2,1,17,66,53,40,44,52,0,0
37384,14,4,10,4,68,66,50,28,37,51,0,0
37413,1,0,1,1,4,54,45,35,0,0,0,0
37509,1,0,1,0,5,57,30,35,25,0,0,0
37515,34,17,17,23,123,66,56,41,49,47,0,0
37621,24,6,18,13,29,69,47,42,42,46,0,0
37724,5,3,2,2,18,66,56,50,67,50,0,0
37732,21,10,11,8,35,68,55,43,49,46,0,0
37740,29,9,20,14,111,63,54,38,45,54,0,0
37915,4,2,2,2,13,60,56,49,50,31,0,0
38051,10,3,7,4,103,54,56,30,42,47,0,0
38182,1,0,1,0,5,69,47,26,25,66,0,0
38205,1,0,1,1,5,57,50,28,28,16,0,0
38378,12,6,6,56,47,58,68,43,64,44,0,0
38441,33,10,23,38,79,62,56,42,47,46,0,0
38442,30,15,15,18,130,70,59,39,48,53,0,0
38684,1,0,1,0,2,65,33,31,36,50,0,0
38710,17,4,13,1,136,63,55,32,46,53,0,0
39038,44,17,27,31,197,58,59,42,51,44,0,0
39225,31,13,18,31,140,62,56,40,48,48,0,0
39325,33,14,19,1,83,73,52,43,50,50,0,0
39328,36,13,23,48,100,63,59,41,51,49,0,0
39340,5,0,5,1,45,61,53,33,48,31,0,0
39342,40,18,22,18,377,59,57,34,44,52,0,0
39347,13,2,11,5,35,66,49,38,43,43,0,0
39351,13,5,8,35,73,55,64,43,62,46,0,0
39518,1,0,1,0,4,69,51,18,57,40,0,0
39526,2,1,1,1,4,71,54,45,44,54,0,0
39553,18,7,11,50,49,69,57,45,59,37,0,0
39567,16,5,11,13,60,67,53,39,51,50,0,0
39732,4,2,2,4,24,53,64,41,64,65,0,0
39745,28,11,17,76,108,59,63,44,50,42,0,0
39906,11,4,7,4,51,63,54,39,49,51,0,0
40073,11,3,8,8,42,60,54,38,45,35,0,0
40170,27,11,16,7,78,72,51,43,50,53,0,0
40431,1,0,1,0,9,53,50,28,25,42,0,0
40534,1,0,1,1,13,61,50,30,37,36,0,0
40535,23,7,16,27,115,59,58,39,45,46,0,0
40595,1,0,1,0,7,64,41,35,57,18,0,0
41099,5,2,3,3,11,63,50,40,53,37,0,0
41105,14,5,9,13,57,66,54,39,51,47,0,0
41254,14,2,12,9,64,62,51,37,47,50,0,0
41274,5,1,4,6,13,59,57,41,55,30,0,0
41539,7,2,5,2,17,70,48,43,45,51,0,0
41573,1,0,1,0,9,42,43,36,28,0,0,0
41693,1,0,1,0,10,45,52,20,28,33,0,0
41699,20,5,15,18,118,52,55,37,38,40,0,0
41728,2,1,1,4,9,72,60,39,66,40,0,0
41730,2,0,2,4,21,60,60,43,61,35,0,0
41878,2,1,1,0,4,60,49,37,50,45,0,0
41884,1,0,1,0,3,64,31,16,25,0,0,0
42064,7,1,6,4,42,53,58,34,47,60,0,0
42068,17,7,10,6,51,75,53,42,53,48,0,0
42234,22,8,14,21,99,60,58,41,53,53,0,0
42400,1,0,1,0,7,62,48,28,50,0,0,0
42408,1,0,1,1,3,61,60,34,69,66,0,0
42434,1,0,1,0,2,62,28,23,53,50,0,0
42529,20,3,17,6,95,66,53,40,49,36,0,0
42559,3,1,2,6,23,65,60,40,64,44,0,0
42572,1,0,1,0,7,57,31,18,25,0,0,0
42678,3,0,3,1,14,57,40,26,34,33,0,0
42869,1,0,1,1,5,66,58,33,55,20,0,0
42875,2,0,2,3,13,63,54,51,28,35,0,0
43007,29,13,16,13,57,69,51,44,56,51,0,0
43160,41,9,32,34,133,60,53,39,44,45,0,0
43164,27,10,17,39,81,55,59,42,50,50,0,0
43176,5,2,3,7,22,59,66,46,53,41,0,0
43327,14,7,7,1,98,62,58,36,40,54,0,0
43432,21,11,10,63,89,53,64,45,51,51,0,0
43564,5,1,4,1,22,68,53,40,51,43,0,0
43627,7,2,5,11,32,62,58,43,55,50,0,0
43628,2,0,2,0,8,68,41,27,40,40,0,0
43858,5,3,2,1,10,71,55,45,48,33,0,0
43940,6,3,3,1,9,67,61,42,52,45,0,0
43942,7,2,5,11,7,67,60,32,56,53,0,0
43946,16,5,11,0,61,65,49,38,41,57,0,0
44208,8,4,4,16,26,65,62,40,51,61,0,0
44324,5,1,4,4,6,70,41,47,41,57,0,0
44428,22,11,11,33,35,62,58,52,62,52,0,0
44445,18,9,9,4,60,66,55,43,48,51,0,0
44511,27,6,21,47,57,61,56,42,48,48,0,0
44513,22,5,17,11,59,65,49,40,42,50,0,0
44532,7,3,4,10,15,66,59,48,55,53,0,0
44560,5,2,3,6,17,52,51,43,43,41,0,0
44617,2,0,2,0,4,75,44,38,38,33,0,0
44624,30,11,19,37,84,63,56,43,49,44,0,0
44943,8,2,6,18,57,55,54,37,52,56,0,0
44944,26,10,16,38,147,56,59,39,47,54,0,0
45047,5,2,3,9,10,60,62,46,40,51,0,0
45164,11,1,10,5,55,55,46,31,37,42,0,0
45433,3,0,3,3,13,57,46,36,47,45,0,0
45551,22,8,14,11,79,64,52,40,47,51,0,0
45693,30,19,11,22,48,71,56,44,53,52,0,0
45697,17,10,7,5,49,64,54,44,47,51,0,0
45723,18,10,8,11,41,70,54,41,55,57,0,0
45830,4,2,2,0,7,75,50,36,58,38,0,0
45842,1,0,1,0,8,56,51,36,50,11,0,0
45863,16,7,9,25,84,59,60,39,42,47,0,0
46016,1,0,1,0,7,52,48,42,37,22,0,0
46156,30,12,18,31,79,71,54,42,52,49,0,0
46162,4,0,4,8,26,59,50,20,32,47,0,0
46204,28,11,17,52,144,53,62,41,52,42,0,0
46347,1,0,1,0,7,45,26,16,25,0,0,0
46367,2,0,2,2,18,53,53,27,42,30,0,0
46383,6,0,6,4,18,58,51,41,46,38,0,0
46390,7,1,6,1,26,60,50,43,45,51,0,0
46553,10,4,6,2,36,67,52,41,46,52,0,0
46566,30,16,14,55,128,71,60,41,51,56,0,0
46571,19,8,11,8,80,61,55,41,47,47,0,0
46576,3,0,3,0,19,59,51,41,47,40,0,0
46813,4,1,3,8,5,65,56,38,50,58,0,0
46814,2,0,2,0,8,58,49,13,36,0,0,0
46820,6,2,4,1,14,62,57,44,51,43,0,0
46828,16,8,8,5,33,69,54,40,48,48,0,0
47118,17,11,6,2,51,69,58,41,46,57,0,0
47132,1,0,1,0,1,59,52,48,33,37,0,0
47208,18,8,10,27,88,58,57,45,52,46,0,0
47303,31,16,15,53,170,59,60,39,47,45,0,0
47437,2,0,2,2,5,66,37,31,43,28,0,0
47589,11,6,5,30,49,55,61,48,52,52,0,0
47694,1,0,1,0,3,72,31,27,25,16,0,0
47846,22,8,14,7,123,68,51,36,46,47,0,0
47866,2,0,2,1,17,57,55,23,15,68,0,0
47868,15,5,10,4,85,65,55,40,46,47,0,0
48113,8,1,7,2,23,71,50,43,52,50,0,0
48215,11,3,8,4,35,67,50,39,39,53,0,0
48237,1,0,1,0,5,72,47,29,40,75,0,0
48251,1,0,1,0,1,64,35,47,50,62,0,0
48409,7,3,4,3,20,62,54,39,34,54,0,0
48510,6,2,4,15,12,68,57,44,52,42,0,0
48512,17,9,8,8,68,67,58,44,55,54,0,0
48556,30,14,16,9,107,69,58,42,47,51,0,0
48557,7,4,3,12,55,46,65,43,50,51,0,0
48558,6,1,5,9,7,67,61,39,53,41,0,0
48704,16,2,14,22,74,62,56,38,41,39,0,0
48708,1,0,1,1,7,38,16,26,33,0,0,0
48709,9,4,5,6,22,67,53,42,36,39,0,0
48872,5,4,1,11,27,61,60,39,57,51,0,0
48907,1,0,1,0,8,47,35,26,14,100,0,0
48914,1,0,1,0,5,56,46,43,45,40,0,0
49082,3,0,3,1,13,63,42,39,50,16,0,0
49107,20,11,9,19,67,61,59,42,53,54,0,0
49271,1,0,1,1,5,66,58,39,61,30,0,0
49372,15,3,12,4,85,65,54,40,46,43,0,0
49387,12,3,9,4,63,69,55,38,50,41,0,0
49395,24,9,15,36,32,69,59,41,56,48,0,0
49503,2,1,1,6,13,62,58,42,46,44,0,0
49508,1,0,1,1,6,63,38,8,40,50,0,0
49517,1,0,1,1,6,63,31,23,22,18,0,0
49527,5,1,4,3,26,68,50,38,39,42,0,0
49692,5,1,4,8,16,65,51,36,48,54,0,0
49698,1,0,1,1,2,61,53,57,42,25,0,0
49845,27,16,11,27,41,73,59,50,50,55,0,0
49851,1,0,1,0,7,53,51,22,50,42,0,0
49868,25,10,15,37,133,60,58,39,51,49,0,0
50210,25,14,11,33,85,50,59,46,51,48,0,0
50292,1,0,1,2,3,71,58,27,61,80,0,0
50613,23,10,13,7,36,71,51,46,55,49,0,0
50753,11,6,5,2,31,66,56,47,56,52,0,0
50829,19,5,14,1,45,69,47,40,44,45,0,0
50848,1,0,1,0,4,44,23,12,0,0,0,0
50944,2,1,1,2,5,68,50,45,46,66,0,0
50945,35,13,22,48,348,49,61,34,48,47,0,0
50950,8,1,7,14,26,44,65,44,54,37,0,0
51067,2,0,2,0,22,50,47,33,22,61,0,0
51146,1,0,1,0,5,57,30,29,30,100,0,0
51155,9,1,8,15,59,49,61,33,47,46,0,0
51390,20,13,7,39,67,63,63,52,64,51,0,0
51437,2,1,1,1,6,61,53,43,46,78,0,0
51468,1,0,1,2,4,53,60,22,28,0,0,0
51484,1,1,0,3,7,63,59,42,69,42,0,0
51695,18,9,9,23,119,56,59,40,56,48,0,0
51808,37,11,26,51,216,59,57,42,46,49,0,0
51927,6,2,4,0,18,69,52,42,44,45,0,0
52262,2,1,1,1,7,61,51,43,40,42,0,0
52380,17,0,17,16,79,55,51,30,40,40,0,0
52492,7,2,5,1,20,66,48,36,42,50,0,0
52494,1,0,1,2,1,58,50,58,60,66,0,0
52529,21,7,14,35,62,62,58,47,45,46,0,0
52530,13,4,9,13,86,62,54,42,41,39,0,0
52623,10,1,9,1,23,66,44,28,36,42,0,0
52642,2,1,1,2,4,70,59,47,46,41,0,0
52744,43,17,26,42,85,68,55,44,45,45,0,0
52770,7,2,5,0,41,48,55,30,31,56,0,0
52771,16,5,11,22,45,50,63,43,48,41,0,0
52774,35,15,20,13,157,65,55,42,50,49,0,0
52778,1,0,1,3,2,71,52,50,58,40,0,0
52939,4,1,3,2,11,72,57,47,53,65,0,0
52943,14,6,8,15,27,72,59,47,54,49,0,0
53099,17,7,10,12,190,54,61,36,52,46,0,0
53303,4,0,4,0,17,67,42,26,39,47,0,0
53307,3,0,3,2,16,52,37,34,33,13,0,0
53308,1,0,1,0,4,59,6,18,33,0,0,0
53485,19,12,7,25,64,71,57,43,50,52,0,0
53586,7,2,5,4,29,68,50,40,44,49,0,0
53591,2,0,2,0,8,67,46,25,8,42,0,0
53768,1,0,1,4,8,50,63,36,80,14,0,0
53778,8,3,5,5,25,54,53,47,47,46,0,0
53794,30,10,20,56,67,66,59,41,46,45,0,0
54096,1,0,1,0,2,64,37,15,40,0,0,0
54105,8,4,4,3,34,59,56,43,55,44,0,0
54242,1,0,1,1,6,60,44,45,0,50,0,0
54244,5,0,5,2,13,66,45,32,49,37,0,0
54258,1,0,1,1,9,37,52,40,37,25,0,0
54384,41,13,28,53,140,55,58,41,48,48,0,0
54484,29,14,15,30,131,71,58,39,47,50,0,0
54486,11,2,9,10,70,57,52,31,46,44,0,0
54637,3,1,2,6,9,65,59,36,48,43,0,0
54642,9,3,6,3,25,63,55,46,52,65,0,0
54803,3,1,2,2,5,72,51,45,29,64,0,0
54806,7,2,5,10,17,68,54,48,44,40,0,0
54830,31,11,20,32,137,66,54,37,47,44,0,0
54940,2,0,2,0,9,53,32,35,40,18,0,0
54952,10,3,7,3,28,73,50,37,49,63,0,0
54955,2,0,2,1,7,57,50,42,11,8,0,0
54988,1,0,1,0,7,51,35,6,0,66,0,0
55117,12,3,9,20,57,61,60,41,46,27,0,0
55122,18,5,13,18,86,51,55,40,38,50,0,0
55132,7,1,6,3,19,70,55,44,54,42,0,0
55142,1,0,1,0,14,62,60,13,53,100,0,0
55145,1,0,1,0,0,55,45,47,33,33,0,0
55151,21,11,10,13,86,68,58,40,47,47,0,0
55179,5,0,5,2,29,55,39,30,33,57,0,0
55360,1,0,1,1,9,43,31,36,45,0,0,0
55364,10,6,4,27,59,50,71,44,61,50,0,0
55366,1,0,1,0,2,76,48,60,28,15,0,0
55369,2,0,2,2,5,61,62,46,58,33,0,0
55527,3,1,2,13,13,62,68,41,54,41,0,0
55553,4,2,2,2,9,70,51,43,27,48,0,0
55554,9,4,5,3,30,70,60,43,43,52,0,0
55555,8,1,7,24,43,65,54,41,34,58,0,0
55662,5,4,1,7,63,57,62,38,43,50,0,0
55678,4,0,4,0,20,70,48,33,46,41,0,0
55679,1,0,1,0,10,55,50,20,41,100,0,0
55680,1,0,1,1,13,43,36,24,0,66,0,0
55697,9,5,4,26,30,59,65,42,54,46,0,0
55825,15,5,10,9,62,66,57,41,56,47,0,0
55827,15,5,10,7,56,61,53,35,41,47,0,0
55956,11,6,5,47,57,58,68,48,50,51,0,0
55972,7,3,4,3,21,60,56,40,52,43,0,0
55974,1,0,1,1,8,45,53,22,20,0,0,0
55979,3,1,2,0,11,71,53,48,45,45,0,0
56107,16,5,11,7,85,51,60,45,45,45,0,0
56125,2,0,2,1,8,59,40,39,38,30,0,0
56279,28,12,16,30,98,53,59,41,43,50,0,0
56441,5,2,3,7,20,63,51,34,48,45,0,0
56466,35,9,26,18,73,69,51,37,45,50,0,0
56718,1,0,1,0,12,47,70,29,58,30,0,0
56851,33,10,23,21,102,69,55,45,54,44,0,0
56927,13,7,6,15,67,60,59,51,52,52,0,0
57026,7,5,2,8,28,60,68,40,38,52,0,0
57091,3,2,1,4,11,57,65,52,57,55,0,0
57093,10,5,5,5,41,62,56,40,47,59,0,0
57151,5,2,3,0,9,73,51,43,26,48,0,0
57163,1,0,1,1,4,59,42,38,44,0,0,0
57209,15,9,6,21,45,60,59,49,53,52,0,0
57210,15,4,11,44,91,58,62,38,52,45,0,0
57224,31,14,17,85,229,47,64,40,54,48,0,0
57278,15,5,10,7,58,66,54,42,46,48,0,0
57285,13,2,11,9,49,60,52,36,45,47,0,0
57286,1,0,1,0,8,54,60,33,40,18,0,0
57295,5,2,3,1,17,59,49,42,43,56,0,0
57363,1,0,1,0,3,64,11,20,25,0,0,0
57374,1,0,1,1,5,61,61,37,50,25,0,0
57515,8,2,6,6,57,68,56,32,57,37,0,0
57516,1,0,1,0,5,58,40,21,44,0,0,0
57528,16,4,12,3,100,64,52,39,45,45,0,0
57539,3,0,3,1,11,61,47,38,48,57,0,0
57627,10,5,5,10,29,63,55,45,47,51,0,0
57735,2,1,1,0,1,85,47,64,46,46,0,0
57744,8,3,5,9,22,66,51,39,39,54,0,0
57746,2,0,2,0,8,53,32,41,23,100,0,0
57758,3,2,1,13,11,57,70,41,37,46,0,0
57766,12,7,5,12,66,61,61,43,50,45,0,0
57880,1,0,1,1,6,34,33,32,57,0,0,0
57882,10,6,4,29,45,61,68,45,54,47,0,0
57885,1,0,1,0,4,68,25,28,30,40,0,0
57891,23,8,15,19,106,62,55,40,49,54,0,0
57947,3,2,1,8,14,65,61,32,38,42,0,0
58149,8,4,4,13,53,52,61,41,60,56,0,0
58164,1,0,1,2,4,52,51,41,16,20,0,0
58168,31,14,17,48,101,58,57,43,47,51,0,0
58170,23,8,15,36,48,60,59,47,58,43,0,0
58377,2,0,2,0,11,62,41,32,33,50,0,0
58474,2,0,2,0,17,37,28,23,18,25,0,0
58594,37,12,25,30,130,67,54,41,51,48,0,0
58605,36,15,21,84,121,55,61,43,50,49,0,0
58609,2,0,2,0,13,62,61,21,47,14,0,0
58617,27,9,18,3,59,75,52,38,44,48,0,0
58723,1,0,1,0,3,60,30,15,14,0,0,0
58724,5,0,5,2,18,57,53,52,61,45,0,0
58732,1,0,1,1,2,52,67,41,33,40,0,0
58733,6,2,4,0,30,64,50,45,38,39,0,0
58892,1,0,1,1,12,47,50,26,23,70,0,0
58893,42,20,22,22,209,67,56,39,47,54,0,0
58897,3,1,2,3,12,60,61,37,45,36,0,0
58898,8,2,6,6,44,62,56,39,48,44,0,0
58901,4,0,4,2,19,59,45,32,43,42,0,0
58907,3,0,3,0,4,70,47,44,38,38,0,0
59029,1,0,1,0,8,70,43,31,40,33,0,0
59171,1,0,1,1,3,70,22,22,14,0,0,0
59178,1,0,1,0,6,72,42,28,42,50,0,0
59180,22,7,15,3,62,71,52,43,50,46,0,0
59189,12,0,12,12,62,54,47,34,45,25,0,0
59282,3,0,3,0,16,52,27,20,21,50,0,0
59293,7,2,5,9,23,57,57,41,46,45,0,0
59397,25,9,16,51,79,61,58,43,52,40,0,0
59411,1,0,1,1,2,53,62,36,44,33,177,151
59433,9,3,6,3,38,62,53,36,44,43,0,0
59434,3,1,2,0,10,69,51,40,38,79,0,0
59440,22,9,13,38,40,65,56,41,49,45,0,0
59443,7,2,5,2,7,70,48,42,49,37,0,0
59447,3,2,1,3,3,62,67,43,52,76,0,0
59478,1,0,1,0,1,69,41,44,53,50,0,0
59573,30,14,16,85,96,64,66,44,56,45,0,0
59578,12,6,6,15,89,59,57,39,48,48,0,0
59583,1,0,1,0,5,50,55,47,63,20,0,0
59591,10,8,2,36,21,59,65,45,51,51,0,0
59756,22,5,17,2,108,66,50,41,47,49,0,0
59761,3,0,3,5,12,58,55,38,58,33,0,0
59776,17,10,7,32,136,60,63,39,55,55,0,0
59907,12,3,9,11,100,58,57,32,52,43,0,0
59919,38,17,21,19,120,67,56,41,51,54,0,0
59926,39,19,20,23,108,61,56,43,43,47,0,0
59927,24,8,16,51,83,52,59,41,47,48,0,0
59928,17,8,9,26,47,66,57,40,49,52,0,0
59943,7,2,5,5,19,62,53,39,54,48,0,0
60111,1,0,1,0,2,70,50,35,44,33,0,0
60114,28,9,19,10,51,73,54,43,44,42,0,0
60256,36,14,22,29,112,58,55,42,50,42,0,0
60261,8,3,5,5,28,71,60,37,50,44,0,0
60345,35,15,20,5,119,69,52,37,47,47,0,0
60354,6,0,6,0,29,60,44,34,36,48,0,0
60356,41,14,27,35,145,72,54,41,46,46,0,0
60360,23,10,13,22,84,59,57,41,52,46,0,0
60361,11,7,4,18,49,56,60,46,46,49,0,0
60362,5,1,4,7,13,62,56,45,52,39,0,0
60396,14,6,8,5,25,70,51,51,43,48,0,0
60397,28,11,17,20,116,65,54,42,46,44,0,0
60572,8,5,3,7,16,72,61,39,55,51,0,0
60581,7,1,6,5,32,55,59,32,50,62,0,0
60605,8,5,3,5,42,67,60,41,56,47,0,0
60762,1,0,1,0,5,40,25,11,0,0,0,0
60926,14,2,12,37,83,57,61,31,47,40,0,0
60927,10,5,5,11,50,61,59,44,47,45,0,0
60939,10,7,3,3,13,76,58,44,41,44,0,0
61040,3,0,3,0,13,66,45,29,47,29,0,0
61047,4,1,3,1,23,70,54,36,42,51,0,0
61173,10,4,6,7,38,58,60,41,50,46,0,0
61192,1,0,1,0,4,62,59,44,60,22,0,0
61284,3,0,3,3,24,54,55,31,51,42,0,0
61287,1,0,1,1,4,55,45,31,66,0,0,0
61294,1,0,1,0,9,60,60,34,44,37,0,0
61464,2,0,2,1,10,52,45,36,45,36,0,0
61475,6,2,4,3,52,52,62,26,38,48,0,0
61476,9,0,9,5,50,62,50,33,46,48,0,0
61477,8,2,6,3,40,65,48,34,45,40,0,0
61478,2,0,2,0,3,73,45,50,35,25,0,0
61483,2,1,1,1,2,69,64,48,60,36,0,0
61484,6,2,4,3,15,65,53,38,49,50,0,0
61486,3,1,2,2,1,82,56,47,69,47,0,0
61488,1,0,1,1,3,72,31,18,41,100,0,0
61582,13,2,11,16,92,64,51,36,50,43,0,0
61588,2,0,2,2,6,67,51,52,40,35,0,0
61686,11,6,5,4,35,73,57,44,46,46,0,0
61855,5,2,3,3,19,63,52,42,50,46,0,0
61982,1,0,1,0,2,53,47,22,25,50,0,0
61987,23,12,11,15,50,69,54,48,49,45,0,0
61995,19,7,12,27,57,71,59,43,54,41,0,0
62160,1,0,1,3,0,66,69,60,50,0,0,0
62166,4,3,1,0,4,78,64,51,73,51,0,0
62184,3,1,2,1,16,57,61,38,52,66,0,0
62195,7,5,2,4,27,68,59,44,56,43,0,0
62198,5,1,4,2,25,65,47,40,42,45,0,0
62337,11,4,7,0,28,70,51,36,48,50,0,0
62339,33,12,21,21,85,70,54,42,49,54,0,0
62351,24,10,14,28,164,61,56,38,46,48,0,0
62479,2,0,2,1,11,53,34,19,8,100,0,0
62483,3,0,3,1,5,70,46,39,33,63,0,0
62600,5,2,3,1,21,71,61,35,51,43,0,0
62608,15,4,11,9,46,66,52,40,37,41,0,0
62712,1,0,1,0,9,40,23,28,41,100,0,0
62717,37,14,23,28,199,63,57,42,47,44,0,0
62730,25,10,15,15,160,56,58,43,53,46,0,0
62735,20,7,13,17,57,67,55,42,52,53,0,0
62736,13,2,11,1,94,64,49,33,46,30,0,0
62737,12,5,7,5,34,68,54,39,54,50,0,0
63040,9,1,8,3,27,57,49,34,43,41,0,0
63192,3,0,3,3,8,52,47,30,22,60,0,0
63280,2,0,2,2,12,45,40,33,40,20,0,0
63285,3,1,2,0,25,61,45,26,20,45,0,0
63541,15,5,10,14,102,65,62,36,53,46,0,0
63657,1,0,1,3,16,39,64,36,53,40,0,0
63672,1,0,1,7,3,57,67,48,42,33,0,0
63750,11,7,4,48,21,60,67,50,59,50,0,0
63836,2,0,2,3,4,56,57,38,54,40,0,0
64062,17,7,10,14,89,57,57,44,48,45,0,0
64148,7,2,5,0,35,63,47,36,35,53,0,0
64526,3,0,3,0,16,50,53,39,30,30,0,0
64527,4,1,3,0,35,58,52,33,51,38,0,0
64623,3,1,2,4,16,61,44,38,22,70,0,0
64693,14,3,11,16,74,58,55,37,44,46,0,0
64701,1,0,1,2,5,41,57,45,20,40,0,0
64818,9,3,6,3,41,70,51,36,46,48,0,0
64820,6,3,3,11,12,66,59,52,61,48,0,0
64939,3,0,3,0,25,62,49,33,44,55,0,0
65082,2,0,2,1,7,60,54,40,30,22,0,0
65173,16,7,9,8,57,76,57,38,50,40,0,0
65270,1,0,1,1,10,31,50,9,25,0,0,0
65302,4,1,3,1,3,76,50,51,52,62,0,0
65303,10,3,7,1,19,70,50,41,48,47,0,0
65305,6,0,6,1,39,54,38,28,33,65,0,0
65311,10,5,5,4,27,67,53,42,43,50,0,0
65315,11,5,6,12,29,64,58,41,50,54,0,0
65420,1,0,1,4,6,52,77,36,58,54,0,0
65437,11,5,6,13,25,61,60,47,54,38,0,0
65443,10,4,6,4,32,60,56,44,42,41,0,0
65451,3,0,3,0,13,59,36,30,30,100,0,0
65456,32,11,21,11,45,64,53,44,45,55,0,0
65461,17,6,11,29,117,59,58,38,48,47,0,0
65464,1,0,1,0,5,50,51,35,45,25,0,0
65606,2,1,1,9,9,64,66,42,66,75,0,0
65787,1,0,1,0,5,51,42,23,50,0,0,0
65913,3,0,3,0,15,44,48,26,43,75,0,0
65914,7,1,6,3,17,68,50,44,37,42,0,0
65915,16,8,8,43,182,55,63,35,45,49,0,0
65919,26,11,15,45,145,61,56,41,51,49,0,0
65926,6,1,5,6,16,58,49,46,50,47,0,0
66050,1,0,1,0,5,56,48,31,44,0,0,0
66057,15,11,4,48,72,56,63,49,48,50,0,0
66179,28,14,14,8,68,69,58,47,52,49,0,0
66328,10,4,6,7,32,69,55,39,47,47,0,0
66478,6,2,4,6,19,65,57,50,47,56,0,0
66479,7,1,6,5,66,55,57,37,48,44,0,0
66593,6,1,5,8,15,61,52,38,48,64,0,0
66594,1,0,1,0,5,61,45,13,14,25,0,0
66598,5,1,4,7,32,52,62,41,50,46,0,0
66605,3,1,2,4,18,55,66,35,50,46,0,0
66607,2,0,2,0,13,54,41,28,31,50,0,0
66615,8,3,5,9,51,53,61,42,55,50,0,0
66737,8,4,4,2,27,70,55,44,50,41,0,0
66743,24,4,20,26,70,65,53,41,47,50,0,0
66755,7,3,4,8,16,67,55,45,39,44,0,0
66758,18,9,9,17,39,68,61,49,57,45,0,0
66887,5,1,4,6,16,70,53,43,46,44,0,0
66901,25,12,13,5,42,74,54,39,50,57,0,0
66903,2,0,2,0,12,47,47,26,36,66,0,0
66905,1,0,1,0,3,66,46,31,33,50,0,0
67061,1,0,1,0,12,56,57,24,60,66,0,0
67066,7,3,4,1,36,64,51,28,41,43,0,0
67073,4,3,1,6,16,62,69,41,50,46,0,0
67078,7,2,5,5,39,54,53,37,43,47,0,0
67262,1,0,1,1,6,60,40,33,46,42,0,0
67421,4,0,4,0,18,64,43,20,28,25,0,0
67534,20,2,18,4,59,67,50,39,43,43,0,0
67635,3,2,1,4,10,67,62,45,60,48,0,0
67645,3,0,3,2,16,56,48,35,42,44,0,0
67670,2,0,2,1,11,61,44,27,40,42,0,0
67674,4,2,2,4,11,65,57,40,42,52,0,0
67681,2,1,1,0,1,78,52,50,40,41,0,0
67685,3,1,2,4,14,57,52,41,40,30,0,0
67768,2,0,2,1,14,57,41,23,38,36,0,0
67769,5,0,5,1,20,67,36,23,44,50,0,0
67781,8,2,6,2,28,55,51,37,44,47,0,0
67947,28,10,18,18,51,62,55,44,48,49,0,0
67948,3,0,3,2,6,64,50,40,40,33,0,0
67949,20,9,11,47,108,59,61,39,53,46,0,0
67954,2,0,2,0,17,60,63,22,52,33,0,0
67956,23,7,16,7,84,58,54,38,43,48,0,0
67972,6,0,6,1,32,60,36,23,31,32,0,0
67979,7,1,6,3,29,63,55,31,40,50,0,0
68108,17,6,11,27,65,54,61,44,54,51,0,0
68113,8,3,5,3,17,68,56,44,48,44,0,0
68129,9,4,5,14,39,53,58,37,42,44,0,0
68133,19,8,11,6,76,66,54,39,51,50,0,0
68293,36,5,31,73,220,58,55,35,42,39,0,0
68422,1,0,1,0,4,72,34,41,50,28,0,0
68425,7,1,6,2,22,57,52,45,52,42,0,0
68441,5,3,2,17,23,54,69,42,51,45,0,0
68451,9,5,4,1,11,73,52,42,56,50,0,0
68452,4,1,3,0,20,67,44,23,35,37,0,0
68454,13,7,6,11,21,71,56,44,45,58,0,0
68457,4,0,4,1,19,54,36,29,30,9,0,0
68607,1,0,1,1,4,52,50,31,62,100,0,0
68611,12,3,9,3,100,59,54,33,42,47,0,0
68632,4,0,4,0,11,64,49,44,52,53,0,0
68634,29,10,19,25,178,62,57,40,48,42,0,0
68755,11,4,7,17,97,53,59,34,44,61,0,0
68925,18,6,12,10,59,69,52,41,44,46,0,0
68927,1,0,1,0,10,49,60,41,50,14,0,0
68930,39,11,28,33,149,64,53,38,47,45,0,0
68938,1,0,1,0,3,50,42,36,28,0,0,0
68944,2,0,2,0,6,63,38,36,40,45,0,0
68945,1,0,1,0,8,55,54,26,36,50,0,0
68946,5,3,2,1,11,75,54,43,48,51,0,0
68948,7,4,3,8,31,61,60,45,56,52,0,0
69233,17,6,11,23,66,60,59,41,45,51,0,0
69238,5,1,4,1,18,58,50,32,45,40,0,0
69241,18,8,10,27,103,57,62,36,47,46,0,0
69243,29,12,17,20,61,65,55,39,47,50,0,0
69245,11,2,9,12,35,59,53,41,46,47,0,0
69371,3,2,1,4,11,66,56,41,46,41,0,0
69376,1,0,1,0,7,51,52,36,16,0,0,0
69379,5,2,3,8,19,59,58,37,42,36,0,0
69397,14,6,8,18,23,66,58,39,55,50,0,0
69534,1,0,1,4,2,67,46,59,50,20,0,0
69646,21,2,19,25,80,67,53,35,48,42,0,0
69739,25,13,12,47,98,62,60,46,50,49,0,0
69740,4,2,2,0,20,58,52,44,34,55,0,0
69750,1,0,1,1,4,53,60,34,53,30,0,0
69753,5,2,3,1,10,73,53,45,58,50,0,0
69756,2,1,1,3,12,45,56,42,40,55,0,0
70028,1,0,1,0,4,60,55,46,55,62,0,0
70030,8,3,5,0,14,75,48,36,37,64,0,0
70052,1,0,1,0,7,56,57,21,38,50,0,0
70091,9,4,5,0,15,74,51,47,44,54,0,0
70100,4,0,4,0,39,49,53,35,54,28,0,0
70111,4,1,3,1,8,76,50,35,48,72,0,0
70187,1,0,1,1,3,67,55,40,28,36,0,0
70191,3,1,2,1,26,46,64,35,41,43,0,0
70202,5,2,3,5,12,65,57,39,49,49,0,0
70325,5,0,5,2,25,55,48,30,34,33,0,0
70408,17,3,14,8,117,53,53,37,50,41,0,0
70410,36,17,19,29,171,65,54,41,47,51,0,0
70414,7,5,2,7,32,64,61,40,46,54,0,0
70418,24,7,17,33,117,63,58,39,47,41,0,0
70507,1,0,1,0,2,68,51,50,73,0,0,0
70558,10,6,4,5,39,66,55,46,51,54,0,0
70559,5,2,3,2,24,69,53,36,49,46,0,0
70560,11,3,8,14,56,57,59,42,56,50,0,0
70650,2,0,2,0,8,71,56,35,55,50,0,0
70652,9,5,4,5,30,64,52,42,52,68,0,0
70658,2,0,2,1,14,49,46,35,38,42,0,0
70662,5,3,2,11,24,60,60,38,45,44,0,0
70752,13,6,7,38,66,57,67,45,59,44,0,0
70753,12,5,7,7,40,67,53,41,48,57,0,0
70756,6,3,3,4,50,59,59,38,50,67,0,0
70834,2,0,2,2,29,43,42,17,33,66,0,0
70835,3,1,2,3,10,58,57,35,54,53,0,0
70849,9,1,8,10,58,52,55,36,45,29,0,0
70850,1,0,1,0,2,70,40,44,46,66,0,0
70961,1,0,1,0,8,57,45,12,33,33,0,0
70962,3,1,2,3,18,63,63,37,63,42,0,0
70966,5,1,4,0,30,65,57,33,47,53,0,0
70968,2,0,2,0,10,55,34,30,42,33,0,0
71109,2,0,2,0,12,54,30,20,33,28,0,0
71130,12,1,11,13,64,57,49,35,46,40,0,0
71131,15,8,7,44,115,62,64,39,59,49,0,0
71132,5,3,2,26,21,64,72,47,60,27,0,0
71134,3,0,3,1,7,64,52,39,58,33,0,0
71135,21,7,14,25,101,63,57,40,50,50,0,0
71136,7,3,4,4,37,64,57,36,49,54,0,0
71137,1,0,1,0,0,71,39,30,45,50,0,0
71138,22,10,12,33,147,65,59,37,54,54,0,0
71169,14,6,8,19,95,60,59,39,53,50,0,0
71171,10,1,9,20,111,51,56,30,35,39,0,0
71172,2,1,1,6,11,65,67,40,30,87,0,0
71179,7,2,5,0,13,85,47,30,45,63,0,0
71182,5,1,4,3,14,66,38,40,35,34,0,0
71213,1,0,1,1,4,61,45,52,33,57,0,0
71232,6,1,5,2,14,67,52,34,46,60,0,0
71233,33,15,18,56,134,63,59,42,51,47,0,0
71235,25,14,11,101,83,61,66,44,56,46,0,0
71238,4,2,2,2,19,45,56,42,40,80,0,0
71291,10,2,8,4,22,63,50,36,43,35,0,0
71292,1,0,1,0,1,93,21,0,0,0,0,0
71304,8,2,6,9,76,58,56,23,38,50,0,0
71305,10,1,9,6,37,55,52,35,39,48,0,0
71370,32,10,22,57,143,58,57,42,50,54,0,0
71460,1,0,1,0,1,68,23,50,33,16,0,0
71461,8,3,5,1,33,65,54,45,46,46,0,0
71514,20,9,11,12,39,65,53,41,47,52,0,0
71535,2,0,2,0,16,62,44,24,20,66,0,0
71544,6,3,3,13,16,78,57,40,38,60,0,0
71549,1,0,1,0,0,62,13,46,25,100,0,0
71552,4,2,2,1,12,61,50,46,54,46,0,0
71554,10,2,8,10,53,56,49,34,46,42,0,0
71556,1,0,1,0,2,53,18,21,14,0,0,0
71645,4,0,4,5,24,58,53,35,45,54,0,0
71740,16,4,12,13,83,63,58,35,47,43,0,0
71741,1,0,1,1,0,74,55,20,54,0,0,0
71786,7,2,5,29,33,53,64,39,56,43,0,0
71827,23,8,15,10,64,65,53,42,50,47,0,0
71828,1,0,1,0,4,47,45,29,25,25,0,0
71833,10,7,3,15,18,73,56,46,48,55,0,0
71869,15,8,7,3,48,74,52,44,50,53,0,0
71873,34,14,20,25,195,54,56,40,46,52,0,0
71879,2,0,2,0,7,79,46,12,50,46,0,0
71933,4,2,2,7,15,54,69,38,42,34,0,0
71955,10,4,6,2,71,62,58,36,56,54,0,0
71959,15,4,11,4,67,58,52,40,45,42,0,0
71991,3,1,2,1,14,73,53,34,43,52,0,0
71995,25,8,17,22,76,64,52,46,47,45,0,0
72002,1,0,1,0,6,71,62,41,70,25,0,0
72003,33,9,24,39,128,62,57,37,50,48,0,0
72056,35,16,19,40,147,58,58,41,51,54,0,0
72060,11,2,9,7,47,66,55,43,58,56,0,0
72115,8,1,7,8,70,54,55,26,41,40,0,0
72119,5,0,5,0,24,59,46,27,33,36,0,0
72124,13,2,11,10,55,52,51,42,42,46,0,0
72130,7,1,6,9,31,47,60,38,37,50,0,0
72132,15,8,7,0,40,76,55,40,50,50,0,0
72178,1,0,1,1,6,44,45,46,44,100,0,0
72179,17,8,9,11,49,63,54,43,53,48,0,0
72241,1,0,1,1,4,66,41,42,57,66,0,0
72247,5,1,4,6,15,61,51,45,32,53,0,0
72250,1,0,1,0,1,63,41,45,28,71,0,0
72251,3,2,1,0,6,79,55,36,50,40,0,0
72257,6,0,6,2,12,63,40,40,40,31,0,0
72258,2,0,2,0,4,78,53,29,35,40,0,0
72260,29,12,17,56,100,54,61,44,50,44,0,0
72326,18,9,9,2,65,73,54,40,48,48,0,0
72330,16,8,8,9,49,67,56,41,51,50,0,0
72333,2,0,2,1,8,54,47,42,38,45,0,0
72334,2,1,1,0,14,62,50,36,52,58,0,0
72335,1,0,1,0,1,71,46,47,16,30,0,0
72412,2,1,1,5,7,54,67,40,35,55,0,0
72440,9,6,3,8,57,55,73,45,65,48,0,0
72467,1,0,1,0,3,65,57,30,65,55,0,0
72469,8,2,6,8,10,66,54,33,47,37,0,0
72470,12,5,7,15,97,60,57,39,55,49,0,0
72476,30,13,17,48,202,59,60,41,45,45,0,0
72522,17,8,9,8,31,69,54,45,52,37,0,0
72530,14,2,12,8,105,59,56,37,43,42,0,0
72538,9,3,6,29,57,52,63,41,37,44,0,0
72539,22,8,14,5,170,57,55,36,40,39,0,0
72543,16,6,10,4,39,69,51,40,52,47,0,0
72565,4,1,3,3,11,61,54,36,44,43,0,0
72640,2,0,2,0,12,58,50,38,40,33,0,0
72647,3,0,3,1,8,68,41,36,41,22,0,0
72648,1,0,1,0,5,60,50,42,28,0,0,0
72650,1,0,1,0,4,59,34,31,55,75,0,0
72651,27,9,18,2,101,73,53,38,47,50,0,0
72654,12,4,8,22,68,64,57,38,42,45,0,0
72655,1,0,1,0,3,62,54,40,57,30,0,0
72658,25,9,16,22,86,63,56,45,48,42,0,0
72664,3,0,3,0,9,57,31,26,29,66,0,0
72666,6,4,2,5,41,61,57,40,54,45,0,0
72740,1,0,1,0,8,70,40,35,45,25,0,0
72742,8,3,5,15,42,58,58,45,55,52,0,0
72743,8,1,7,12,42,61,58,41,50,41,0,0
72757,14,3,11,3,99,64,55,29,46,46,0,0
72759,21,12,9,4,93,69,56,42,50,51,0,0
72812,31,8,23,17,104,62,52,36,47,48,0,0
72814,11,3,8,2,20,71,44,35,34,49,0,0
72819,1,0,1,0,10,41,53,32,62,30,0,0
72897,4,0,4,12,18,62,54,37,44,26,0,0
72901,11,2,9,12,39,55,52,44,46,33,0,0
72902,20,5,15,7,99,62,53,37,40,48,0,0
72962,1,0,1,1,5,67,53,15,45,50,0,0
72965,1,0,1,0,5,56,29,7,14,0,0,0
72967,13,7,6,22,68,59,61,42,54,50,0,0
72971,3,0,3,0,13,64,41,38,43,50,0,0
72978,2,0,2,0,4,71,43,29,25,42,0,0
72979,21,9,12,14,83,61,54,38,49,48,0,0
72980,11,3,8,17,31,71,53,35,46,36,0,0
73027,25,12,13,12,131,68,56,35,44,51,0,0
73045,11,3,8,4,66,62,57,32,48,42,0,0
73051,12,6,6,6,24,66,53,50,44,52,0,0
73054,12,1,11,12,57,57,53,38,45,41,0,0
73135,3,0,3,0,4,66,33,35,27,100,0,0
73136,24,13,11,10,60,70,55,44,56,52,0,0
73137,2,0,2,0,2,72,48,17,42,66,0,0
73138,16,3,13,4,46,67,51,44,49,45,0,0
73191,1,0,1,0,3,67,33,0,14,0,0,0
73195,16,5,11,7,30,70,53,41,45,45,0,0
73201,3,0,3,0,21,61,45,30,25,42,0,0
73202,1,0,1,0,6,58,41,29,38,77,0,0
73282,18,6,12,4,129,54,58,37,45,44,0,0
73285,2,0,2,4,7,66,57,37,55,53,0,0
73291,12,8,4,9,59,57,61,46,52,56,0,0
73293,1,0,1,0,2,65,37,28,25,0,0,0
73310,1,0,1,0,2,59,41,42,33,100,0,0
73381,18,10,8,5,40,71,55,41,51,53,0,0
73451,3,0,3,0,13,61,45,35,51,35,0,0
73455,3,1,2,1,5,70,56,44,33,50,0,0
73456,20,7,13,17,145,58,56,38,50,42,0,0
73458,2,0,2,3,12,52,45,40,45,40,0,0
73472,6,1,5,9,38,43,59,35,45,46,0,0
73473,7,1,6,23,20,59,56,36,50,41,0,0
73475,1,0,1,0,4,58,33,35,44,0,0,0
73477,21,5,16,8,114,61,56,36,47,48,0,0
73486,1,0,1,0,2,65,39,35,22,40,0,0
73531,14,8,6,17,41,63,58,46,50,46,0,0
73576,5,0,5,3,22,63,50,39,46,33,0,0
73579,5,1,4,2,26,54,49,39,46,39,0,0
73580,1,0,1,0,2,84,36,44,52,62,0,0
73583,4,1,3,1,13,62,55,50,53,31,0,0
73584,39,19,20,78,98,60,63,43,54,48,0,0
73585,1,0,1,1,4,50,27,33,14,0,0,0
73590,3,2,1,0,9,76,52,44,53,60,0,0
73592,7,0,7,1,53,54,49,34,39,44,0,0
73597,29,12,17,36,172,57,56,39,41,47,0,0
73602,36,17,19,59,156,58,59,40,50,48,0,0
73697,5,2,3,7,20,56,52,38,41,44,0,0
73703,1,0,1,1,7,49,40,38,25,0,0,0
73707,24,9,15,17,151,67,56,33,45,50,0,0
73708,4,2,2,1,14,44,66,42,41,34,0,0
73711,2,0,2,1,11,62,51,34,47,22,0,0
73712,1,0,1,1,8,47,31,23,36,66,0,0
73714,1,0,1,1,2,53,48,27,14,50,0,0
73717,4,0,4,6,39,52,62,36,45,39,0,0
73718,15,7,8,30,74,61,63,39,49,43,0,0
73770,5,0,5,1,19,61,52,29,37,39,0,0
73838,18,7,11,49,43,60,60,46,45,46,0,0
73839,12,7,5,5,100,64,61,39,56,53,0,0
73844,1,0,1,0,1,75,41,41,44,0,0,0
73849,1,0,1,0,3,51,25,20,25,25,0,0
73851,1,0,1,0,6,35,36,10,14,0,0,0
73853,1,0,1,0,5,48,37,11,33,0,0,0
73948,1,0,1,2,13,44,70,16,45,42,0,0
73952,18,9,9,16,93,66,59,38,49,44,0,0
73958,16,9,7,26,54,58,64,45,47,58,0,0
74058,1,0,1,1,10,59,52,35,25,50,0,0
74060,18,6,12,8,68,64,54,40,53,54,0,0
74064,4,2,2,0,10,59,55,39,50,75,0,0
74067,4,2,2,6,13,61,58,48,63,55,0,0
74068,12,1,11,14,33,58,55,40,48,41,0,0
74174,23,11,12,42,137,52,61,40,43,52,0,0
74179,29,10,19,26,99,62,61,43,49,48,0,0
74188,23,9,14,28,113,60,58,39,45,48,0,0
74251,6,1,5,1,24,49,49,34,42,45,0,0
74252,6,1,5,8,25,57,48,27,35,53,0,0
74253,1,0,1,1,8,57,70,36,57,0,0,0
74255,17,6,11,28,82,58,60,38,47,48,0,0
74339,6,1,5,0,38,59,46,31,33,57,0,0
74340,1,0,1,0,4,57,27,31,45,0,0,0
74341,4,0,4,1,16,62,48,34,50,46,0,0
74432,4,2,2,13,22,51,64,40,48,61,0,0
74435,3,0,3,1,7,59,45,31,37,44,0,0
74436,13,6,7,9,59,62,55,39,32,47,0,0
74439,9,4,5,0,13,81,49,40,44,53,0,0
74442,2,0,2,3,20,51,59,32,41,40,0,0
74444,3,1,2,3,12,55,60,35,31,50,0,0
74448,1,0,1,0,12,41,14,20,22,100,0,0
74466,16,9,7,9,90,62,55,41,47,60,0,0
74496,17,13,4,15,37,73,60,50,57,45,0,0
74497,9,2,7,16,25,59,59,38,46,50,0,0
74566,7,1,6,1,31,60,49,28,32,41,0,0
74570,20,4,16,39,170,44,57,37,41,43,0,0
74573,5,1,4,1,17,64,50,27,36,55,0,0
74574,2,0,2,1,7,61,54,30,33,40,0,0
74580,15,7,8,2,115,58,55,39,51,52,0,0
74582,10,3,7,9,68,54,57,34,48,55,0,0
74583,1,0,1,1,13,53,56,38,40,66,0,0
74584,2,0,2,0,12,61,52,37,52,36,0,0
74593,1,0,1,0,4,56,32,33,36,44,0,0
74595,5,1,4,2,11,65,47,45,50,48,0,0
74597,20,14,6,12,115,65,57,42,49,53,0,0
74634,3,1,2,1,13,64,56,38,40,65,0,0
74635,7,3,4,5,56,59,65,39,47,40,0,0
74692,3,0,3,4,12,57,52,40,44,45,0,0
74694,33,13,20,12,109,66,51,38,44,48,0,0
74696,7,1,6,5,31,59,47,37,22,46,0,0
74738,22,7,15,24,103,61,57,35,48,46,0,0
74774,2,0,2,0,17,48,45,25,42,25,0,0
74776,13,5,8,19,40,62,57,43,44,46,0,0
74842,1,0,1,0,5,55,25,7,25,0,0,0
74844,13,2,11,9,27,76,48,42,42,44,0,0
74847,43,22,21,54,309,64,62,39,54,52,0,0
74848,3,0,3,2,14,48,45,22,30,25,0,0
74852,7,3,4,0,13,71,50,45,42,40,0,0
74945,9,5,4,19,43,56,62,43,49,48,0,0
74958,1,0,1,0,6,45,35,25,36,33,0,0
74959,7,3,4,7,29,63,56,44,46,51,0,0
74960,15,7,8,7,87,65,54,37,45,55,0,0
74962,1,0,1,0,4,42,40,15,25,33,0,0
74965,2,0,2,0,10,56,59,42,44,33,0,0
74970,1,0,1,0,0,97,50,100,58,75,0,0
74987,25,14,11,13,155,63,58,43,52,51,0,0
75083,4,0,4,2,29,47,47,29,36,40,0,0
75084,21,5,16,25,82,56,58,40,44,44,0,0
75090,28,13,15,52,142,55,62,44,54,44,0,0
75105,45,17,28,27,216,63,55,41,48,52,0,0
75193,3,0,3,0,20,46,52,14,34,57,0,0
75194,7,1,6,3,30,56,43,38,34,46,0,0
75196,2,0,2,1,16,52,52,33,36,66,0,0
75200,15,4,11,7,83,60,55,38,41,44,0,0
75201,5,2,3,3,22,67,51,43,47,38,0,0
75202,18,5,13,9,75,60,53,39,36,43,0,0
75205,16,5,11,7,43,67,50,37,36,41,0,0
75207,1,0,1,1,0,59,43,45,37,0,0,0
75214,15,5,10,10,90,64,54,40,43,53,0,0
75218,4,1,3,1,27,73,50,35,45,51,0,0
75284,1,0,1,2,5,56,46,39,25,40,0,0
75299,2,0,2,0,14,66,56,32,58,50,0,0
75301,23,7,16,11,145,59,54,37,41,43,0,0
75302,1,0,1,1,8,55,53,23,40,16,0,0
75307,6,3,3,3,18,71,52,48,50,38,0,0
75311,10,6,4,9,46,58,63,41,57,57,0,0
75333,4,1,3,3,19,59,55,47,41,44,0,0
75387,4,0,4,5,21,59,58,32,56,35,0,0
75389,8,3,5,2,36,53,57,39,47,52,0,0
75442,9,2,7,11,38,64,56,36,52,47,0,0
75446,2,0,2,0,19,34,40,25,8,0,0,0
75447,12,4,8,27,49,57,62,43,48,44,0,0
75532,1,0,1,0,6,71,36,37,41,38,0,0
75533,19,7,12,5,52,64,55,40,52,38,0,0
75534,4,1,3,4,27,53,58,40,50,50,0,0
75537,3,0,3,0,6,70,44,36,51,50,0,0
75540,6,0,6,5,39,57,60,35,42,28,0,0
75545,2,1,1,1,6,52,60,44,46,60,0,0
75546,6,4,2,15,45,57,60,44,48,43,0,0
75547,8,1,7,19,30,54,55,39,44,44,0,0
75548,32,14,18,130,168,57,65,42,51,46,0,0
75649,21,10,11,17,78,59,57,42,50,53,0,0
75650,1,0,1,0,3,74,39,23,40,100,0,0
75653,44,19,25,54,86,63,57,41,44,50,0,0
75656,11,4,7,23,44,52,61,38,50,49,0,0
75661,3,1,2,0,20,59,43,30,28,53,0,0
75662,6,2,4,11,34,51,59,33,45,41,0,0
75663,5,3,2,2,25,61,61,41,52,55,0,0
75664,1,0,1,0,4,50,37,31,16,0,0,0
75671,1,0,1,0,2,53,37,0,25,0,0,0
75674,3,1,2,2,28,57,55,34,54,55,0,0
75679,10,4,6,5,26,68,52,41,42,48,0,0
75733,8,1,7,3,15,65,55,43,44,35,0,0
75734,2,1,1,2,7,73,57,44,47,53,0,0
75801,4,0,4,1,19,54,45,28,38,41,0,0
75804,19,5,14,2,80,67,51,35,40,48,0,0
75829,8,2,6,2,27,67,45,29,36,51,0,0
75830,2,1,1,2,5,65,55,21,12,63,0,0
75833,6,1,5,12,26,57,57,37,48,44,0,0
75835,4,1,3,11,39,61,58,30,60,50,0,0
75884,8,3,5,1,17,71,50,39,38,53,0,0
75977,18,4,14,13,66,62,54,41,47,49,0,0
75983,12,4,8,8,63,55,51,39,50,47,0,0
75985,23,11,12,14,139,64,54,40,47,49,0,0
76088,5,1,4,5,19,54,56,39,44,56,0,0
76095,1,0,1,0,6,72,38,38,54,50,0,0
76096,36,16,20,28,166,56,62,43,53,49,0,0
76216,18,7,11,9,46,66,52,38,51,48,0,0
76217,7,2,5,4,28,53,53,42,41,45,0,0
76220,1,0,1,2,4,62,40,36,33,50,0,0
76221,7,0,7,2,29,57,41,24,34,33,0,0
76224,21,2,19,15,85,67,51,36,44,41,0,0
76226,1,0,1,0,13,21,50,6,20,50,0,0
76233,3,1,2,0,3,81,44,35,35,38,0,0
76235,1,0,1,0,4,50,45,32,30,22,0,0
76238,2,0,2,0,9,53,35,22,40,44,0,0
76239,6,3,3,6,19,62,56,45,45,46,0,0
76240,19,5,14,19,56,65,52,34,43,44,0,0
76364,2,1,1,0,10,68,63,45,57,70,0,0
76365,6,1,5,10,30,57,62,39,48,47,0,0
76367,1,0,1,1,9,48,60,33,37,16,0,0
76370,4,2,2,2,21,63,59,38,46,57,0,0
76371,1,0,1,1,2,39,54,32,41,50,0,0
76383,5,1,4,2,21,65,52,32,50,39,0,0
76390,22,11,11,11,95,62,55,42,53,51,0,0
76394,4,0,4,3,19,56,60,34,48,55,0,0
76396,8,3,5,14,20,52,59,40,37,34,0,0
76397,16,7,9,47,53,61,63,46,53,43,0,0
76398,32,14,18,12,96,68,53,42,41,55,0,0
76401,1,0,1,0,5,58,34,28,30,100,0,0
76402,23,6,17,50,97,56,56,36,41,46,0,0
76403,11,6,5,23,47,55,59,44,57,47,0,0
76404,3,0,3,1,11,60,53,45,60,43,0,0
76406,10,1,9,3,28,60,53,44,44,44,0,0
76415,1,0,1,0,7,55,38,44,50,57,0,0
76422,9,4,5,7,67,62,58,37,42,43,0,0
76503,4,2,2,0,19,73,51,34,51,46,0,0
76510,1,0,1,0,2,55,26,33,0,100,0,0
76516,4,1,3,2,26,59,55,35,29,47,0,0
76520,4,1,3,1,27,57,52,34,47,61,0,0
76523,1,0,1,0,5,48,53,25,50,33,0,0
76524,17,2,15,6,79,65,48,35,41,44,0,0
76531,2,0,2,7,5,63,53,47,47,44,0,0
76532,1,0,1,0,4,43,42,32,33,10,0,0
76590,3,1,2,2,10,53,54,51,50,25,0,0
76598,1,0,1,1,8,42,61,17,25,50,0,0
76628,9,0,9,5,52,62,48,21,30,33,0,0
76633,16,7,9,35,40,50,61,44,47,44,0,0
76635,10,4,6,2,23,71,50,39,41,50,0,0
76639,15,3,12,25,69,48,56,37,43,47,0,0
76641,25,9,16,21,68,59,57,43,45,48,0,0
76656,28,10,18,53,159,58,58,42,50,52,0,0
76661,1,0,1,9,5,43,77,37,70,75,0,0
76662,5,0,5,3,33,54,44,30,48,25,0,0
76663,9,0,9,2,50,56,42,28,35,24,0,0
76665,1,0,1,0,6,64,33,10,0,0,0,0
76666,2,0,2,7,9,63,56,45,50,38,0,0
76672,3,0,3,1,12,62,54,41,57,50,0,0
76688,13,2,11,24,76,53,55,41,48,37,0,0
76805,1,0,1,0,9,44,63,44,75,50,0,0
76806,3,0,3,6,33,50,54,34,54,45,0,0
76807,4,0,4,0,22,66,36,27,33,46,0,0
76812,3,1,2,2,16,51,59,40,52,27,0,0
76815,11,5,6,16,43,59,60,41,51,47,0,0
76817,13,7,6,22,71,62,58,41,43,51,0,0
76824,1,0,1,1,20,42,60,17,33,42,0,0
76827,2,0,2,1,19,44,62,12,25,33,0,0
76834,13,1,12,1,37,66,48,38,37,55,0,0
76835,12,6,6,3,53,67,54,37,51,45,0,0
76836,5,1,4,5,24,56,53,40,52,41,0,0
76838,4,2,2,0,13,69,56,51,63,46,0,0
76920,7,1,6,1,26,63,50,38,43,37,0,0
76931,3,1,2,6,19,51,57,27,37,50,0,0
76957,8,0,8,1,40,42,44,27,35,52,0,0
76958,4,0,4,3,18,59,48,38,35,35,0,0
76959,8,3,5,1,19,64,55,45,50,36,0,0
76963,27,14,13,36,130,57,61,45,58,46,0,0
76967,16,6,10,15,80,60,58,39,56,47,0,0
76969,2,0,2,0,7,54,31,27,36,8,0,0
77010,2,0,2,1,7,62,35,19,23,100,0,0
77044,18,6,12,5,52,71,53,38,45,55,0,0
77047,17,6,11,10,50,56,54,44,49,45,0,0
77113,3,1,2,2,10,60,51,39,55,36,0,0
77114,12,0,12,8,58,52,50,35,41,28,0,0
77118,10,4,6,6,54,56,56,38,48,50,0,0
77121,9,2,7,13,36,56,57,40,49,47,0,0
77122,39,16,23,16,275,66,55,38,51,46,0,0
77163,1,0,1,1,4,72,44,36,28,16,0,0
77165,4,1,3,4,8,69,50,46,36,72,0,0
77201,5,2,3,16,23,52,67,43,54,50,0,0
77202,3,1,2,3,13,65,52,27,50,69,0,0
77204,23,9,14,12,75,63,56,40,46,48,0,0
77205,6,3,3,21,23,64,61,38,43,54,0,0
77208,16,4,12,12,45,61,55,40,46,36,0,0
77209,4,1,3,16,13,63,58,42,53,34,0,0
77212,1,0,1,0,4,61,43,41,45,33,0,0
77213,13,3,10,18,73,55,57,38,45,46,0,0
77214,10,3,7,10,29,70,56,41,46,42,0,0
77218,26,7,19,8,82,69,56,38,43,50,0,0
77297,15,7,8,22,35,62,59,48,55,50,0,0
77298,9,1,8,11,37,65,52,33,47,40,0,0
77300,3,0,3,1,12,64,41,40,30,14,0,0
77301,1,0,1,0,1,56,17,15,0,0,0,0
77304,28,12,16,19,72,71,54,44,46,47,0,0
77307,13,1,12,9,57,60,46,31,39,34,0,0
77311,1,0,1,0,5,45,42,5,14,50,0,0
77312,8,5,3,3,36,64,55,37,52,49,0,0
77313,12,3,9,6,53,59,56,35,48,48,0,0
77314,4,2,2,2,15,67,53,35,36,66,0,0
77321,8,0,8,8,36,65,53,42,52,36,0,0
77337,3,1,2,2,10,65,45,42,39,42,0,0
77338,4,1,3,0,9,63,55,31,43,43,0,0
77404,20,6,14,4,86,76,52,33,47,53,0,0
77406,1,0,1,0,2,66,11,11,0,0,0,0
77409,1,0,1,0,6,62,48,26,20,0,0,0
77413,7,1,6,7,72,45,61,29,39,37,0,0
77422,25,2,23,13,156,56,49,33,38,40,0,0
77436,2,0,2,7,16,55,46,16,51,30,0,0
77514,5,3,2,4,19,58,62,44,39,51,0,0
77515,19,8,11,5,65,67,54,40,49,47,0,0
77520,10,2,8,26,63,60,61,36,42,39,0,0
77521,4,3,1,3,8,71,59,54,36,53,0,0
77523,6,0,6,5,47,62,53,39,42,45,0,0
77526,24,14,10,56,152,57,62,42,51,49,0,0
77530,2,1,1,6,17,49,65,45,66,50,0,0
77531,7,2,5,2,33,68,58,36,53,50,0,0
77612,12,5,7,9,49,59,55,38,43,49,0,0
77614,2,0,2,0,4,65,35,35,21,0,0,0
77624,30,9,21,8,111,62,52,41,49,49,0,0
77629,13,6,7,29,30,59,60,47,56,51,0,0
77631,8,2,6,7,67,53,53,39,43,44,0,0
77640,4,1,3,2,35,61,52,40,42,58,0,0
77695,4,0,4,5,14,57,54,40,53,43,0,0
77699,5,0,5,6,21,59,53,36,43,30,0,0
77701,1,0,1,2,9,40,56,35,64,33,0,0
77702,2,1,1,0,10,60,52,38,50,60,0,0
77705,1,0,1,0,3,68,37,20,33,100,0,0
77708,1,0,1,2,6,55,58,45,55,44,0,0
77709,4,1,3,4,22,48,50,36,42,57,0,0
77714,13,6,7,8,72,61,57,37,46,48,0,0
77721,15,4,11,5,79,60,51,39,42,53,0,0
77722,3,0,3,7,20,56,57,45,46,53,0,0
77724,12,5,7,3,58,63,51,39,45,45,0,0
77726,3,0,3,5,19,61,49,42,58,40,0,0
77727,36,16,20,26,252,60,59,40,52,46,0,0
77739,3,1,2,2,14,56,47,31,45,50,0,0
77852,5,2,3,3,15,59,53,43,48,50,0,0
77854,3,1,2,5,12,53,62,33,23,56,0,0
77858,18,6,12,23,50,65,56,37,51,51,0,0
77933,8,3,5,14,22,63,57,33,53,51,0,0
77951,11,2,9,3,39,66,51,40,45,43,0,0
77952,2,1,1,1,11,57,60,44,35,26,0,0
77960,1,0,1,1,7,57,47,44,50,66,0,0
78031,8,2,6,13,50,58,52,39,56,49,0,0
78034,1,0,1,0,9,30,45,28,50,0,0,0
78055,9,5,4,19,38,62,60,43,47,46,0,0
78137,1,0,1,0,8,54,51,38,50,0,0,0
78144,9,4,5,12,50,57,60,44,44,47,0,0
78146,23,8,15,1,92,68,53,38,52,47,0,0
78150,2,1,1,6,16,58,63,34,57,66,0,0
78151,1,0,1,0,8,61,30,26,33,66,0,0
78154,1,0,1,0,7,50,43,31,50,22,0,0
78233,1,0,1,0,2,60,26,29,12,66,0,0
78235,1,0,1,0,4,47,23,43,50,100,0,0
78237,7,1,6,4,39,59,56,39,42,38,0,0
78384,4,0,4,0,25,51,45,28,29,5,0,0
78389,14,4,10,6,74,63,56,41,50,49,0,0
78454,23,9,14,26,67,57,57,44,43,47,0,0
78455,16,4,12,57,45,52,64,45,46,34,0,0
78456,4,2,2,6,10,66,60,42,54,34,0,0
78457,5,1,4,0,9,66,53,42,30,38,0,0
78461,3,0,3,0,19,50,39,20,35,43,0,0
78537,14,2,12,15,65,60,54,37,46,40,0,0
78539,1,0,1,0,2,58,28,6,22,28,0,0
78542,4,1,3,7,28,52,56,44,38,57,0,0
78548,6,0,6,1,39,60,46,32,43,34,0,0
78550,1,0,1,0,8,60,54,47,63,25,0,0
78677,24,9,15,74,72,55,64,43,53,42,0,0
78687,9,2,7,9,44,51,60,44,55,41,0,0
78690,16,3,13,28,64,53,57,40,45,42,0,0
78719,1,0,1,0,4,51,26,7,0,0,0,0
78721,19,6,13,0,79,73,48,36,46,43,0,0
78791,5,2,3,0,8,74,48,39,43,44,0,0
78818,9,4,5,9,28,64,60,42,42,55,0,0
78819,1,0,1,2,3,55,58,42,33,57,0,0
78820,11,5,6,4,68,53,56,39,38,54,0,0
78862,11,1,10,7,69,58,56,35,46,43,0,0
78915,26,8,18,20,27,75,50,40,46,47,0,0
78917,10,2,8,8,31,61,55,30,46,60,0,0
78918,2,0,2,0,5,50,39,30,31,66,0,0
78919,6,0,6,3,72,49,53,34,43,36,0,0
78926,4,0,4,2,23,38,54,29,41,41,0,0
78929,18,4,14,15,67,67,55,34,43,40,0,0
78931,1,0,1,0,8,51,16,17,12,14,0,0
78933,4,2,2,2,20,69,58,30,41,52,0,0
78934,11,6,5,5,29,63,53,41,46,54,0,0
78940,1,0,1,0,4,65,50,29,42,0,0,0
78942,9,5,4,10,20,65,57,47,45,55,0,0
78944,4,2,2,10,13,57,64,37,54,41,0,0
78945,2,0,2,1,7,56,37,20,29,28,0,0
78953,27,9,18,35,195,58,58,38,50,51,0,0
78954,3,1,2,1,13,50,46,37,45,47,0,0
78955,1,0,1,2,3,47,48,50,37,50,0,0
78986,12,4,8,3,95,64,52,33,44,52,0,0
78987,9,4,5,28,24,58,65,37,44,43,0,0
79039,22,5,17,17,199,58,57,35,48,49,0,0
79058,1,0,1,0,3,46,47,27,50,0,0,0
79098,2,0,2,1,13,61,48,40,30,25,0,0
79123,1,0,1,0,1,47,40,18,12,100,0,0
79125,37,18,19,80,91,57,59,46,56,48,0,0
79236,4,1,3,3,29,64,58,37,67,61,0,0
79243,11,6,5,16,58,63,61,42,50,54,0,0
79264,1,0,1,0,7,64,46,48,46,100,0,0
79265,2,0,2,0,9,64,43,42,39,62,0,0
79268,2,0,2,1,9,52,38,20,25,40,0,0
79270,2,0,2,0,7,64,34,24,33,28,0,0
79271,1,0,1,0,9,41,35,33,33,100,0,0
79281,9,0,9,1,37,46,36,24,33,23,0,0
79285,17,6,11,17,42,63,59,45,48,48,0,0
79300,1,0,1,1,6,53,39,10,36,12,0,0
79304,7,2,5,9,25,64,53,50,59,45,0,0
79307,8,2,6,12,23,64,52,43,43,38,0,0
79308,1,0,1,2,2,76,46,30,37,33,0,0
79459,8,1,7,1,39,60,45,30,45,44,0,0
79467,1,0,1,0,5,67,35,26,50,0,0,0
79468,4,2,2,2,11,73,47,42,46,41,0,0
79469,2,0,2,1,15,62,40,23,26,43,0,0
79474,1,0,1,0,2,54,33,40,16,0,0,0
79475,1,0,1,0,4,55,21,26,25,0,0,0
79478,1,0,1,0,3,60,37,25,33,28,0,0
79482,9,1,8,16,83,47,59,35,22,44,0,0
79484,4,0,4,4,21,61,45,26,30,31,0,0
79504,27,11,16,4,131,66,54,39,47,43,0,0
79597,16,7,9,41,43,57,60,43,50,49,0,0
79599,27,14,13,22,83,66,57,42,48,48,0,0
79604,7,5,2,4,45,59,63,40,50,60,0,0
79609,10,3,7,29,64,50,67,39,46,45,0,0
79613,2,0,2,0,1,66,56,46,41,33,0,0
79618,2,1,1,1,13,46,71,36,60,50,0,0
79620,3,0,3,5,22,55,44,33,42,39,0,0
79622,23,12,11,18,46,53,59,47,58,49,0,0
79624,2,0,2,1,11,60,36,36,30,52,0,0
79627,14,7,7,6,30,68,55,41,47,48,0,0
79629,2,1,1,0,5,81,57,33,42,43,0,0
79664,27,10,17,69,74,62,62,42,51,38,0,0
79699,2,0,2,1,13,50,50,34,52,20,0,0
79700,1,0,1,0,1,82,45,25,58,57,0,0
79701,6,2,4,11,35,55,65,45,63,61,0,0
79733,21,10,11,26,101,56,59,46,48,45,0,0
79734,1,0,1,0,6,69,53,14,44,0,0,0
79765,1,0,1,0,3,62,29,63,28,0,0,0
79772,12,2,10,5,68,51,57,40,48,48,0,0
79774,9,1,8,4,29,66,49,33,34,50,0,0
79780,17,4,13,18,84,57,57,41,47,40,0,0
79785,5,1,4,1,19,61,51,34,32,34,0,0
79834,1,0,1,0,3,62,46,35,37,0,0,0
79914,2,0,2,4,4,60,52,16,23,0,0,0
79919,30,15,15,52,138,62,60,44,55,48,0,0
79930,16,2,14,10,80,56,55,34,42,47,0,0
79964,3,0,3,0,9,64,34,35,32,35,0,0
80001,4,0,4,1,17,54,50,42,29,37,0,0
80035,11,4,7,1,36,60,52,38,47,63,0,0
80038,18,6,12,8,56,58,52,41,40,44,0,0
80041,4,2,2,9,19,56,59,42,54,47,0,0
80042,6,2,4,1,18,55,51,41,42,39,0,0
80043,20,10,10,23,31,60,58,50,58,46,0,0
80044,13,3,10,5,10,71,52,41,40,40,0,0
80046,5,3,2,3,27,62,58,39,28,44,0,0
80048,9,3,6,27,73,52,59,32,48,40,0,0
80053,10,5,5,21,32,49,62,46,46,42,0,0
80056,34,16,18,34,97,60,58,44,52,47,0,0
80057,6,3,3,10,26,67,56,43,50,48,0,0
80059,1,0,1,0,1,60,41,12,14,100,0,0
80061,15,9,6,26,63,56,62,40,51,53,0,0
80064,2,1,1,0,22,55,58,31,41,54,0,0
80065,6,2,4,5,14,74,55,58,70,30,0,0
80069,16,8,8,19,42,59,62,43,46,46,0,0
80070,7,1,6,2,31,67,51,36,35,47,0,0
80071,25,11,14,21,76,61,54,42,49,46,0,0
80072,3,0,3,1,18,54,51,30,46,35,0,0
80073,6,1,5,12,46,47,51,35,26,37,0,0
80075,1,0,1,0,5,61,48,34,57,22,0,0
80076,14,3,11,21,54,62,55,37,48,54,0,0
80079,9,3,6,8,20,73,51,45,52,44,0,0
80080,18,11,7,12,79,70,59,40,51,54,0,0
80091,3,1,2,0,15,60,43,31,36,38,0,0
80099,1,0,1,0,3,62,17,0,0,50,0,0
80100,3,2,1,0,8,75,48,54,52,41,0,0
80101,5,1,4,3,8,58,54,32,42,37,0,0
80103,2,0,2,0,10,63,48,34,52,28,0,0
80200,20,11,9,23,148,60,58,39,52,51,0,0
80202,1,0,1,0,3,54,22,33,25,100,0,0
80266,5,2,3,4,14,62,59,50,45,37,0,0
80269,3,1,2,0,23,54,41,24,41,47,0,0
80270,1,0,1,0,3,59,15,38,0,0,0,0
80277,4,1,3,2,34,55,59,32,44,37,0,0
80278,2,0,2,2,9,64,43,10,33,0,0,0
80279,4,0,4,0,26,57,58,32,40,52,0,0
80280,1,0,1,1,10,64,48,33,33,30,0,0
80283,3,1,2,2,15,71,55,43,62,40,0,0
80301,18,10,8,10,50,69,57,39,43,46,0,0
80347,11,4,7,8,33,66,53,48,49,46,0,0
80351,8,4,4,4,30,64,51,33,39,52,0,0
80379,5,1,4,4,19,60,54,31,38,26,0,0
80417,28,12,16,33,118,64,59,44,50,48,0,0
80420,1,0,1,2,7,59,45,28,41,37,0,0
80426,7,1,6,2,18,65,46,38,45,28,0,0
80427,2,0,2,3,9,44,44,18,14,0,0,0
80429,3,0,3,0,12,62,44,33,36,53,0,0
80431,16,10,6,27,97,58,64,41,46,47,0,0
80481,9,4,5,2,39,75,55,30,51,46,0,0
80498,1,0,1,0,2,73,36,50,25,20,0,0
80526,4,0,4,0,35,42,40,31,38,0,0,0
80535,8,0,8,0,32,59,43,29,38,33,0,0
80536,1,0,1,2,3,58,46,60,33,0,0,0
80538,16,4,12,3,75,63,50,32,27,50,0,0
80540,39,12,27,58,184,61,55,41,44,47,0,0
80615,5,3,2,0,35,61,62,40,64,52,0,0
80671,5,2,3,0,16,57,53,42,38,50,0,0
80673,2,0,2,0,13,54,57,40,57,35,0,0
80674,7,3,4,6,23,58,58,38,50,53,0,0
80678,14,2,12,12,35,61,53,36,40,34,0,0
80681,2,0,2,0,17,57,52,37,52,37,0,0
80689,9,2,7,15,63,55,56,32,32,38,0,0
80700,5,2,3,2,20,65,54,39,52,57,0,0
80703,4,2,2,8,11,65,56,43,53,50,0,0
80713,10,5,5,11,25,66,58,48,55,55,0,0
80714,17,9,8,6,58,64,56,48,53,54,0,0
80715,9,4,5,22,29,58,60,46,43,41,0,0
80716,7,4,3,3,18,66,57,50,54,48,0,0
80718,2,1,1,3,8,66,58,46,50,42,0,0
80719,8,4,4,4,22,64,59,42,30,57,0,0
80840,5,3,2,1,18,64,61,47,42,59,0,0
80841,4,1,3,5,19,58,59,37,46,38,0,0
80842,1,0,1,0,6,45,28,11,25,0,0,0
80849,26,8,18,5,116,64,52,38,45,53,0,0
80850,9,2,7,4,60,58,55,35,46,40,0,0
80852,5,1,4,7,33,57,60,40,50,32,0,0
80871,1,0,1,0,6,60,38,45,50,0,0,0
80952,34,18,16,67,258,53,63,42,48,51,0,0
80954,3,0,3,0,19,58,48,12,24,41,0,0
80956,1,0,1,0,5,57,55,40,28,50,0,0
80963,3,0,3,1,11,70,53,25,34,41,0,0
80964,8,4,4,6,33,77,56,40,46,38,0,0
80967,1,0,1,0,2,57,45,16,14,33,0,0
80968,3,1,2,1,14,59,48,30,48,60,0,0
80973,4,0,4,11,22,52,48,37,39,48,0,0
80980,3,0,3,3,4,67,38,25,20,28,0,0
80984,17,8,9,13,62,64,54,40,44,50,0,0
80985,2,1,1,1,13,60,57,46,65,36,0,0
80995,1,0,1,0,9,50,44,50,63,0,0,0
80999,4,2,2,3,17,54,67,43,56,40,0,0
81000,1,0,1,2,7,46,57,27,0,25,0,0
81008,3,1,2,0,20,60,58,28,57,58,0,0
81147,1,0,1,0,6,48,33,21,40,100,0,0
81158,18,6,12,58,69,56,63,40,55,44,0,0
81164,1,0,1,0,13,50,54,8,36,55,0,0
81165,3,1,2,2,13,73,52,44,54,51,0,0
81190,3,0,3,3,11,62,50,24,34,35,0,0
81192,8,4,4,8,50,59,64,35,40,58,0,0
81194,4,1,3,3,14,60,45,29,41,40,0,0
81195,1,0,1,2,8,61,68,29,55,42,0,0
81216,1,0,1,0,4,55,40,18,12,42,0,0
81237,9,2,7,6,62,61,54,33,41,48,0,0
81357,3,0,3,2,18,45,35,22,22,50,0,0
81358,2,0,2,6,8,55,58,35,50,38,0,0
81360,9,1,8,6,71,58,53,33,39,34,0,0
81381,2,0,2,3,5,58,54,38,65,16,0,0
81382,10,5,5,9,60,60,56,39,52,43,0,0
81383,5,1,4,1,15,57,54,33,47,60,0,0
81385,4,0,4,3,9,71,48,33,33,40,0,0
81386,3,0,3,2,25,53,57,34,41,12,0,0
81389,1,0,1,0,13,45,35,20,33,50,0,0
81450,1,0,1,0,7,50,54,4,30,66,0,0
81513,10,5,5,3,47,64,56,40,49,62,0,0
81549,1,0,1,0,3,61,45,20,33,100,0,0
81553,1,0,1,0,6,67,45,27,45,50,0,0
81554,2,0,2,3,10,46,41,34,42,33,0,0
81556,3,0,3,2,29,52,51,30,41,50,0,0
81557,15,3,12,0,21,72,43,33,32,39,0,0
81558,6,1,5,1,19,65,44,45,35,66,0,0
81559,1,0,1,0,5,44,40,42,0,20,0,0
81561,3,0,3,4,12,58,51,34,42,46,0,0
81562,1,0,1,1,18,50,74,25,58,66,0,0
81564,21,9,12,19,106,58,59,42,50,41,0,0
81640,8,4,4,4,23,56,55,42,47,59,0,0
81676,2,1,1,2,4,69,62,40,45,56,157,125
81694,8,4,4,25,70,58,61,38,56,51,0,0
81706,1,0,1,1,6,55,48,34,54,11,0,0
81707,1,0,1,1,3,43,44,21,45,0,0,0
81708,1,0,1,0,6,64,40,37,35,57,0,0
81713,1,0,1,0,10,42,27,38,30,43,0,0
81715,22,7,15,56,126,58,62,38,48,51,0,0
81717,16,6,10,5,43,64,53,36,35,53,0,0
81718,4,0,4,5,26,62,47,27,44,63,0,0
81721,1,0,1,0,10,50,29,23,14,0,0,0
81723,25,10,15,13,71,68,56,42,51,47,0,0
81726,15,9,6,27,55,58,59,40,48,46,0,0
81746,7,4,3,10,45,60,63,38,40,55,0,0
81757,3,2,1,4,21,62,60,29,50,44,0,0
81770,5,2,3,3,17,61,47,43,51,55,0,0
81869,2,1,1,0,6,65,52,46,38,88,0,0
81872,39,17,22,78,159,58,61,41,45,45,0,0
81877,6,3,3,2,24,65,59,46,37,50,0,0
81878,4,1,3,4,19,55,56,39,40,46,0,0
81879,11,4,7,2,48,60,55,42,42,56,0,0
81880,6,5,1,13,39,56,68,47,54,47,0,0
81892,1,0,1,0,5,52,35,16,0,33,0,0
81998,9,5,4,9,43,55,61,40,43,48,0,0
82000,4,0,4,5,7,51,55,39,48,41,0,0
82004,1,0,1,1,4,50,60,21,45,25,0,0
82020,7,2,5,0,16,79,46,50,33,44,0,0
82043,3,0,3,3,20,62,50,22,39,23,0,0
82044,12,5,7,17,59,57,59,40,53,43,0,0
82077,1,0,1,0,5,62,50,27,0,50,0,0
82117,3,0,3,0,10,62,48,36,28,50,0,0
82164,3,0,3,1,21,58,39,22,27,8,0,0
82165,3,0,3,2,14,54,45,26,41,47,0,0
82167,6,3,3,23,24,55,74,42,61,39,0,0
82168,20,10,10,11,75,70,59,45,54,58,0,0
82172,14,5,9,14,57,59,55,40,48,42,0,0
82313,1,0,1,0,3,77,48,0,16,14,0,0
82316,1,0,1,0,3,78,40,33,57,66,0,0
82317,6,1,5,3,4,71,51,38,37,37,0,0
82318,3,0,3,2,15,59,58,34,51,33,0,0
82319,2,1,1,0,4,69,57,48,44,58,0,0
82324,14,5,9,12,60,66,52,39,39,40,0,0
82325,1,0,1,0,8,70,50,36,33,66,0,0
82326,14,5,9,7,47,68,49,39,36,53,0,0
82333,1,0,1,0,5,56,23,18,30,100,0,0
82335,7,2,5,2,35,65,50,35,49,56,0,0
82337,2,0,2,0,22,46,51,24,38,50,0,0
82338,13,2,11,2,57,59,53,37,47,40,0,0
82339,3,1,2,0,22,54,50,38,39,34,0,0
82341,4,1,3,1,18,63,51,35,44,53,0,0
82344,3,1,2,2,13,63,61,35,64,48,0,0
82350,5,3,2,10,33,59,68,44,57,43,0,0
82419,18,8,10,10,75,57,55,41,46,51,0,0
82492,9,6,3,4,24,75,49,53,41,49,0,0
82494,4,0,4,2,18,65,47,23,35,55,0,0
82498,21,7,14,61,95,56,63,41,50,48,0,0
82500,11,5,6,2,36,75,51,41,51,52,0,0
82504,3,0,3,1,34,45,40,19,25,57,0,0
82505,23,11,12,32,150,58,61,39,49,47,0,0
82520,1,0,1,0,7,56,31,17,36,66,0,0
82527,12,7,5,17,43,61,60,45,55,50,0,0
82528,12,5,7,8,26,59,58,46,51,52,0,0
82562,8,7,1,7,33,70,58,45,63,52,0,0
82682,2,0,2,0,3,66,48,30,50,36,0,0
82698,3,1,2,0,8,66,55,39,55,45,0,0
82713,3,0,3,2,14,60,40,27,37,70,0,0
82717,1,0,1,1,6,59,27,33,25,50,0,0
82719,5,3,2,15,27,55,59,41,39,71,0,0
82729,4,2,2,2,18,65,54,43,50,51,0,0
82731,20,6,14,21,50,56,51,43,47,48,0,0
82733,5,3,2,18,20,66,60,43,52,42,0,0
82735,6,3,3,3,52,53,66,37,48,44,0,0
82875,2,0,2,0,6,63,50,23,38,25,0,0
82878,7,1,6,8,31,56,59,42,50,30,0,0
82882,15,4,11,7,52,68,53,36,44,41,0,0
82895,1,0,1,0,6,55,50,31,16,16,0,0
82896,12,3,9,13,33,65,50,44,51,41,0,0
82897,11,4,7,0,49,65,53,37,45,51,0,0
82898,4,0,4,1,20,60,42,46,45,58,0,0
82904,9,5,4,4,19,73,53,40,47,50,0,0
82908,9,5,4,2,18,68,59,44,39,59,0,0
82909,1,0,1,1,1,70,42,28,50,0,0,0
82910,11,4,7,21,44,55,64,45,52,56,0,0
82915,7,2,5,9,36,59,63,42,55,47,0,0
82916,8,0,8,4,33,53,48,30,32,31,0,0
82917,1,0,1,1,8,44,57,12,50,50,0,0
82925,3,1,2,1,9,70,45,44,46,60,0,0
82950,1,0,1,1,1,73,47,52,64,40,0,0
83044,1,0,1,0,11,65,52,34,50,38,0,0
83083,1,0,1,1,9,57,55,28,37,42,0,0
83084,11,4,7,7,88,59,58,36,56,46,0,0
83086,2,1,1,9,8,67,63,32,42,81,0,0
83090,2,0,2,0,22,46,42,18,43,20,0,0
83091,1,0,1,0,1,61,29,47,50,33,0,0
83094,5,0,5,1,41,59,48,32,42,35,0,0
83095,16,6,10,24,57,62,55,35,47,50,0,0
83096,3,1,2,3,9,63,56,45,14,55,0,0
83099,1,0,1,0,10,57,66,33,37,50,0,0
83110,1,0,1,0,8,45,26,22,25,0,0,0
83236,3,1,2,4,3,53,44,42,37,35,0,0
83237,12,6,6,8,37,67,57,40,56,47,0,0
83238,9,3,6,4,31,61,56,36,41,45,0,0
83241,1,0,1,3,8,50,55,39,58,100,0,0
83242,3,0,3,3,16,60,52,34,37,25,0,0
83246,5,2,3,10,21,52,52,38,37,41,0,0
83247,6,0,6,2,48,54,45,36,40,51,0,0
83249,2,0,2,0,15,53,35,14,31,66,0,0
83253,3,2,1,1,12,65,59,45,65,48,0,0
83257,1,0,1,0,7,54,50,47,61,33,0,0
83259,5,2,3,0,31,61,52,34,52,55,0,0
83264,23,15,8,18,103,65,62,44,60,49,0,0
83265,10,5,5,7,70,57,56,37,51,48,0,0
83270,5,0,5,8,25,62,58,30,59,35,0,0
83273,5,1,4,2,24,64,56,34,48,48,0,0
83276,22,7,15,30,56,58,53,41,49,45,0,0
83277,1,0,1,0,8,47,39,32,50,33,0,0
83278,6,3,3,2,83,54,61,33,40,64,0,0
83326,2,0,2,0,11,72,53,33,40,47,0,0
83425,25,14,11,13,114,66,57,39,50,48,0,0
83427,1,0,1,0,10,50,14,23,20,60,0,0
83428,23,12,11,6,51,68,54,42,47,49,0,0
83435,1,0,1,0,6,51,58,25,60,14,0,0
83440,5,3,2,1,12,61,57,45,57,60,0,0
83441,1,0,1,0,6,70,45,42,16,50,0,0
83454,7,3,4,25,39,51,67,44,44,44,0,0
83456,1,0,1,0,4,54,57,41,61,28,0,0
83461,16,6,10,3,40,73,53,41,51,51,0,0
83544,4,1,3,0,6,57,51,54,61,52,0,0
83576,10,2,8,33,50,51,65,36,51,55,0,0
83578,1,0,1,1,1,60,54,50,55,0,0,0
83588,1,0,1,1,4,51,35,36,37,25,0,0
83592,5,0,5,4,20,49,48,34,42,38,0,0
83597,37,14,23,36,125,68,53,40,45,49,0,0
83603,34,17,17,67,166,54,61,45,56,47,0,0
83608,6,3,3,8,14,65,59,42,54,51,0,0
83612,2,1,1,0,5,73,56,43,50,50,0,0
83613,7,2,5,2,28,58,57,44,50,45,0,0
83620,2,0,2,2,5,66,39,17,29,0,0,0
83795,13,5,8,15,60,62,57,43,51,52,0,0
83799,3,1,2,0,26,60,55,41,56,55,0,0
83801,1,0,1,2,4,51,68,45,66,66,0,0
83802,23,8,15,13,105,55,59,40,47,58,0,0
83809,1,0,1,0,7,42,57,28,28,0,0,0
83812,1,0,1,0,5,66,55,45,42,33,0,0
83820,7,2,5,1,38,65,49,37,49,48,0,0
83822,1,0,1,0,1,72,44,57,16,66,0,0
83825,1,0,1,0,5,68,50,36,50,50,0,0
83826,6,1,5,4,61,53,56,32,47,45,0,0
83827,43,19,24,12,120,69,56,40,50,46,0,0
83830,1,0,1,0,3,64,53,28,50,50,0,0
83851,2,0,2,0,7,60,42,31,42,0,0,0
83963,3,2,1,5,8,40,63,52,56,81,0,0
83965,20,10,10,8,74,66,50,43,46,56,0,0
83969,5,1,4,8,19,52,60,32,46,41,0,0
83971,3,0,3,0,17,54,51,28,50,27,0,0
83973,2,0,2,1,4,68,46,45,45,71,0,0
83975,4,0,4,0,6,70,46,38,26,38,0,0
83976,2,0,2,2,3,70,45,34,42,44,0,0
83980,1,0,1,2,9,49,57,37,50,20,0,0
83985,7,4,3,4,36,67,58,34,40,52,0,0
83986,1,0,1,0,2,70,39,35,57,100,0,0
84088,3,0,3,1,10,69,39,36,48,30,0,0
84089,27,12,15,12,107,66,53,40,46,48,0,0
84091,11,4,7,11,36,53,58,41,50,48,0,0
84093,4,1,3,1,12,75,49,14,26,55,0,0
84117,3,1,2,6,6,59,54,37,52,56,0,0
84154,1,0,1,0,7,56,55,38,44,0,0,0
84155,7,0,7,1,58,42,40,24,36,52,0,0
84157,1,0,1,0,8,60,48,15,50,25,0,0
84160,1,0,1,0,6,59,53,5,0,33,0,0
84163,1,0,1,0,7,73,54,15,45,42,0,0
84167,2,0,2,1,4,60,47,44,37,37,0,0
84169,4,0,4,2,29,59,45,14,32,50,0,0
84171,5,0,5,1,14,58,45,29,34,20,0,0
84223,20,6,14,4,121,60,55,35,41,44,0,0
84224,27,11,16,20,50,64,58,48,51,49,0,0
84226,3,1,2,5,6,47,57,32,36,53,0,0
84228,3,1,2,1,17,55,54,27,29,45,0,0
84273,3,1,2,0,16,65,57,38,40,43,0,0
84357,3,0,3,2,11,55,38,21,29,19,0,0
84358,7,3,4,7,17,56,50,48,44,31,0,0
84360,6,1,5,4,59,37,56,33,45,52,0,0
84362,11,5,6,18,37,58,59,41,56,44,0,0
84363,3,2,1,3,7,61,62,43,40,44,0,0
84378,4,1,3,0,13,57,45,31,26,24,0,0
84379,2,0,2,1,16,37,27,11,25,0,0,0
84403,7,3,4,13,67,52,63,34,29,36,0,0
84427,4,0,4,2,12,71,47,30,47,64,0,0
84454,30,13,17,8,38,72,52,48,43,56,0,0
84463,2,0,2,1,7,66,46,31,42,40,0,0
84465,12,3,9,27,54,48,59,43,49,50,0,0
84466,2,0,2,0,9,62,39,38,23,0,0,0
84467,8,4,4,14,37,56,63,46,36,43,0,0
84469,1,0,1,3,2,59,57,38,50,0,0,0
84495,1,0,1,2,2,56,43,11,36,50,0,0
84527,7,0,7,4,33,62,48,26,32,30,0,0
84564,1,0,1,0,8,61,48,28,45,42,0,0
84565,10,5,5,5,46,62,57,47,41,49,0,0
84566,1,0,1,0,9,59,51,25,41,25,0,0
84568,19,7,12,12,57,67,53,43,46,52,0,0
84573,5,3,2,12,30,60,62,43,58,54,0,0
84575,7,4,3,7,32,63,62,47,47,43,0,0
84602,4,1,3,1,11,62,48,40,20,58,0,0
84625,3,1,2,0,10,64,50,40,34,72,0,0
84629,8,4,4,34,39,59,65,45,43,43,0,0
84736,3,1,2,4,8,56,61,41,56,48,0,0
84738,2,0,2,1,16,54,53,26,45,25,0,0
84741,2,0,2,0,7,60,32,50,45,42,0,0
84838,2,0,2,2,2,78,53,35,35,36,0,0
84843,9,4,5,10,69,57,57,42,45,51,0,0
84848,13,1,12,3,55,64,49,34,40,43,0,0
84849,7,0,7,3,29,61,48,30,46,46,0,0
84851,5,1,4,2,32,56,58,29,53,53,0,0
84852,19,9,10,19,119,54,55,42,45,44,0,0
84853,11,7,4,19,37,57,63,46,57,45,0,0
84869,12,7,5,10,35,67,62,48,56,56,0,0
84870,7,3,4,5,10,62,56,48,34,54,0,0
84881,11,4,7,3,80,55,52,40,50,44,0,0
84885,2,0,2,6,11,58,70,34,33,37,0,0
84946,1,0,1,1,4,54,48,34,45,100,0,0
84948,5,0,5,3,28,58,58,33,50,38,0,0
84951,7,1,6,2,41,65,50,34,33,43,0,0
84952,14,4,10,4,80,56,53,41,50,46,0,0
84954,3,1,2,3,8,53,63,40,40,50,0,0
84960,1,0,1,0,7,70,59,29,25,55,0,0
84962,11,5,6,19,52,60,55,45,51,43,0,0
84965,1,0,1,1,2,71,57,29,28,30,0,0
84967,19,7,12,2,70,62,52,40,41,48,0,0
84972,4,2,2,1,20,64,64,40,46,53,0,0
84973,1,0,1,0,6,67,48,29,22,50,0,0
85072,5,0,5,2,53,58,41,23,37,46,0,0
85073,5,1,4,2,11,56,47,46,39,33,0,0
85074,1,0,1,0,5,40,33,27,28,0,0,0
85079,3,1,2,2,21,59,64,32,50,73,0,0
85080,5,1,4,6,23,54,58,43,50,42,0,0
85081,3,1,2,3,15,69,56,40,27,75,0,0
85082,1,0,1,0,2,79,44,16,56,37,0,0
85086,9,3,6,4,44,56,53,40,39,53,0,0
85089,1,0,1,0,3,63,26,9,25,0,0,0
85090,9,6,3,10,27,58,62,44,55,56,0,0
85092,8,3,5,1,47,55,54,37,43,49,0,0
85093,1,1,0,1,6,47,67,45,60,37,0,0
85104,6,3,3,0,17,77,51,36,50,50,0,0
85107,2,0,2,0,8,56,42,26,26,50,0,0
85108,6,0,6,6,24,53,49,38,48,26,0,0
85192,1,0,1,0,0,68,34,25,33,50,0,0
85194,2,0,2,0,5,75,49,22,33,50,0,0
85247,3,0,3,0,17,53,32,25,17,42,0,0
85249,2,0,2,0,12,58,47,22,42,50,0,0
85253,1,0,1,0,2,48,66,37,50,50,0,0
85255,2,1,1,3,7,58,58,39,61,50,0,0
85276,4,1,3,0,7,67,50,44,47,37,0,0
85363,6,3,3,5,17,67,55,39,53,53,0,0
85364,6,1,5,0,76,43,51,28,25,54,0,0
85373,3,1,2,0,17,59,45,24,34,50,0,0
85378,5,1,4,4,25,60,54,44,53,41,0,0
85381,2,0,2,2,15,55,48,27,15,22,0,0
85426,1,0,1,0,3,39,37,28,25,0,0,0
85431,1,0,1,1,3,50,51,34,53,50,0,0
85496,2,0,2,0,7,62,43,35,47,50,0,0
85502,1,0,1,0,2,72,31,25,30,100,0,0
85504,12,5,7,12,25,68,57,50,56,44,0,0
85513,19,7,12,16,99,60,56,39,45,41,0,0
85515,1,0,1,0,5,73,47,18,45,25,0,0
85516,12,3,9,12,69,48,62,37,52,50,0,0
85517,19,4,15,13,67,62,56,40,48,42,0,0
85520,15,5,10,2,38,69,49,42,44,47,0,0
85521,1,0,1,0,5,58,43,46,59,53,0,0
85522,5,1,4,1,12,67,48,40,52,46,0,0
85523,1,0,1,0,1,69,44,63,58,42,0,0
85554,8,2,6,11,66,60,57,37,53,40,0,0
85626,1,0,1,0,5,56,58,27,44,14,0,0
85634,3,0,3,0,15,50,29,19,28,0,0,0
85635,2,0,2,0,16,48,47,27,40,100,0,0
85642,1,0,1,0,3,64,34,50,50,33,0,0
85649,8,2,6,0,14,75,50,45,39,54,0,0
85689,4,1,3,2,13,59,57,41,38,63,0,0
85692,1,0,1,0,5,54,27,20,25,0,0,0
85696,4,0,4,0,17,66,47,35,58,25,0,0
85734,1,0,1,0,8,58,42,25,50,25,0,0
85740,3,0,3,1,24,57,60,34,39,26,0,0
85743,1,0,1,0,6,55,44,27,45,33,0,0
85745,10,3,7,0,26,60,48,35,41,54,0,0
85760,8,4,4,5,20,66,53,39,39,44,0,0
85781,1,0,1,0,3,62,16,18,33,0,0,0
85861,1,0,1,2,1,56,40,38,40,100,0,0
85871,3,0,3,0,32,36,45,10,25,0,0,0
85876,1,0,1,0,6,51,60,46,37,50,0,0
85877,3,1,2,2,9,65,54,46,50,56,0,0
85881,9,3,6,9,31,60,58,39,45,46,0,0
85883,5,2,3,4,11,66,54,42,32,47,0,0
85884,2,0,2,2,11,56,41,30,25,25,0,0
85887,2,0,2,0,6,64,37,40,23,42,0,0
85888,1,0,1,1,1,48,42,47,53,40,0,0
85993,6,0,6,1,20,68,48,27,41,53,0,0
85995,1,0,1,0,8,42,33,20,45,33,0,0
86003,9,5,4,6,37,54,52,41,46,48,0,0
86014,6,1,5,1,7,68,45,32,40,64,0,0
86017,3,0,3,0,16,58,48,33,33,40,0,0
86020,8,3,5,10,44,58,56,39,54,45,0,0
86022,8,3,5,3,32,61,52,38,51,43,0,0
86023,2,0,2,1,4,61,18,13,20,0,0,0
86026,16,7,9,9,72,61,58,43,46,45,0,0
86027,2,0,2,1,12,66,40,41,20,36,0,0
86029,21,10,11,12,71,65,57,42,46,53,0,0
86030,13,4,9,0,28,64,49,41,46,48,0,0
86045,3,1,2,1,13,60,52,46,42,39,0,0
86046,2,0,2,0,4,66,50,30,50,57,0,0
86047,5,2,3,4,16,61,54,42,55,53,0,0
86048,31,16,15,20,74,68,61,43,45,53,0,0
86049,14,4,10,3,24,68,51,40,52,54,0,0
86070,1,0,1,1,1,65,51,63,50,75,0,0
86077,1,0,1,1,6,47,30,22,46,28,0,0
86119,1,0,1,0,15,32,36,8,22,100,0,0
86156,7,2,5,2,12,71,50,46,53,38,0,0
86186,1,0,1,1,3,61,66,31,40,22,0,0
86201,4,0,4,1,17,74,43,30,46,44,0,0
86206,4,0,4,0,25,58,50,31,37,21,0,0
86209,7,1,6,1,47,59,50,32,39,51,0,0
86211,7,2,5,12,17,56,53,48,36,49,0,0
86217,5,1,4,2,26,57,44,36,40,60,0,0
86222,1,0,1,0,9,47,47,23,40,0,0,0
86225,2,0,2,0,5,50,50,37,47,50,0,0
86227,8,3,5,1,41,69,56,37,40,44,0,0
86330,50,30,20,93,141,68,60,45,53,48,0,0
86358,25,12,13,48,146,54,64,41,51,43,0,0
86360,9,0,9,8,80,53,45,29,43,46,0,0
86362,2,1,1,3,3,74,59,57,66,66,0,0
86363,3,0,3,0,10,52,46,38,44,50,0,0
86364,1,0,1,0,12,44,36,28,41,33,0,0
86372,10,6,4,4,62,66,52,39,48,50,0,0
86379,11,5,6,12,26,63,60,45,53,49,0,0
86380,8,5,3,14,13,56,59,44,57,51,0,0
86384,6,0,6,11,34,58,49,35,53,35,0,0
86386,4,0,4,2,12,69,51,36,46,48,0,0
86393,1,0,1,1,4,63,52,45,55,0,0,0
86394,1,0,1,0,1,81,25,16,14,0,0,0
86395,3,0,3,2,6,71,32,18,25,57,0,0
86396,3,1,2,6,13,57,59,41,65,54,0,0
86397,1,0,1,0,10,39,50,20,25,25,0,0
86399,4,3,1,7,26,60,67,44,56,57,0,0
86400,19,9,10,38,112,55,58,39,48,46,0,0
86401,1,0,1,0,5,54,43,26,50,0,0,0
86451,4,1,3,0,13,72,45,33,31,57,0,0
86482,6,0,6,10,18,47,45,37,45,32,0,0
86532,1,0,1,0,3,51,50,38,54,0,0,0
86533,2,0,2,0,12,58,42,25,33,25,0,0
86535,3,1,2,4,6,68,62,49,38,50,0,0
86537,2,0,2,0,10,63,50,41,42,66,0,0
86539,3,0,3,0,12,60,43,25,32,8,0,0
86540,1,0,1,2,6,51,50,50,55,0,0,0
86547,2,0,2,0,12,47,31,26,29,0,0,0
86550,18,5,13,13,75,58,56,43,36,51,0,0
86562,1,0,1,0,3,58,39,25,28,0,0,0
86581,29,17,12,38,175,58,59,45,48,46,0,0
86691,1,0,1,0,2,57,48,45,54,0,0,0
86692,2,0,2,1,8,53,46,26,35,0,0,0
86693,1,0,1,0,6,50,43,0,25,0,0,0
86694,1,0,1,0,7,62,41,25,36,50,0,0
86697,6,1,5,0,32,62,50,34,41,34,0,0
86698,14,1,13,1,61,58,49,28,40,37,0,0
86700,1,0,1,0,1,67,35,40,44,0,0,0
86702,13,5,8,15,40,59,58,46,40,51,0,0
86704,4,2,2,4,26,66,56,45,55,36,0,0
86706,8,5,3,30,29,51,67,50,45,56,0,0
86708,16,3,13,14,75,64,55,41,50,44,0,0
86710,3,0,3,1,6,64,38,10,32,0,0,0
86713,8,1,7,3,69,52,52,26,34,53,0,0
86819,4,1,3,3,21,54,45,32,25,61,0,0
86868,1,0,1,0,5,46,40,5,25,0,0,0
86869,3,0,3,0,10,64,47,24,30,16,0,0
86873,1,0,1,0,4,62,40,38,22,50,0,0
86875,3,1,2,1,15,56,61,36,55,39,0,0
86877,1,0,1,0,4,60,46,19,41,50,0,0
86884,3,1,2,0,9,73,52,36,51,40,0,0
86954,29,11,18,40,121,70,58,37,51,46,0,0
86982,6,2,4,5,13,68,52,45,55,53,0,0
87013,2,0,2,0,9,50,45,25,21,37,0,0
87016,3,0,3,9,14,52,56,39,47,34,0,0
87019,25,7,18,13,88,65,51,39,45,47,0,0
87023,3,2,1,1,12,67,55,34,43,53,0,0
87024,1,0,1,0,3,59,26,15,25,0,0,0
87026,1,0,1,0,7,37,33,36,0,33,0,0
87027,1,0,1,0,3,65,41,40,37,0,0,0
87028,11,1,10,35,100,51,59,34,41,42,0,0
87032,1,0,1,1,10,46,61,36,58,18,0,0
87034,35,18,17,71,174,57,59,41,52,49,0,0
87035,19,7,12,34,75,60,56,39,45,44,0,0
87036,1,0,1,3,7,50,61,23,44,10,0,0
87058,5,1,4,6,25,52,57,31,27,34,0,0
87075,4,0,4,3,26,65,52,26,36,52,0,0
87186,10,6,4,18,46,49,62,42,44,51,0,0
87189,3,0,3,3,23,53,52,35,37,38,0,0
87190,15,8,7,5,22,74,55,49,47,46,0,0
87191,4,1,3,2,28,54,57,36,43,41,0,0
87192,19,7,12,20,67,47,58,45,53,43,0,0
87193,1,0,1,0,2,65,41,42,53,33,0,0
87196,1,0,1,0,7,30,50,42,42,0,0,0
87197,2,1,1,3,12,52,56,32,42,42,0,0
87198,8,1,7,7,39,67,51,36,55,48,0,0
87199,23,9,14,15,89,63,56,38,49,43,0,0
87200,3,0,3,1,9,62,52,38,51,28,0,0
87202,23,9,14,29,116,56,61,46,49,45,0,0
87204,1,0,1,0,2,71,43,33,40,28,0,0
87205,18,6,12,5,65,48,55,42,35,49,0,0
87206,1,0,1,0,5,63,46,36,57,66,0,0
87210,18,5,13,4,62,69,50,30,45,54,0,0
87213,6,2,4,6,28,54,46,33,38,43,0,0
87215,2,0,2,0,9,59,28,21,17,75,0,0
87217,4,0,4,1,20,57,32,30,33,22,0,0
87223,3,0,3,2,8,44,56,35,37,33,0,0
87229,5,2,3,0,35,57,56,40,50,44,0,0
87231,1,0,1,1,2,66,46,31,58,0,0,0
87233,4,1,3,6,9,57,50,38,31,44,0,0
87261,7,3,4,7,21,52,64,46,57,66,0,0
87367,3,0,3,3,18,50,45,16,43,25,0,0
87384,1,0,1,0,1,75,29,33,25,33,0,0
87387,6,0,6,4,27,56,46,36,34,31,0,0
87388,17,12,5,2,56,73,54,44,51,60,0,0
87391,3,1,2,4,10,49,68,45,43,36,0,0
87393,12,2,10,4,67,61,53,36,44,47,0,0
87394,2,0,2,0,8,62,44,37,33,0,0,0
87398,7,4,3,7,35,61,62,41,47,49,0,0
87401,1,0,1,1,2,70,46,33,33,33,0,0
87413,15,6,9,10,40,60,56,44,48,45,0,0
87415,13,6,7,2,13,73,52,48,55,42,0,0
87578,1,0,1,0,6,48,61,21,40,28,0,0
87581,7,1,6,2,37,56,51,37,36,51,0,0
87584,2,0,2,0,3,62,43,50,35,50,0,0
87585,5,0,5,5,38,55,51,39,51,33,0,0
87592,13,6,7,20,62,53,65,44,55,54,0,0
87594,2,0,2,2,12,51,52,32,41,100,0,0
87598,1,0,1,0,7,58,28,38,45,0,0,0
87599,6,1,5,1,23,67,51,40,49,43,0,0
87601,3,1,2,5,16,61,56,46,61,45,0,0
87603,1,0,1,0,3,66,36,35,50,100,0,0
87614,1,0,1,1,10,53,58,23,28,0,0,0
87615,4,0,4,4,24,43,55,35,36,35,0,0
87616,1,0,1,2,7,52,42,25,12,50,0,0
87647,1,0,1,1,7,64,31,22,41,25,0,0
87707,1,0,1,0,6,59,58,36,33,100,0,0
87708,1,0,1,0,2,63,31,47,33,0,0,0
87769,1,0,1,0,3,53,43,40,50,0,0,0
87770,1,0,1,0,11,38,35,18,14,100,0,0
87771,2,0,2,0,5,65,47,29,56,37,0,0
87773,13,4,9,8,32,66,57,47,46,52,0,0
87774,6,2,4,4,24,60,53,43,55,42,0,0
87775,8,3,5,6,36,68,53,33,45,46,0,0
87780,3,1,2,0,13,63,48,41,37,56,0,0
87783,2,0,2,1,13,45,38,29,26,0,0,0
87786,2,0,2,0,6,77,48,34,38,35,0,0
87928,3,0,3,0,14,60,40,27,40,71,0,0
87934,2,0,2,0,12,62,44,36,35,60,0,0
87935,1,0,1,0,8,47,50,25,44,0,0,0
87938,4,1,3,4,12,57,56,35,46,52,0,0
87939,1,0,1,0,2,61,43,45,53,60,0,0
88065,1,0,1,0,8,62,60,26,28,50,0,0
88068,11,2,9,7,35,67,54,40,54,37,0,0
88075,2,0,2,0,9,53,50,41,52,60,0,0
88081,2,1,1,0,2,74,44,32,47,87,0,0
88082,6,3,3,2,33,57,52,34,49,59,0,0
88201,2,0,2,2,12,66,43,41,48,57,0,0
88202,2,0,2,0,5,67,42,32,47,37,0,0
88203,3,0,3,3,27,64,59,30,39,40,0,0
88206,7,3,4,12,33,61,64,39,40,47,0,0
88221,1,0,1,0,7,64,45,25,53,37,0,0
88223,11,3,8,21,33,58,54,44,50,36,0,0
88256,1,0,1,1,6,68,55,40,63,33,0,0
88351,9,3,6,5,48,58,54,44,53,49,0,0
88352,2,0,2,0,4,58,40,24,35,37,0,0
88354,9,3,6,17,27,61,62,35,36,58,0,0
88357,5,2,3,8,10,64,56,40,54,52,0,0
88376,11,4,7,1,64,65,56,35,35,62,0,0
88380,1,0,1,0,1,66,45,55,28,20,0,0
88382,2,1,1,1,12,65,48,44,38,33,0,0
88456,2,0,2,2,4,61,36,18,21,0,0,0
88488,7,1,6,1,26,63,53,40,42,54,0,0
88489,1,0,1,3,1,56,56,44,33,33,0,0
88491,3,0,3,4,16,57,48,36,55,87,0,0
88498,1,0,1,0,3,45,26,30,12,100,0,0
88499,7,3,4,20,29,65,63,36,58,34,0,0
88500,7,3,4,19,28,65,62,45,50,48,0,0
88501,2,0,2,1,15,51,53,33,33,50,0,0
88502,1,0,1,0,13,39,47,31,27,71,0,0
88505,4,1,3,0,35,65,50,28,51,66,0,0
88511,43,18,25,41,102,68,55,43,47,47,0,0
88608,11,6,5,14,21,66,60,48,54,46,0,0
88646,1,0,1,1,2,63,51,42,64,100,0,0
88661,4,1,3,0,4,83,52,46,43,53,0,0
88662,3,0,3,0,7,62,50,32,52,60,0,0
88664,17,7,10,6,75,66,55,40,52,49,0,0
88673,1,0,1,3,7,54,58,45,50,66,0,0
88782,4,1,3,0,25,60,59,32,53,50,0,0
88785,9,3,6,0,29,66,52,42,49,45,0,0
88792,6,2,4,6,23,60,60,35,50,55,0,0
88794,8,3,5,1,45,65,57,41,46,50,0,0
88804,26,11,15,42,74,58,58,49,48,54,0,0
88818,11,7,4,5,41,62,56,45,51,54,0,0
88899,7,1,6,4,28,58,54,35,45,38,0,0
88906,1,0,1,0,2,51,60,5,40,0,0,0
88933,1,0,1,0,9,51,58,25,33,50,0,0
88935,7,3,4,8,28,60,54,42,55,61,0,0
88936,1,0,1,2,4,47,39,28,36,25,0,0
88937,1,0,1,0,4,73,42,29,38,41,0,0
88938,1,0,1,1,8,52,47,44,64,40,0,0
88944,5,2,3,4,20,57,58,36,38,48,0,0
88947,10,2,8,13,38,53,53,38,40,48,0,0
88950,21,7,14,20,95,57,57,37,47,43,0,0
88952,2,0,2,1,13,53,50,19,36,50,0,0
88955,1,0,1,0,3,80,38,11,12,40,0,0
88957,3,0,3,0,22,53,42,32,34,50,0,0
88960,1,0,1,4,7,64,63,38,50,62,0,0
88996,8,2,6,6,42,66,55,37,49,55,0,0
88997,11,4,7,6,40,57,58,40,50,44,0,0
89072,4,1,3,6,24,53,57,42,45,51,0,0
89088,1,0,1,0,15,22,37,21,14,0,0,0
89094,6,1,5,8,28,53,59,41,33,57,0,0
89108,4,1,3,3,13,55,50,41,28,31,0,0
89229,4,0,4,1,25,64,51,39,51,36,0,0
89234,1,0,1,0,10,47,31,5,30,50,0,0
89236,2,0,2,1,10,56,54,30,50,100,0,0
89237,1,0,1,1,6,46,38,20,20,0,0,0
89239,2,1,1,0,16,47,57,38,47,73,0,0
89240,5,0,5,2,56,58,52,29,36,45,0,0
89243,5,1,4,3,18,65,54,46,45,51,0,0
89245,1,0,1,1,10,53,46,16,42,60,0,0
89248,13,8,5,32,55,55,62,47,43,50,0,0
89249,2,1,1,0,3,66,47,40,52,60,0,0
89250,8,2,6,16,59,56,58,46,61,49,0,0
89251,12,6,6,20,76,56,63,40,47,47,0,0
89252,6,2,4,3,13,57,56,45,57,45,0,0
89254,1,0,1,0,1,38,52,36,50,0,0,0
89256,1,0,1,0,5,54,33,30,45,0,0,0
89257,1,0,1,1,3,65,39,45,40,50,0,0
89260,9,0,9,8,52,54,45,39,48,25,0,0
89261,2,0,2,0,14,62,41,34,40,47,0,0
89266,4,1,3,4,22,57,57,35,33,72,0,0
89416,1,0,1,0,2,63,41,35,37,50,0,0
89417,24,13,11,32,84,58,56,41,56,52,0,0
89418,1,0,1,0,2,51,60,26,16,33,0,0
89421,2,0,2,0,8,66,37,34,44,0,0,0
89425,30,15,15,32,135,58,59,45,54,47,0,0
89426,7,4,3,2,24,55,54,43,47,49,0,0
89427,2,0,2,1,7,68,45,51,29,50,0,0
89447,3,0,3,1,12,55,36,21,28,100,0,0
89529,10,4,6,4,45,59,59,40,50,41,0,0
89547,1,0,1,1,7,36,64,33,58,0,0,0
89553,2,0,2,0,9,60,45,31,27,33,0,0
89554,1,0,1,0,11,48,45,19,40,0,0,0
89566,1,0,1,0,10,60,42,14,37,0,0,0
89567,3,1,2,4,14,59,52,34,48,27,0,0
89568,1,0,1,0,9,35,25,27,33,0,0,0
89718,5,1,4,0,17,70,47,43,45,43,0,0
89805,1,0,1,0,8,45,57,20,25,0,0,0
89808,2,0,2,0,11,59,25,24,22,60,0,0
89812,11,3,8,6,68,57,52,35,42,50,0,0
89814,2,0,2,0,11,52,50,29,38,66,0,0
89815,2,0,2,1,10,57,38,23,26,75,0,0
89836,4,2,2,5,21,66,57,46,44,47,0,0
89875,1,0,1,0,6,51,45,26,45,20,0,0
89942,3,1,2,0,20,56,52,33,41,72,0,0
89945,1,0,1,0,2,76,42,30,40,20,0,0
89956,3,2,1,1,8,56,56,50,57,48,0,0
90023,2,0,2,0,13,52,50,30,44,0,0,0
90082,10,6,4,5,35,62,58,38,43,46,0,0
90085,1,0,1,0,3,69,27,30,36,50,0,0
90086,7,2,5,7,42,46,50,39,40,44,0,0
90087,4,2,2,0,16,64,52,39,43,61,0,0
90091,1,0,1,0,0,69,51,45,12,71,0,0
90093,4,2,2,1,23,62,56,44,32,42,0,0
90097,1,0,1,3,2,73,55,30,33,0,0,0
90115,8,4,4,3,17,59,59,49,49,63,0,0
90116,8,4,4,5,15,75,57,33,42,43,0,0
90249,3,1,2,4,15,52,60,36,38,41,0,0
90250,2,0,2,1,8,61,54,31,28,61,0,0
90251,5,2,3,0,23,56,51,42,47,57,0,0
90255,4,1,3,0,19,53,54,46,51,47,0,0
90256,2,0,2,0,11,53,38,25,42,0,0,0
90257,1,0,1,0,5,63,47,23,28,0,0,0
90258,6,2,4,11,38,59,57,35,45,44,0,0
90259,10,5,5,8,42,61,58,48,44,46,0,0
90261,3,0,3,4,15,62,49,38,57,44,0,0
90290,30,12,18,104,233,54,61,39,49,51,0,0
90313,3,2,1,2,5,68,61,43,51,66,0,0
90391,1,0,1,0,1,60,47,45,22,100,0,0
90394,1,0,1,2,7,40,56,33,50,0,0,0
90396,4,1,3,6,13,62,61,41,37,37,0,0
90397,1,0,1,0,11,55,56,33,71,25,0,0
90398,3,1,2,1,10,60,52,46,30,52,0,0
90416,2,1,1,14,11,54,81,40,50,62,0,0
90477,3,0,3,1,15,50,62,38,51,100,0,0
90503,2,0,2,1,31,41,52,30,35,50,0,0
90504,2,0,2,1,8,58,51,27,52,37,0,0
90507,11,2,9,10,75,55,52,38,41,42,0,0
90511,1,0,1,0,1,72,46,50,45,44,0,0
90512,2,0,2,0,9,60,43,29,45,37,0,0
90514,14,5,9,10,68,59,57,37,48,65,0,0
90515,3,0,3,1,9,72,54,47,58,84,0,0
90516,8,4,4,0,27,71,58,41,47,65,0,0
90517,1,0,1,0,10,39,18,11,25,33,0,0
90519,3,1,2,1,8,58,56,38,65,33,0,0
90520,3,0,3,3,23,66,47,36,40,44,0,0
90530,8,5,3,8,21,58,57,46,51,45,0,0
90590,6,2,4,2,24,60,57,42,43,57,0,0
90636,7,2,5,10,45,67,61,33,45,45,0,0
90638,16,7,9,24,45,57,60,39,45,42,0,0
90639,30,14,16,18,53,65,55,49,52,49,0,0
90641,8,3,5,4,42,48,60,39,52,54,0,0
90642,34,18,16,18,185,58,57,39,41,50,0,0
90643,18,8,10,17,95,56,59,44,51,48,0,0
90644,1,0,1,0,4,51,41,43,37,50,0,0
90645,1,0,1,6,8,58,66,47,75,20,0,0
90647,2,0,2,1,8,62,51,31,30,0,0,0
90648,7,4,3,7,36,59,61,41,39,65,0,0
90650,1,0,1,0,3,75,50,15,40,28,0,0
90651,36,17,19,16,140,66,55,39,43,50,0,0
90652,1,0,1,0,2,66,50,48,66,100,0,0
90654,7,2,5,2,41,58,52,33,37,46,0,0
90655,1,0,1,0,3,64,40,36,22,33,0,0
90659,7,1,6,5,26,58,45,35,41,41,0,0
90779,8,2,6,7,23,54,57,39,51,44,0,0
90781,5,1,4,1,42,49,56,31,38,46,0,0
90782,8,5,3,23,37,58,64,45,65,61,0,0
90783,1,0,1,1,5,39,35,26,41,20,0,0
90784,2,0,2,1,12,53,29,20,33,25,0,0
90787,12,6,6,1,14,79,46,40,45,57,0,0
90790,1,0,1,0,3,65,44,30,37,0,0,0
90791,7,3,4,4,21,76,55,36,53,52,0,0
90793,6,1,5,0,22,66,52,35,47,45,0,0
90797,7,3,4,4,45,51,57,40,56,41,0,0
90806,1,0,1,0,3,75,40,33,28,0,0,0
90815,2,0,2,1,13,49,50,24,40,100,0,0
90937,3,0,3,0,22,55,42,26,37,28,0,0
90964,1,0,1,2,8,32,52,25,46,20,0,0
90967,2,0,2,0,13,50,38,33,41,47,0,0
90969,5,3,2,1,6,66,57,50,65,62,0,0
90971,2,0,2,0,10,54,54,37,59,55,0,0
90972,1,0,1,0,5,47,58,46,33,55,0,0
90974,2,0,2,0,26,52,64,27,60,40,0,0
90979,3,0,3,2,33,47,56,28,31,62,0,0
90980,1,0,1,0,4,64,20,18,14,0,0,0
90982,3,0,3,1,15,71,51,33,42,31,0,0
90983,9,2,7,10,33,63,57,42,50,40,0,0
90987,5,1,4,0,30,58,49,35,48,60,0,0
91009,1,0,1,0,4,51,40,28,14,33,0,0
91111,1,0,1,0,4,61,47,30,38,83,0,0
91133,5,2,3,3,8,75,57,48,46,55,0,0
91138,1,0,1,0,1,52,42,26,40,14,0,0
91144,2,1,1,0,12,62,47,40,52,53,0,0
91145,1,0,1,0,11,46,60,23,45,100,0,0
91146,1,0,1,0,3,65,34,26,40,50,0,0
91194,1,0,1,0,4,56,33,33,30,100,0,0
91229,2,0,2,2,13,44,26,26,14,25,0,0
91231,4,2,2,0,11,67,44,31,30,51,0,0
91235,9,2,7,0,34,67,48,40,38,43,0,0
91309,1,0,1,0,4,56,59,38,20,16,0,0
91310,3,1,2,0,14,63,52,39,45,70,0,0
91312,3,2,1,0,25,48,61,29,40,52,0,0
91319,1,0,1,0,2,44,33,13,16,0,0,0
91321,2,0,2,0,9,58,24,15,7,14,0,0
91403,5,1,4,5,6,61,47,48,43,58,0,0
91404,3,1,2,3,9,59,58,44,43,58,0,0
91452,5,3,2,1,24,61,60,42,52,57,0,0
91453,1,0,1,0,3,65,53,46,40,0,0,0
91454,9,0,9,2,39,53,43,21,33,30,0,0
91455,9,0,9,7,66,59,45,31,33,54,0,0
91458,2,0,2,1,9,58,46,37,48,57,0,0
91531,4,1,3,0,22,57,52,32,38,42,0,0
91532,2,0,2,1,9,51,41,25,35,50,0,0
91534,2,0,2,0,22,51,35,34,38,37,0,0
91549,1,0,1,1,3,69,63,42,57,50,0,0
91617,2,0,2,0,8,57,55,47,42,29,0,0
91620,2,1,1,0,7,68,54,34,22,75,0,0
91686,1,0,1,0,6,40,25,16,25,0,0,0
91687,2,0,2,0,8,47,44,34,29,25,0,0
91688,9,3,6,8,31,61,55,45,53,45,0,0
91690,2,1,1,0,2,52,54,18,33,60,0,0
91776,1,0,1,0,4,69,43,50,28,0,0,0
91869,17,4,13,10,118,62,53,30,46,47,0,0
91871,3,0,3,4,12,50,52,40,36,20,0,0
91873,3,0,3,2,20,46,39,27,39,50,0,0
91874,5,3,2,5,12,58,72,42,26,40,0,0
91882,6,1,5,2,39,63,51,38,47,41,0,0
91884,23,10,13,23,72,51,60,41,51,50,0,0
91922,1,0,1,0,2,70,32,33,14,0,0,0
91952,16,7,9,19,85,64,56,45,52,44,0,0
91982,1,0,1,0,8,55,48,46,50,33,0,0
91983,5,2,3,1,11,61,55,43,33,47,0,0
91984,2,1,1,3,22,53,66,36,53,60,0,0
91985,7,4,3,6,55,57,57,35,48,48,0,0
91986,2,0,2,2,11,55,60,38,61,20,0,0
91987,2,0,2,0,10,52,37,38,26,25,0,0
91989,5,2,3,2,20,73,52,43,56,41,0,0
91990,5,1,4,4,32,56,55,42,49,37,0,0
92010,10,4,6,3,60,67,48,32,41,39,0,0
92011,2,0,2,0,3,48,43,35,64,42,0,0
92063,1,0,1,0,2,64,51,25,16,25,0,0
92088,3,1,2,1,8,73,53,41,54,58,0,0
92089,1,0,1,0,3,40,45,33,50,25,0,0
92090,3,1,2,2,16,59,55,40,30,46,0,0
92092,3,1,2,7,9,62,60,30,45,60,0,0
92096,1,0,1,0,5,56,48,44,14,50,0,0
92097,11,2,9,7,44,55,55,41,44,44,0,0
92100,1,0,1,0,17,42,61,22,12,33,0,0
92104,19,8,11,7,40,67,53,38,42,49,0,0
92105,1,0,1,0,5,52,31,29,44,0,0,0
92106,9,4,5,4,22,68,55,43,53,47,0,0
92115,4,0,4,7,30,55,53,36,52,48,0,0
92116,5,3,2,10,13,45,65,44,35,44,0,0
92130,1,0,1,1,8,64,48,29,0,0,0,0
92131,4,1,3,2,27,51,50,36,50,50,0,0
92262,1,0,1,0,9,48,57,20,37,0,0,0
92264,6,0,6,4,35,58,46,32,39,43,0,0
92267,1,0,1,1,4,57,31,31,14,33,0,0
92269,2,1,1,1,5,78,51,45,38,47,0,0
92272,3,1,2,4,16,59,58,39,54,50,0,0
92273,2,0,2,0,7,62,35,33,36,28,0,0
92274,4,1,3,4,33,50,47,34,26,61,0,0
92279,19,11,8,22,86,61,61,44,57,48,0,0
92282,23,10,13,6,24,76,49,40,46,51,0,0
92283,3,0,3,4,9,47,52,25,26,50,0,0
92284,3,1,2,1,2,79,47,41,46,47,0,0
92285,3,0,3,0,12,53,52,41,26,30,0,0
92286,2,0,2,3,7,45,42,43,31,27,0,0
92287,3,0,3,1,17,65,48,32,37,41,0,0
92288,3,1,2,3,6,55,54,44,43,39,0,0
92289,1,0,1,0,5,59,48,50,50,0,0,0
92290,1,0,1,2,2,78,53,33,50,18,0,0
92291,2,0,2,2,8,61,48,33,50,45,0,0
92292,2,2,0,0,5,57,62,67,40,52,0,0
92293,3,0,3,3,19,54,49,32,38,30,0,0
92294,4,2,2,3,20,54,55,50,33,42,0,0
92295,4,2,2,7,16,50,61,41,53,47,0,0
92296,2,0,2,8,3,60,47,42,36,45,0,0
92297,3,1,2,1,6,69,53,44,42,55,0,0
92299,1,0,1,0,15,31,68,17,22,50,0,0
92300,4,1,3,2,24,54,56,33,42,47,0,0
92301,2,1,1,4,9,60,60,51,0,55,0,0
92321,1,1,0,0,2,71,55,45,50,70,0,0
92362,11,5,6,9,24,65,59,41,57,42,0,0
92428,7,2,5,24,31,56,58,46,54,54,0,0
92431,2,0,2,0,23,55,45,13,33,16,0,0
92435,1,0,1,3,13,32,64,31,28,28,0,0
92436,2,0,2,1,7,45,35,36,15,66,0,0
92442,2,0,2,0,13,70,51,35,47,58,0,0
92443,4,1,3,3,19,54,51,46,51,61,0,0
92444,1,0,1,4,4,62,74,43,0,66,0,0
92445,7,3,4,2,64,60,60,30,51,55,0,0
92446,3,0,3,2,15,69,44,34,54,18,0,0
92449,1,0,1,0,4,63,37,17,30,50,0,0
92450,3,0,3,1,11,56,47,42,39,53,0,0
92451,1,0,1,0,4,59,40,35,28,0,0,0
92457,4,1,3,1,18,60,50,32,47,56,0,0
92459,8,4,4,1,22,75,51,41,46,67,0,0
92462,2,0,2,0,17,61,32,17,31,53,0,0
92463,1,0,1,1,4,50,47,35,37,0,0,0
92465,1,0,1,0,3,51,39,34,25,100,0,0
92575,5,3,2,1,13,64,58,51,56,59,0,0
92595,2,1,1,2,15,54,50,42,42,55,0,0
92601,1,0,1,0,6,58,55,26,57,25,0,0
92602,5,3,2,4,29,67,60,38,57,42,0,0
92603,1,0,1,0,1,53,37,37,50,66,0,0
92605,5,2,3,2,21,70,56,41,63,50,0,0
92606,1,0,1,0,2,55,36,13,0,0,0,0
92610,9,3,6,2,40,65,50,44,33,52,0,0
92611,1,0,1,1,4,48,33,9,27,44,0,0
92613,1,0,1,0,4,67,48,20,40,66,0,0
92619,32,22,10,80,195,53,64,44,60,53,0,0
92621,2,0,2,0,16,46,37,24,15,0,0,0
92623,1,0,1,0,7,60,42,17,25,28,0,0
92624,4,1,3,0,23,67,52,41,51,51,0,0
92648,12,9,3,21,57,62,59,43,54,51,0,0
92651,1,0,1,1,11,42,45,31,50,50,0,0
92652,1,0,1,0,15,49,46,18,30,80,0,0
92653,1,0,1,0,6,48,36,25,40,0,0,0
92720,10,5,5,16,61,50,63,43,48,48,0,0
92737,8,3,5,17,54,54,64,35,52,47,0,0
92750,1,0,1,0,9,48,45,11,0,57,0,0
92751,3,0,3,0,15,63,43,30,30,33,0,0
92767,11,6,5,14,63,62,62,45,51,50,0,0
92768,4,1,3,5,8,68,50,31,44,53,0,0
92769,2,0,2,0,7,50,39,18,33,100,0,0
92841,1,0,1,1,10,36,28,29,33,33,0,0
92846,22,14,8,14,33,67,57,44,52,49,0,0
92848,2,1,1,0,7,73,41,33,26,63,0,0
92864,4,1,3,3,12,63,52,36,48,55,0,0
92866,1,0,1,1,4,70,40,28,41,75,0,0
92882,2,0,2,3,12,63,46,20,47,12,0,0
92980,3,1,2,0,11,65,50,36,40,73,0,0
92981,1,0,1,0,8,42,42,10,25,0,0,0
92984,1,0,1,0,6,50,35,11,0,0,0,0
92986,6,0,6,1,69,33,43,13,21,25,0,0
92987,2,0,2,1,11,57,53,24,40,45,0,0
92991,2,0,2,0,8,57,35,23,26,0,0,0
92993,3,1,2,5,12,64,46,52,45,54,0,0
92994,1,0,1,0,3,61,38,31,14,20,0,0
92995,1,0,1,0,2,61,28,15,25,0,0,0
92996,1,0,1,0,10,44,23,19,12,50,0,0
93114,1,0,1,0,5,62,58,30,54,33,0,0
93120,1,0,1,2,6,25,66,14,0,0,0,0
93121,2,0,2,0,7,62,44,34,37,0,0,0
93123,2,1,1,1,5,64,57,36,46,66,0,0
93128,1,0,1,0,6,50,35,39,63,50,0,0
93130,2,0,2,1,11,64,44,15,21,66,0,0
93168,2,0,2,1,18,47,44,23,35,0,0,0
93169,1,0,1,0,6,51,35,26,40,0,0,0
93170,1,0,1,0,9,55,45,26,50,50,0,0
93171,1,0,1,0,3,62,39,21,40,0,0,0
93172,1,0,1,0,3,58,0,0,0,0,0,0
93173,1,0,1,0,6,57,42,28,36,71,0,0
93174,1,0,1,0,2,68,39,30,33,33,0,0
93186,1,0,1,0,2,66,50,26,50,33,0,0
93300,11,4,7,24,59,58,63,44,47,51,0,0
93301,5,3,2,5,17,66,55,39,58,49,0,0
93302,1,0,1,1,10,64,58,32,58,75,0,0
93303,1,0,1,0,2,70,10,12,0,0,0,0
93305,2,1,1,0,4,67,57,36,50,45,0,0
93306,1,0,1,1,5,67,51,23,60,100,0,0
93307,1,0,1,0,8,43,21,22,33,0,0,0
93381,1,0,1,2,0,64,53,52,33,20,0,0
93439,1,0,1,0,9,46,53,31,50,41,0,0
93440,2,1,1,0,18,65,50,42,60,61,0,0
93448,1,0,1,1,6,60,57,37,55,42,0,0
93452,1,0,1,1,1,50,32,40,36,66,0,0
93459,1,0,1,0,4,65,40,52,53,80,0,0
93460,1,0,1,1,0,50,40,60,100,0,0,0
93462,7,3,4,0,47,61,51,30,36,43,0,0
93463,1,0,1,0,0,69,22,50,25,0,0,0
93464,25,15,10,42,83,59,63,44,54,50,0,0
93465,1,0,1,0,2,61,60,36,55,33,0,0
93466,3,1,2,2,25,52,57,46,63,33,0,0
93467,5,1,4,5,22,56,54,40,38,57,0,0
93468,1,0,1,0,3,82,51,38,14,87,0,0
93481,1,0,1,0,0,70,53,21,30,66,0,0
93506,3,0,3,0,9,75,45,41,43,39,0,0
93584,1,0,1,0,7,63,52,30,33,42,0,0
93618,1,0,1,1,1,49,42,47,40,30,0,0
93619,1,0,1,0,3,41,37,26,33,33,0,0
93620,1,0,1,0,6,72,57,6,50,50,0,0
93621,1,0,1,0,5,39,30,20,25,0,0,0
93622,6,3,3,9,8,62,61,47,64,65,0,0
93623,6,3,3,3,25,67,51,29,48,47,0,0
93626,6,2,4,4,22,56,55,42,36,33,0,0
93630,4,1,3,2,16,69,52,42,53,48,0,0
93631,2,0,2,1,11,48,47,36,28,33,0,0
93633,2,0,2,0,4,60,46,30,36,62,0,0
93637,1,0,1,1,3,55,54,15,45,0,0,0
93639,1,0,1,0,7,42,40,15,25,0,0,0
93641,1,0,1,0,3,61,57,18,28,33,0,0
93643,15,6,9,18,92,57,58,43,39,49,0,0
93648,1,0,1,1,3,48,42,22,25,0,0,0
93651,2,0,2,0,4,72,40,38,52,33,0,0
93652,2,0,2,0,6,68,46,48,56,28,0,0
93653,1,0,1,2,6,44,63,25,16,16,0,0
93677,5,3,2,1,10,82,50,40,45,52,0,0
93789,4,0,4,1,16,60,41,38,36,40,0,0
93791,4,2,2,1,24,47,48,38,27,54,0,0
93792,2,1,1,5,9,61,51,32,38,55,0,0
93793,3,2,1,2,11,79,59,47,63,40,0,0
93797,1,0,1,1,9,51,30,31,33,0,0,0
93809,1,0,1,0,4,62,67,44,0,30,0,0
93819,1,0,1,0,6,55,40,0,22,50,0,0
93820,2,1,1,1,14,65,62,26,55,62,0,0
93932,1,0,1,0,1,71,47,52,44,20,0,0
93935,1,0,1,0,9,40,33,11,33,0,0,0
93936,16,6,10,23,70,63,60,39,45,54,0,0
93939,2,1,1,0,9,67,52,25,41,44,0,0
93940,7,4,3,5,21,68,59,40,57,61,0,0
93941,5,2,3,5,26,55,53,42,53,53,0,0
93942,12,5,7,18,36,61,59,46,59,46,0,0
93943,1,0,1,0,2,61,51,28,14,100,0,0
93949,2,1,1,3,7,66,57,37,55,53,0,0
93950,1,0,1,0,5,59,42,41,25,75,0,0
93951,1,0,1,0,2,58,43,43,16,40,0,0
94074,3,1,2,3,32,52,55,33,44,35,0,0
94092,3,0,3,0,25,41,30,16,22,42,0,0
94093,1,0,1,2,4,39,27,5,0,0,0,0
94095,2,0,2,0,6,63,29,44,33,25,0,0
94096,7,1,6,1,28,58,51,30,28,42,0,0
94097,2,0,2,1,6,64,50,40,42,26,0,0
94099,2,0,2,2,12,52,57,34,35,27,0,0
94130,2,0,2,0,10,61,43,28,36,50,0,0
94139,6,1,5,6,29,67,52,30,45,41,0,0
94185,2,1,1,1,3,76,60,35,37,40,0,0
94215,14,7,7,20,64,51,58,46,50,46,0,0
94257,4,2,2,2,10,63,58,45,45,40,0,0
94260,1,0,1,1,5,54,46,36,33,100,0,0
94267,14,8,6,7,19,68,59,46,56,47,0,0
94268,1,0,1,1,8,60,53,40,61,20,0,0
94269,5,1,4,2,21,60,60,38,37,42,0,0
94272,1,0,1,2,7,58,50,33,60,66,0,0
94307,11,6,5,20,68,57,59,43,56,41,0,0
94392,1,0,1,0,0,52,53,24,57,0,0,0
94423,1,0,1,0,6,45,33,40,25,33,0,0
94424,1,0,1,0,5,50,13,26,33,0,0,0
94425,1,0,1,0,8,47,35,10,12,100,0,0
94439,8,2,6,3,29,69,59,35,39,38,0,0
94440,1,0,1,2,4,43,72,39,55,16,0,0
94441,1,0,1,0,4,57,12,8,25,0,0,0
94442,1,0,1,0,3,43,40,34,40,0,0,0
94444,3,2,1,1,37,57,57,25,44,51,0,0
94446,1,0,1,0,9,59,54,35,64,44,0,0
94447,2,1,1,0,2,70,48,50,38,69,0,0
94535,1,0,1,1,4,56,47,32,41,75,0,0
94563,1,0,1,1,3,60,55,31,42,0,0,0
94564,1,0,1,2,4,61,46,29,50,40,0,0
94565,3,1,2,1,8,65,57,41,53,36,0,0
94566,2,0,2,2,2,72,49,47,61,44,0,0
94567,1,0,1,0,3,64,31,25,40,0,0,0
94568,2,0,2,1,12,58,44,37,51,29,0,0
94573,1,0,1,1,6,56,52,37,57,50,0,0
94576,1,0,1,0,1,72,26,30,14,33,0,0
94578,3,1,2,1,19,56,58,37,42,42,0,0
94579,3,0,3,0,15,53,34,18,26,33,0,0
94581,5,3,2,1,8,75,57,47,53,51,0,0
94583,3,0,3,1,13,54,37,27,33,25,0,0
94584,4,1,3,10,23,62,59,34,51,42,0,0
94585,19,12,7,9,74,66,58,43,52,51,0,0
94598,1,0,1,0,4,44,50,28,57,50,0,0
94639,6,4,2,5,9,63,64,41,52,40,0,0
94655,1,0,1,0,2,59,42,22,40,0,0,0
94690,9,4,5,7,32,54,59,43,51,47,0,0
94737,1,0,1,0,3,62,30,28,40,0,0,0
94738,1,0,1,1,4,62,54,42,60,33,0,0
94739,1,0,1,0,13,45,56,25,45,40,0,0
94740,1,0,1,0,5,55,41,31,25,12,0,0
94741,1,0,1,0,4,68,40,33,45,50,0,0
94742,1,0,1,5,8,53,52,43,33,66,0,0
94743,1,0,1,0,4,36,47,24,22,50,0,0
94744,1,0,1,0,7,40,18,6,0,0,0,0
94745,1,0,1,0,11,46,55,34,60,37,0,0
94751,6,2,4,8,31,57,56,47,39,38,0,0
94753,2,0,2,0,1,54,39,37,50,33,0,0
94762,1,0,1,0,2,72,50,40,57,55,0,0
94763,12,6,6,0,41,70,54,39,29,50,0,0
94767,1,0,1,1,0,73,70,15,77,28,0,0
94768,4,1,3,1,15,69,51,32,54,24,0,0
94769,1,0,1,0,10,56,61,40,50,80,0,0
94770,1,0,1,0,6,50,41,29,40,50,0,0
94809,1,0,1,4,9,43,59,41,53,37,0,0
94865,2,1,1,0,10,58,48,46,64,38,0,0
94897,3,1,2,3,4,49,64,38,23,44,0,0
94923,1,0,1,0,6,35,58,22,44,0,0,0
94924,1,0,1,0,8,51,33,20,0,100,0,0
94925,11,4,7,8,25,67,61,45,50,43,0,0
94926,1,0,1,0,10,42,25,6,25,100,0,0
94927,3,0,3,1,27,50,44,19,32,50,0,0
94930,18,11,7,3,61,65,54,47,42,53,0,0
94931,2,0,2,1,12,60,63,31,52,50,0,0
94932,2,1,1,2,5,66,56,48,46,53,0,0
94934,2,1,1,4,3,67,55,41,55,46,0,0
94937,14,7,7,27,66,58,64,43,57,52,0,0
94996,3,1,2,0,9,67,50,47,28,36,0,0
95014,1,0,1,0,3,53,18,21,14,0,0,0
95076,1,0,1,1,5,55,51,34,42,50,0,0
95084,2,0,2,1,10,52,46,22,35,20,0,0
95085,4,0,4,1,7,60,49,25,43,36,0,0
95086,1,0,1,1,10,43,35,11,0,0,0,0
95090,1,0,1,0,10,70,61,24,38,53,0,0
95091,5,3,2,1,12,77,54,45,58,47,0,0
95094,1,0,1,1,2,58,52,33,53,33,0,0
95096,2,1,1,0,8,62,54,38,47,38,0,0
95097,1,0,1,1,15,54,52,31,53,85,0,0
95098,4,3,1,4,11,61,58,42,50,39,0,0
95099,1,0,1,0,0,78,54,40,50,0,0,0
95111,3,2,1,2,6,65,58,36,44,48,0,0
95239,1,0,1,1,6,51,38,17,45,0,0,0
95241,1,0,1,0,4,53,43,20,40,0,0,0
95242,5,2,3,0,22,71,58,30,60,35,0,0
95267,7,0,7,3,33,54,46,27,39,51,0,0
95281,8,3,5,5,38,52,65,42,62,40,0,0
95283,1,0,1,0,8,48,23,22,40,20,0,0
95426,3,1,2,0,4,68,51,36,38,38,0,0
95427,1,0,1,0,4,70,42,41,33,33,0,0
95429,1,0,1,0,7,35,66,36,28,33,0,0
95430,1,0,1,0,4,51,14,7,0,0,0,0
95431,3,1,2,2,23,51,64,39,52,48,0,0
95432,1,0,1,0,10,56,37,36,50,33,0,0
95433,2,1,1,1,6,59,57,46,52,50,0,0
95436,1,0,1,4,2,51,45,21,25,100,0,0
95437,1,0,1,1,5,61,56,50,50,80,0,0
95440,5,1,4,2,20,56,62,35,52,42,0,0
95442,1,0,1,0,9,54,39,32,42,45,0,0
95443,1,0,1,0,7,50,33,20,37,0,0,0
95444,1,0,1,0,1,75,54,28,53,50,0,0
95445,1,0,1,0,8,40,33,26,41,100,0,0
95446,1,0,1,1,3,70,54,39,66,50,0,0
95447,1,0,1,0,5,57,42,33,33,50,0,0
95454,1,0,1,0,0,85,31,0,45,0,0,0
95455,1,0,1,0,1,68,58,25,42,0,0,0
95456,2,1,1,1,9,58,50,35,47,53,0,0
95593,1,0,1,0,6,40,42,19,0,0,0,0
95596,1,0,1,0,1,78,43,20,33,75,0,0
95597,1,0,1,0,1,70,21,50,40,0,0,0
95598,1,0,1,0,7,70,42,44,33,50,0,0
95601,1,0,1,1,6,42,33,12,16,0,0,0
95602,1,0,1,0,3,61,54,34,12,75,0,0
95605,2,0,2,0,11,56,41,24,15,0,0,0
95606,5,2,3,1,47,56,54,38,55,48,0,0
95609,1,0,1,0,1,53,40,38,36,66,0,0
95618,3,1,2,2,0,71,62,46,43,58,0,0
95619,3,1,2,0,4,57,36,45,41,45,0,0
95620,1,0,1,0,5,27,40,25,14,0,0,0
95621,3,2,1,0,4,57,57,51,40,84,0,0
95622,2,1,1,0,17,59,52,29,21,71,0,0
95623,1,0,1,0,4,68,61,26,54,75,0,0
95652,1,0,1,0,9,54,65,34,44,50,0,0
95677,1,0,1,0,4,62,16,18,25,0,0,0
95704,1,0,1,0,2,50,37,31,16,0,0,0
95772,1,0,1,0,2,58,27,15,25,0,0,0
95773,1,0,1,0,1,66,40,50,37,50,0,0
95774,6,1,5,2,37,48,55,40,54,54,0,0
95775,1,0,1,1,10,44,67,38,58,50,0,0
95777,3,0,3,1,12,58,50,44,48,53,0,0
95778,2,0,2,1,7,69,50,35,47,45,0,0
95779,2,1,1,2,2,71,54,44,43,80,0,0
95783,1,0,1,1,5,59,58,34,42,57,0,0
95785,1,0,1,2,12,52,58,22,37,33,0,0
95786,1,0,1,0,6,49,33,45,62,16,0,0
95790,1,0,1,0,4,50,33,38,0,0,0,0
95802,9,2,7,12,15,65,57,39,51,47,0,0
95804,1,0,1,0,5,60,50,17,25,33,0,0
95902,1,0,1,2,3,69,61,41,82,50,0,0
95936,1,0,1,0,2,51,29,18,14,0,0,0
95941,3,1,2,5,7,60,55,43,48,28,0,0
95942,1,0,1,0,5,58,40,26,53,40,0,0
95944,1,0,1,0,6,51,42,0,36,100,0,0
95948,2,1,1,3,5,50,56,52,42,60,0,0
95955,1,0,1,0,6,63,51,9,42,66,0,0
95957,1,0,1,0,8,47,50,39,58,0,0,0
95959,2,1,1,2,6,57,52,41,33,43,0,0
95961,2,1,1,0,1,74,49,53,42,50,0,0
95965,2,1,1,0,11,60,56,42,46,53,0,0
96072,2,1,1,2,5,70,52,50,35,41,0,0
96073,2,1,1,1,9,58,48,44,53,78,0,0
96105,1,0,1,0,5,70,42,45,33,60,0,0
96109,1,0,1,0,1,62,30,16,0,0,0,0
96111,1,0,1,0,5,61,40,25,30,50,0,0
96113,1,0,1,0,4,56,41,15,0,0,0,0
96114,1,0,1,0,3,66,25,8,12,25,0,0
96119,2,0,2,2,16,58,58,31,63,37,0,0
96126,2,0,2,0,7,57,43,38,27,28,0,0
96127,1,0,1,0,10,50,53,35,50,100,0,0
96128,1,0,1,0,8,33,57,36,40,50,0,0
96131,1,0,1,0,2,74,53,40,42,36,0,0
96132,2,1,1,1,11,56,52,41,44,38,0,0
96133,2,0,2,1,8,55,43,39,35,66,0,0
96156,1,0,1,0,9,52,53,33,58,100,0,0
96157,11,5,6,3,60,64,54,41,48,43,0,0
96174,9,5,4,11,39,63,63,43,62,44,0,0
96175,2,1,1,0,14,56,54,45,58,57,0,0
96176,1,0,1,0,2,56,33,56,58,0,0,0
96273,2,0,2,0,8,58,43,25,27,43,0,0
96275,1,0,1,1,4,70,56,29,37,40,0,0
96280,3,1,2,1,33,52,66,29,25,53,0,0
96281,1,0,1,0,7,46,23,6,25,0,0,0
96282,1,0,1,1,8,43,31,23,33,0,0,0
96284,1,0,1,5,4,66,51,36,37,100,0,0
96301,1,0,1,0,5,64,30,27,16,0,0,0
96337,1,0,1,0,1,46,40,11,14,14,0,0
96338,2,0,2,0,15,54,36,32,42,33,0,0
96406,1,0,1,1,10,35,40,0,14,0,0,0
96409,1,0,1,0,7,47,47,28,12,57,0,0
96410,1,0,1,0,11,62,26,14,22,100,0,0
96411,1,0,1,0,2,40,41,22,16,0,0,0
96412,3,1,2,1,16,54,46,31,34,51,0,0
96414,1,0,1,1,9,41,50,12,22,33,0,0
96415,1,0,1,0,2,62,41,53,28,80,0,0
96416,2,0,2,0,10,52,46,23,47,50,0,0
96418,1,0,1,0,3,50,45,27,61,0,0,0
96535,1,0,1,1,2,51,40,21,33,0,0,0
96536,1,0,1,1,6,60,47,14,54,0,0,0
96537,2,0,2,1,7,64,41,36,38,28,0,0
96538,2,0,2,1,4,56,44,27,15,14,0,0
96553,1,0,1,1,9,56,51,19,0,50,0,0
96554,3,2,1,2,23,54,61,40,40,64,0,0
96569,2,1,1,0,9,58,55,43,41,46,0,0
96570,1,0,1,0,7,52,50,28,50,20,0,0
96571,1,0,1,0,6,41,16,17,25,0,0,0
96664,1,0,1,1,3,61,33,7,33,100,0,0
96665,1,0,1,0,4,81,46,18,33,66,0,0
96666,1,0,1,0,2,56,28,31,33,0,0,0
96668,1,0,1,0,3,54,61,42,0,42,0,0
96669,1,0,1,0,1,68,62,29,0,55,0,0
96670,2,0,2,1,12,50,55,32,50,33,0,0
96680,7,4,3,8,28,56,59,45,44,54,0,0
96699,2,0,2,2,12,36,57,37,50,30,0,0
96795,1,0,1,1,4,69,53,26,50,50,0,0
96797,1,0,1,0,3,57,26,28,25,0,0,0
96798,1,0,1,0,5,57,27,37,25,0,0,0
96799,3,0,3,8,11,54,54,39,52,36,0,0
96801,3,0,3,1,11,53,44,40,44,31,0,0
96802,1,0,1,1,1,65,48,37,44,28,0,0
96819,1,0,1,2,1,65,56,37,22,30,0,0
96820,7,2,5,6,22,59,57,45,59,47,0,0
96854,5,0,5,4,33,51,39,26,32,25,0,0
96855,1,0,1,1,3,55,45,48,68,0,0,0
96923,1,0,1,6,11,50,62,30,37,33,0,0
96928,1,0,1,1,6,71,51,43,42,33,0,0
96929,2,0,2,4,7,61,59,43,64,60,0,0
96930,1,0,1,0,6,60,60,45,80,42,0,0
96932,4,0,4,0,37,48,27,20,23,50,0,0
96933,1,0,1,0,4,62,42,43,33,66,0,0
96934,2,0,2,3,3,63,55,38,60,60,0,0
96936,1,0,1,0,6,46,55,28,0,0,0,0
96939,1,0,1,0,6,65,43,31,14,100,0,0
97046,1,0,1,0,5,50,58,35,25,80,0,0
97047,3,1,2,11,11,55,65,38,42,22,0,0
97051,5,3,2,4,12,66,61,38,51,69,0,0
97052,3,1,2,3,19,56,56,32,43,52,0,0
97053,2,0,2,1,20,44,41,24,27,20,0,0
97054,1,0,1,0,1,68,39,52,45,100,0,0
97055,7,5,2,4,18,66,58,45,58,57,0,0
97056,2,0,2,0,17,31,28,19,14,0,0,0
97057,5,2,3,5,35,62,59,41,44,43,0,0
97058,1,0,1,0,8,56,41,31,53,33,0,0
97059,2,1,1,2,7,58,56,47,60,47,0,0
97060,7,5,2,9,38,55,66,48,62,63,0,0
97061,3,1,2,2,6,73,60,34,41,36,0,0
97062,13,11,2,27,39,53,67,53,54,49,0,0
97063,1,0,1,0,4,65,50,26,42,0,0,0
97064,3,1,2,5,8,57,59,47,45,72,0,0
97065,7,5,2,5,32,68,53,45,37,51,0,0
97066,3,1,2,5,12,51,62,46,42,38,0,0
97067,3,2,1,0,7,63,56,42,47,75,0,0
97068,2,0,2,0,34,35,72,30,60,40,0,0
97070,1,0,1,1,2,69,41,40,40,75,0,0
97073,1,0,1,0,5,47,59,34,54,50,0,0
97074,5,1,4,0,21,53,53,35,41,53,0,0
97075,1,0,1,1,4,62,45,42,28,66,0,0
97077,3,1,2,2,14,53,59,35,47,38,0,0
97078,1,0,1,0,1,51,41,6,25,0,0,0
97079,1,0,1,0,5,55,33,29,40,0,0,0
97097,3,1,2,9,17,52,56,42,59,66,0,0
97098,2,0,2,0,7,72,35,20,15,22,0,0
97179,3,1,2,3,22,65,54,42,46,37,0,0
97180,4,0,4,3,23,50,50,35,38,46,0,0
97192,1,0,1,1,4,41,53,28,28,0,0,0
97233,1,0,1,1,4,60,46,56,28,66,0,0
97234,1,0,1,1,9,58,60,38,50,42,0,0
97235,2,0,2,0,19,49,53,32,35,60,0,0
97236,3,1,2,4,10,58,55,44,44,58,0,0
97238,1,0,1,0,4,48,40,39,16,0,0,0
97239,1,0,1,1,7,57,36,18,40,0,0,0
97240,1,0,1,0,2,45,47,25,16,0,0,0
97241,1,0,1,0,2,67,25,33,0,50,0,0
97242,2,1,1,1,12,57,56,42,53,47,0,0
97244,1,0,1,1,5,64,44,50,53,43,0,0
97245,1,0,1,0,9,44,52,23,28,0,0,0
97251,3,0,3,1,17,60,30,41,33,58,0,0
97255,2,0,2,0,7,68,40,28,52,0,0,0
97256,2,0,2,1,5,45,53,30,16,0,0,0
97257,5,2,3,1,10,79,53,44,51,54,0,0
97279,3,0,3,1,21,45,36,25,34,42,0,0
97280,1,0,1,2,6,57,57,31,16,42,0,0
97407,1,0,1,0,0,88,42,40,50,0,0,0
97425,6,2,4,1,22,67,54,41,43,43,0,0
97437,2,1,1,0,11,57,50,26,42,60,0,0
97439,1,0,1,0,3,67,55,28,28,40,0,0
97444,1,0,1,1,1,68,50,30,60,100,0,0
97445,2,0,2,1,6,62,55,35,44,50,0,0
97446,1,0,1,1,6,55,57,32,61,11,0,0
97447,1,0,1,3,5,52,64,32,63,0,0,0
97448,1,0,1,1,1,48,46,25,44,0,0,0
97449,1,0,1,0,3,54,50,35,44,0,0,0
97450,3,1,2,8,9,53,60,44,50,47,0,0
97451,1,0,1,0,4,57,18,8,14,0,0,0
97452,2,0,2,0,8,66,32,35,27,0,0,0
97454,1,0,1,1,5,58,55,26,28,0,0,0
97456,1,0,1,1,4,54,36,18,40,0,0,0
97458,1,0,1,2,3,38,53,50,45,50,0,0
97459,1,0,1,0,7,69,53,14,37,42,0,0
97460,1,0,1,3,7,62,69,23,58,75,0,0
97571,1,0,1,0,1,62,53,38,71,33,0,0
97592,1,0,1,0,2,70,30,18,25,50,0,0
97616,3,1,2,2,10,62,52,36,37,57,0,0
97617,1,0,1,0,2,63,21,18,33,0,0,0
97618,1,0,1,0,9,63,51,32,57,70,0,0
97623,2,1,1,0,18,57,64,34,50,57,0,0
97624,1,0,1,0,9,51,36,16,25,50,0,0
97625,2,1,1,3,5,54,61,38,53,77,0,0
97627,2,1,1,0,7,69,53,28,52,70,0,0
97628,1,0,1,0,2,57,44,33,12,44,0,0
97629,2,0,2,0,8,60,44,20,40,27,0,0
97631,2,1,1,0,13,60,61,59,44,52,0,0
97632,5,3,2,7,22,65,63,37,61,66,0,0
97633,1,0,1,0,3,75,50,31,60,60,0,0
97635,2,1,1,2,11,54,65,42,53,55,0,0
97636,2,1,1,1,5,45,78,41,50,85,0,0
97651,1,0,1,1,4,67,46,45,46,66,0,0
97657,2,0,2,0,3,56,45,44,35,30,0,0
97658,1,0,1,0,7,51,45,23,40,33,0,0
97659,1,0,1,0,7,61,40,21,16,0,0,0
97711,1,0,1,0,3,53,31,21,0,0,0,0
97712,1,0,1,0,9,33,33,33,44,0,0,0
97713,1,0,1,0,3,57,34,29,33,50,0,0
97714,1,0,1,0,9,35,52,34,53,75,0,0
97715,6,5,1,5,13,48,69,55,60,61,0,0
97768,2,0,2,0,7,70,51,45,37,47,0,0
97769,4,2,2,0,14,71,52,38,36,55,0,0
97770,1,0,1,0,1,67,31,35,40,100,0,0
97815,1,0,1,0,4,78,58,46,25,40,0,0
97823,1,0,1,0,3,70,41,11,50,75,0,0
97825,1,0,1,0,5,73,38,42,40,0,0,0
97828,1,0,1,0,10,36,0,6,0,0,0,0
97829,1,0,1,2,4,43,52,22,50,0,0,0
97830,1,0,1,0,5,60,27,8,0,0,0,0
97831,1,0,1,1,6,57,63,38,53,50,0,0
97832,1,0,1,1,1,63,46,41,44,0,0,0
97833,1,0,1,0,5,57,44,15,46,66,0,0
97839,1,0,1,2,8,55,55,40,58,66,0,0
97840,1,0,1,0,3,62,37,37,33,100,0,0
97851,1,0,1,0,1,69,40,66,20,0,0,0
97862,1,0,1,0,0,74,43,42,33,25,0,0
97941,1,0,1,1,6,58,53,26,25,60,0,0
97942,1,0,1,1,6,64,50,30,47,50,0,0
97951,1,0,1,0,3,48,54,16,30,30,0,0
97995,1,0,1,0,5,51,50,39,63,0,0,0
98006,2,0,2,0,10,73,58,34,40,42,0,0
98010,1,0,1,3,7,54,53,26,50,0,0,0
98012,1,0,1,0,2,58,44,41,45,60,0,0
98013,1,0,1,0,5,65,73,38,50,0,0,0
98020,2,0,2,1,11,63,43,36,39,50,0,0
98096,1,0,1,0,9,46,60,34,50,0,0,0
98097,1,0,1,1,6,64,47,21,40,0,0,0
98145,1,0,1,2,11,47,62,14,45,33,0,0
98146,1,0,1,0,2,54,28,38,41,66,0,0
98157,1,0,1,0,2,75,61,36,25,42,0,0
98174,2,1,1,0,7,44,58,37,46,70,0,0
98175,1,0,1,1,7,56,44,10,12,50,0,0
98176,1,0,1,1,4,60,46,44,50,66,0,0
98183,1,0,1,0,7,31,73,25,16,0,0,0
98237,1,0,1,1,7,52,53,20,57,33,0,0
98295,1,0,1,0,2,75,53,42,60,25,0,0
98296,1,0,1,0,3,63,55,34,61,0,0,0
98297,1,0,1,0,1,58,54,43,37,12,0,0
98298,4,2,2,1,25,56,59,31,40,37,0,0
98299,5,3,2,1,31,45,52,40,48,61,0,0
98300,2,1,1,2,2,67,57,51,45,45,0,0
98301,3,2,1,0,21,50,62,40,47,63,0,0
98302,2,0,2,0,5,57,34,30,27,33,0,0
98386,2,1,1,0,13,65,54,37,56,37,0,0
98388,1,0,1,0,8,54,58,47,71,50,0,0
98390,1,0,1,0,11,62,54,30,45,50,0,0
98395,3,1,2,1,11,51,59,40,52,27,0,0
98396,1,0,1,0,7,54,32,23,36,50,0,0
98398,1,0,1,0,5,65,62,23,50,40,0,0
98406,3,2,1,1,15,57,63,40,58,46,0,0
98407,1,0,1,0,9,30,58,18,45,0,0,0
98408,1,0,1,2,6,58,46,30,33,100,0,0
98410,1,0,1,0,10,45,50,9,0,33,0,0
98411,1,0,1,0,2,66,32,28,12,40,0,0
98434,2,0,2,0,3,76,44,27,15,33,0,0
98435,1,0,1,2,6,60,57,34,64,40,0,0
98482,1,0,1,0,0,56,46,40,25,60,0,0
98497,2,1,1,0,9,48,50,49,57,50,0,0
98500,1,0,1,0,9,53,67,34,50,50,0,0
98534,1,0,1,0,1,57,55,55,33,40,0,0
98554,1,0,1,0,3,62,39,40,53,0,0,0
98555,1,0,1,0,7,44,59,40,55,20,0,0
98556,1,0,1,0,1,64,50,44,46,50,0,0
98557,1,0,1,0,6,61,52,45,37,42,0,0
98581,1,1,0,6,3,69,54,52,72,28,0,0
98583,1,0,1,0,6,55,40,12,25,20,0,0
98584,1,0,1,3,8,42,68,37,28,54,0,0
98585,1,0,1,0,12,57,50,18,58,50,0,0
98586,1,0,1,1,6,51,50,55,78,66,0,0
98589,1,0,1,0,0,56,54,48,42,25,0,0
98590,1,0,1,0,8,41,61,36,16,66,0,0
98591,2,1,1,0,9,54,58,40,33,66,0,0
98592,1,0,1,0,5,46,45,21,36,44,0,0
98593,1,0,1,1,7,47,43,36,28,0,0,0
