ID_P_F,YEAR_F,TMW_F,TML_F,TBW_F,TBL_F,MF_F,ACES_F,DF_F,SRV1_F,WON1_F,WON2_F,SGW_F,BPS_F,PWR1S_F,PWR2S_F,BPW_F,RGW_F,PRIZE_F
19,2004,74,6,21,5,74,557,152,62,78,58,92,73,35,52,41,30,6357547
89,2004,74,16,36,11,81,1017,186,63,81,56,91,69,29,50,40,22,2604590
7,2004,68,18,18,9,84,523,303,54,75,53,82,64,34,53,43,32,2766051
2,2004,52,23,24,27,71,695,152,56,76,55,86,65,29,49,38,21,2273283
24,2004,57,19,20,9,69,496,185,57,76,55,85,65,31,50,39,24,1448209
9,2004,44,22,14,20,61,371,250,59,74,54,83,59,32,50,43,26,1508177
30,2004,39,14,13,5,51,128,139,67,69,52,78,55,33,54,47,33,1697155
3,2004,37,13,15,12,50,348,115,60,76,56,88,69,29,55,42,26,1177254
564,2004,34,14,13,7,47,192,134,60,69,52,77,58,32,57,44,32,1045985
36,2004,37,24,11,12,61,145,180,63,67,50,74,56,34,53,44,32,1639171
85,2004,40,22,11,9,61,295,209,59,72,53,80,61,33,52,45,29,780701
579,2004,35,22,21,25,55,869,256,63,80,54,92,73,22,50,36,14,828744
84,2004,43,24,17,11,62,264,195,60,71,51,79,64,31,50,38,24,861357
18,2004,42,26,12,9,63,283,185,64,72,53,81,64,29,53,43,26,808944
13,2004,28,15,7,11,39,264,78,52,77,53,83,67,32,54,42,29,755795
75,2004,42,27,19,14,63,340,185,58,71,51,79,63,30,51,41,25,725948
22,2004,37,22,9,13,55,316,187,58,75,51,82,58,30,49,43,24,610793
68,2004,42,28,13,10,61,241,147,59,69,51,75,62,33,54,43,30,854533
116,2004,40,29,12,16,67,274,171,59,69,54,79,63,30,53,41,25,704105
37,2004,37,20,18,8,52,379,196,55,77,48,79,62,30,51,39,24,626439
71,2004,37,24,19,14,55,625,128,60,77,54,86,62,27,45,37,17,648842
515,2004,42,21,15,11,53,325,200,60,74,50,80,59,30,50,36,22,766416
21,2004,34,24,20,12,53,301,94,64,71,52,82,65,28,51,39,21,634266
66,2004,41,22,11,5,59,262,107,64,71,50,78,59,33,53,46,30,813792
468,2004,33,27,13,18,56,558,199,57,77,52,85,66,25,44,36,16,748662
492,2004,35,26,5,11,60,164,144,65,66,49,73,59,35,53,47,32,727736
288,2004,44,30,16,8,70,433,211,60,73,51,81,63,30,48,41,22,583077
568,2004,33,29,9,14,60,195,160,66,69,49,77,61,32,52,41,27,651372
670,2004,27,24,8,18,47,448,151,62,74,53,83,55,30,50,41,23,579375
23,2004,29,21,18,11,49,455,101,55,76,52,82,63,28,49,40,20,487332
10,2004,23,16,15,10,34,198,90,63,70,54,82,65,28,49,33,19,515875
442,2004,32,25,12,13,51,324,289,60,72,48,78,59,31,49,43,25,428842
652,2004,31,28,16,13,57,400,156,61,73,50,81,60,28,51,42,22,539085
672,2004,31,25,11,12,56,267,177,66,70,55,82,65,28,49,39,22,505535
553,2004,28,19,7,11,38,420,155,55,77,51,84,66,27,48,40,19,352798
1,2004,23,13,9,8,35,287,98,55,74,50,79,58,30,51,44,26,385208
427,2004,30,27,13,17,54,340,197,62,73,48,80,57,29,48,40,21,706387
47,2004,29,30,15,17,56,215,163,60,69,53,77,58,30,50,38,24,701749
487,2004,31,29,16,9,57,259,143,67,70,50,79,62,27,49,39,20,461267
520,2004,27,27,11,14,49,257,163,58,72,48,79,63,30,51,43,25,443402
619,2004,30,23,4,7,50,57,133,67,64,49,70,56,34,56,53,37,400999
43,2004,26,27,26,20,45,498,173,65,77,51,87,67,25,45,30,12,742196
78,2004,23,26,6,11,46,309,85,57,72,50,76,55,32,52,43,27,645379
673,2004,29,31,8,11,60,148,163,63,64,48,69,57,34,52,43,29,449327
552,2004,20,12,5,8,32,198,75,65,75,54,86,68,29,51,41,23,686019
677,2004,29,17,8,9,43,57,84,70,67,54,77,61,33,53,43,30,447758
854,2004,19,19,9,7,35,161,90,61,69,52,77,58,29,50,41,24,428799
48,2004,26,16,24,11,39,437,217,60,78,54,87,70,24,46,40,13,347362
1162,2004,28,28,15,10,51,237,162,61,69,51,77,59,31,47,42,22,431346
538,2004,28,23,18,15,51,441,160,55,75,54,84,65,26,49,32,17,353745
74,2004,26,22,8,14,47,180,137,62,70,53,79,61,32,50,39,26,414264
40,2004,20,24,8,11,44,223,94,60,68,51,74,56,29,53,40,25,404786
29,2004,19,21,5,6,37,93,65,74,66,54,77,57,29,51,40,24,370583
444,2004,26,19,16,9,41,530,182,61,77,51,85,66,25,47,40,17,332747
76,2004,21,18,6,8,36,270,119,57,74,50,80,64,28,52,36,24,354316
693,2004,22,22,12,10,41,297,175,55,75,49,78,58,29,51,42,21,423263
45,2004,18,16,3,5,31,129,57,55,69,51,76,59,31,53,39,24,673578
612,2004,22,26,7,11,46,250,116,61,69,51,77,58,28,51,40,23,393842
34,2004,17,9,10,4,23,167,55,59,76,53,83,62,30,52,42,26,342167
92,2004,24,25,10,7,45,161,135,63,67,50,73,59,30,52,43,24,358116
831,2004,16,15,3,4,25,187,94,58,72,47,75,59,31,48,38,24,300053
27,2004,15,19,7,10,32,138,61,62,68,52,78,63,27,51,39,21,371373
655,2004,18,26,28,29,40,842,217,62,82,52,90,69,20,40,25,6,368583
56,2004,23,26,7,8,49,107,194,61,67,50,73,57,30,50,41,23,362696
35,2004,21,26,7,16,43,240,143,56,71,51,76,61,27,50,38,21,927344
83,2004,18,16,9,3,34,157,93,53,71,50,76,58,29,53,36,23,266231
106,2004,17,27,8,6,43,208,129,63,68,49,73,52,31,49,40,22,449902
72,2004,19,24,4,14,38,52,117,62,65,53,75,61,29,53,47,26,516346
558,2004,20,18,6,9,32,89,91,63,68,50,76,64,30,52,39,25,264919
510,2004,14,21,3,5,33,114,211,63,69,46,72,59,30,46,43,21,347052
79,2004,19,15,7,6,29,98,68,65,70,52,78,57,28,50,41,21,257888
91,2004,17,21,15,9,38,286,91,59,73,52,81,56,25,47,33,14,283135
14,2004,14,21,11,11,31,245,170,55,74,48,78,58,26,50,43,19,287566
80,2004,19,27,6,10,46,121,77,63,67,46,72,56,30,52,41,25,328437
15,2004,18,25,13,11,43,505,134,59,76,46,79,62,25,49,38,17,303246
488,2004,15,13,7,3,28,133,67,61,71,51,78,61,33,50,39,25,222873
650,2004,14,15,1,7,29,114,95,63,68,48,75,57,28,52,43,24,363404
435,2004,19,23,12,10,41,346,115,60,75,50,81,64,27,46,35,16,287335
86,2004,17,15,7,7,32,100,121,57,66,50,71,62,33,53,38,29,205789
64,2004,13,21,12,18,30,444,166,56,78,52,87,70,23,40,35,10,417362
110,2004,15,19,11,7,34,256,105,61,73,50,80,56,26,47,34,14,249401
16,2004,11,19,7,11,27,317,146,57,77,47,80,59,28,47,33,17,356875
642,2004,11,8,7,3,19,74,56,63,67,53,76,65,28,53,42,21,198960
95,2004,11,15,1,7,26,99,106,66,69,51,79,62,27,51,39,20,218336
695,2004,19,25,8,18,40,260,92,67,69,50,80,62,28,48,43,19,250010
609,2004,12,17,7,7,29,201,145,54,69,52,78,62,26,48,36,17,236714
11,2004,12,20,5,6,32,117,111,58,68,50,74,60,28,51,40,23,248504
1042,2004,16,13,4,4,28,52,71,67,63,48,68,50,35,54,48,33,194712
611,2004,15,19,7,5,33,117,125,56,67,44,64,53,34,50,50,30,250930
616,2004,11,17,3,3,28,71,70,63,64,47,65,50,27,49,38,22,220595
12,2004,17,24,10,9,34,175,99,56,73,51,78,58,25,51,32,19,397937
367,2004,14,20,10,12,33,333,202,62,76,47,83,69,25,44,35,14,254598
44,2004,11,19,2,6,30,94,119,58,69,48,74,56,27,49,39,20,239080
674,2004,13,15,6,11,28,133,104,56,73,49,78,58,31,47,40,22,170505
526,2004,13,13,3,6,26,243,101,59,78,52,85,66,27,45,41,17,169819
20,2004,14,17,9,5,27,176,72,58,71,54,80,59,26,47,33,15,193788
659,2004,12,15,8,5,27,136,94,62,67,47,72,57,28,49,35,22,183796
90,2004,10,18,0,3,27,47,58,63,62,47,66,56,31,51,40,28,175933
660,2004,12,12,2,3,23,83,42,71,66,49,74,59,30,49,53,24,164805
685,2004,13,9,2,7,18,148,54,61,71,51,78,60,27,49,46,22,169557
575,2004,9,12,2,4,21,66,41,66,65,50,73,59,29,50,43,24,201586
31,2004,10,15,10,9,25,263,102,63,75,51,83,63,26,49,34,14,195405
54,2004,11,20,5,6,31,126,77,59,67,50,72,56,28,47,36,21,223646
663,2004,10,18,6,6,27,97,81,63,67,51,74,57,26,46,42,19,194748
99,2004,8,19,1,4,27,92,93,59,66,46,70,56,26,49,34,17,227030
757,2004,9,14,2,1,23,91,69,60,64,49,66,48,32,49,43,26,170147
937,2004,7,3,6,1,10,50,26,60,75,54,86,70,24,48,39,16,130156
814,2004,10,9,6,1,17,52,34,73,67,48,78,63,29,50,42,20,184703
361,2004,7,13,1,5,20,69,45,57,65,46,66,56,30,50,46,27,181947
87,2004,11,15,8,9,23,134,102,61,71,48,75,54,32,47,43,24,210639
563,2004,10,11,7,5,19,111,55,52,73,53,82,67,27,46,45,19,142400
331,2004,7,15,1,3,21,129,67,55,70,45,71,59,29,48,47,24,172224
638,2004,10,17,2,5,27,52,74,68,65,47,72,56,28,51,43,24,178732
850,2004,8,19,5,3,27,51,63,65,63,46,68,57,26,48,36,18,224546
69,2004,7,15,2,7,22,88,70,56,65,48,68,50,28,46,39,19,154194
163,2004,7,14,2,6,21,82,100,57,69,46,69,55,28,49,34,19,177910
879,2004,8,2,2,0,10,40,31,51,72,50,76,65,35,55,44,35,102309
634,2004,4,11,0,7,15,75,72,63,67,46,72,59,30,47,35,20,181483
641,2004,7,19,4,4,26,57,97,59,67,47,69,59,28,44,36,17,194509
17,2004,10,9,3,6,19,60,81,58,70,51,80,63,32,55,40,25,95964
38,2004,7,16,1,5,21,86,48,59,69,51,73,55,29,49,38,21,149708
791,2004,5,10,4,2,14,45,53,56,69,47,70,58,29,51,39,23,122980
686,2004,9,17,14,14,22,267,66,69,76,51,83,60,24,43,33,11,156276
631,2004,9,12,3,5,21,6,24,66,62,46,66,51,34,52,53,29,132522
678,2004,6,10,3,3,16,88,61,52,70,50,75,59,32,52,41,25,130039
77,2004,5,10,4,5,13,63,59,51,73,53,80,66,26,46,29,16,101896
217,2004,4,10,2,6,14,154,71,61,72,46,76,69,27,42,36,16,127980
961,2004,5,7,0,1,12,28,32,62,67,48,72,55,30,51,46,25,107887
1718,2004,5,7,0,2,12,27,26,62,63,48,67,55,30,50,52,26,113068
145,2004,5,9,2,0,14,142,67,58,75,46,75,51,24,46,39,14,116292
497,2004,4,13,1,2,17,45,72,52,66,47,65,56,28,50,41,21,123628
46,2004,4,16,1,4,20,65,76,60,67,44,68,52,26,49,38,20,152776
58,2004,4,5,3,1,9,72,39,57,72,50,75,50,25,51,47,20,81709
625,2004,6,13,5,7,17,102,71,63,71,46,77,62,28,45,35,15,159725
139,2004,4,10,7,2,14,191,97,59,77,48,79,60,22,40,38,9,107216
65,2004,4,4,0,1,7,36,56,43,76,50,75,56,29,47,36,21,103104
49,2004,6,7,2,3,13,60,27,62,64,53,71,51,32,53,46,30,127489
221,2004,5,10,0,1,15,51,40,64,67,45,71,61,27,50,50,22,97052
50,2004,5,16,2,4,18,77,23,59,68,46,71,61,25,46,41,15,118641
573,2004,8,10,4,4,16,41,40,59,67,52,73,59,26,48,40,20,180474
628,2004,3,6,0,0,9,26,45,62,65,47,69,54,31,49,37,24,236101
762,2004,5,10,1,2,13,54,50,61,71,48,75,55,24,48,33,16,142167
62,2004,4,8,4,2,12,110,55,59,78,47,79,56,22,48,32,14,99438
614,2004,3,12,0,4,15,67,51,58,67,47,70,55,25,46,34,15,131703
98,2004,4,7,3,0,11,61,33,58,70,43,70,65,31,49,35,21,113397
301,2004,3,14,4,2,17,60,54,57,67,47,70,58,26,47,34,18,124389
283,2004,2,8,3,1,10,24,44,58,60,41,55,48,26,49,37,20,94246
26,2004,5,6,2,2,5,24,13,62,66,46,69,53,31,47,50,25,76595
97,2004,4,6,2,2,10,33,30,64,67,47,74,64,27,50,42,21,84359
415,2004,3,8,2,2,11,42,23,57,70,55,78,46,28,46,29,17,117716
469,2004,5,4,1,0,9,44,26,52,77,49,76,49,34,54,57,30,78956
1684,2004,3,2,1,0,5,17,21,66,67,46,75,68,30,49,33,25,93012
499,2004,3,9,2,6,12,95,65,60,67,47,74,62,25,45,35,16,103261
716,2004,4,4,2,1,8,68,39,57,81,45,83,57,25,43,25,11,91161
775,2004,4,7,3,3,11,48,49,57,70,48,76,58,24,51,44,20,110325
4045,2004,2,7,1,2,9,60,38,57,71,45,69,56,33,48,36,22,95142
578,2004,3,10,0,4,13,95,62,59,68,44,70,51,29,46,40,21,245601
430,2004,4,4,2,1,8,26,11,65,72,54,80,38,23,51,41,17,144856
5917,2004,3,2,1,1,5,43,23,50,73,42,70,59,30,52,48,22,40259
728,2004,5,7,0,3,9,69,30,57,70,46,75,58,26,51,30,19,111923
640,2004,3,5,2,2,8,41,45,56,67,48,71,55,22,52,40,17,74061
3737,2004,3,1,0,1,4,27,8,61,78,48,83,63,24,51,32,19,45453
544,2004,6,7,4,2,9,45,23,62,69,52,75,59,27,48,44,20,88014
406,2004,2,4,1,0,5,83,31,57,79,49,83,64,30,46,52,20,50318
41,2004,4,5,3,1,9,25,16,59,66,47,66,53,29,49,39,19,92179
3026,2004,2,5,0,0,7,61,34,58,68,46,70,58,30,37,48,18,79266
152,2004,1,7,0,3,8,64,40,59,72,45,74,56,24,41,43,13,74493
59,2004,3,9,1,4,12,23,45,65,62,48,64,43,32,50,44,25,76214
594,2004,4,3,3,1,7,28,17,62,72,55,84,55,22,52,36,16,62241
4009,2004,2,2,2,0,2,23,15,52,70,41,64,19,28,52,67,29,61341
3985,2004,2,2,1,1,4,23,11,62,77,39,79,70,27,40,53,18,53127
532,2004,2,3,0,0,5,18,7,61,64,47,66,58,31,46,33,21,103380
690,2004,1,10,1,3,11,10,41,61,63,49,70,55,25,51,34,16,94840
714,2004,3,5,1,1,8,30,27,64,66,51,77,69,28,46,30,17,69937
683,2004,3,7,0,3,10,33,52,62,66,42,66,61,31,45,40,21,88762
516,2004,2,2,2,1,4,13,10,54,65,50,71,65,33,55,35,29,88333
493,2004,1,7,0,4,7,46,20,63,69,49,74,56,25,47,42,18,83053
717,2004,2,3,0,2,5,11,18,68,69,39,69,42,37,53,38,34,71380
735,2004,2,5,2,2,7,29,47,64,70,45,76,67,24,48,33,15,85916
779,2004,3,2,1,0,5,29,15,56,69,52,75,67,22,58,46,26,73814
431,2004,1,2,1,1,3,24,11,56,74,47,75,46,33,41,38,20,79050
401,2004,4,6,4,3,5,59,19,62,75,48,75,49,26,45,38,14,62178
692,2004,2,3,2,0,5,46,17,62,75,53,80,61,28,42,32,11,79686
1092,2004,0,7,1,4,6,26,21,55,65,49,69,60,26,47,28,12,74962
3233,2004,1,1,0,0,2,4,6,69,75,57,89,57,24,48,36,18,43800
263,2004,2,3,1,1,2,16,14,55,68,55,82,70,20,60,25,18,56917
366,2004,1,4,1,2,5,15,29,59,66,44,66,53,27,48,38,20,69418
778,2004,2,2,2,1,4,48,12,56,83,54,88,68,21,43,23,10,50824
256,2004,1,3,0,0,4,15,7,51,70,52,71,54,31,50,33,20,61334
763,2004,2,3,1,2,4,17,10,69,67,54,80,67,30,44,39,16,62739
684,2004,1,3,1,0,4,23,12,75,65,41,67,57,22,50,47,14,64345
590,2004,0,4,0,4,3,30,10,54,72,49,81,68,27,49,50,18,166426
662,2004,1,2,1,1,3,6,5,60,62,54,67,18,29,49,45,21,56384
862,2004,0,3,1,0,3,29,18,51,76,41,74,57,29,38,21,8,49151
902,2004,3,3,3,3,6,48,42,65,76,51,84,56,25,41,27,15,59342
1394,2004,2,1,0,0,3,1,4,72,61,56,73,56,36,52,39,31,40626
627,2004,1,1,0,0,2,9,6,67,71,48,82,64,25,53,38,21,43820
323,2004,1,2,1,0,3,11,20,59,74,47,74,68,25,49,18,7,47801
649,2004,2,4,1,0,3,4,11,63,59,48,62,54,28,55,30,22,74765
713,2004,1,3,0,0,4,14,18,66,67,35,65,50,25,41,38,13,61639
19,2005,81,4,28,11,84,599,152,63,76,59,89,64,35,52,44,31,6137018
677,2005,79,10,16,9,87,219,131,69,71,57,84,64,37,57,46,38,3874751
89,2005,59,14,29,24,69,912,134,66,82,56,93,72,27,50,40,21,1798635
7,2005,37,9,15,10,43,397,163,56,78,53,85,64,32,52,41,28,1459437
568,2005,56,30,12,9,81,269,188,67,67,53,78,60,35,54,45,34,1628299
564,2005,44,19,14,13,59,191,158,62,68,53,76,58,34,56,46,35,2273486
3,2005,38,12,13,6,49,303,127,60,75,54,85,70,31,52,43,27,1629596
30,2005,55,27,12,14,76,260,346,63,69,48,76,60,36,56,46,37,1285726
71,2005,57,24,26,18,73,897,156,62,76,55,88,72,27,46,38,19,1491474
36,2005,55,21,11,10,76,214,223,62,68,51,76,63,35,55,42,35,1358024
515,2005,49,23,21,13,69,493,294,59,77,54,86,64,29,50,39,22,1167015
2,2005,27,11,16,6,36,315,67,59,75,53,83,63,31,51,40,25,1288115
57,2005,37,26,21,9,62,279,112,67,70,54,80,60,28,50,40,21,1075903
23,2005,48,25,28,15,69,597,134,57,76,55,85,62,28,49,40,22,1076266
673,2005,43,29,7,8,72,173,182,64,65,51,73,59,36,54,45,34,951772
612,2005,37,23,8,15,60,395,105,63,71,55,83,57,28,52,41,25,812626
10,2005,46,27,17,12,71,220,123,67,68,54,80,64,30,54,40,25,727673
84,2005,44,24,10,9,68,253,203,61,71,50,77,59,33,52,37,29,811883
427,2005,45,26,19,16,71,529,211,64,74,51,83,67,30,48,39,22,798710
18,2005,43,26,15,13,62,317,221,59,71,51,78,62,32,54,41,29,831766
674,2005,31,11,12,9,40,182,101,64,73,55,83,60,32,52,47,29,653373
670,2005,44,27,22,12,65,736,183,61,79,51,86,64,30,48,43,23,702670
37,2005,34,23,10,6,54,407,202,53,74,50,78,61,32,53,47,28,732898
831,2005,34,29,14,16,60,447,158,57,75,50,81,61,28,49,41,21,914846
488,2005,35,21,10,15,54,356,128,59,74,53,83,63,31,52,41,27,617989
13,2005,30,23,10,7,51,327,94,56,73,53,80,60,31,50,44,24,622809
1162,2005,38,30,13,13,66,277,138,62,69,52,78,61,32,50,42,26,678645
72,2005,37,27,16,22,60,118,164,61,69,53,79,63,28,54,39,24,603668
442,2005,33,21,14,9,54,438,359,55,78,50,82,63,30,50,40,24,499240
24,2005,31,20,13,11,51,267,132,60,72,50,80,64,31,48,39,24,449483
672,2005,35,28,14,11,61,400,223,65,72,51,81,62,31,50,43,24,568607
558,2005,33,22,18,8,51,117,97,65,66,52,75,63,32,53,43,27,482818
468,2005,31,28,19,15,57,488,187,59,76,51,83,64,27,44,36,16,630354
43,2005,35,25,27,15,56,666,194,64,79,50,86,64,28,46,35,17,1140131
9,2005,23,18,6,8,41,182,134,62,73,51,81,62,32,48,40,24,434472
695,2005,26,25,10,17,47,257,68,69,69,53,81,69,28,48,41,21,448198
48,2005,29,21,14,17,48,459,280,57,77,53,86,70,26,43,33,15,457519
619,2005,28,28,6,8,54,53,152,66,64,50,71,55,35,52,43,34,460942
5917,2005,25,22,11,4,47,371,152,53,73,46,72,53,33,50,43,25,473892
83,2005,27,26,12,11,53,398,135,54,75,52,81,61,28,49,37,18,486692
492,2005,28,26,12,10,54,166,134,62,68,49,73,58,31,52,41,27,460832
288,2005,34,31,18,14,59,358,178,59,72,50,78,57,30,49,38,21,484139
75,2005,23,23,7,9,44,180,114,57,70,53,76,55,31,53,46,29,527096
22,2005,33,24,16,8,53,342,184,57,74,52,80,57,30,51,43,25,495823
563,2005,28,29,11,6,53,223,153,55,70,51,74,54,29,51,45,23,438455
66,2005,21,26,7,8,46,202,93,65,66,49,73,60,31,52,39,27,477360
54,2005,25,25,10,12,50,268,82,58,71,50,77,60,31,48,40,23,402389
520,2005,26,26,8,10,49,215,130,60,68,49,75,61,30,47,43,24,506765
579,2005,19,15,13,9,32,432,148,61,77,54,87,65,23,45,36,14,379877
78,2005,22,20,9,7,42,343,86,58,73,52,81,63,29,48,43,22,412732
56,2005,25,29,9,8,54,128,178,54,67,50,71,60,32,53,38,25,407612
90,2005,18,28,2,8,44,84,118,59,65,48,67,53,31,52,46,28,419327
76,2005,22,21,11,7,42,287,129,56,71,50,77,54,31,50,41,22,312765
35,2005,20,21,6,5,40,175,148,55,70,50,73,54,31,53,38,25,988351
68,2005,18,22,11,7,39,178,135,56,71,49,76,66,28,48,37,20,445699
110,2005,16,25,15,12,41,250,112,61,73,47,79,64,25,44,29,11,380576
693,2005,20,27,8,6,44,251,181,54,72,45,71,58,31,47,37,22,414317
1092,2005,16,16,11,10,28,222,120,57,72,50,79,64,30,50,34,20,280371
609,2005,17,15,8,7,31,279,176,55,77,47,79,66,30,51,46,25,302322
791,2005,19,17,9,6,33,141,102,57,69,49,75,66,31,49,38,23,256358
45,2005,18,19,6,9,37,126,51,59,65,53,74,61,31,53,34,26,662329
655,2005,17,23,24,22,39,730,173,64,83,52,91,69,20,37,30,6,356973
854,2005,21,25,7,6,46,159,92,62,67,45,70,53,30,48,39,23,432563
116,2005,22,26,7,4,48,148,160,57,68,50,73,57,29,53,43,25,356090
686,2005,17,12,10,9,27,279,68,69,73,53,86,61,26,47,35,16,538489
12,2005,18,21,7,3,39,229,103,56,72,49,76,59,27,52,39,22,343331
652,2005,16,18,11,12,34,314,134,60,73,48,79,66,27,49,41,20,294785
21,2005,22,26,15,14,44,327,80,65,70,46,76,59,28,47,36,19,427236
74,2005,20,16,6,7,36,159,150,57,70,52,78,64,32,51,40,27,216770
685,2005,21,23,16,9,41,378,149,61,73,50,81,68,23,44,34,12,303916
487,2005,17,24,10,15,40,296,123,65,72,49,79,59,24,47,39,16,316027
415,2005,18,30,7,11,45,165,83,58,68,50,73,56,25,52,43,20,335110
4009,2005,11,12,8,8,23,172,60,56,73,52,79,58,27,52,45,23,264181
961,2005,19,26,4,10,45,116,155,64,65,48,72,57,32,51,42,26,265729
1042,2005,17,25,5,9,42,83,90,66,63,51,71,56,30,49,42,24,284361
575,2005,18,23,9,8,40,99,89,66,64,50,72,62,30,50,41,25,311557
64,2005,18,19,14,19,35,531,179,55,82,55,89,65,24,41,26,10,458742
47,2005,18,24,10,7,41,142,141,58,67,48,70,55,32,48,42,24,434645
85,2005,23,11,7,4,34,113,84,59,70,52,79,61,37,52,45,33,210985
538,2005,16,26,5,15,42,285,101,59,72,50,77,56,26,47,37,18,310406
532,2005,19,25,8,14,44,285,131,60,71,47,76,60,28,49,38,22,292805
616,2005,10,19,6,3,29,121,73,62,67,50,72,56,26,52,37,20,256446
5992,2005,11,11,9,2,18,88,58,63,70,48,75,59,28,51,40,22,202416
1075,2005,14,10,8,4,23,180,89,51,77,49,80,63,29,52,42,24,219490
497,2005,9,19,5,2,28,63,162,47,69,45,65,55,30,50,34,21,220247
717,2005,10,10,3,5,20,59,41,59,66,52,73,53,33,53,44,29,250204
40,2005,13,17,5,8,30,72,63,67,64,49,72,61,31,45,42,22,247935
4045,2005,13,22,5,14,35,214,103,62,69,49,78,66,29,48,43,20,231024
678,2005,12,25,5,10,37,162,99,57,70,49,74,58,28,47,38,19,288838
86,2005,14,15,6,6,29,78,89,59,68,48,71,58,33,50,46,29,193542
2214,2005,11,13,6,3,24,142,68,53,70,51,75,53,29,45,41,19,209173
642,2005,16,23,3,5,35,98,77,66,65,48,69,56,28,51,39,21,257673
814,2005,17,20,6,6,33,84,58,73,64,49,72,61,30,50,43,23,214224
38,2005,10,18,7,5,25,80,39,64,68,50,74,53,26,49,37,20,179638
79,2005,12,19,5,7,29,95,63,61,68,50,75,58,29,45,37,19,275309
80,2005,9,15,2,1,24,64,47,60,63,48,65,50,31,49,45,26,155607
552,2005,10,22,4,11,32,174,75,64,70,51,77,58,25,45,40,15,601266
469,2005,10,14,5,7,24,106,87,52,69,50,72,56,31,48,45,25,200149
97,2005,13,12,6,3,25,58,84,59,67,47,73,59,32,52,42,27,242475
728,2005,11,15,5,8,22,126,68,53,69,51,73,55,25,49,38,20,172072
722,2005,8,9,4,2,17,66,59,62,67,44,66,52,30,51,43,24,187729
757,2005,8,9,6,2,16,70,35,62,67,54,75,60,24,51,49,17,154940
879,2005,9,18,0,4,27,100,72,54,67,46,66,53,30,48,45,24,231332
377,2005,10,15,7,11,21,168,52,64,74,50,82,64,26,47,34,16,166417
221,2005,7,14,2,3,21,88,70,61,67,46,69,57,27,47,38,19,173422
91,2005,7,14,3,6,21,133,58,58,70,50,76,62,24,47,33,18,165742
16,2005,9,10,7,7,19,231,85,63,77,50,85,60,24,43,38,14,122717
431,2005,7,11,7,7,15,135,50,52,78,54,82,59,26,43,33,13,221116
98,2005,7,18,4,12,25,182,84,60,71,44,73,58,27,48,33,17,214180
650,2005,5,18,0,3,23,86,65,64,64,42,64,56,26,50,42,21,248614
99,2005,6,21,4,7,27,107,115,56,67,45,66,48,25,48,36,16,230143
692,2005,9,10,10,6,19,217,96,59,78,52,86,67,23,42,33,11,244545
176,2005,8,9,6,7,17,194,84,56,77,50,83,61,28,47,41,17,210029
14,2005,7,12,4,4,19,153,90,52,74,48,75,64,24,54,42,22,148523
850,2005,6,16,0,5,22,39,67,61,62,45,65,51,31,46,38,23,195844
4178,2005,5,8,4,4,13,137,54,59,73,50,77,58,26,46,33,17,158988
714,2005,5,10,1,5,14,52,30,66,65,52,73,58,28,46,37,19,120605
553,2005,6,11,2,7,17,175,57,53,73,48,75,57,24,48,43,18,139876
4010,2005,6,6,0,4,12,42,21,55,66,51,71,52,32,51,46,27,147393
286,2005,6,10,2,1,16,42,69,60,61,46,63,52,30,49,35,22,153053
29,2005,9,10,2,3,17,25,28,71,62,52,70,54,29,51,40,26,82069
95,2005,4,13,3,3,17,89,87,61,69,48,73,58,23,42,33,13,138309
92,2005,7,16,3,5,21,91,78,60,64,47,68,56,30,48,44,23,141331
49,2005,4,17,1,3,21,106,44,65,69,44,72,56,27,45,38,17,185044
435,2005,5,15,2,4,19,161,80,55,72,49,75,58,26,45,35,15,149123
804,2005,3,8,2,2,11,45,76,58,67,44,63,52,29,51,49,25,164517
422,2005,5,7,1,3,11,65,33,62,68,46,72,61,27,49,35,19,122687
15,2005,5,10,4,3,15,184,59,56,77,47,81,63,25,41,26,10,129949
367,2005,4,11,4,9,15,165,79,59,76,44,81,61,24,42,32,12,125655
41,2005,3,5,3,2,8,35,18,58,66,51,73,68,35,51,34,25,116093
526,2005,3,16,2,7,19,118,59,57,68,45,70,52,27,48,31,18,151839
65,2005,4,10,2,3,14,70,119,43,69,46,65,51,29,56,36,24,126099
510,2005,7,11,3,4,16,76,86,64,65,47,73,64,26,47,41,19,130020
516,2005,3,2,1,0,5,6,4,56,67,57,72,38,31,55,42,30,110355
641,2005,5,5,1,0,10,18,16,62,66,53,74,50,32,50,39,26,77098
1,2005,6,10,1,3,12,73,40,52,70,45,68,56,25,46,30,15,89389
544,2005,6,9,3,4,11,50,29,65,67,48,73,57,31,45,30,21,108108
152,2005,2,9,2,4,11,126,55,62,73,47,77,57,24,45,29,12,144997
921,2005,6,6,0,5,9,23,20,66,68,53,80,63,30,55,48,26,119238
762,2005,6,8,5,2,10,56,43,59,73,47,73,46,27,48,40,22,121381
763,2005,4,10,6,4,11,34,22,62,66,52,73,66,27,52,44,18,133393
111,2005,3,5,1,0,8,16,11,50,59,50,63,49,36,56,34,28,92552
106,2005,3,9,1,2,12,36,52,63,63,39,57,49,26,45,46,15,110549
87,2005,4,6,2,1,8,48,38,57,66,52,72,64,28,49,38,16,73235
736,2005,10,6,6,1,11,37,20,66,71,56,82,60,31,47,36,19,77653
1266,2005,3,3,2,2,6,47,14,67,73,53,80,56,27,44,34,15,83433
484,2005,3,5,3,0,8,37,30,56,69,42,68,59,31,51,41,21,73182
640,2005,1,5,0,4,6,37,20,56,71,49,79,62,26,47,42,18,69261
44,2005,1,8,0,2,9,16,29,66,62,48,69,57,21,44,24,10,89050
662,2005,3,2,0,0,5,24,9,63,70,45,70,52,29,61,44,33,98107
53,2005,1,11,1,3,11,26,38,63,63,41,62,51,26,42,26,12,100760
778,2005,4,3,2,1,6,77,27,57,75,51,80,53,24,50,21,13,92674
659,2005,2,5,0,5,7,25,26,58,66,49,73,60,31,49,37,27,90009
578,2005,1,5,0,2,6,46,20,61,78,45,81,50,20,42,32,12,167370
756,2005,3,6,1,1,9,49,22,60,67,48,71,52,24,53,45,20,98750
531,2005,3,4,1,1,7,55,25,57,70,53,78,61,30,50,39,22,92632
891,2005,4,7,3,1,8,49,18,57,68,48,69,55,25,50,32,16,82405
836,2005,3,1,0,2,4,22,15,59,67,57,81,73,33,49,44,24,57694
46,2005,2,6,0,2,8,42,32,55,69,47,69,57,29,55,41,26,72840
625,2005,1,3,2,3,4,43,24,59,75,54,84,59,23,44,41,11,78228
663,2005,1,5,0,0,6,13,16,66,61,45,63,53,28,46,37,20,124395
649,2005,4,6,4,4,6,16,26,60,66,50,70,63,28,51,48,22,100042
611,2005,4,6,1,1,8,25,17,61,61,43,62,52,33,51,34,24,121511
145,2005,2,4,1,1,6,32,27,52,78,44,70,47,24,42,35,11,67621
744,2005,2,4,0,3,6,52,13,57,70,53,79,66,21,41,53,13,91377
840,2005,1,7,1,0,7,21,11,62,64,46,65,60,28,37,29,12,87728
918,2005,2,4,0,0,6,30,16,53,72,46,68,40,29,52,42,24,85771
937,2005,1,11,0,4,12,40,39,56,60,48,61,45,27,42,32,15,121811
437,2005,3,2,0,1,5,27,10,65,65,55,77,57,32,52,28,25,42823
667,2005,2,3,1,2,5,14,6,61,66,56,79,69,36,42,46,23,35895
424,2005,1,2,1,1,3,16,10,62,65,50,75,62,32,49,46,27,108028
869,2005,1,3,0,2,4,16,18,57,61,49,63,49,28,56,45,25,55505
1043,2005,0,5,0,2,5,30,18,53,65,49,65,57,26,43,35,10,66658
990,2005,2,3,0,2,5,54,23,58,73,45,76,62,29,50,54,25,76206
1112,2005,2,3,0,0,4,18,6,56,70,59,78,47,31,60,39,29,60647
401,2005,4,3,0,3,3,31,8,65,71,59,88,74,22,43,58,16,80955
430,2005,2,2,3,1,4,22,16,60,67,49,72,59,28,52,29,18,90644
617,2005,2,2,0,2,4,17,20,61,70,47,80,76,31,52,42,25,150161
3233,2005,2,2,1,1,4,12,15,60,68,50,73,50,24,44,62,18,59267
864,2005,2,2,0,0,2,16,5,56,67,50,74,53,25,56,36,26,61780
735,2005,2,3,3,2,5,20,21,63,73,53,87,74,23,49,17,11,65566
6137,2005,2,3,3,2,5,52,40,60,69,51,77,66,27,44,33,19,62670
212,2005,2,2,0,1,4,12,8,62,69,50,74,52,34,57,39,32,82660
594,2005,1,5,0,1,6,14,11,57,65,46,71,65,29,44,29,16,73229
775,2005,2,3,0,2,3,11,6,70,66,43,69,52,24,45,54,19,51351
631,2005,2,3,1,3,5,9,6,62,68,51,77,59,31,53,31,25,59193
573,2005,2,5,0,2,5,8,22,61,70,47,73,52,22,52,33,15,119973
217,2005,1,4,1,0,5,40,23,59,72,45,75,59,29,45,23,11,32181
331,2005,2,3,1,1,5,42,9,57,76,49,75,67,32,47,27,13,71323
688,2005,0,9,1,2,7,15,17,67,62,37,56,58,22,47,52,15,60668
682,2005,2,2,1,0,4,14,4,66,67,48,71,68,22,49,32,15,25812
742,2005,1,3,0,1,4,25,14,55,70,45,74,66,22,50,43,16,63768
661,2005,1,3,0,2,4,8,10,60,67,51,74,50,31,50,30,20,42752
883,2005,1,3,1,0,2,12,10,51,72,55,79,54,29,42,67,15,47327
638,2005,0,4,0,1,4,8,11,66,57,43,50,58,30,52,50,21,61378
323,2005,1,3,0,1,4,14,8,56,64,49,71,50,25,43,27,14,53700
6627,2005,0,7,0,2,7,14,18,62,54,45,49,47,22,51,35,16,44795
5841,2005,1,1,1,0,2,2,7,61,72,43,74,58,29,36,50,20,28574
745,2005,1,2,0,0,3,16,8,62,76,48,76,36,23,38,29,7,86980
3026,2005,1,4,1,1,5,34,13,58,69,54,75,65,30,41,28,13,92416
19,2006,92,5,37,14,95,656,118,63,77,59,90,70,35,54,43,32,8343885
677,2006,59,12,20,12,69,240,108,69,72,57,86,68,32,54,43,29,3746360
568,2006,69,29,11,10,94,297,195,69,70,54,80,62,35,56,47,35,2026845
488,2006,59,25,21,16,78,482,210,58,72,52,80,63,33,53,42,30,1894295
71,2006,61,20,21,21,78,929,197,60,79,53,88,66,30,49,37,22,1713167
89,2006,49,20,19,19,63,705,91,67,79,55,90,69,29,50,42,22,2214890
84,2006,49,29,14,12,75,241,135,69,68,52,80,64,32,54,45,28,1454675
564,2006,44,19,7,13,57,178,185,61,68,54,79,64,33,53,44,31,1420040
670,2006,55,18,19,16,72,653,143,63,75,53,86,66,31,47,41,23,1276265
515,2006,49,22,20,13,68,424,229,63,73,52,82,64,30,50,40,24,1124630
22,2006,49,21,18,11,67,473,213,61,76,54,85,62,30,51,40,24,947035
4009,2006,37,20,17,7,53,390,175,53,74,50,78,59,31,52,42,25,1155495
831,2006,48,24,14,13,69,511,195,58,75,51,82,60,30,53,42,25,1023135
673,2006,41,26,9,10,64,161,188,64,66,50,73,55,33,56,44,33,886135
558,2006,55,27,25,16,76,287,140,63,70,52,80,64,31,50,48,27,894565
5992,2006,40,18,19,5,52,285,154,63,72,53,81,63,30,51,45,26,644940
1075,2006,40,25,10,12,62,295,205,53,69,50,72,57,34,55,42,33,677802
674,2006,34,21,12,8,52,250,118,63,73,52,83,62,30,52,42,26,770310
427,2006,30,15,13,11,45,393,142,63,74,54,85,65,31,47,44,23,820460
7,2006,33,15,9,8,46,337,175,55,70,51,76,58,34,55,44,33,646680
18,2006,32,28,5,8,57,242,259,56,70,48,74,57,32,51,39,27,732430
609,2006,45,31,23,14,72,627,275,55,74,50,79,61,30,51,40,24,723364
10,2006,28,23,11,7,51,212,69,68,68,54,78,57,31,52,36,25,579740
75,2006,25,21,10,5,44,172,111,58,69,50,75,58,32,51,43,26,704717
652,2006,35,23,11,14,55,366,160,63,75,52,83,65,29,52,39,23,477635
2,2006,35,25,19,16,55,459,97,61,73,53,82,65,29,50,39,21,572527
83,2006,33,21,9,13,50,337,102,53,74,54,81,60,30,52,45,26,567940
13,2006,27,21,11,9,47,296,86,55,73,50,77,59,32,53,46,30,510772
76,2006,31,20,12,11,49,341,147,57,76,51,81,61,30,52,39,25,490805
1092,2006,33,24,11,21,54,326,211,56,72,52,80,61,31,47,41,23,504720
757,2006,32,23,13,9,53,381,116,64,73,52,82,63,30,49,40,22,477925
4045,2006,27,20,10,12,47,314,106,61,73,52,83,68,30,49,36,22,414890
492,2006,29,27,10,11,53,138,102,61,68,51,76,62,31,52,42,25,530262
36,2006,26,22,8,7,48,131,170,63,67,48,71,57,33,53,42,31,532135
672,2006,32,26,15,10,58,228,222,73,68,50,78,63,31,50,40,23,535937
72,2006,33,20,14,11,50,88,137,63,67,53,77,61,34,54,40,30,581390
78,2006,31,24,13,11,55,353,98,58,73,51,80,64,33,50,41,27,491300
619,2006,34,27,9,7,57,34,102,70,62,51,69,52,33,52,39,30,472705
9,2006,31,20,10,7,51,242,119,61,71,51,80,63,31,50,43,25,436385
650,2006,24,22,13,11,46,247,144,68,67,48,75,60,32,48,39,24,523735
520,2006,33,26,15,9,57,323,181,61,69,50,77,63,32,49,40,25,503454
12,2006,27,22,13,6,47,235,84,58,71,53,78,60,29,54,42,24,554555
24,2006,30,21,15,10,51,318,126,59,73,51,81,64,30,48,39,20,404285
68,2006,38,27,17,13,63,287,155,59,70,53,79,61,31,48,43,23,514880
4010,2006,24,24,5,9,48,191,75,55,67,50,70,57,31,52,42,26,378760
5917,2006,20,19,9,11,39,252,157,57,70,49,75,60,33,48,46,27,475407
553,2006,22,18,5,8,40,378,122,51,77,53,83,69,30,48,40,23,334572
37,2006,16,10,9,5,25,188,91,52,72,51,75,59,35,51,43,29,456005
79,2006,23,16,13,5,33,117,50,67,69,53,77,58,29,50,43,22,278572
662,2006,17,12,8,7,29,196,46,55,75,50,81,64,28,50,37,21,291660
612,2006,24,26,10,9,50,287,78,65,69,52,78,58,29,50,40,23,428217
45,2006,19,23,7,8,42,179,108,58,68,48,74,60,31,51,44,25,791790
288,2006,30,32,25,20,58,407,223,56,74,55,82,58,25,47,33,15,510305
35,2006,13,19,6,4,31,130,106,60,70,47,72,48,28,53,42,23,1221485
563,2006,23,28,14,14,51,212,133,58,70,53,78,56,30,52,42,25,423072
854,2006,26,21,7,7,45,202,75,62,71,49,77,54,33,51,46,28,328535
641,2006,25,20,10,8,45,192,107,59,70,48,74,59,32,51,47,27,321465
2904,2006,9,8,6,5,17,217,59,55,80,54,87,63,25,48,35,16,238049
43,2006,22,25,11,13,45,438,166,62,76,51,84,68,27,45,37,16,1146265
717,2006,23,26,9,13,49,164,111,59,66,50,73,59,30,50,43,24,400040
56,2006,18,22,5,6,40,117,118,59,66,50,70,56,32,52,42,28,365540
678,2006,24,20,8,6,44,233,104,56,71,52,77,60,29,50,37,22,412755
487,2006,19,21,7,12,38,199,92,66,71,54,84,68,26,49,37,18,392847
728,2006,10,20,10,5,25,177,55,56,74,49,76,56,25,48,32,15,248920
431,2006,18,24,8,10,42,335,125,52,75,51,82,64,26,46,36,15,372885
578,2006,11,19,4,12,30,238,102,62,72,50,81,60,27,42,40,16,317915
38,2006,12,10,7,2,21,74,29,64,69,46,72,61,33,52,42,28,185980
961,2006,15,20,10,8,35,150,126,61,67,47,72,61,31,49,38,22,280457
1042,2006,18,23,5,8,41,76,75,65,64,53,72,55,31,52,38,27,267330
97,2006,16,21,1,4,37,71,89,59,65,48,69,58,31,52,43,27,332995
23,2006,10,18,7,12,26,265,74,57,76,50,83,67,24,46,38,15,329440
557,2006,4,6,1,0,10,35,8,68,66,45,70,60,34,57,48,32,155020
116,2006,19,26,4,13,45,150,129,57,68,50,74,64,31,53,39,27,316320
791,2006,20,30,7,12,47,173,173,56,67,49,71,57,29,49,41,22,336020
575,2006,17,21,7,4,37,98,62,67,64,50,71,53,33,50,43,26,309025
920,2006,2,4,2,1,6,28,19,53,65,44,62,53,32,57,43,29,136375
469,2006,16,26,6,6,42,144,120,53,68,50,71,57,30,49,37,21,348695
90,2006,15,26,4,1,41,62,111,64,64,43,64,48,26,54,40,22,427765
468,2006,19,29,11,13,48,468,172,58,75,48,80,59,27,44,35,17,401937
92,2006,15,10,6,2,23,77,73,56,68,50,72,61,31,51,42,25,185605
683,2006,9,6,0,1,15,51,21,74,63,51,72,56,32,52,39,28,161555
712,2006,11,16,4,5,27,101,78,55,69,49,74,56,26,51,39,21,212425
814,2006,13,17,5,3,30,75,38,72,65,48,72,57,31,50,39,23,291860
499,2006,5,10,4,3,15,88,46,63,70,49,74,49,26,47,43,16,161905
616,2006,11,18,1,3,29,94,104,58,67,45,67,50,31,49,41,24,259625
176,2006,14,20,6,8,34,238,97,56,73,48,78,65,29,45,35,18,304792
716,2006,4,5,2,1,9,96,56,62,73,42,79,73,29,45,38,17,128286
891,2006,7,11,3,3,15,94,20,64,72,51,79,60,27,46,32,17,148585
762,2006,2,7,1,4,9,31,23,62,71,50,76,52,25,48,38,14,107915
756,2006,7,15,3,7,22,83,41,58,63,45,63,50,29,48,46,22,205095
1162,2006,14,13,7,9,26,112,76,64,70,50,79,59,31,47,41,23,256535
6465,2006,10,12,0,3,22,49,57,72,63,50,73,57,33,51,42,29,169815
3026,2006,1,3,1,2,4,42,22,56,73,50,80,56,30,40,29,14,124870
516,2006,10,15,4,3,25,53,46,59,66,52,74,64,28,50,38,21,250084
3233,2006,1,2,0,0,3,10,9,59,64,44,68,56,27,46,25,18,66025
552,2006,4,10,2,7,12,94,23,63,72,48,78,56,31,45,37,21,274980
47,2006,11,21,2,8,31,97,83,57,67,52,73,52,29,49,43,22,313699
655,2006,17,20,21,19,36,647,108,65,82,49,91,70,23,36,29,8,329387
804,2006,8,22,5,2,29,142,132,63,66,47,70,57,31,48,40,20,424210
659,2006,3,8,2,5,11,51,19,67,67,53,79,59,25,48,31,14,140210
532,2006,7,18,1,3,25,83,90,58,68,48,69,52,30,50,44,21,243430
98,2006,10,17,6,7,27,118,87,66,67,42,70,60,30,50,45,26,232170
4211,2006,8,8,6,6,16,81,74,59,73,49,79,67,28,49,41,21,153217
649,2006,9,12,3,5,18,78,63,63,69,43,72,61,27,49,30,19,149837
685,2006,13,20,8,9,31,283,119,61,72,48,79,65,25,46,36,15,234410
643,2006,3,3,0,2,6,12,18,67,66,61,78,47,25,52,40,22,91725
54,2006,11,25,8,11,36,169,82,57,69,49,73,57,29,46,37,18,304245
1718,2006,8,8,5,3,12,40,19,62,64,48,69,50,30,49,35,22,158425
692,2006,9,20,9,14,28,285,124,61,74,49,81,61,25,45,34,14,366755
621,2006,5,8,4,2,13,32,69,61,68,49,72,53,30,51,41,22,134395
41,2006,5,17,2,4,22,67,36,66,63,49,68,55,29,49,35,21,237845
918,2006,6,12,6,3,18,95,58,55,72,52,77,54,27,46,31,17,170860
21,2006,15,21,10,8,33,116,59,64,66,50,74,56,30,47,34,19,324575
16,2006,11,10,5,4,20,279,98,56,80,49,83,59,26,46,33,15,172970
531,2006,13,16,6,3,27,124,66,54,70,46,70,61,27,49,44,21,266895
30,2006,11,14,4,2,25,14,287,63,63,34,56,53,37,57,41,40,207735
722,2006,12,27,9,4,39,146,148,63,65,43,66,53,31,52,46,26,315000
611,2006,8,12,3,4,14,62,42,60,64,48,68,64,33,47,37,23,160095
435,2006,8,18,3,11,23,168,69,56,74,50,77,54,29,46,40,21,202780
691,2006,2,2,1,2,2,9,6,63,62,45,61,59,16,26,100,6,65746
152,2006,3,10,2,5,12,132,81,62,69,44,75,68,26,46,38,16,158055
686,2006,13,19,11,14,30,312,97,69,73,50,83,64,22,42,29,10,331912
684,2006,3,6,1,4,8,29,18,66,72,54,84,67,22,49,39,14,90405
1635,2006,10,23,6,4,33,89,127,57,67,46,68,59,27,47,35,18,235590
749,2006,5,8,2,2,10,33,43,62,64,46,68,53,28,47,32,16,172137
1640,2006,3,3,2,0,5,62,11,56,81,51,84,47,23,50,42,16,100640
3833,2006,0,4,1,3,4,16,3,63,66,51,73,57,26,45,35,12,109645
836,2006,2,7,1,1,9,60,25,55,75,45,75,62,26,42,38,14,97940
66,2006,13,13,8,6,25,142,48,65,69,50,77,57,28,50,36,22,251342
4061,2006,6,11,2,4,17,194,55,57,76,50,82,61,27,44,39,14,129379
1887,2006,2,2,2,3,4,7,10,69,65,52,76,66,29,48,31,17,90325
935,2006,5,17,3,4,22,49,65,61,60,43,59,51,32,48,55,27,182360
415,2006,6,20,2,4,24,102,51,57,65,48,67,53,24,47,34,13,252245
696,2006,0,3,1,1,3,2,1,84,58,34,57,45,26,45,38,17,60285
642,2006,4,9,3,2,9,22,32,62,64,44,65,55,25,48,56,22,101515
779,2006,2,8,1,1,9,32,19,58,68,48,73,66,25,47,36,16,113710
110,2006,14,18,6,8,32,227,66,61,74,50,81,62,27,48,35,17,186545
661,2006,9,9,3,3,18,72,49,56,68,50,72,53,33,49,41,25,128645
634,2006,3,4,0,0,6,24,23,59,67,52,72,55,31,44,34,19,134485
46,2006,8,12,4,4,20,99,66,53,71,44,69,58,29,47,42,22,159290
6848,2006,4,2,2,4,4,32,8,63,76,47,85,74,29,48,35,16,82074
850,2006,2,6,1,1,8,12,17,65,64,55,76,62,27,48,37,18,99105
453,2006,0,2,0,2,2,3,8,66,59,52,67,50,28,54,39,27,73985
396,2006,0,1,0,1,1,9,6,49,80,56,81,25,28,40,50,20,42794
52,2006,1,4,0,1,4,13,9,66,62,48,72,54,27,52,50,24,55215
484,2006,1,3,0,1,4,17,11,54,67,44,65,50,34,41,31,23,79675
763,2006,10,16,2,5,22,76,48,57,62,48,66,60,28,52,34,25,176060
864,2006,9,11,5,3,18,71,52,58,69,48,74,53,27,48,44,21,141090
3,2006,10,8,7,3,18,162,55,59,72,53,82,63,29,51,37,20,156700
875,2006,3,3,3,1,6,41,8,71,73,47,81,59,25,45,43,15,72543
745,2006,4,11,2,7,15,110,74,61,73,48,76,52,28,45,42,20,118285
778,2006,4,4,2,4,4,79,19,59,77,45,82,75,18,37,40,11,78290
3685,2006,4,2,2,0,3,6,5,69,61,54,69,63,33,46,33,20,57468
775,2006,5,5,2,3,9,52,22,56,71,53,81,67,29,48,41,20,130130
212,2006,8,9,4,3,15,94,40,57,69,51,73,57,25,46,52,18,137110
703,2006,2,6,2,0,8,33,30,61,64,48,69,58,26,49,33,17,103735
689,2006,2,3,0,0,5,10,15,63,67,52,78,65,32,46,40,22,50260
2214,2006,1,14,0,8,15,75,48,60,70,46,72,59,27,44,31,14,157140
1035,2006,0,2,0,1,2,13,8,57,61,47,63,50,34,49,26,23,68558
64,2006,7,10,7,10,16,308,76,57,81,54,87,63,22,41,29,8,176677
990,2006,2,4,0,3,6,43,35,61,70,52,81,69,28,37,29,14,123270
840,2006,1,4,1,1,5,29,3,68,70,48,73,50,27,46,35,11,89170
510,2006,7,3,1,2,4,33,19,59,75,58,89,71,30,46,56,24,124770
666,2006,5,16,1,3,21,80,34,65,63,47,66,50,27,48,44,21,181187
714,2006,6,10,7,7,14,109,30,65,70,53,81,58,21,49,39,17,109270
6081,2006,1,3,0,0,2,9,7,54,65,47,64,62,23,61,37,25,43421
2123,2006,0,1,0,0,1,0,1,53,43,49,42,42,34,50,38,27,51650
637,2006,0,3,0,1,3,17,14,50,71,47,73,54,24,53,30,20,82425
1930,2006,1,1,0,1,1,1,1,77,60,57,67,40,15,41,50,10,48002
6101,2006,5,11,2,4,14,75,49,54,71,49,76,65,28,47,29,16,87600
1154,2006,0,2,0,1,2,15,4,55,73,52,72,53,33,45,39,21,77863
422,2006,5,9,2,4,13,90,45,57,71,45,75,60,26,46,38,17,120270
2013,2006,1,2,0,1,3,9,7,66,63,56,74,36,27,50,53,23,56572
5961,2006,3,1,2,3,0,0,0,0,0,0,0,0,0,0,0,0,29016
1958,2006,2,2,1,0,4,7,5,77,60,49,66,59,33,50,32,28,65920
99,2006,4,7,3,3,11,44,44,61,71,47,74,62,26,50,40,19,132115
544,2006,3,4,0,5,3,34,12,62,68,56,82,78,36,47,56,29,74445
278,2006,0,1,0,1,1,1,5,57,57,49,60,60,15,36,50,11,70440
1569,2006,2,3,2,0,2,3,7,51,59,42,53,53,22,37,33,6,45700
49,2006,2,3,1,3,5,38,7,61,72,56,84,71,27,51,29,18,55500
2179,2006,1,1,0,0,2,11,7,54,72,48,81,69,28,37,40,15,50335
286,2006,3,16,0,4,18,30,82,61,63,41,61,58,26,49,42,20,135230
921,2006,0,4,1,3,2,10,2,62,59,64,74,56,22,55,38,16,121190
111,2006,4,12,0,7,16,46,18,55,67,48,68,46,28,53,45,25,119975
742,2006,0,2,0,1,2,13,15,45,70,44,68,68,17,32,0,0,70305
1671,2006,1,1,0,0,2,2,13,66,62,41,61,60,36,54,44,34,63256
53,2006,2,1,0,1,3,17,6,56,78,51,83,50,28,56,28,23,57940
4178,2006,1,11,1,2,12,83,58,57,67,46,68,55,21,47,31,13,159255
48,2006,8,16,3,8,21,131,94,60,67,47,73,54,25,43,39,15,174450
663,2006,3,6,3,1,9,31,26,65,66,48,71,54,30,46,33,18,106120
579,2006,5,2,4,3,7,112,24,65,78,51,91,76,25,42,34,14,74730
1157,2006,0,1,0,0,1,19,3,65,69,51,69,58,13,49,40,13,50470
1262,2006,1,2,0,0,2,3,4,66,68,35,61,44,30,43,38,22,33190
1266,2006,1,6,1,2,3,26,9,63,73,44,78,64,20,45,25,10,64650
2529,2006,2,2,2,2,4,31,20,55,72,51,78,57,24,50,45,18,41898
1181,2006,0,1,0,0,1,2,1,69,75,35,77,0,25,31,100,8,67766
3492,2006,2,3,2,1,2,15,4,61,67,49,71,58,18,43,17,7,51340
19,2007,68,9,30,10,75,597,86,62,77,59,89,66,34,52,41,29,10130620
677,2007,70,15,13,10,85,238,128,68,73,56,86,67,35,54,44,33,5646935
5992,2007,68,19,30,13,84,518,195,64,72,54,84,65,32,53,43,28,3927700
568,2007,53,31,22,13,82,285,278,67,69,50,78,59,35,54,44,31,2051775
673,2007,61,23,13,12,82,236,135,66,69,52,79,59,35,57,48,36,1955252
89,2007,54,16,35,12,64,749,99,65,80,57,91,65,25,48,39,18,1532070
515,2007,37,24,16,12,57,372,138,63,73,51,82,61,29,52,42,22,1437130
674,2007,49,24,10,12,70,375,152,62,74,54,82,58,33,50,45,28,1284790
564,2007,31,18,14,14,48,267,159,58,72,51,80,63,29,55,41,26,1230465
84,2007,49,26,11,12,73,272,124,68,68,54,79,62,32,53,46,29,1027147
1075,2007,43,14,14,4,54,328,138,54,74,52,81,60,34,55,40,32,880905
22,2007,39,17,12,7,52,418,156,61,76,54,85,65,29,51,42,25,974350
488,2007,54,24,23,17,71,508,203,58,75,53,84,62,29,54,43,25,966585
831,2007,46,24,22,16,66,486,150,59,78,54,86,65,28,52,43,24,1126070
85,2007,39,21,20,6,58,331,122,57,73,52,79,62,33,51,45,28,919940
4009,2007,48,22,19,16,66,451,180,52,75,53,82,63,31,51,44,26,890330
24,2007,42,23,15,9,65,371,180,62,72,51,81,67,32,49,41,24,867315
71,2007,44,23,32,18,65,944,156,59,79,53,87,66,27,46,33,16,963445
75,2007,50,24,13,16,71,333,141,60,72,52,82,64,31,51,42,27,1028900
492,2007,40,25,8,11,65,183,219,58,70,52,77,60,33,51,40,27,987765
7,2007,35,16,7,14,48,365,159,54,76,53,83,61,30,53,48,27,662075
655,2007,43,21,37,30,64,1318,119,69,84,53,94,75,22,42,30,10,682565
1042,2007,41,19,8,12,60,191,114,66,68,56,79,60,32,54,48,31,695945
10,2007,34,23,14,10,57,228,98,68,67,53,78,63,31,51,40,25,685385
563,2007,46,24,17,11,68,326,156,56,74,53,83,64,31,53,41,26,699770
672,2007,34,28,10,17,59,271,203,72,70,51,80,61,31,50,41,24,631695
558,2007,33,27,14,10,57,176,104,65,69,50,76,56,31,54,40,27,638037
4045,2007,34,27,9,13,61,474,145,61,74,52,81,63,31,50,40,24,600530
4010,2007,35,26,10,9,61,226,108,57,66,50,72,60,32,53,47,29,560655
427,2007,27,22,10,15,47,329,93,63,74,54,85,68,29,48,42,22,615815
814,2007,26,25,11,7,50,97,80,72,66,53,78,64,29,48,40,22,516422
678,2007,33,27,17,8,56,255,134,61,71,53,80,58,30,51,39,23,532330
1162,2007,36,27,11,15,57,233,99,68,68,55,80,59,31,50,40,23,526495
609,2007,28,23,12,7,49,400,194,57,75,54,82,57,28,49,39,20,591525
468,2007,27,25,21,15,51,511,176,60,76,53,85,65,25,44,38,15,458795
1092,2007,21,24,5,11,43,301,134,56,71,51,78,59,30,49,39,23,491545
45,2007,24,19,12,5,43,215,65,57,72,53,78,59,30,49,44,23,689250
5917,2007,21,21,13,11,42,473,158,57,75,52,81,59,31,45,36,20,367225
553,2007,24,23,11,14,47,534,123,52,79,51,81,59,26,49,40,19,441790
619,2007,20,25,4,8,45,35,93,69,61,48,65,49,33,52,48,31,450715
652,2007,27,16,12,11,40,284,103,62,75,51,83,60,32,50,44,25,428420
76,2007,24,25,11,11,49,378,192,55,74,50,79,57,31,50,40,23,525645
3985,2007,14,10,8,5,24,209,48,65,75,52,83,56,29,46,35,18,318615
6465,2007,28,25,8,12,50,312,133,62,71,53,79,61,30,51,46,26,393660
578,2007,22,20,10,13,42,329,204,57,75,52,83,64,26,48,39,18,443770
616,2007,24,24,10,9,48,157,161,61,69,49,75,58,28,48,36,20,394320
92,2007,23,27,11,9,48,190,129,60,68,53,75,60,30,49,43,23,358145
72,2007,19,26,6,10,42,70,100,62,68,50,74,58,26,52,41,21,436380
37,2007,19,11,8,5,30,202,74,57,79,52,86,66,32,48,36,22,333567
791,2007,22,24,11,13,43,203,146,58,70,50,76,59,29,51,45,24,351535
79,2007,25,23,9,14,44,134,70,63,70,52,80,59,28,49,32,20,386230
728,2007,19,22,8,10,38,304,101,56,75,49,78,60,24,50,40,18,392115
13,2007,21,18,5,6,37,232,60,54,74,51,78,58,30,51,42,24,414265
12,2007,24,26,11,21,49,269,134,56,75,52,82,60,25,49,36,18,741980
854,2007,18,25,4,9,43,199,76,61,68,49,72,50,29,51,41,25,364315
2,2007,23,20,12,14,40,326,126,58,73,52,80,64,28,47,37,20,365160
745,2007,13,12,5,6,25,166,78,62,74,52,83,61,27,47,40,19,259095
850,2007,9,18,8,4,27,65,63,67,65,50,72,54,27,49,36,19,295930
35,2007,18,21,9,9,38,169,118,61,68,47,73,63,31,51,40,26,686775
520,2007,23,25,7,14,44,208,122,64,68,50,76,59,30,47,39,22,417655
6848,2007,10,14,3,7,20,166,77,64,74,47,81,68,29,39,39,18,272385
23,2007,27,25,16,15,47,392,115,58,75,51,81,64,23,47,40,16,404410
4061,2007,19,22,9,10,41,509,133,57,79,48,82,60,27,44,39,17,350207
1576,2007,10,5,4,2,9,32,32,61,67,50,71,51,37,50,41,30,150167
83,2007,22,19,9,6,40,187,107,54,73,50,76,57,30,51,40,24,425375
396,2007,7,14,2,5,20,123,55,60,69,48,74,55,26,49,39,18,238580
3833,2007,9,15,4,6,22,98,24,66,68,53,79,54,23,43,37,13,270000
650,2007,22,28,11,8,50,217,157,65,66,50,73,57,30,49,38,23,482460
557,2007,11,25,4,8,36,112,48,65,64,47,69,58,29,50,42,23,313165
662,2007,21,25,9,6,46,276,86,57,74,50,80,61,27,48,38,18,380115
6101,2007,14,13,1,4,24,168,83,53,74,48,77,60,29,48,45,22,215750
891,2007,18,19,9,7,34,421,84,60,75,51,81,61,28,45,36,18,287895
487,2007,21,16,9,7,33,141,76,69,70,50,80,57,30,48,41,23,307690
683,2007,14,20,4,3,34,109,97,66,64,48,67,56,31,51,40,25,278385
21,2007,14,15,3,5,25,122,50,65,71,45,76,56,28,53,45,23,357180
695,2007,8,9,8,4,14,52,10,73,73,49,83,66,26,47,23,12,139060
116,2007,24,28,10,9,52,157,108,62,66,53,74,60,29,52,40,24,322145
68,2007,17,26,12,12,40,161,113,62,67,50,74,62,29,49,39,23,344177
714,2007,3,9,3,3,10,71,29,61,70,48,76,65,24,46,33,13,140855
4211,2007,20,24,5,11,44,218,144,58,70,47,73,57,28,49,42,20,248000
1718,2007,14,17,7,7,28,90,30,62,69,52,77,62,29,48,40,22,216115
453,2007,10,19,5,6,29,57,75,69,65,48,71,55,28,48,44,21,261590
670,2007,13,11,2,4,23,190,40,64,76,53,85,63,26,50,45,22,209610
2904,2007,21,32,15,12,51,417,159,52,76,51,82,68,24,46,28,13,396154
935,2007,11,15,5,7,26,93,42,62,68,51,74,62,30,48,39,22,236970
5838,2007,6,2,4,1,8,35,15,58,76,50,79,55,34,49,43,29,127299
879,2007,4,2,2,1,6,17,22,47,75,49,74,61,34,49,51,27,105627
875,2007,6,8,3,2,14,72,29,62,68,50,73,64,30,52,41,21,176750
1887,2007,14,19,5,6,33,141,97,65,66,49,74,57,31,49,38,22,262420
961,2007,13,22,4,8,35,106,85,63,68,46,71,55,31,48,42,23,293060
778,2007,8,18,11,13,23,362,83,59,78,53,87,68,23,39,25,8,212225
717,2007,16,24,7,13,40,188,83,63,70,51,80,64,26,45,37,16,340145
552,2007,13,18,4,10,31,228,105,63,72,52,80,63,27,46,35,18,638015
663,2007,3,4,2,3,7,30,19,68,71,50,82,75,22,50,36,18,140850
4067,2007,5,7,3,3,12,54,45,53,70,46,70,58,30,48,44,23,126405
1635,2007,10,10,3,5,19,49,52,61,66,49,73,59,29,49,44,23,147550
1672,2007,5,7,2,0,12,33,26,68,67,46,72,48,32,44,37,20,207725
757,2007,15,27,9,8,39,184,69,60,68,47,70,55,28,48,41,20,381435
47,2007,7,13,5,5,20,74,50,58,67,50,70,57,29,49,41,22,231972
6627,2007,2,3,0,2,5,26,22,57,76,49,81,53,28,54,36,19,114467
98,2007,7,13,4,3,20,116,54,60,69,44,71,57,26,48,44,20,157195
864,2007,13,12,5,3,24,113,72,61,66,48,72,54,32,50,41,26,186402
2214,2007,1,4,1,1,4,20,7,59,75,47,77,62,30,34,29,10,100820
74,2007,9,11,5,2,20,69,68,61,67,50,72,57,32,52,38,27,185255
716,2007,5,18,4,6,23,194,113,59,72,45,74,58,26,45,33,13,252685
5837,2007,8,5,12,7,13,255,40,68,78,59,91,67,20,39,22,6,140090
845,2007,2,4,1,0,6,7,6,68,57,52,63,59,37,51,50,34,128160
659,2007,6,8,1,3,14,51,45,64,64,50,72,66,31,48,44,26,151350
38,2007,10,14,3,2,24,103,55,61,69,46,73,60,28,47,38,19,237880
762,2007,7,15,4,6,20,79,82,59,68,47,71,54,25,52,33,18,171235
4178,2007,0,3,2,2,3,38,17,60,71,47,77,45,23,39,8,4,143210
78,2007,10,4,3,2,14,110,28,58,73,55,84,59,32,52,46,30,202880
3577,2007,4,1,1,0,1,1,5,44,50,41,36,59,23,47,14,8,134282
6081,2007,13,12,4,6,21,126,55,59,72,50,80,69,27,42,37,16,152685
3233,2007,10,15,4,3,25,94,57,61,65,49,70,58,29,49,40,21,202790
516,2007,16,24,10,7,40,88,104,57,64,48,67,54,29,50,40,22,317379
685,2007,3,6,1,4,5,78,18,67,73,51,80,56,29,42,50,16,119795
666,2007,0,2,0,0,2,3,4,59,59,35,50,42,23,45,0,0,79530
661,2007,0,4,0,1,4,8,4,61,66,38,61,58,23,35,8,3,98600
779,2007,3,4,2,2,7,25,12,62,71,47,74,59,30,47,27,16,157295
1936,2007,0,2,0,0,2,2,6,64,65,40,62,33,28,42,71,22,69432
603,2007,4,3,1,0,7,19,9,64,66,53,73,52,32,50,51,28,81133
1671,2007,2,4,0,1,6,19,20,66,65,48,68,48,27,48,48,24,106860
836,2007,10,12,7,5,22,167,60,62,74,49,81,65,27,47,36,17,190480
754,2007,4,4,3,2,8,82,32,61,77,50,86,69,23,46,26,11,118382
918,2007,10,28,6,8,38,211,182,55,72,46,73,60,25,46,40,15,297017
1157,2007,4,3,4,3,7,63,23,68,71,53,83,60,22,50,49,18,102200
7295,2007,5,7,3,3,12,50,44,59,66,43,65,50,31,50,43,26,125085
499,2007,5,16,4,10,21,131,51,62,70,55,80,62,26,43,34,13,204650
756,2007,5,10,1,1,15,38,35,59,60,48,59,56,30,47,42,24,130915
599,2007,2,3,1,0,5,18,16,63,61,47,64,54,30,49,43,27,96765
1035,2007,2,2,0,0,4,7,7,65,65,50,71,50,33,48,44,27,113875
641,2007,9,18,4,3,27,75,130,55,65,44,63,54,31,51,52,28,265160
612,2007,11,20,5,5,31,191,57,63,69,50,76,59,30,51,42,23,264765
484,2007,2,4,0,1,5,27,27,50,70,41,63,50,27,43,48,17,106495
18,2007,10,21,10,8,30,105,141,56,67,46,67,51,30,51,35,23,290500
840,2007,2,8,1,4,8,20,9,58,71,51,77,46,29,45,38,19,97875
415,2007,3,4,2,1,7,24,12,62,73,48,79,63,23,47,52,16,121215
5127,2007,1,3,1,0,2,6,6,59,62,51,64,50,12,42,11,4,82205
3026,2007,9,24,4,10,33,332,70,59,73,50,80,64,23,45,34,14,296540
5961,2007,1,5,1,3,4,17,12,58,66,47,71,67,28,48,33,19,90940
3682,2007,1,1,1,0,2,2,9,72,57,47,58,45,30,62,47,33,93960
56,2007,5,12,1,1,17,31,47,58,64,45,64,54,31,48,36,22,127270
3685,2007,1,5,1,3,3,7,7,62,65,53,73,47,34,47,31,27,74860
691,2007,3,8,0,1,8,28,31,61,64,46,64,48,27,43,27,15,129865
1841,2007,3,4,0,1,7,5,13,67,64,46,70,64,34,51,33,28,88858
637,2007,4,6,4,0,10,63,36,53,71,49,74,54,21,46,55,14,111807
763,2007,5,2,1,2,5,18,9,67,70,44,76,62,34,52,48,29,82227
531,2007,1,4,2,1,5,15,20,62,70,48,71,59,17,44,57,8,151795
3853,2007,1,2,0,0,3,27,20,54,75,41,73,72,27,49,29,20,88951
689,2007,2,8,0,3,10,51,30,61,70,44,69,56,27,44,31,16,147685
43,2007,9,22,6,14,27,197,150,57,74,48,78,58,26,46,34,16,517030
437,2007,1,5,0,1,6,68,24,63,74,56,82,58,22,44,38,15,88235
649,2007,9,19,6,4,26,85,98,61,68,48,71,53,27,50,37,19,215050
804,2007,7,15,1,5,21,132,89,61,70,47,76,60,27,49,36,18,515540
575,2007,7,15,1,5,22,65,34,66,64,48,69,60,29,49,36,20,191170
152,2007,4,1,3,1,4,42,24,65,81,56,93,71,20,44,29,9,103190
799,2007,0,2,0,0,2,5,5,64,59,43,57,50,16,37,33,9,70345
50,2007,0,1,0,1,1,10,2,57,71,42,75,50,31,53,50,24,104188
686,2007,7,9,2,6,16,145,50,68,72,51,84,70,27,45,38,16,181780
377,2007,4,2,4,3,6,72,16,66,83,57,94,75,26,49,44,15,68962
44,2007,1,2,0,2,3,38,26,61,72,51,79,65,27,45,33,21,83960
1394,2007,1,1,0,0,2,3,7,52,66,48,67,30,33,59,36,43,58140
97,2007,9,13,3,4,22,47,70,62,64,47,67,58,31,55,44,29,154662
53,2007,5,3,5,0,4,20,7,67,71,48,75,56,23,45,32,12,70640
41,2007,0,5,1,0,5,7,6,71,57,41,54,53,20,38,17,4,110957
435,2007,4,5,1,1,7,58,13,54,76,52,78,49,27,44,41,18,89445
621,2007,3,8,1,5,11,20,51,60,63,45,66,56,32,48,46,25,99935
406,2007,1,2,2,0,1,7,6,53,81,29,67,0,8,19,0,0,58960
5129,2007,1,1,1,1,2,20,5,55,68,54,74,53,31,40,50,26,52271
7461,2007,2,3,0,0,5,19,18,62,66,47,63,56,29,45,38,20,69280
6501,2007,0,1,0,0,1,2,4,65,43,47,38,44,15,63,100,13,46592
2013,2007,1,2,0,0,3,12,9,66,69,55,78,50,17,50,57,11,84545
4236,2007,1,1,1,0,2,11,9,57,74,45,76,65,22,55,40,17,64058
532,2007,3,14,0,3,17,61,50,61,69,40,66,44,26,49,32,19,149110
5103,2007,4,8,0,5,12,94,41,58,75,48,76,57,24,47,43,17,154350
1621,2007,2,2,1,1,4,30,21,60,77,46,81,58,26,53,46,20,69982
36,2007,6,15,1,1,21,26,103,62,62,43,59,48,27,50,38,21,153422
469,2007,4,10,1,3,14,61,63,52,67,47,68,56,30,50,35,22,130367
3992,2007,0,2,1,0,2,4,3,57,62,44,56,59,28,42,42,20,65110
760,2007,1,2,0,0,2,32,11,54,76,50,76,50,23,53,30,19,66071
573,2007,0,4,0,1,4,19,19,51,65,48,64,48,24,44,50,16,71705
634,2007,5,14,2,2,18,85,64,63,71,45,75,58,27,45,35,16,200342
611,2007,7,2,1,2,7,14,16,63,69,48,79,67,34,51,56,31,63340
684,2007,2,8,1,4,10,58,27,64,69,47,75,54,25,41,30,12,107310
2107,2007,1,2,0,2,3,36,6,54,79,38,78,50,25,53,27,19,53211
7043,2007,0,3,1,3,3,23,9,57,73,46,71,54,25,46,35,16,55195
90,2007,3,9,3,2,11,18,18,65,63,49,67,56,23,46,24,11,132260
91,2007,4,2,4,2,6,49,6,69,74,58,90,67,25,51,30,14,47326
1266,2007,2,3,0,0,2,7,5,57,62,49,63,53,26,40,25,10,77495
761,2007,2,3,2,1,5,19,5,68,71,51,84,71,29,50,40,20,76670
677,2008,82,11,23,11,90,283,117,69,72,60,88,67,34,55,45,33,6773773
19,2008,66,15,25,13,80,695,77,64,77,58,89,68,32,53,41,27,5886879
5992,2008,64,17,19,13,79,493,154,65,74,57,87,67,32,53,47,30,5689077
1075,2008,58,16,23,10,72,469,157,57,75,51,82,63,33,54,42,29,3705648
568,2008,56,21,12,11,72,280,156,64,72,54,82,59,34,55,44,32,2317082
3985,2008,34,14,16,13,47,499,104,64,77,51,86,67,30,48,43,21,1695138
4010,2008,51,27,17,9,78,342,167,57,70,54,80,62,30,53,38,25,1425489
89,2008,49,18,26,19,62,889,133,68,80,56,91,68,28,48,35,20,1337888
6465,2008,46,16,10,8,59,295,146,62,73,53,83,63,33,54,45,32,1322497
488,2008,47,24,14,15,68,459,181,56,74,53,81,62,32,49,43,26,1027141
564,2008,44,16,17,4,54,280,168,58,74,52,80,60,32,54,46,29,1106217
673,2008,44,23,13,9,64,168,104,66,68,53,78,59,33,54,43,29,1170008
1092,2008,38,21,18,13,55,318,126,61,70,54,78,56,31,52,45,27,988428
5917,2008,30,17,10,6,47,353,147,61,74,50,80,61,33,48,40,25,889581
515,2008,39,15,20,11,51,318,149,63,73,55,85,66,30,48,42,21,759453
672,2008,47,27,14,15,72,270,294,73,69,52,78,58,33,52,45,29,977961
652,2008,45,21,8,17,64,656,173,61,78,54,88,68,30,50,43,25,1059966
4045,2008,35,17,10,12,50,449,123,59,75,55,84,65,31,51,39,25,851017
1162,2008,43,32,20,17,72,439,178,64,73,55,84,62,29,47,36,18,884532
831,2008,35,22,13,7,54,431,117,60,77,53,84,58,28,54,44,24,859106
84,2008,37,23,15,9,58,181,91,68,69,51,78,62,32,51,40,25,893211
609,2008,34,22,14,12,55,437,174,58,75,52,84,65,27,48,36,19,862804
6101,2008,37,25,15,16,61,558,201,54,75,53,83,63,31,49,38,22,677846
553,2008,32,23,10,14,55,554,150,50,78,51,81,60,30,47,39,23,847690
674,2008,32,22,11,12,52,439,126,60,76,53,84,59,30,49,40,24,750949
655,2008,31,26,30,31,54,961,98,66,81,53,90,67,25,41,32,12,738601
427,2008,33,23,17,17,54,400,174,63,76,52,86,61,29,49,43,22,756793
678,2008,32,21,14,12,50,267,112,63,72,55,84,65,31,50,42,25,775090
2,2008,24,24,13,18,46,392,151,55,74,51,81,64,29,48,43,20,779510
468,2008,27,26,21,9,50,572,153,61,75,53,86,65,26,43,35,13,865779
563,2008,32,28,20,12,58,322,178,55,74,55,84,64,26,51,37,19,672772
75,2008,28,22,9,10,49,230,119,62,72,51,81,66,31,51,43,25,847941
47,2008,21,23,5,15,44,174,125,59,70,51,76,59,29,49,40,22,745475
520,2008,30,26,15,15,53,344,128,62,71,54,81,60,29,47,37,20,574640
791,2008,30,30,6,20,56,251,189,58,70,50,76,61,31,50,43,26,653275
670,2008,32,16,14,11,45,413,103,63,76,53,86,68,29,50,39,20,600326
558,2008,26,28,10,10,51,153,105,67,66,50,75,62,29,52,41,24,703224
37,2008,23,18,8,7,39,283,95,52,76,50,80,56,31,47,42,22,651423
4061,2008,28,26,10,11,52,523,163,59,75,49,81,63,28,48,39,19,546835
552,2008,23,21,25,18,42,400,145,61,75,55,85,64,27,45,33,13,899477
3833,2008,29,30,21,16,57,280,78,67,70,54,83,66,25,48,35,15,657826
24,2008,28,23,18,12,51,264,130,61,71,55,82,63,28,46,37,18,475309
650,2008,22,20,8,3,42,181,138,64,68,51,75,59,30,51,38,23,576412
71,2008,19,18,14,16,37,475,68,62,78,52,87,66,25,46,38,15,510742
616,2008,24,23,14,8,47,147,173,59,72,51,78,60,28,50,38,21,561132
1042,2008,28,20,9,6,47,124,90,66,65,51,71,53,31,54,41,30,555206
516,2008,15,14,4,7,29,66,49,60,65,51,71,56,32,54,41,30,495393
83,2008,27,26,6,11,50,225,158,55,72,48,77,61,30,52,37,25,506635
728,2008,26,21,18,16,46,422,123,55,76,52,82,61,25,50,40,19,573081
695,2008,23,23,17,13,43,239,70,70,71,51,80,61,27,45,38,17,491447
612,2008,25,20,12,10,45,234,86,64,69,51,78,61,30,53,40,25,395223
45,2008,18,17,9,6,35,123,46,58,69,52,74,59,29,50,42,22,509790
6848,2008,24,22,10,11,43,414,180,60,75,50,83,66,29,48,40,19,511457
662,2008,21,24,11,9,45,307,101,59,73,49,78,63,29,47,43,21,515478
10,2008,21,15,4,6,36,154,52,67,71,54,84,67,29,51,40,23,394151
1035,2008,15,20,6,4,35,131,122,58,67,51,73,63,30,46,41,22,474778
7295,2008,21,20,7,6,38,240,86,61,72,50,78,59,30,49,38,23,399859
6501,2008,15,15,5,10,30,136,76,64,70,54,82,68,27,50,42,20,349219
717,2008,20,24,17,8,44,122,69,63,68,51,74,58,29,50,37,22,412641
76,2008,21,23,4,11,42,341,144,55,76,49,81,65,31,49,41,23,454745
5838,2008,21,23,14,7,40,194,76,61,71,52,79,60,27,48,38,20,534042
961,2008,21,22,9,7,43,116,202,60,67,48,72,57,30,50,39,24,405030
8806,2008,16,12,4,3,26,85,79,60,70,51,77,58,30,50,41,24,303269
762,2008,11,15,10,4,23,91,102,60,70,49,76,64,28,51,30,16,217030
918,2008,13,13,7,4,26,120,84,60,71,48,76,64,30,47,42,21,260489
760,2008,10,9,5,4,19,125,72,55,75,51,79,56,30,50,32,20,470036
7,2008,20,11,4,10,29,229,84,54,75,56,83,59,30,55,39,29,357876
850,2008,19,21,8,5,40,99,103,66,65,47,71,56,30,51,38,24,389628
90,2008,5,7,1,0,12,27,14,65,66,50,73,57,24,54,33,22,176618
4178,2008,13,19,10,5,32,359,102,59,72,50,78,63,26,49,33,17,385917
683,2008,5,13,1,4,18,42,52,68,61,49,69,56,30,46,39,18,257915
814,2008,19,25,10,8,43,84,55,73,64,54,76,63,29,46,40,21,504180
3233,2008,4,11,0,4,15,54,63,57,66,47,70,60,27,53,35,22,256477
836,2008,7,14,1,10,21,156,65,60,74,51,83,64,28,42,36,15,223089
7043,2008,10,9,5,12,19,193,98,61,76,50,86,67,26,45,35,16,318927
116,2008,12,19,5,8,31,115,92,59,69,50,75,58,27,49,41,19,261918
68,2008,9,12,5,4,19,72,59,61,68,50,73,54,29,50,35,20,180129
1958,2008,1,2,0,0,3,6,7,61,71,51,76,69,28,48,50,21,125291
85,2008,21,23,5,13,44,251,130,54,71,50,75,60,31,48,42,24,413989
875,2008,18,22,6,11,40,188,64,66,69,49,76,57,30,50,34,21,476142
575,2008,4,8,4,2,12,26,31,65,60,51,66,55,30,48,43,23,198332
22,2008,18,14,6,7,32,234,121,59,73,52,79,63,29,49,39,22,313898
661,2008,15,21,7,6,36,180,102,57,67,51,74,65,28,46,42,21,350226
757,2008,7,17,6,7,22,151,39,61,69,50,74,59,28,47,32,18,272207
7127,2008,4,15,6,5,15,95,51,55,67,48,70,59,29,48,37,18,221121
38,2008,16,18,8,7,32,102,63,63,69,50,76,58,31,48,37,21,338623
666,2008,8,15,4,4,21,97,37,61,68,49,73,58,25,45,31,14,247450
4067,2008,16,18,3,9,33,105,130,54,70,46,70,56,33,47,43,26,284518
4236,2008,6,5,2,2,10,63,34,54,72,50,75,48,29,55,36,24,214955
838,2008,7,7,2,5,14,57,24,62,71,55,81,60,31,50,46,25,127988
840,2008,7,12,4,7,18,88,26,60,67,52,74,58,34,48,35,25,221190
1266,2008,7,4,3,1,9,44,19,64,73,50,85,67,25,46,35,13,252563
12,2008,11,17,9,6,27,178,79,56,70,51,75,60,28,46,36,18,552507
578,2008,16,26,7,18,42,378,175,62,73,50,81,62,25,45,37,14,444787
685,2008,7,6,6,4,11,213,44,61,78,48,85,73,24,40,36,11,245709
778,2008,14,20,19,17,29,428,73,62,79,53,88,70,19,38,25,6,286935
716,2008,3,9,4,5,12,157,43,59,80,50,83,57,24,45,23,8,178059
4009,2008,14,12,8,3,24,196,91,54,77,51,82,60,29,47,32,17,320776
2214,2008,14,23,4,7,37,168,64,62,67,52,74,55,29,49,48,23,313484
56,2008,2,6,2,2,8,20,20,57,66,50,69,51,29,49,32,20,154991
1841,2008,3,6,1,4,9,17,29,74,63,44,69,59,34,52,35,26,176812
619,2008,10,20,2,5,30,19,75,70,61,47,66,63,31,53,43,26,296584
2187,2008,3,4,0,3,7,22,6,70,67,56,82,67,32,53,40,26,150803
7459,2008,11,10,10,6,17,158,58,65,73,57,86,63,26,44,33,13,198658
3492,2008,6,2,3,2,4,18,8,62,70,49,78,62,29,45,33,20,116791
4211,2008,13,17,6,3,30,133,127,58,70,46,73,63,29,48,38,20,258190
79,2008,12,18,6,6,26,71,63,63,65,49,71,57,30,49,39,22,272811
487,2008,9,17,8,7,24,94,57,70,69,50,77,57,25,44,35,15,618950
882,2008,5,7,4,8,12,95,63,61,73,53,87,73,21,48,42,12,187229
3685,2008,3,4,2,1,6,18,16,68,69,51,77,63,24,49,36,15,169627
864,2008,6,15,1,4,19,68,46,62,65,47,69,58,30,51,42,24,204839
1576,2008,17,23,8,7,36,67,92,62,66,50,73,60,30,49,38,22,309752
643,2008,1,3,1,4,2,10,4,58,65,47,74,66,26,54,41,18,114455
1569,2008,3,4,1,1,4,10,7,59,71,43,74,59,31,45,33,20,85853
7540,2008,1,1,1,0,2,15,7,53,87,51,74,17,25,58,33,22,84682
6081,2008,14,13,6,6,25,156,69,60,71,51,79,58,29,47,38,21,237052
532,2008,0,3,0,0,3,19,15,53,70,48,75,72,20,49,28,13,119491
557,2008,7,18,3,7,25,77,52,62,64,49,68,55,30,52,32,22,332093
1157,2008,14,15,5,4,29,129,70,62,68,49,74,59,29,52,39,25,293191
469,2008,3,4,1,2,7,27,27,50,72,50,76,63,29,43,30,18,137719
641,2008,1,6,0,2,7,12,32,54,66,43,65,54,33,47,40,25,138628
72,2008,13,25,4,6,38,67,94,61,64,50,72,63,27,48,37,18,365589
879,2008,8,16,7,0,24,105,85,53,67,46,68,56,30,47,42,21,310318
98,2008,7,16,4,3,23,143,70,59,68,43,68,60,25,49,42,19,246893
1394,2008,1,2,2,1,3,3,7,69,59,53,63,39,32,50,33,19,126283
712,2008,0,1,0,0,1,4,0,53,56,46,54,50,20,35,50,8,81204
3682,2008,6,7,6,1,13,8,58,69,60,45,62,57,33,52,33,27,219407
1088,2008,6,4,2,2,6,46,18,52,72,54,79,57,22,44,44,15,141978
2904,2008,11,20,3,13,31,276,94,53,75,50,80,62,24,46,40,17,265870
891,2008,6,11,4,5,17,153,38,61,73,51,81,69,25,46,38,15,187070
745,2008,8,22,6,7,28,141,118,63,71,46,76,62,25,47,39,14,307601
1936,2008,4,5,1,1,9,8,25,61,63,44,64,63,32,49,40,25,227340
1262,2008,3,3,0,0,4,20,11,67,64,51,72,68,28,40,37,13,89304
7806,2008,3,3,1,2,6,22,14,59,68,50,75,54,25,48,48,19,113237
7461,2008,8,17,0,7,25,114,110,60,66,47,72,64,29,47,45,22,223360
23,2008,15,22,7,9,33,236,90,57,72,47,76,63,26,48,39,18,473292
3026,2008,8,7,6,5,15,131,50,61,74,51,85,72,26,48,37,16,137414
651,2008,1,2,0,0,3,14,9,56,71,48,74,46,22,49,38,11,108820
6627,2008,8,20,2,8,28,86,96,60,65,49,71,62,27,48,38,18,233981
1640,2008,1,1,0,2,2,51,19,53,84,55,96,88,22,39,45,11,106383
3577,2008,9,15,5,4,21,87,40,60,64,53,72,54,28,47,38,20,473895
492,2008,14,12,2,5,26,42,98,61,63,50,69,58,33,51,47,30,265792
659,2008,3,10,1,6,13,46,32,66,63,49,68,51,24,45,34,14,164452
2013,2008,3,6,1,2,9,54,29,68,66,50,75,60,28,51,32,18,111821
5837,2008,11,19,13,12,30,442,104,67,77,52,88,64,23,39,25,8,264575
761,2008,4,4,1,2,8,15,20,71,66,52,76,60,28,54,41,24,129150
634,2008,4,6,1,2,8,22,28,59,72,44,74,56,29,45,32,17,190177
9043,2008,4,4,3,1,7,25,18,59,67,50,71,52,29,46,44,21,96370
6431,2008,1,4,0,0,5,40,22,62,75,42,77,58,23,41,27,7,100735
1671,2008,1,4,0,2,5,2,16,67,53,35,48,36,31,53,37,27,92102
649,2008,2,4,3,2,2,11,14,66,56,38,48,50,25,53,45,19,67545
1018,2008,3,3,3,3,4,7,11,63,67,50,75,61,29,52,52,22,80004
5918,2008,2,5,1,1,7,45,10,56,75,49,76,42,20,41,32,7,137206
714,2008,6,12,0,2,16,65,37,61,66,49,70,58,25,47,41,17,153101
499,2008,0,2,0,0,2,10,36,52,73,30,54,60,27,55,44,32,84708
935,2008,3,16,3,5,19,63,43,61,63,45,63,50,32,50,40,23,215112
779,2008,6,8,3,3,10,41,23,57,68,50,72,51,25,47,41,17,202597
845,2008,3,7,1,1,10,23,25,64,63,47,67,53,34,47,49,30,107976
78,2008,9,12,3,3,20,127,33,58,74,49,79,59,32,47,34,22,183448
5961,2008,4,9,3,6,9,37,13,58,64,55,73,50,26,48,40,18,115976
751,2008,0,2,0,0,2,13,13,50,66,38,57,67,31,33,25,9,74118
638,2008,0,2,0,0,2,4,4,66,52,50,50,44,18,53,25,15,59104
1672,2008,2,6,1,1,8,22,21,64,65,44,67,58,27,42,42,19,150311
1333,2008,0,2,0,0,2,5,3,67,55,54,58,50,27,36,25,6,63084
587,2008,0,4,0,2,4,17,8,59,70,51,78,58,14,46,15,4,83461
1887,2008,2,7,0,2,9,26,28,62,60,44,60,48,31,56,27,26,121619
13,2008,7,15,5,4,22,93,36,58,72,50,73,53,32,48,39,23,221746
35,2008,8,14,5,7,20,77,55,58,70,48,73,52,26,48,42,18,580729
1635,2008,4,12,3,2,16,43,52,60,64,47,68,52,25,48,40,17,176268
1956,2008,0,1,0,0,1,5,6,60,68,40,67,57,19,45,33,11,85468
4146,2008,1,2,1,0,3,8,11,49,69,42,61,38,28,53,69,27,79920
5929,2008,2,5,1,0,5,20,9,53,66,49,64,57,31,46,38,13,113849
1478,2008,2,2,1,2,4,20,10,71,65,43,73,64,29,41,39,16,80952
1107,2008,2,4,2,1,6,41,21,67,71,48,80,69,28,35,25,11,89529
1642,2008,1,2,0,0,3,12,3,63,71,42,73,59,30,36,25,15,75839
2379,2008,0,1,0,0,1,0,1,56,55,31,33,50,43,38,43,33,74814
1718,2008,8,11,6,4,17,73,54,59,66,50,71,62,29,51,37,22,167471
549,2008,6,8,4,3,14,68,41,54,73,52,79,66,25,45,30,15,133032
804,2008,2,5,2,4,5,32,46,62,73,39,66,58,29,46,50,25,409181
603,2008,4,8,0,4,9,21,26,62,61,51,73,64,25,51,49,20,117238
4008,2008,0,1,0,1,1,3,3,64,80,52,91,50,22,48,0,0,57092
663,2008,1,9,1,4,10,26,22,63,63,46,66,53,24,45,31,13,162500
684,2008,1,7,0,3,4,30,18,60,73,54,82,63,26,53,26,12,103254
839,2008,1,2,2,0,3,18,5,65,68,40,67,46,24,50,33,13,100183
1181,2008,2,4,3,3,6,36,9,65,71,42,76,50,27,44,37,17,142238
715,2008,2,2,0,0,4,4,12,63,60,46,56,45,39,54,37,37,76140
92,2008,4,7,4,2,9,41,32,60,68,47,72,55,27,48,40,19,109107
4149,2008,1,0,0,0,0,0,0,0,0,0,0,0,0,0,0,0,28202
1930,2008,3,1,0,0,2,3,1,65,69,49,78,50,31,54,40,21,45431
2285,2008,2,4,2,3,6,34,12,63,66,57,80,63,28,42,21,13,102606
3853,2008,0,5,1,2,5,30,21,52,65,48,66,53,20,41,29,6,133033
19,2009,61,12,26,11,71,657,134,62,79,57,90,69,31,51,41,24,8768110
677,2009,66,14,16,12,76,219,102,68,71,57,84,65,33,57,47,34,6466515
5992,2009,78,19,20,16,95,502,263,63,73,54,85,66,33,54,42,31,5476471
1075,2009,66,11,13,11,75,575,163,58,76,54,85,65,35,56,46,33,4421057
6465,2009,54,16,20,10,68,556,178,62,74,53,84,65,31,53,42,27,4753087
568,2009,57,17,18,5,74,292,164,67,71,55,83,64,34,54,41,31,3659160
89,2009,48,15,33,12,61,762,87,70,79,57,91,64,26,49,37,19,2478719
652,2009,49,21,16,17,68,586,185,60,78,54,86,65,31,51,44,25,2313785
672,2009,52,25,15,20,75,456,278,69,72,54,85,66,31,53,45,28,1916630
3985,2009,53,20,33,17,69,708,160,63,80,54,89,67,28,47,38,19,1818552
515,2009,39,16,8,11,55,459,157,63,77,53,88,71,29,49,38,22,1485472
427,2009,47,21,19,7,63,394,199,61,73,50,80,62,31,53,40,25,1288154
5917,2009,42,19,14,9,60,552,138,62,76,50,84,63,30,50,42,25,1290794
6101,2009,48,21,14,17,65,510,178,56,75,54,84,65,33,51,38,27,1210376
4010,2009,45,29,16,15,72,426,145,55,74,54,82,67,30,52,43,25,1128735
84,2009,46,25,15,5,70,294,145,63,72,54,81,61,31,51,44,25,1273805
673,2009,45,23,5,13,62,192,179,61,69,52,77,60,32,55,43,32,1032798
22,2009,31,17,15,14,48,436,233,60,77,53,85,66,28,48,39,21,946095
75,2009,42,28,12,17,68,268,148,62,71,52,80,60,31,51,40,26,1026149
831,2009,36,26,16,8,57,388,145,59,74,53,81,61,30,50,37,22,765507
1092,2009,31,20,7,10,48,330,121,58,73,52,81,66,32,50,38,25,768842
7,2009,34,20,8,13,52,337,190,53,76,53,81,62,31,53,39,28,682947
10,2009,35,20,11,10,53,230,84,67,68,54,78,60,29,53,43,26,689963
71,2009,32,23,19,10,55,636,100,59,78,51,85,67,27,48,35,16,865337
4061,2009,41,23,14,12,64,739,188,60,79,52,86,60,27,48,39,19,689662
4045,2009,30,24,13,22,54,551,136,59,75,52,82,60,28,49,40,21,834306
678,2009,40,25,11,20,62,320,117,66,70,56,82,66,30,50,41,24,834732
520,2009,36,29,16,9,61,412,141,60,74,51,81,59,30,47,40,21,866529
7295,2009,32,29,9,9,58,392,147,59,71,45,73,63,30,50,44,25,772781
1042,2009,36,26,9,9,59,113,117,69,66,53,76,56,34,53,44,31,689637
616,2009,24,21,13,9,45,148,134,58,71,50,76,60,30,51,45,24,655953
7043,2009,35,28,17,15,62,536,202,59,75,52,82,62,26,47,36,19,676894
563,2009,28,29,11,13,57,339,139,57,71,50,78,61,26,49,42,20,646722
5837,2009,27,18,27,12,45,653,114,67,75,56,89,70,22,42,32,11,452988
1162,2009,28,32,10,15,58,299,159,62,71,52,80,61,29,48,37,20,643208
7127,2009,21,18,13,7,35,234,90,61,71,51,78,61,29,45,37,19,406776
655,2009,23,23,18,27,43,890,100,67,85,54,92,69,21,42,32,10,566888
728,2009,30,25,12,11,53,331,126,56,74,52,80,61,28,50,43,24,661031
882,2009,22,22,14,10,42,220,175,59,72,52,81,66,28,50,33,19,468415
2904,2009,14,19,5,11,33,297,71,57,77,50,81,54,25,45,49,17,430894
961,2009,28,27,8,13,55,165,259,61,69,49,75,59,30,53,40,27,550859
4009,2009,23,16,5,8,33,238,98,53,74,51,79,62,34,49,43,26,392971
1576,2009,18,22,7,3,35,76,81,61,66,51,71,57,31,50,42,26,393989
488,2009,24,21,16,13,41,257,123,57,74,52,82,63,27,48,38,19,567873
6458,2009,5,5,6,5,10,68,27,65,70,56,85,70,23,51,43,16,253637
650,2009,26,28,8,13,54,302,175,66,70,48,77,59,29,50,40,22,749270
468,2009,17,24,13,9,40,378,107,62,74,52,83,62,28,42,38,14,563053
695,2009,27,33,10,14,56,258,96,69,69,52,80,62,28,51,36,21,627944
791,2009,24,31,9,15,54,212,135,60,69,49,74,57,31,50,35,24,591456
3577,2009,19,15,7,2,33,248,72,64,72,52,79,59,29,47,43,20,467825
83,2009,21,21,6,10,42,213,105,56,73,51,79,62,27,50,39,22,468895
674,2009,22,15,10,6,37,265,121,59,73,52,80,62,29,50,34,22,430935
4211,2009,18,19,12,5,37,206,87,61,72,49,76,55,27,51,44,22,381805
4067,2009,20,26,11,8,43,136,173,59,65,46,66,53,31,48,42,25,395679
553,2009,21,17,8,9,37,407,86,56,77,53,83,63,28,50,42,22,662937
775,2009,10,13,8,9,21,107,43,61,71,53,81,65,26,48,39,17,329293
72,2009,14,9,3,3,22,40,40,65,68,55,79,61,28,52,47,26,300611
662,2009,21,25,6,8,46,265,130,56,72,50,79,64,29,49,37,21,446864
712,2009,15,15,4,2,30,131,97,56,70,51,77,58,27,49,36,20,305269
1266,2009,16,14,7,3,27,175,62,63,72,49,78,60,27,48,45,20,380583
854,2009,3,6,0,3,9,31,13,64,69,53,76,57,30,50,35,22,148206
814,2009,16,24,7,11,38,108,61,73,67,49,75,56,30,47,39,20,381214
12,2009,14,20,4,3,34,127,82,58,69,48,74,61,27,51,38,21,424467
564,2009,14,7,1,3,21,81,77,52,70,52,75,53,37,53,46,36,286284
717,2009,24,29,10,14,53,219,114,61,68,50,76,63,27,50,37,21,449133
1936,2009,13,13,5,3,26,44,74,65,63,48,70,61,33,52,36,27,268662
552,2009,17,16,9,7,33,300,87,64,76,52,85,65,25,48,34,14,456056
45,2009,15,20,4,9,35,169,66,56,70,49,74,59,30,49,40,23,384042
3685,2009,18,18,6,7,33,102,76,61,68,50,75,57,28,50,42,22,284235
850,2009,15,27,5,4,42,128,115,66,66,47,71,60,28,49,39,20,408282
1394,2009,10,17,5,2,27,49,50,70,64,50,72,59,29,49,38,21,278996
838,2009,9,20,4,7,29,93,83,65,68,46,73,55,27,48,38,17,296685
492,2009,11,14,1,3,23,42,71,62,66,45,68,60,35,51,40,30,241337
745,2009,5,8,4,4,13,69,63,67,67,44,71,57,30,53,30,23,187358
7540,2009,17,18,8,9,35,231,91,60,75,53,83,62,28,51,37,21,323542
442,2009,12,15,8,4,27,214,158,59,77,46,79,56,27,47,37,18,226641
714,2009,2,6,1,1,8,42,23,60,67,49,73,58,25,49,35,19,180075
875,2009,15,24,7,9,39,176,75,65,69,48,76,66,30,49,43,23,464010
1181,2009,8,6,2,4,14,128,37,58,78,51,87,72,25,45,36,16,301797
760,2009,15,25,16,8,40,319,159,54,74,48,76,58,26,45,40,16,437625
1718,2009,3,9,0,5,10,34,46,59,68,43,68,55,26,46,44,18,156902
5127,2009,3,5,2,2,4,22,8,65,71,50,85,68,18,37,28,9,123186
453,2009,2,4,2,1,6,11,16,70,63,49,71,51,25,58,33,24,92019
2123,2009,0,1,0,0,1,2,2,54,64,29,50,33,0,54,0,0,98917
47,2009,16,29,10,8,44,142,127,63,65,49,70,57,28,52,43,23,465370
90,2009,15,28,3,3,42,83,102,60,65,46,66,52,28,51,41,23,410566
666,2009,7,13,6,1,18,98,52,59,69,49,72,57,21,49,37,15,216086
558,2009,12,15,8,3,23,66,46,64,66,52,75,58,29,52,40,21,261515
609,2009,14,17,5,10,30,191,100,58,73,49,78,65,28,49,41,21,457036
6848,2009,20,26,8,11,43,397,162,63,73,47,79,60,27,47,38,18,352288
1035,2009,16,25,9,10,41,163,112,59,68,48,71,57,32,47,40,23,539839
6431,2009,7,5,4,3,12,100,39,67,76,50,85,69,25,49,34,19,165713
3833,2009,15,23,9,10,37,169,52,64,69,53,80,66,26,45,31,14,437027
78,2009,4,5,5,4,7,49,11,60,71,53,81,67,28,45,35,19,124352
670,2009,13,7,5,4,19,145,25,62,74,57,84,59,30,48,32,21,197818
7970,2009,3,6,2,5,5,29,7,61,70,49,78,64,24,54,41,18,87791
38,2009,11,14,11,2,20,88,53,60,68,50,72,58,29,50,36,19,245506
762,2009,10,23,7,3,31,100,110,61,68,47,71,58,26,50,38,19,301863
683,2009,15,26,7,3,40,85,80,69,66,49,73,59,28,44,39,18,391234
612,2009,13,21,7,11,34,172,68,63,69,48,75,57,28,49,39,22,331990
749,2009,9,9,5,4,18,75,54,64,70,50,79,63,28,49,35,21,495195
3492,2009,16,18,8,10,30,192,79,66,70,49,78,61,26,47,38,18,296628
920,2009,2,2,2,0,2,10,4,69,65,52,77,61,27,53,50,18,91517
516,2009,16,31,8,12,46,138,71,66,64,52,72,56,29,50,37,21,482887
1157,2009,10,13,5,1,23,123,56,62,66,52,72,57,26,51,35,20,222109
918,2009,13,24,3,4,36,165,191,54,68,46,70,59,25,49,37,18,337833
5961,2009,1,4,2,2,3,14,3,57,64,54,74,70,25,41,38,11,96412
879,2009,5,8,1,2,13,44,35,58,68,46,70,51,31,53,44,29,204562
757,2009,10,13,8,6,21,150,52,60,72,55,79,55,28,45,38,17,200742
469,2009,12,17,3,3,29,98,102,52,69,50,72,53,28,53,49,23,238271
68,2009,9,12,5,6,18,73,73,61,65,48,71,63,30,48,47,23,194558
575,2009,11,24,3,7,34,101,82,65,66,48,72,59,29,49,41,21,320223
693,2009,4,7,2,2,11,72,45,58,70,46,70,49,27,51,36,22,212573
7461,2009,7,8,5,1,15,92,101,60,71,47,74,62,27,53,45,23,177709
37,2009,13,16,6,4,28,215,110,52,75,49,78,63,28,48,41,18,321324
532,2009,7,16,2,5,23,107,106,53,72,43,69,54,26,47,39,17,202806
6501,2009,3,14,5,2,17,52,66,57,63,46,64,53,27,46,29,15,198141
50,2009,4,3,2,1,1,6,1,64,63,38,60,56,27,58,40,20,92606
5136,2009,5,5,4,1,7,12,23,57,71,48,73,53,30,51,52,22,125302
5083,2009,2,3,1,2,5,31,9,55,70,49,74,61,31,47,47,24,107066
5838,2009,6,18,2,8,22,98,51,57,72,48,76,60,25,47,31,13,240736
1262,2009,7,17,3,5,21,77,44,61,65,50,69,54,28,46,32,18,210413
1018,2009,3,5,0,2,6,15,15,67,65,52,75,60,32,53,42,25,135921
6642,2009,3,2,1,0,1,3,1,76,59,36,57,50,34,46,57,27,79408
4084,2009,10,5,4,3,11,42,18,64,72,51,79,57,28,50,37,25,139586
836,2009,9,19,9,5,28,191,102,62,73,48,79,57,25,45,36,13,287540
56,2009,7,20,3,3,27,47,74,59,65,49,69,57,28,49,37,19,282069
864,2009,9,16,2,5,22,81,61,62,68,50,72,50,29,49,36,22,195036
5918,2009,3,5,5,1,8,51,34,61,71,50,75,53,23,47,31,11,163466
7452,2009,1,1,0,0,2,9,2,67,69,42,67,33,25,56,100,23,79431
9043,2009,6,6,1,3,11,36,23,56,66,50,74,58,31,52,38,26,146934
4236,2009,7,18,2,10,23,99,82,59,70,51,78,63,27,43,37,15,253446
8146,2009,5,3,3,0,8,85,32,57,74,50,80,70,28,42,43,18,179227
92,2009,8,13,1,7,17,65,53,55,70,51,76,57,29,48,40,22,177957
778,2009,8,8,7,7,15,206,51,60,78,51,85,63,23,40,34,12,200256
1107,2009,3,5,1,1,8,55,10,65,68,50,74,57,28,42,30,15,127596
1956,2009,0,4,0,1,4,23,12,46,74,48,75,59,13,46,18,4,106047
2214,2009,4,12,2,5,15,97,39,60,69,48,74,59,26,49,48,19,162834
640,2009,5,5,4,3,10,70,45,51,74,48,75,62,23,51,35,18,113497
18,2009,4,7,1,1,7,17,19,61,68,47,72,50,23,55,38,16,138398
716,2009,9,16,3,7,25,253,73,58,75,49,78,56,25,46,43,19,243313
891,2009,10,12,5,7,20,149,31,61,74,54,83,58,23,44,29,14,164360
1930,2009,0,3,0,0,3,4,14,47,61,35,46,48,14,36,100,3,107343
3992,2009,2,2,0,0,4,4,10,53,61,56,71,56,31,51,43,25,73881
1088,2009,0,4,0,1,4,24,12,55,68,49,74,64,27,48,20,9,112285
4146,2009,0,1,0,1,1,10,3,64,74,40,75,67,30,40,60,19,113372
643,2009,1,5,0,1,6,18,22,60,65,48,67,53,20,46,37,16,134559
1478,2009,2,1,1,0,3,5,6,71,70,47,75,53,26,54,57,26,75523
642,2009,0,3,0,1,3,3,10,59,69,50,74,40,25,47,21,9,77344
663,2009,1,3,1,1,4,26,7,67,69,60,80,50,20,41,19,9,82404
664,2009,0,1,0,0,1,1,0,70,54,56,56,43,34,29,33,11,51083
1672,2009,2,3,0,1,5,37,7,65,68,48,77,67,25,49,43,19,117552
8152,2009,2,6,3,5,8,42,57,65,64,37,60,55,28,52,41,27,120912
11701,2009,2,3,1,1,5,28,7,68,69,49,78,56,27,42,35,14,84502
641,2009,4,10,1,3,14,33,72,56,66,45,70,66,25,53,36,19,163531
1719,2009,1,1,1,0,0,0,0,0,0,0,0,0,0,0,0,0,44173
3682,2009,5,12,1,0,16,15,70,69,58,43,59,58,31,47,31,21,165930
1841,2009,1,12,3,1,13,24,45,63,61,49,61,49,30,45,27,14,171304
7459,2009,2,6,3,2,8,75,25,69,73,45,79,57,18,45,26,7,116902
649,2009,3,6,1,2,5,17,15,62,67,42,69,64,23,45,27,7,85669
684,2009,1,2,2,1,3,27,13,59,84,55,86,33,21,44,20,7,95125
3742,2009,0,3,0,0,3,14,11,58,65,55,77,65,19,42,0,0,84784
1154,2009,2,2,1,2,4,24,24,48,66,50,67,53,37,57,43,37,76236
36,2009,1,5,0,1,6,10,30,65,61,43,58,56,34,48,42,24,98254
2187,2009,5,11,0,4,16,32,31,70,67,46,74,60,28,47,36,18,182382
845,2009,0,2,0,1,2,3,3,63,61,63,75,67,19,40,0,0,76122
10402,2009,1,1,0,0,2,9,9,54,74,46,79,45,30,55,54,26,58041
863,2009,0,4,0,0,4,5,20,56,64,42,62,58,24,43,35,14,92889
4149,2009,4,3,1,0,2,7,9,60,65,47,68,46,22,44,17,4,71270
98,2009,0,2,0,0,2,8,13,54,64,36,52,58,16,20,33,5,69333
801,2009,1,2,0,1,2,7,5,65,70,42,72,58,25,37,33,13,91483
1621,2009,0,2,0,1,2,8,6,68,68,53,72,56,23,47,19,12,59900
7806,2009,0,4,0,1,4,22,16,53,62,38,49,53,24,39,27,9,104513
4964,2009,2,2,1,0,4,22,10,53,69,50,72,52,29,49,50,17,65611
4008,2009,2,2,1,1,4,16,15,54,75,47,77,59,21,50,40,15,110499
1640,2009,1,1,0,1,1,22,10,53,78,47,86,73,17,43,29,10,63622
748,2009,1,3,0,0,1,9,1,59,72,56,81,57,18,43,67,13,53981
6820,2009,2,5,2,3,5,29,24,56,73,46,77,64,26,49,27,18,90346
2651,2009,3,3,2,3,4,13,20,67,69,50,82,66,29,43,44,19,71856
3849,2009,0,2,0,1,2,13,6,44,68,58,80,73,15,37,0,0,72914
840,2009,2,8,1,4,7,33,15,63,62,47,62,49,29,43,33,16,101738
85,2009,5,13,2,6,18,104,58,51,73,49,74,62,29,49,43,22,144950
10507,2009,2,1,0,0,0,0,0,0,0,0,0,0,0,0,0,0,26670
1958,2009,4,16,2,4,20,24,48,65,59,47,61,52,29,47,43,21,191215
6627,2009,0,4,1,0,4,14,13,57,65,48,67,56,18,48,32,11,79440
11940,2009,0,1,0,0,1,2,1,60,63,48,55,29,31,50,33,27,39068
5844,2009,0,1,0,0,1,6,7,46,69,52,70,57,8,38,50,10,43660
435,2009,4,1,0,1,5,27,9,70,75,50,89,77,22,52,48,21,70601
8396,2009,2,4,0,1,5,23,16,58,71,45,70,42,25,56,45,29,64198
677,2010,71,10,22,7,81,310,120,67,75,60,90,69,31,55,44,29,10171998
19,2010,65,13,21,10,78,658,110,62,78,56,89,68,34,51,41,27,7698289
5992,2010,61,18,13,9,72,304,282,64,71,52,82,67,34,54,45,32,4278857
1075,2010,46,18,10,14,64,537,156,54,77,53,84,64,32,55,42,30,4046805
652,2010,57,22,13,10,75,739,249,60,78,52,86,65,30,52,44,25,3731527
831,2010,45,26,12,17,68,547,166,56,79,55,87,67,31,52,42,24,2509122
673,2010,60,24,12,10,81,245,140,65,70,55,81,65,33,54,44,31,2593353
89,2010,48,18,23,17,66,815,96,69,79,57,91,69,25,49,35,18,1917612
672,2010,43,22,18,18,64,348,305,67,71,49,80,61,32,53,41,27,1971365
75,2010,43,19,19,14,58,249,156,63,71,52,81,61,29,52,44,27,1900349
520,2010,51,25,20,21,72,452,175,61,72,55,83,63,30,49,41,24,2037084
5917,2010,46,20,20,15,61,565,223,63,73,51,83,60,31,49,38,23,1303546
3985,2010,31,16,11,11,45,482,120,62,76,53,86,67,29,47,43,21,1166151
6101,2010,40,22,11,19,59,423,145,57,74,53,84,69,30,50,41,24,1151955
4045,2010,44,26,21,17,67,541,131,60,74,54,84,61,29,49,39,21,1205538
553,2010,40,14,20,5,52,567,118,55,80,53,85,62,29,51,44,23,933878
71,2010,26,19,13,13,44,514,88,59,76,49,84,66,29,48,37,19,1251619
4061,2010,39,24,16,19,60,709,203,61,79,50,86,67,27,48,40,20,1252096
5837,2010,38,24,34,18,60,1048,136,69,76,55,90,69,22,42,33,11,1066839
4009,2010,43,27,16,8,68,498,194,52,76,52,80,61,31,50,38,24,941345
1092,2010,36,19,7,12,52,359,129,57,75,54,84,67,32,50,41,25,862678
568,2010,30,19,8,17,47,194,116,65,72,51,82,62,32,53,43,29,948392
552,2010,29,22,12,15,48,437,148,62,76,52,83,64,28,46,45,19,849318
6848,2010,31,20,12,10,49,438,158,63,76,50,84,62,29,50,31,19,689920
616,2010,37,24,13,10,61,246,152,62,71,52,80,61,30,51,43,25,888579
1042,2010,30,20,13,6,49,157,121,65,67,52,76,59,35,50,42,28,761309
564,2010,28,10,10,4,34,117,105,58,72,50,78,59,33,56,46,32,597046
7295,2010,37,30,10,15,62,558,177,60,74,49,80,60,32,50,43,27,915219
10,2010,33,14,7,7,47,105,51,72,68,56,81,59,34,55,46,32,731394
674,2010,38,22,16,15,60,347,163,61,74,54,84,64,29,50,39,23,657596
7127,2010,34,25,12,13,55,394,154,58,72,50,78,59,30,51,42,24,682261
468,2010,26,24,13,14,49,516,161,57,77,51,85,68,26,43,36,16,721518
961,2010,31,23,14,11,54,250,185,60,71,51,78,62,29,51,39,23,701006
678,2010,37,24,9,11,59,388,136,62,75,51,83,64,31,50,41,25,684818
762,2010,15,20,9,6,35,187,110,59,70,51,77,62,26,49,35,17,547620
4236,2010,24,21,7,6,39,179,123,59,69,51,78,60,29,47,42,21,723166
854,2010,23,18,11,8,39,166,68,63,71,52,80,63,29,50,38,22,513955
492,2010,28,24,8,12,52,97,102,61,66,51,73,56,35,52,45,32,609511
558,2010,30,27,12,11,54,214,116,70,70,51,81,64,29,50,38,22,588405
3492,2010,32,29,15,11,58,389,88,66,71,53,80,62,28,48,40,21,590766
4010,2010,23,18,9,8,38,232,94,56,75,52,80,60,26,53,38,21,532413
1035,2010,21,22,4,8,43,178,110,61,68,48,73,57,32,51,43,27,726936
7970,2010,28,24,12,20,49,482,78,61,75,53,85,65,28,47,40,19,534276
650,2010,26,19,15,6,43,302,159,66,70,48,76,59,27,52,41,23,607562
7043,2010,26,29,14,10,55,443,190,57,73,49,78,63,29,47,38,19,578718
1266,2010,27,25,15,9,48,327,119,63,71,47,77,60,28,50,35,19,650838
814,2010,26,25,6,14,48,130,45,74,66,53,79,61,31,49,41,24,560536
7452,2010,21,23,12,7,44,378,124,55,73,52,78,62,29,46,35,19,446248
728,2010,25,23,14,9,44,306,88,58,73,54,82,63,27,50,38,20,534232
84,2010,20,23,9,8,43,184,89,64,70,54,78,56,27,50,39,20,658356
695,2010,26,24,16,13,47,293,75,72,71,51,82,63,28,48,36,18,495674
791,2010,24,28,10,10,52,218,115,61,68,52,76,57,31,49,38,23,563331
2904,2010,29,31,11,13,58,461,157,58,76,50,81,57,28,47,41,20,553431
7,2010,22,12,7,2,31,186,87,56,74,50,78,55,32,54,49,29,531666
4067,2010,16,26,6,6,39,115,188,59,66,44,66,52,31,52,40,25,424469
838,2010,18,25,7,11,43,247,124,59,72,52,80,65,27,45,33,17,420930
760,2010,21,19,9,8,40,299,98,56,75,50,80,61,28,50,42,21,702058
745,2010,20,28,11,13,48,251,138,64,72,49,80,62,25,47,40,17,508828
9043,2010,17,8,4,2,19,80,25,59,68,53,75,58,29,53,45,25,281378
78,2010,22,23,10,9,44,314,91,57,74,50,79,63,30,47,40,20,389239
7459,2010,14,18,5,11,32,306,103,66,75,50,83,55,25,47,37,17,315005
427,2010,18,16,10,7,31,154,93,63,71,53,80,57,27,51,41,21,386430
3577,2010,21,22,15,2,42,193,92,61,69,48,71,56,33,48,36,22,446739
5961,2010,20,24,5,12,40,192,66,62,70,53,80,59,27,49,34,19,378942
6081,2010,9,12,5,9,17,119,55,59,75,50,79,63,29,43,32,16,247039
935,2010,3,3,2,0,6,10,14,61,65,49,68,52,28,54,38,21,144418
3996,2010,7,8,0,1,15,27,50,58,66,49,71,62,29,53,36,26,214572
515,2010,15,9,8,2,22,181,92,60,77,49,81,64,29,47,41,18,305498
717,2010,19,27,12,9,46,220,89,61,67,52,75,63,29,49,40,21,408325
749,2010,15,25,6,10,38,176,178,63,68,47,73,54,30,50,43,23,702394
1841,2010,8,8,3,1,16,22,42,66,64,50,71,52,31,53,40,27,184910
5083,2010,6,14,4,6,20,106,59,56,66,46,68,51,30,48,43,22,244352
655,2010,17,9,11,10,25,472,52,64,84,51,91,71,24,42,32,10,331333
6501,2010,14,24,11,6,35,137,117,63,68,49,73,51,28,48,31,18,549531
1576,2010,16,20,8,7,32,70,91,59,68,50,73,52,30,51,45,24,283050
642,2010,7,11,3,2,16,36,37,62,63,51,69,56,27,50,33,20,171834
641,2010,1,4,0,2,5,17,16,57,69,42,70,48,27,43,38,19,126346
12,2010,16,24,2,12,39,190,86,57,72,50,77,58,26,49,37,19,447936
1162,2010,17,19,7,8,36,180,110,57,70,50,77,61,30,47,40,22,335168
918,2010,10,17,4,10,26,138,97,57,73,51,80,67,27,49,37,20,319514
5136,2010,18,21,8,5,37,138,133,59,69,47,72,59,30,52,39,24,306288
875,2010,13,18,9,3,31,107,68,66,67,47,71,53,29,48,38,20,318805
7806,2010,2,4,2,2,6,40,17,60,68,48,72,56,25,50,35,15,148039
47,2010,12,17,2,7,29,79,78,60,70,51,76,55,28,52,43,24,284955
2187,2010,5,4,1,1,9,23,11,69,70,53,81,70,28,45,26,15,126405
748,2010,2,15,5,10,13,102,64,56,73,47,77,58,21,46,37,12,205594
9833,2010,8,4,6,5,7,67,46,53,75,53,83,62,25,51,47,24,138251
4964,2010,8,7,2,3,14,121,45,58,72,51,76,58,31,48,47,24,189953
5127,2010,19,22,17,8,37,247,95,59,73,50,77,60,27,47,35,17,340675
11701,2010,5,10,1,2,12,89,21,64,69,51,78,64,29,49,44,23,176365
619,2010,4,6,1,1,9,2,25,69,62,48,66,64,36,50,36,31,119046
4003,2010,6,10,2,6,16,202,68,55,78,48,82,63,23,46,33,14,228487
1018,2010,6,3,1,1,5,9,12,70,67,49,77,61,31,55,34,30,112742
7540,2010,13,21,7,15,31,211,103,61,74,52,81,65,25,45,36,15,315969
920,2010,13,21,2,5,32,65,58,64,63,48,68,56,27,52,36,22,272615
666,2010,3,10,2,2,12,64,28,60,68,41,67,59,24,50,47,17,149735
563,2010,11,20,6,11,31,199,116,54,72,50,78,61,26,48,42,19,392899
8806,2010,3,9,4,0,12,37,48,60,67,45,68,55,26,48,22,12,171394
453,2010,11,23,4,8,34,94,116,65,65,50,69,53,27,52,40,22,322770
516,2010,6,14,2,4,19,39,22,66,65,46,69,57,23,51,38,16,250143
3685,2010,12,13,4,4,21,45,42,67,61,49,67,61,31,48,42,22,255690
469,2010,9,13,2,7,22,80,89,54,68,52,77,66,31,48,39,22,191386
693,2010,1,11,1,3,12,59,50,55,67,48,68,58,25,46,30,14,209130
6431,2010,9,19,10,11,28,261,85,64,71,53,79,57,23,43,33,11,294991
1718,2010,14,20,6,5,33,100,95,58,69,50,74,60,28,50,37,21,315041
11953,2010,3,2,0,0,2,17,6,58,74,40,75,54,22,45,40,17,61933
3833,2010,7,12,8,6,16,55,24,67,68,45,71,50,27,47,40,18,228672
4084,2010,8,14,4,5,18,73,37,59,68,47,71,50,29,51,38,22,189381
5838,2010,6,6,2,0,10,32,19,59,67,50,72,48,27,55,42,26,170196
6458,2010,16,28,7,10,43,246,89,63,69,50,76,60,25,44,34,15,546600
7818,2010,3,2,1,1,5,18,9,65,67,52,79,56,32,43,43,22,98266
6642,2010,6,8,2,2,10,28,50,65,62,45,64,49,28,52,45,22,135141
72,2010,16,23,7,5,36,53,76,62,64,51,70,59,29,53,40,24,326496
6962,2010,5,5,7,2,10,40,20,71,67,56,80,59,28,47,43,20,151648
716,2010,0,4,1,4,4,52,21,57,74,49,84,72,19,44,43,9,106870
8152,2010,4,9,2,3,13,50,51,73,61,44,63,51,27,51,47,25,167423
775,2010,14,29,9,9,39,158,135,59,70,51,76,59,26,47,36,17,373340
442,2010,12,19,6,5,31,243,182,56,75,46,78,63,27,46,42,17,258403
5844,2010,5,4,6,4,8,113,41,56,79,51,84,65,28,43,38,15,150328
1569,2010,3,4,0,2,5,16,17,53,66,48,68,64,27,48,26,12,89473
1113,2010,11,17,7,4,28,63,91,56,66,48,69,57,31,51,45,24,245668
6691,2010,2,4,1,2,6,15,11,64,63,49,70,64,30,53,52,23,114030
1672,2010,2,7,2,3,9,42,31,61,68,48,72,54,26,51,35,18,176718
603,2010,4,2,1,0,6,14,17,58,70,53,77,58,34,49,34,21,94763
6080,2010,3,4,2,3,6,40,11,64,73,51,84,64,24,45,37,13,101182
6627,2010,3,6,0,2,9,33,36,59,66,46,68,56,29,45,54,23,129855
5929,2010,0,1,0,1,1,16,10,58,74,51,79,57,24,37,100,6,67131
3165,2010,2,2,0,0,1,3,6,63,69,29,56,20,20,47,100,11,83635
712,2010,13,24,7,12,36,97,133,58,66,48,70,59,27,46,42,19,308030
92,2010,3,5,2,3,8,38,26,62,66,51,74,49,30,53,39,24,146661
578,2010,3,7,3,4,10,178,51,65,79,54,89,70,21,40,47,8,193582
7007,2010,2,3,2,3,4,21,14,57,72,51,79,52,28,47,41,21,112950
685,2010,2,2,2,2,4,69,13,64,82,60,93,56,20,43,15,6,78602
488,2010,15,17,5,6,32,166,91,58,73,52,81,60,26,49,34,19,265885
1088,2010,0,3,0,2,3,26,6,51,75,47,72,63,21,38,33,7,91762
714,2010,11,25,13,11,33,184,79,61,69,51,76,62,25,44,30,11,276120
6228,2010,1,3,0,2,4,21,16,55,59,54,65,48,34,51,42,30,91509
4211,2010,12,20,4,7,32,148,125,56,70,46,71,58,30,49,44,25,293286
1936,2010,3,9,1,2,12,14,22,69,62,43,66,58,27,51,33,19,154105
4149,2010,6,4,3,2,7,66,15,61,70,56,80,67,27,43,40,16,116314
2123,2010,3,14,1,4,16,65,68,62,65,45,68,58,27,46,25,14,181968
612,2010,8,14,6,7,22,121,43,64,68,54,78,58,26,48,35,17,274201
5058,2010,1,2,0,0,3,20,5,59,68,55,79,67,31,48,20,15,74778
2379,2010,1,1,0,1,2,7,3,55,70,55,79,60,23,56,55,20,99767
1958,2010,0,2,0,0,2,1,4,73,42,44,35,42,23,42,40,13,71028
1640,2010,1,4,3,4,5,96,28,59,80,52,88,80,26,41,12,4,130571
643,2010,1,5,0,0,6,22,13,67,63,43,65,54,25,47,41,19,101357
662,2010,5,12,4,3,17,91,46,55,69,48,72,55,25,47,40,18,197712
12043,2010,1,4,2,2,5,70,30,52,73,46,75,61,26,47,44,16,108570
8146,2010,5,10,2,9,11,118,53,60,72,52,81,66,24,46,28,13,190736
882,2010,10,15,7,4,24,93,120,57,69,53,76,56,27,48,42,19,232162
9675,2010,3,4,2,1,3,14,22,48,68,44,66,64,30,48,42,28,89530
11704,2010,4,6,5,1,7,98,26,60,78,46,85,64,25,36,21,7,95774
5918,2010,4,5,2,2,9,62,33,55,79,49,82,67,22,47,45,13,132861
3054,2010,0,1,0,0,1,2,0,83,64,59,80,40,34,33,33,14,42084
1264,2010,0,1,0,1,1,5,1,57,68,53,80,25,24,49,33,14,72560
11940,2010,0,2,0,1,2,11,8,50,67,50,70,50,27,36,100,9,54350
12083,2010,1,3,1,0,2,3,10,62,66,48,72,62,24,42,20,5,45865
756,2010,1,1,0,1,2,7,5,56,66,50,74,70,39,44,50,29,53533
4178,2010,0,2,0,1,2,20,6,52,75,56,83,71,19,46,56,17,83546
4146,2010,0,2,0,0,2,8,10,50,71,46,74,77,23,38,9,4,87313
864,2010,1,2,0,0,2,5,9,66,69,41,73,56,35,54,42,34,58213
638,2010,0,1,0,1,1,0,2,68,68,59,82,33,30,38,20,9,78294
2214,2010,2,0,1,0,0,0,0,0,0,0,0,0,0,0,0,0,37158
12039,2010,0,1,0,0,1,3,3,57,63,30,38,38,18,50,0,0,43142
3992,2010,0,5,0,3,5,1,12,60,57,53,66,42,25,47,50,19,109723
1837,2010,0,1,0,1,1,0,1,64,57,56,67,63,20,51,0,0,81011
6831,2010,1,4,0,3,5,11,12,63,59,52,66,62,22,54,50,25,82747
1719,2010,1,0,0,0,0,0,0,0,0,0,0,0,0,0,0,0,48776
12661,2010,4,9,1,6,13,84,46,61,70,49,78,66,27,47,30,17,152498
8867,2010,2,3,2,2,2,16,5,56,77,58,86,40,28,46,11,5,67866
1262,2010,3,5,1,2,7,18,9,66,65,55,76,62,28,50,24,18,77773
8721,2010,0,1,0,0,1,0,2,68,61,39,56,43,33,25,100,11,49057
9840,2010,1,5,1,3,5,35,5,68,70,47,80,73,29,39,38,16,84796
2117,2010,1,2,1,0,3,1,10,73,62,45,64,55,30,49,36,17,84955
7393,2010,0,2,0,0,0,0,0,0,0,0,0,0,0,0,0,0,47453
779,2010,1,5,3,1,3,22,7,66,67,48,75,52,27,45,39,15,114875
6817,2010,3,3,2,1,6,21,9,58,73,49,75,42,32,49,33,24,67855
8313,2010,2,3,1,1,1,3,2,49,63,48,67,57,14,39,33,10,51650
1181,2010,6,18,7,6,24,244,79,59,72,47,75,52,24,39,34,10,271507
4461,2010,3,2,2,1,2,2,6,63,57,56,67,58,27,50,33,20,55054
68,2010,4,8,1,3,10,35,40,64,67,45,73,65,30,51,47,21,99785
5129,2010,1,2,0,1,3,20,8,67,74,51,83,56,29,52,23,15,55519
664,2010,0,1,0,1,1,6,5,58,49,50,54,33,20,44,100,14,64103
8564,2010,2,0,0,0,0,0,0,0,0,0,0,0,0,0,0,0,37002
7456,2010,2,4,1,3,4,9,4,66,63,51,70,45,32,56,54,26,82684
6207,2010,1,0,0,1,0,0,0,0,0,0,0,0,0,0,0,0,49114
836,2010,2,8,0,3,10,66,25,64,69,49,78,59,24,37,33,10,115722
212,2010,2,2,0,1,3,20,2,68,66,55,78,61,26,46,33,17,74971
659,2010,0,2,0,0,2,12,6,59,67,37,67,41,26,39,38,11,59108
9521,2010,1,2,0,0,3,19,3,66,72,54,79,56,25,39,50,15,68297
609,2010,6,9,1,3,15,86,36,62,68,55,76,60,25,48,36,16,218638
5131,2010,2,1,2,1,2,10,14,52,67,44,62,59,31,51,30,19,74056
7122,2010,0,1,0,1,1,11,6,61,75,42,80,57,18,49,25,6,55595
5992,2011,70,6,9,10,76,343,143,65,74,56,86,65,36,58,48,39,12619803
677,2011,69,15,20,9,84,267,121,68,71,57,83,64,34,57,46,34,7668214
19,2011,64,12,20,9,76,504,98,64,79,57,90,65,33,51,41,28,6369576
1075,2011,56,13,14,5,69,494,149,59,75,50,80,61,37,56,46,36,5180091
673,2011,59,19,12,10,78,265,200,61,72,55,83,65,33,56,46,33,3113904
3985,2011,55,24,27,17,79,825,198,62,78,53,86,66,28,49,44,21,3173969
831,2011,53,23,16,7,76,482,148,58,78,53,85,60,31,53,45,28,2576813
553,2011,43,25,15,15,68,486,115,59,76,55,84,63,32,50,40,25,1882091
728,2011,54,26,19,19,80,444,175,56,75,55,84,62,31,54,43,28,1692912
4045,2011,47,23,26,14,70,546,182,56,76,53,82,59,30,50,39,22,1571007
6465,2011,48,18,14,13,66,475,124,62,76,55,88,67,30,51,45,26,1047196
4010,2011,39,27,12,16,66,297,157,56,70,51,78,59,32,54,44,28,1347752
652,2011,38,9,12,8,47,367,124,63,75,53,85,61,31,52,46,27,1323835
89,2011,34,16,12,9,50,567,95,65,77,56,87,64,28,49,40,22,1061404
7452,2011,38,29,9,13,67,559,206,51,76,51,79,58,30,50,43,24,1196499
5917,2011,38,16,18,11,54,414,192,63,72,52,81,62,33,49,41,25,1094353
1092,2011,35,20,13,13,55,322,124,61,71,54,80,57,32,50,38,25,960933
5837,2011,36,21,34,24,57,811,150,69,77,55,91,66,24,42,34,13,1170432
674,2011,34,20,9,7,54,288,110,64,72,53,82,57,32,50,42,26,903174
468,2011,36,26,29,20,62,734,219,58,78,53,86,66,26,44,34,15,1012966
6101,2011,44,22,15,9,66,436,162,54,76,54,83,62,31,50,43,24,1139799
7295,2011,40,26,9,12,66,466,143,59,73,47,76,61,34,50,42,28,974925
854,2011,45,26,15,6,71,252,135,61,70,51,78,60,31,53,46,28,1035324
672,2011,36,24,9,10,60,317,227,69,71,50,81,63,30,52,42,24,821021
8806,2011,36,22,12,11,58,137,158,61,68,52,77,60,29,52,39,25,776621
1042,2011,31,27,11,10,58,102,96,66,65,52,74,58,34,51,42,29,872640
1035,2011,27,25,4,7,52,142,92,62,69,50,75,54,32,49,42,25,1132893
427,2011,31,24,7,8,55,193,149,61,71,52,78,58,30,52,39,25,747272
492,2011,29,24,7,7,53,93,118,66,65,50,73,59,34,54,46,32,852654
71,2011,25,19,14,10,44,451,78,57,77,52,83,60,27,47,43,20,796517
11704,2011,31,19,22,12,50,637,102,64,79,53,88,66,26,46,39,16,674966
7459,2011,42,27,17,19,69,719,136,67,75,54,86,66,28,49,41,20,774434
520,2011,22,23,9,9,45,207,100,63,69,51,78,58,32,49,40,26,1133482
638,2011,27,21,9,13,48,120,134,71,67,50,78,64,30,51,37,24,546380
75,2011,27,24,9,8,51,182,137,61,69,52,78,59,30,50,39,24,809921
4964,2011,26,25,13,8,51,372,151,59,71,49,77,60,28,48,40,19,645735
7127,2011,25,25,11,14,50,297,127,61,72,49,78,58,31,49,39,23,676481
791,2011,25,24,7,12,49,243,118,58,71,51,77,57,29,50,41,23,611040
6627,2011,19,17,10,8,36,100,122,63,67,52,74,57,32,49,43,25,425315
609,2011,20,17,13,9,37,232,144,61,70,50,77,63,26,48,42,19,478028
568,2011,25,25,7,10,50,94,168,71,65,47,74,62,34,52,43,29,645058
11522,2011,16,15,13,4,31,183,66,66,71,50,79,60,26,48,34,18,499060
678,2011,31,27,17,14,58,320,150,58,72,53,80,65,28,49,39,20,744965
4009,2011,28,27,15,14,55,400,153,52,76,52,80,61,29,48,43,22,603356
6081,2011,27,26,11,18,53,362,134,60,70,50,77,63,31,52,44,26,590708
1841,2011,25,28,5,8,53,83,140,62,65,49,70,58,32,50,45,28,614566
552,2011,17,22,8,5,39,275,127,62,74,49,81,67,27,45,35,16,1210799
4067,2011,25,27,9,5,52,146,226,59,66,46,68,55,33,50,46,29,738884
78,2011,24,26,6,10,50,300,79,58,74,51,80,61,31,50,49,25,734891
10,2011,20,11,8,2,31,89,59,63,66,57,78,64,32,50,41,26,478626
84,2011,20,12,5,5,32,121,76,62,70,55,80,63,30,53,40,27,473653
650,2011,21,21,9,8,42,245,139,64,71,49,80,60,28,49,41,21,487534
616,2011,22,25,9,9,47,175,185,58,70,50,75,61,32,50,40,26,602963
685,2011,17,12,17,11,29,388,78,60,80,51,87,68,23,41,39,11,354421
5961,2011,30,27,7,11,57,202,72,63,68,51,76,60,30,50,45,24,499086
655,2011,16,21,19,22,37,632,98,66,80,50,90,70,21,40,33,9,459494
749,2011,17,17,11,7,34,174,196,62,70,47,75,60,31,48,48,24,526993
814,2011,24,26,8,13,50,127,72,71,66,52,77,61,27,48,38,20,523047
488,2011,18,16,7,8,34,183,124,57,74,47,79,66,27,48,42,21,298018
935,2011,14,23,5,10,37,147,106,62,67,48,70,53,32,50,36,27,437933
6848,2011,18,22,4,13,40,372,170,61,74,47,80,61,26,48,34,17,472275
1266,2011,25,27,12,11,52,265,93,62,70,50,75,57,31,47,35,21,638812
760,2011,24,22,13,13,46,316,132,55,75,52,82,60,29,48,38,21,993505
564,2011,22,12,6,1,34,111,120,58,70,52,77,61,30,54,37,25,321343
961,2011,20,29,10,12,49,181,231,56,69,49,72,54,29,52,41,23,606275
6691,2011,13,16,3,5,29,114,87,60,68,50,75,63,29,52,36,23,280181
72,2011,13,16,7,5,29,51,78,59,67,49,72,61,26,52,38,21,294395
1018,2011,5,13,0,0,18,22,43,64,61,45,61,47,31,47,44,21,245290
619,2011,13,19,1,6,32,13,93,67,60,46,60,54,33,53,45,31,309224
4146,2011,6,13,5,8,19,135,71,57,69,47,73,61,28,47,31,16,282360
516,2011,16,21,8,4,37,144,66,58,67,50,71,54,27,52,41,23,360087
8152,2011,14,19,8,8,33,109,167,62,66,47,70,60,28,52,47,24,344318
3492,2011,12,22,8,3,34,172,69,64,66,50,72,58,28,47,38,18,354081
1718,2011,9,16,3,8,25,70,61,58,65,53,71,62,30,52,40,23,304114
3682,2011,5,12,0,1,17,12,54,65,59,49,62,53,28,51,47,25,257276
11953,2011,18,25,9,10,43,234,158,60,71,51,77,55,30,47,35,20,388370
558,2011,23,25,8,12,48,141,105,64,67,51,75,56,29,50,43,22,499545
7540,2011,4,7,5,2,11,34,31,61,69,56,77,54,26,45,43,14,189913
12661,2011,14,19,8,7,33,197,141,57,69,50,74,58,29,47,40,21,338826
578,2011,11,11,4,7,22,160,81,61,73,50,82,62,28,49,36,23,333349
13796,2011,4,4,2,1,8,23,27,58,63,44,63,55,36,56,48,33,194659
762,2011,12,21,7,5,33,99,114,61,69,50,74,60,26,49,39,17,358269
1576,2011,8,15,3,8,23,63,65,58,67,50,73,58,31,47,40,22,248333
4084,2011,20,24,8,6,44,133,56,62,67,51,73,59,30,50,40,25,387366
642,2011,8,16,4,5,24,45,46,61,65,52,72,58,25,50,40,19,224213
9521,2011,10,10,1,4,20,115,54,62,71,48,77,57,29,48,46,21,261516
7806,2011,17,23,14,9,40,131,105,60,67,49,71,54,28,48,40,21,347425
5838,2011,9,6,5,4,15,68,49,58,70,50,75,58,29,50,41,25,185729
5083,2011,11,22,3,8,33,144,114,54,68,47,70,58,26,50,40,19,379604
695,2011,16,25,9,10,41,155,70,67,69,51,76,55,28,51,41,21,429221
9043,2011,10,24,4,7,34,109,64,57,65,50,70,60,29,51,37,23,391101
6642,2011,13,18,7,2,31,108,127,63,66,46,69,56,31,52,44,27,257899
4061,2011,12,15,5,8,27,249,84,60,73,51,82,64,29,48,31,17,484266
5129,2011,4,10,2,4,14,103,45,59,72,48,76,54,29,45,36,19,207775
12043,2011,5,10,2,5,15,86,54,52,72,45,71,55,30,50,41,22,216513
3996,2011,15,23,3,9,38,87,134,57,66,50,72,56,31,51,40,25,337774
587,2011,0,3,0,1,3,7,17,54,57,39,51,51,26,52,32,18,128243
882,2011,0,4,0,2,4,8,4,65,63,54,76,56,22,41,8,2,165895
453,2011,12,18,5,10,30,88,127,64,69,47,73,51,28,48,45,22,280493
745,2011,17,22,5,7,39,194,114,64,71,49,78,64,29,47,36,17,351437
693,2011,4,10,3,3,14,78,70,55,70,46,72,55,28,44,32,14,218328
3685,2011,11,18,2,4,29,61,50,64,64,48,70,54,31,50,40,24,296190
7043,2011,10,18,6,6,28,175,112,57,72,45,75,59,28,45,36,16,311294
7818,2011,7,8,5,0,15,108,43,63,68,47,72,50,32,45,35,20,159982
1113,2011,2,5,1,0,7,20,25,51,72,43,68,49,19,50,32,13,166171
1672,2011,6,12,2,4,18,72,43,63,68,50,76,59,27,52,36,20,214117
838,2011,9,25,4,9,34,155,94,57,69,47,69,53,29,50,32,19,414011
2123,2011,2,3,3,0,5,9,14,66,67,42,65,51,29,53,41,21,111379
6458,2011,5,6,3,4,11,66,30,61,74,48,82,66,28,43,41,18,168692
6431,2011,4,11,5,5,15,105,45,69,69,47,75,57,23,41,28,9,193578
11701,2011,5,13,3,5,18,131,47,61,70,47,74,57,25,45,40,18,211618
5127,2011,4,9,4,5,13,68,37,58,67,51,75,63,26,46,42,18,184008
8867,2011,3,2,1,0,5,25,30,53,74,49,82,69,30,48,39,26,120518
4461,2011,3,5,0,2,8,11,15,63,61,52,69,58,34,51,37,27,100237
1162,2011,17,28,7,15,45,203,127,60,71,51,78,58,28,48,39,19,338486
4149,2011,2,6,1,1,8,24,12,64,67,53,75,59,29,42,29,14,130631
9675,2011,2,4,1,1,6,3,11,60,52,35,41,33,29,45,31,22,101162
6002,2011,3,3,0,0,6,13,11,55,72,50,77,70,24,52,32,20,86891
9094,2011,6,5,4,5,11,60,31,54,74,52,84,62,23,48,41,18,128945
1569,2011,7,7,4,1,14,25,33,53,63,48,65,53,27,43,25,12,134604
1936,2011,3,13,1,3,16,24,36,66,60,49,68,57,30,45,39,19,278681
8313,2011,3,5,2,2,8,21,22,56,66,48,69,53,26,41,24,13,100705
1958,2011,3,5,1,0,8,4,9,72,56,49,57,52,25,50,47,19,115859
3054,2011,3,2,2,1,5,10,3,54,71,51,80,64,31,47,35,15,108337
9833,2011,8,10,3,4,18,100,68,51,72,49,73,59,26,53,42,23,177984
779,2011,5,6,2,1,11,37,11,61,70,48,75,65,31,44,41,22,144618
4178,2011,0,3,0,0,3,17,12,59,65,42,66,68,24,43,11,6,122398
5844,2011,8,14,5,2,22,170,103,56,73,46,75,61,29,41,36,17,220351
1157,2011,0,1,0,0,1,2,2,70,50,17,29,29,8,45,0,0,55253
641,2011,5,15,6,5,20,49,88,56,64,44,64,59,27,50,43,22,281525
864,2011,2,9,3,6,11,29,28,60,61,45,61,55,30,47,45,19,117146
47,2011,5,13,3,4,18,66,54,62,67,48,74,66,27,47,40,19,206644
12039,2011,1,5,2,3,6,24,9,66,68,50,78,65,26,35,13,5,117421
3833,2011,5,9,4,5,14,37,5,69,64,54,73,58,27,47,42,18,299021
10202,2011,2,1,1,0,3,3,12,65,67,41,68,58,33,52,39,26,65258
14432,2011,0,1,1,0,1,2,3,60,63,43,53,36,22,51,50,21,56275
918,2011,10,20,9,6,30,85,106,60,66,50,71,54,26,51,35,18,296338
7805,2011,0,2,1,0,2,50,21,60,80,38,80,71,26,43,50,10,99789
2379,2011,0,1,0,0,1,5,5,53,53,48,50,42,41,43,44,29,99908
920,2011,1,10,2,4,11,19,16,63,59,42,55,52,25,43,21,8,143752
3577,2011,13,13,6,4,26,129,40,60,70,53,79,60,29,52,39,21,215352
6501,2011,4,6,4,4,10,27,25,64,66,58,77,58,26,45,43,18,258821
11373,2011,0,2,1,0,2,8,5,58,73,43,68,33,24,43,14,8,85368
662,2011,0,3,0,1,3,13,13,53,73,52,76,42,19,42,40,8,124428
9839,2011,2,3,0,2,5,6,4,55,65,58,71,56,25,58,25,14,73526
4236,2011,6,26,6,8,32,103,100,57,65,46,66,50,28,44,41,19,319238
6277,2011,3,4,0,1,7,57,12,61,77,44,80,53,24,49,42,18,124705
1181,2011,2,3,0,1,5,21,10,61,71,46,73,46,25,42,43,19,193260
4965,2011,0,2,0,0,2,4,5,73,62,38,65,54,22,38,15,6,92224
11881,2011,0,2,0,0,2,4,14,48,68,47,67,50,28,47,25,14,55239
891,2011,2,7,4,2,9,84,25,60,68,52,75,59,26,38,33,12,125269
12,2011,6,10,1,3,16,86,50,56,72,48,76,60,27,52,42,22,236995
712,2011,3,3,1,4,6,29,27,59,68,54,79,71,28,53,37,22,95598
469,2011,2,7,2,2,9,22,32,58,67,45,66,50,26,49,44,16,137076
1264,2011,1,1,0,1,2,9,1,59,77,47,82,50,31,41,60,33,86551
7456,2011,4,6,0,3,10,45,31,58,65,44,62,51,38,48,52,34,140122
9840,2011,1,5,0,1,6,18,18,60,74,50,79,67,26,44,35,15,87089
4003,2011,2,10,2,6,12,147,48,58,74,48,78,60,27,44,36,16,214489
7772,2011,8,5,1,4,13,62,33,61,75,51,84,63,26,47,34,15,119184
11438,2011,1,1,0,1,2,5,4,69,59,45,61,56,30,58,60,33,74600
7461,2011,0,1,0,0,1,1,2,72,50,50,56,64,17,44,100,10,36635
10995,2011,1,2,1,0,3,18,5,58,82,49,79,43,21,42,33,10,47033
11940,2011,3,2,0,1,5,13,13,56,71,57,85,65,35,50,38,31,83418
2117,2011,2,2,0,1,4,0,6,72,55,53,55,43,41,61,36,45,107455
575,2011,3,2,1,4,5,25,11,69,65,51,82,79,30,54,36,21,108939
5103,2011,0,1,0,0,1,3,2,54,51,40,44,55,24,55,40,22,67472
1621,2011,0,1,0,1,1,7,4,68,64,48,60,56,22,40,50,20,72175
717,2011,4,12,1,3,16,55,30,61,68,44,69,52,20,49,37,15,165298
10231,2011,0,1,0,1,1,4,5,58,75,39,71,50,35,53,57,29,47148
10844,2011,0,2,0,1,2,0,0,0,0,0,0,0,0,0,0,0,44025
11226,2011,2,2,1,2,4,15,10,62,71,55,85,70,29,47,29,17,69015
621,2011,0,1,0,1,1,1,6,56,64,61,81,67,24,45,33,18,43727
6850,2011,0,4,1,0,4,9,13,57,54,44,50,51,36,45,33,21,108334
5054,2011,2,1,2,0,3,0,0,0,0,0,0,0,0,0,0,0,45013
775,2011,3,4,2,3,7,19,11,66,66,50,78,60,25,47,28,14,109991
3742,2011,3,4,1,1,7,34,20,60,65,49,73,54,29,52,51,23,78485
2187,2011,2,8,0,4,10,19,23,63,68,51,74,45,24,46,33,14,113017
5058,2011,0,2,0,1,2,20,6,63,75,56,84,60,22,47,43,13,74348
10507,2011,3,1,1,3,4,0,0,0,0,0,0,0,0,0,0,0,58204
12851,2011,1,4,2,1,5,14,25,65,60,48,61,55,29,51,37,25,87128
7,2011,9,11,5,6,20,113,65,57,72,50,79,61,29,52,40,22,160743
1960,2011,1,2,1,0,3,6,20,62,66,38,68,65,26,52,33,24,80950
9806,2011,1,2,0,0,3,8,11,57,70,41,70,58,26,54,42,19,64786
661,2011,4,10,4,2,14,59,28,58,65,50,67,55,26,45,35,15,138354
12190,2011,3,5,1,0,8,18,17,64,62,43,64,56,34,51,35,22,59198
836,2011,1,2,0,1,3,14,9,60,70,54,86,64,26,38,40,18,77122
11923,2011,2,2,1,0,4,6,2,61,63,42,61,31,27,51,55,26,56845
603,2011,0,1,0,2,1,4,5,51,72,54,83,82,18,32,50,17,70133
7869,2011,0,2,0,0,2,0,0,0,0,0,0,0,0,0,0,0,44298
3694,2011,0,3,0,0,3,29,7,62,70,46,73,69,18,44,38,8,79368
3992,2011,0,1,1,0,1,0,2,56,62,48,58,56,25,53,40,20,67164
12525,2011,0,2,0,0,2,0,4,56,61,46,67,50,21,32,0,0,50406
6080,2011,2,3,0,0,5,45,16,60,82,48,85,62,22,46,37,12,82960
5992,2012,75,12,17,12,87,512,147,64,75,56,87,66,35,56,46,35,12803737
19,2012,71,12,21,15,80,665,120,63,78,60,91,69,31,51,42,26,8584842
1075,2012,56,16,18,9,72,521,163,60,74,54,84,67,32,56,41,31,5708230
677,2012,42,6,8,3,48,160,59,67,75,57,88,71,38,55,49,38,4997448
673,2012,76,15,20,13,85,279,178,63,73,57,85,65,34,54,44,31,4409340
831,2012,61,23,20,17,77,649,178,59,77,53,87,71,29,53,42,25,2973967
6465,2012,65,17,28,17,79,594,168,65,75,55,87,69,30,51,43,25,3031003
3985,2012,55,25,22,16,76,653,145,62,76,53,86,69,31,48,42,23,2376640
728,2012,57,28,24,15,81,632,186,58,75,54,83,63,29,50,40,23,2063737
674,2012,42,22,9,11,64,351,124,63,73,56,84,63,32,50,42,27,1562677
4045,2012,58,24,19,24,75,654,152,57,77,55,86,63,28,51,39,22,1334555
1042,2012,39,19,11,8,55,95,112,68,67,53,77,58,34,53,43,31,1358704
11704,2012,45,20,27,22,62,1002,209,62,82,56,93,74,26,45,39,15,1191394
5837,2012,45,21,41,18,60,1005,131,69,78,57,92,74,25,41,31,11,1354332
6101,2012,39,19,12,16,56,353,150,55,72,53,81,59,32,52,42,27,1186306
4010,2012,43,25,9,13,66,277,130,57,69,52,77,59,34,51,41,29,1105586
1092,2012,35,20,11,19,53,405,142,56,73,53,82,66,31,50,43,25,902450
7452,2012,34,25,11,13,59,463,132,54,75,52,81,62,30,48,40,23,1171600
8806,2012,37,18,10,8,52,133,131,64,69,53,78,59,33,53,39,31,1044847
678,2012,42,24,23,18,66,499,126,60,74,56,85,65,28,50,44,22,1063408
22,2012,31,16,11,5,47,291,159,60,75,52,82,63,30,51,38,24,818595
4061,2012,37,25,20,13,61,705,236,58,80,50,85,63,27,46,38,18,933211
791,2012,38,27,15,11,61,275,108,61,71,52,78,57,30,51,44,25,947316
672,2012,32,22,10,11,54,250,206,69,70,51,81,65,31,49,40,24,1005846
75,2012,33,21,10,12,54,236,116,62,71,52,80,60,31,54,41,26,879840
12083,2012,14,4,9,3,13,160,47,62,82,57,89,60,27,44,43,16,477833
553,2012,21,11,8,8,31,301,78,53,78,55,85,66,31,51,44,24,622850
854,2012,23,26,6,8,45,180,55,61,71,52,78,59,28,48,40,21,821877
520,2012,20,25,13,8,41,204,132,62,69,51,75,57,28,47,45,19,917106
9675,2012,19,15,5,8,30,114,103,56,70,50,75,62,29,54,45,28,462599
427,2012,24,26,13,8,45,211,142,62,70,51,79,66,31,48,41,22,1345031
7043,2012,24,20,10,9,44,324,181,56,74,50,82,69,29,49,37,21,544400
7127,2012,26,22,12,11,45,260,126,57,70,52,79,62,29,50,38,23,574869
1035,2012,23,23,3,7,45,186,113,62,69,46,74,56,32,47,35,23,1093338
650,2012,27,23,13,11,49,334,190,65,71,49,79,62,30,51,42,24,663888
4009,2012,35,25,13,10,58,379,184,55,73,53,81,60,29,50,41,23,582812
7459,2012,30,26,21,15,56,638,177,64,75,53,85,66,28,46,35,16,711108
7295,2012,26,29,11,10,52,424,116,61,71,45,74,56,31,51,41,25,763366
89,2012,23,16,12,10,39,358,72,66,75,53,84,60,26,48,36,18,549286
468,2012,26,27,14,25,53,543,180,57,77,52,86,70,27,44,36,15,723420
558,2012,26,27,12,11,51,145,100,68,67,47,75,57,30,49,43,23,567953
1841,2012,19,29,11,7,48,78,229,59,65,48,67,53,31,52,40,26,658528
3492,2012,30,32,17,16,57,407,93,65,71,53,81,62,29,47,39,19,660205
568,2012,24,23,9,4,47,93,177,70,65,48,74,61,31,53,45,27,506247
4067,2012,22,24,10,6,45,108,134,65,64,48,70,56,32,50,45,26,533149
11226,2012,17,14,5,6,28,131,137,57,70,50,75,61,28,50,34,23,367523
12043,2012,26,26,11,14,52,385,236,51,73,47,73,57,33,51,37,26,502783
11953,2012,24,19,12,13,43,309,120,62,73,53,82,65,28,48,36,20,413047
6228,2012,17,19,6,8,35,153,89,62,66,50,76,65,28,50,43,20,382103
6691,2012,25,30,13,18,55,175,184,59,66,51,74,62,30,51,42,24,578848
5127,2012,13,21,6,8,31,192,62,60,71,50,75,53,27,46,35,17,406162
11522,2012,26,27,9,8,48,238,72,66,67,50,77,61,29,47,33,19,527353
552,2012,12,14,10,4,26,218,63,64,73,52,82,61,27,46,30,13,644605
1718,2012,14,25,8,9,38,108,81,62,66,51,71,52,28,49,41,22,427051
4149,2012,11,8,7,2,17,132,43,59,71,50,77,63,28,52,46,22,261990
6081,2012,19,28,1,10,42,235,99,59,72,47,75,53,29,50,39,23,499471
5961,2012,21,21,6,5,38,102,36,66,67,53,80,64,28,48,39,21,395445
563,2012,14,17,11,9,31,152,133,54,75,52,79,63,27,49,37,18,378879
762,2012,12,18,8,8,30,142,112,60,72,50,78,58,25,48,41,17,354504
1569,2012,13,21,3,9,30,83,81,54,67,51,72,50,30,48,37,23,299072
735,2012,11,13,10,5,24,111,78,62,68,51,74,54,29,51,41,22,376262
695,2012,6,13,3,4,19,62,19,72,66,50,76,64,27,46,35,16,264129
78,2012,21,24,9,11,45,316,92,58,74,52,80,57,27,49,37,20,527763
2123,2012,8,17,2,5,25,64,51,62,65,50,69,50,28,49,34,18,297924
2904,2012,10,14,2,6,24,174,71,55,71,49,76,58,26,49,37,20,345823
935,2012,25,31,8,8,55,163,146,66,66,48,72,58,34,50,40,29,593827
685,2012,22,21,17,17,42,559,125,61,81,49,86,65,22,46,33,12,360715
6080,2012,8,10,6,2,18,150,37,60,75,49,80,57,28,40,40,17,239460
12661,2012,23,24,12,10,44,286,118,62,71,52,81,63,28,46,40,18,480018
838,2012,6,12,3,4,18,95,46,58,69,49,74,59,28,49,34,17,265661
7540,2012,14,14,7,8,28,178,106,59,74,50,82,65,26,46,37,16,353633
4964,2012,16,26,13,8,40,318,133,57,71,47,73,59,29,49,38,20,524730
4146,2012,19,18,8,13,35,252,109,59,74,51,82,64,26,45,42,16,402106
749,2012,23,27,8,10,48,204,205,61,69,48,75,61,30,49,40,23,560367
469,2012,7,14,4,4,21,97,94,54,69,47,68,55,29,48,41,21,284569
961,2012,20,25,7,6,45,164,184,57,68,49,73,62,31,47,43,23,433242
5917,2012,19,10,3,3,28,198,120,63,71,45,77,62,32,53,42,29,367722
13799,2012,2,5,2,1,7,45,29,59,73,46,76,60,30,51,27,19,135701
8313,2012,10,16,5,4,25,95,83,56,67,52,71,55,27,51,40,19,253902
1837,2012,3,10,0,2,13,32,37,61,64,44,64,58,33,49,35,25,180358
11373,2012,0,4,0,0,4,16,4,60,65,56,74,57,26,40,36,10,117576
564,2012,21,17,10,4,36,122,122,58,70,53,79,60,30,52,39,24,325263
7,2012,16,14,5,4,27,154,102,53,72,49,76,60,28,50,43,22,365620
3833,2012,8,11,5,2,16,46,32,65,69,47,72,51,26,47,42,17,213727
6458,2012,3,9,1,4,12,66,33,62,68,50,77,60,27,46,36,18,197925
10995,2012,4,4,2,1,7,39,25,58,70,43,72,63,27,49,34,17,127516
453,2012,11,11,3,5,22,66,84,63,67,51,73,48,31,50,48,26,246618
619,2012,11,21,2,4,32,14,59,71,62,48,68,56,31,50,43,26,338306
9839,2012,9,12,1,4,18,88,45,61,69,50,77,57,28,50,33,19,218204
72,2012,10,23,8,10,32,56,81,61,67,52,74,56,23,52,42,17,355911
641,2012,3,12,0,4,15,40,78,54,67,48,70,54,26,50,40,20,233429
10402,2012,3,7,3,3,10,90,40,56,68,51,75,65,26,46,41,18,173897
5838,2012,22,17,18,4,36,150,44,64,69,52,77,56,28,52,41,21,301699
6642,2012,6,15,1,6,18,79,71,59,63,45,62,49,30,49,46,23,213315
3682,2012,17,23,6,3,40,31,128,70,61,44,63,56,34,52,45,30,399726
616,2012,7,16,1,2,23,38,79,62,60,50,64,50,31,46,43,23,279352
9471,2012,0,1,0,0,1,2,6,65,61,38,60,43,37,45,42,26,157002
3996,2012,6,18,1,4,24,34,110,57,62,46,61,51,33,52,37,28,287134
4461,2012,1,12,2,5,13,43,61,60,68,46,70,56,24,40,31,11,207690
655,2012,16,17,19,15,30,506,87,65,79,52,87,64,23,44,28,11,345527
11923,2012,5,5,3,1,7,15,22,60,66,47,67,50,31,54,31,26,128390
1672,2012,14,19,7,10,33,166,90,64,71,50,80,59,29,49,37,21,410585
1266,2012,16,28,14,17,40,261,123,59,71,52,80,63,27,45,33,16,378835
7461,2012,7,15,3,10,22,112,70,62,68,51,77,63,28,50,38,20,264222
9521,2012,17,23,8,4,38,206,154,62,69,46,73,59,28,49,34,19,429771
920,2012,4,7,3,1,11,32,19,63,68,48,74,58,30,51,40,20,149589
9043,2012,12,15,3,3,24,79,43,59,63,52,69,53,31,50,43,24,333009
578,2012,16,18,9,8,34,273,92,61,72,50,79,66,26,46,41,19,436167
1576,2012,12,19,4,8,28,66,73,61,68,51,74,59,29,51,35,22,242461
1162,2012,12,17,8,12,28,140,71,61,73,53,81,54,29,47,36,18,246688
9840,2012,4,6,3,2,9,51,33,60,70,49,77,59,25,50,43,17,158877
5844,2012,1,5,0,4,3,24,22,61,67,40,68,50,29,50,35,17,84657
9833,2012,10,5,2,1,15,68,50,50,75,55,83,57,30,51,31,21,150571
84,2012,5,7,1,0,12,58,26,60,70,48,74,61,29,45,53,21,146213
760,2012,10,17,5,6,26,187,64,60,72,49,79,62,29,46,41,20,443824
6002,2012,6,11,4,4,17,91,48,59,69,47,73,61,25,48,32,17,210529
7393,2012,2,3,1,1,5,10,8,58,65,53,78,63,29,45,26,18,108719
717,2012,5,8,2,5,13,52,35,59,63,48,69,58,26,47,47,18,192980
7805,2012,1,4,0,4,5,44,22,61,77,51,86,67,18,42,20,8,134142
609,2012,3,11,1,3,14,84,38,60,73,47,78,62,22,46,25,9,237499
5129,2012,9,16,5,6,25,162,65,56,74,46,75,62,28,49,35,19,258476
7970,2012,3,3,1,1,2,10,2,55,60,42,56,53,25,38,100,11,74078
9094,2012,5,15,3,5,17,140,67,57,72,46,74,57,27,41,31,13,188725
3054,2012,5,5,1,1,9,34,19,65,66,51,72,60,25,47,37,16,149645
488,2012,8,13,4,5,21,108,62,57,70,48,72,53,29,49,44,23,285294
6831,2012,3,6,0,2,9,38,24,59,69,49,72,51,29,49,36,21,128453
638,2012,14,30,5,9,42,92,114,71,65,46,71,57,29,50,37,22,430710
643,2012,0,1,0,0,1,2,1,66,36,40,13,53,21,65,100,29,81883
7456,2012,3,6,0,2,8,11,22,66,68,47,73,47,33,48,42,29,97552
1181,2012,7,9,4,4,16,82,40,58,75,48,79,62,26,45,35,17,284016
11940,2012,6,9,1,4,15,39,41,62,71,49,78,55,32,49,45,24,134201
3685,2012,11,13,2,3,22,37,42,63,65,51,72,59,29,50,45,25,221022
7826,2012,0,3,0,0,3,4,14,57,56,42,55,55,24,47,29,15,106614
6848,2012,17,18,10,6,29,328,144,59,76,48,80,61,26,47,36,17,244832
13429,2012,2,6,2,4,8,40,32,56,66,51,70,61,28,45,36,18,147020
745,2012,5,11,2,6,16,91,34,68,66,49,75,56,30,46,33,19,171308
10231,2012,0,2,0,1,1,3,7,55,69,47,67,64,24,42,75,20,71147
5136,2012,3,1,1,0,1,2,18,55,68,43,76,68,34,48,31,15,67949
693,2012,2,9,3,3,11,64,44,55,70,48,73,56,24,41,25,9,180526
8152,2012,9,11,4,6,20,95,92,59,74,51,83,69,25,50,35,18,175631
1157,2012,4,6,3,1,10,37,39,59,66,47,69,59,28,51,45,21,106072
7818,2012,6,10,2,3,14,48,28,64,64,50,71,48,30,49,36,19,176662
10507,2012,4,1,4,1,0,0,0,0,0,0,0,0,0,0,0,0,69343
775,2012,4,10,1,5,12,31,33,61,69,50,78,62,27,43,24,13,137230
7757,2012,2,3,0,1,5,29,14,56,66,50,71,36,30,47,62,22,112893
4178,2012,4,7,1,0,11,46,22,61,67,50,74,60,26,48,34,17,135616
649,2012,2,3,1,0,2,9,7,63,60,46,59,42,34,34,47,21,97400
17474,2012,5,7,4,3,12,114,71,55,72,53,80,69,27,44,33,16,163009
662,2012,0,1,0,0,1,4,2,61,73,50,73,43,36,62,40,29,79886
6431,2012,5,8,6,6,13,144,49,61,77,50,86,66,24,45,31,12,137896
7042,2012,0,1,0,0,1,6,2,62,51,46,46,67,22,47,100,15,90968
763,2012,3,4,1,4,5,20,13,64,66,57,77,57,32,45,47,23,128254
9517,2012,0,1,0,1,1,9,7,57,73,38,75,62,22,39,38,15,87124
12587,2012,3,6,1,1,6,21,24,61,65,44,63,53,32,50,44,25,131301
875,2012,0,3,1,0,3,19,11,59,61,46,57,58,33,49,34,24,101725
9229,2012,4,4,1,2,6,65,11,61,77,49,82,63,30,44,40,18,92919
4236,2012,3,6,1,3,7,37,29,61,67,48,75,66,31,51,51,25,118533
516,2012,5,21,6,9,24,78,40,59,64,47,64,53,26,49,40,19,266223
12190,2012,2,1,0,0,2,4,3,58,79,61,86,33,37,37,38,21,56059
814,2012,8,18,6,6,26,70,34,70,66,50,76,62,27,44,33,15,299105
891,2012,2,6,1,1,6,28,17,52,69,46,66,53,13,43,31,9,97114
864,2012,3,7,2,3,6,24,25,61,67,47,69,61,30,46,44,23,71204
4003,2012,4,5,3,4,9,86,37,56,76,49,82,69,27,37,49,15,181313
11521,2012,1,3,1,0,4,7,15,63,66,47,71,65,21,43,31,8,85524
2379,2012,3,4,0,3,7,7,22,58,64,45,64,60,36,55,39,33,119325
12594,2012,0,1,0,0,1,8,6,53,69,40,58,50,16,28,0,0,56249
11178,2012,3,5,2,7,8,77,35,60,75,51,88,79,19,41,33,9,143840
492,2012,6,12,4,2,17,36,41,66,61,51,66,58,33,50,42,27,287447
13796,2012,9,16,3,2,22,80,71,61,64,48,67,59,31,48,39,22,239534
10030,2012,2,1,0,0,3,22,9,52,77,46,79,63,41,54,78,48,49238
6820,2012,0,1,0,0,1,1,2,55,56,50,58,50,29,72,40,46,71910
9584,2012,0,1,0,0,1,4,4,59,57,43,55,47,33,48,44,20,73241
918,2012,1,5,1,2,5,11,15,61,68,47,72,53,28,49,37,22,92556
12921,2012,2,4,3,1,2,0,5,55,52,41,44,50,20,46,43,18,55260
12851,2012,1,5,1,1,6,14,11,62,63,43,61,33,35,48,38,28,99430
6277,2012,2,8,1,2,8,53,18,59,72,45,69,42,24,51,38,15,120727
3316,2012,0,1,0,1,1,2,5,58,61,45,64,50,24,36,20,7,78343
2214,2012,1,1,1,1,2,17,2,66,71,54,81,44,34,49,33,30,51597
6627,2012,5,24,5,8,29,63,119,61,64,43,64,54,31,48,33,21,287559
10292,2012,0,2,1,0,2,16,4,59,76,50,79,57,18,52,13,3,60513
7806,2012,1,7,0,1,8,29,21,60,66,40,60,46,24,46,32,15,132036
575,2012,2,1,0,0,3,7,12,57,59,48,63,69,39,43,45,27,56395
7803,2012,3,1,1,1,0,0,0,0,0,0,0,0,0,0,0,0,49802
9516,2012,0,1,0,0,1,1,2,68,67,61,78,71,24,43,0,0,63399
4078,2012,0,1,0,1,1,3,2,70,63,63,82,71,15,43,33,9,59549
9831,2012,0,1,0,0,1,4,1,61,64,50,67,25,17,50,0,0,37664
12653,2012,1,1,0,1,2,3,9,47,60,48,58,50,42,53,48,44,49017
677,2013,75,7,18,7,81,221,120,69,73,57,88,69,35,54,47,34,14570935
5992,2013,74,9,22,10,76,476,118,66,75,60,88,65,35,55,42,33,12447947
673,2013,60,24,12,9,84,265,190,63,70,53,79,57,34,56,42,33,4868953
1075,2013,43,8,16,7,49,353,108,62,75,52,85,66,34,55,44,31,5416221
6465,2013,51,16,21,12,67,475,143,65,75,54,86,66,28,53,41,24,4294039
19,2013,45,17,15,10,62,399,104,63,76,55,87,65,33,51,39,26,3203637
831,2013,54,25,18,19,74,603,169,59,78,52,86,67,30,54,41,25,2977405
1092,2013,51,23,17,16,71,488,182,60,74,55,85,66,31,50,38,23,2880925
674,2013,50,23,15,14,71,432,189,60,74,54,83,64,30,54,39,25,2661899
3985,2013,39,16,17,13,52,429,108,63,76,53,88,69,30,47,42,21,1753946
11704,2013,45,21,20,19,60,883,182,63,82,53,91,68,28,44,33,16,1727799
22,2013,47,21,16,10,68,415,226,61,74,54,84,64,31,49,38,24,1719497
4045,2013,42,23,17,17,65,622,160,57,78,54,85,65,29,52,44,25,1497347
5837,2013,39,24,38,18,60,979,104,68,78,56,90,71,24,44,31,12,1258739
75,2013,39,24,11,12,63,279,160,62,70,51,80,64,30,51,42,25,1790794
4067,2013,42,27,14,10,67,183,215,60,67,50,73,60,33,54,43,31,1480993
8806,2013,36,19,9,7,53,140,150,63,69,52,78,57,31,55,43,30,1180923
84,2013,36,20,14,10,56,252,121,61,71,52,79,61,33,50,41,27,1214413
4010,2013,36,24,16,10,58,236,144,58,68,50,74,63,32,52,41,27,1077437
7459,2013,37,23,19,16,60,651,182,65,76,54,86,66,28,47,35,18,1020301
12083,2013,27,20,16,11,43,462,227,61,76,50,84,67,29,44,36,18,1353039
678,2013,32,25,19,14,55,359,97,59,75,56,85,66,28,49,39,19,1092580
11953,2013,37,23,9,13,58,469,164,62,76,51,83,60,29,48,38,22,1046764
6848,2013,37,18,13,10,50,390,182,61,76,49,83,68,31,50,44,25,704501
791,2013,30,29,9,11,55,287,168,59,71,49,77,59,29,51,39,23,1077787
12043,2013,32,30,17,12,62,537,234,52,74,47,76,59,32,49,41,24,946262
520,2013,25,27,8,12,48,214,134,66,68,50,77,60,29,48,36,21,923311
468,2013,29,20,14,10,49,546,174,59,75,53,84,64,28,45,36,17,885990
609,2013,31,21,16,6,50,372,228,57,74,49,81,66,28,50,42,22,733286
672,2013,29,23,14,10,50,296,248,62,73,53,81,61,30,51,37,21,1334555
5917,2013,33,22,13,14,55,424,201,66,71,49,80,64,32,48,40,25,647271
9094,2013,17,18,11,15,32,359,127,55,79,51,86,65,29,47,34,18,614286
4964,2013,33,27,13,15,56,520,167,60,74,52,82,63,29,49,44,23,1255455
7043,2013,22,25,12,9,47,389,246,61,74,49,81,64,28,49,36,18,945291
650,2013,27,25,14,10,52,314,147,64,70,50,77,55,30,50,40,24,1139636
728,2013,20,24,7,14,42,261,93,58,72,52,81,68,27,49,38,19,816264
6101,2013,26,12,11,5,36,301,87,56,76,56,84,66,30,52,42,24,680052
1035,2013,27,24,7,6,50,206,112,61,68,51,75,57,29,52,42,24,1134875
558,2013,31,27,14,13,57,186,125,66,68,51,77,58,27,53,42,24,752229
854,2013,29,26,9,10,52,231,89,63,69,51,78,59,30,48,41,23,735923
935,2013,28,25,7,11,49,163,113,68,69,51,76,58,30,53,41,25,615753
1042,2013,25,23,7,12,43,88,82,70,65,53,74,54,32,55,43,31,693977
6081,2013,30,26,10,14,54,326,152,62,72,49,80,64,28,49,42,20,708489
427,2013,16,17,4,8,30,137,85,64,69,49,76,58,30,52,39,26,862891
3492,2013,32,30,13,13,59,373,117,64,72,52,82,67,27,47,39,18,765749
4061,2013,27,22,18,16,45,576,162,60,79,48,84,61,27,45,34,16,659401
4146,2013,23,27,9,11,46,319,151,58,73,49,78,63,28,47,34,19,654721
1841,2013,18,31,4,10,49,73,167,60,65,48,70,62,29,51,36,22,735774
11923,2013,16,14,2,3,27,77,62,62,68,47,74,58,29,49,40,23,496686
578,2013,17,7,6,7,24,204,79,60,78,53,88,68,31,47,41,23,596784
11522,2013,25,22,19,14,43,345,58,68,72,51,84,67,23,48,34,15,697132
1672,2013,23,26,4,15,49,190,123,64,70,50,79,60,28,48,37,21,815655
568,2013,22,22,4,6,44,98,102,68,66,50,75,60,32,52,48,28,635584
6431,2013,24,23,10,9,46,390,103,67,73,54,85,62,25,47,34,14,556322
11940,2013,12,8,9,4,20,66,60,60,71,53,80,66,30,47,38,19,317845
6458,2013,15,23,8,13,37,206,100,62,70,49,77,62,24,45,37,16,605803
7452,2013,24,27,12,10,46,319,124,52,75,50,77,56,28,49,38,21,613131
1837,2013,26,22,16,5,48,106,82,71,65,52,75,60,30,53,42,25,542039
7806,2013,10,15,2,6,25,141,62,61,70,51,79,70,24,51,41,18,477350
7,2013,24,18,9,7,40,247,161,51,70,52,76,59,29,52,44,26,548854
6228,2013,18,25,10,8,41,158,109,59,69,48,72,55,29,52,40,25,521331
961,2013,20,22,7,7,41,139,189,55,70,48,73,59,29,53,40,25,437954
616,2013,18,19,5,3,37,144,125,61,68,50,75,63,30,48,36,21,464953
14432,2013,7,7,3,1,14,39,22,58,65,48,68,47,31,50,42,25,183071
762,2013,17,17,6,8,34,131,108,63,70,52,79,58,30,52,39,25,457327
748,2013,10,13,5,7,21,178,67,60,75,50,81,62,24,44,39,15,303782
9043,2013,6,6,3,1,11,55,26,55,69,47,71,57,30,53,58,29,276434
9521,2013,6,11,2,3,15,84,85,59,72,44,70,53,28,44,32,19,243380
5961,2013,16,25,3,6,38,159,69,64,69,51,77,57,27,47,35,19,435464
6080,2013,20,25,10,11,43,384,87,58,75,50,80,57,26,48,39,18,649465
619,2013,5,11,2,3,16,8,28,71,61,50,68,56,32,49,45,28,290328
749,2013,10,20,6,5,26,170,117,62,68,46,71,53,29,51,40,23,759319
1576,2013,4,10,2,2,11,16,39,61,63,46,63,51,31,50,34,26,207070
3996,2013,17,22,6,5,38,85,98,61,66,49,74,60,30,52,43,26,448032
7295,2013,19,19,7,7,36,240,76,60,71,47,75,55,33,47,39,24,513025
918,2013,2,2,0,2,4,21,10,61,65,56,81,67,31,45,24,18,179026
838,2013,14,27,7,11,41,229,150,58,71,48,75,59,29,48,38,20,504484
655,2013,15,13,18,11,28,485,96,65,82,54,91,65,21,40,28,7,362974
2904,2013,9,20,7,11,29,211,89,57,74,48,77,55,24,47,38,16,397784
695,2013,18,26,11,15,43,155,47,70,68,50,79,59,27,45,32,17,492538
5127,2013,14,17,6,2,27,154,76,58,70,47,73,57,27,49,37,19,363335
4236,2013,5,5,2,3,7,21,12,64,74,54,84,65,25,51,31,17,121937
6691,2013,20,23,8,9,41,141,97,61,70,51,76,54,30,49,40,23,465313
7805,2013,8,15,5,5,23,203,112,64,72,51,83,70,24,42,34,11,389027
18017,2013,0,7,2,1,5,29,28,61,68,41,68,57,22,49,50,16,170291
6962,2013,3,6,2,4,9,44,31,70,65,49,72,65,31,46,29,17,183893
4009,2013,15,22,6,14,36,275,155,53,75,52,82,64,25,49,35,18,530095
638,2013,6,9,2,4,14,39,49,69,64,52,73,58,28,52,44,21,258192
6831,2013,8,11,3,6,19,112,46,63,69,51,77,62,29,51,38,23,291027
4084,2013,13,12,5,5,23,106,45,59,67,51,75,66,27,51,39,22,317318
3639,2013,0,1,0,0,1,7,6,55,72,41,69,60,42,57,31,38,125997
453,2013,7,15,4,2,22,57,57,64,65,47,69,54,26,51,38,20,307969
7345,2013,0,1,0,0,1,6,1,56,75,32,70,57,18,40,0,0,134533
7540,2013,13,18,9,6,29,135,108,62,69,49,75,58,28,46,41,19,382134
10995,2013,11,18,5,4,29,228,106,57,72,49,75,56,28,49,42,20,321409
6627,2013,2,3,0,0,5,13,22,63,62,44,67,64,35,61,40,35,145379
11003,2013,1,3,2,3,4,32,9,69,75,53,81,43,25,45,32,14,153604
1266,2013,11,17,6,5,25,159,67,63,71,50,77,55,29,45,36,18,375359
1718,2013,15,22,6,9,33,128,89,57,67,50,73,55,29,51,44,24,364141
12661,2013,11,21,7,8,32,223,109,60,71,49,77,65,24,46,37,14,373921
5929,2013,1,4,0,0,4,23,18,53,69,42,62,29,22,52,36,13,154564
17474,2013,10,13,4,5,23,160,120,54,75,51,80,64,25,48,46,18,344809
1569,2013,9,17,4,8,21,79,61,57,70,48,71,49,25,46,38,17,307766
6642,2013,11,15,2,8,24,107,60,63,68,50,75,58,31,50,41,24,299565
552,2013,13,13,8,3,25,189,83,61,74,53,82,58,29,44,35,17,634228
920,2013,9,15,1,3,23,76,30,66,63,49,69,60,30,49,39,21,280862
14177,2013,4,9,1,7,13,85,53,59,71,49,76,56,25,53,38,21,243998
9675,2013,12,24,7,8,36,216,140,55,68,49,73,66,28,50,37,20,513019
2123,2013,13,25,5,5,37,109,86,57,68,48,72,57,31,48,35,20,437565
11226,2013,11,23,4,9,32,98,164,62,65,49,68,55,32,48,43,23,367620
4003,2013,2,3,0,2,5,61,14,63,74,49,85,73,25,43,46,15,224446
5844,2013,3,7,1,4,9,61,47,57,73,43,73,57,24,46,39,15,195695
11373,2013,13,20,6,11,31,181,79,58,73,49,80,63,26,47,33,15,407651
13429,2013,5,11,0,5,16,58,47,60,70,51,78,63,23,51,38,20,269843
1113,2013,2,2,1,0,4,20,15,61,72,51,78,50,28,55,33,22,166690
12190,2013,0,6,0,1,4,11,14,56,72,38,67,62,26,46,47,15,104866
17829,2013,1,5,0,1,6,6,25,70,56,48,58,51,27,57,47,27,120430
9471,2013,7,13,5,5,20,76,57,58,67,48,70,51,25,48,34,17,257418
4461,2013,2,9,2,0,7,15,32,59,63,40,60,48,17,42,29,5,204562
662,2013,0,5,0,2,5,16,19,53,61,45,58,57,16,46,35,11,175040
4149,2013,13,21,10,10,32,235,114,57,72,46,75,62,28,47,36,19,407059
891,2013,3,4,3,1,5,48,14,63,70,51,75,62,26,50,36,20,150756
13765,2013,0,3,0,0,3,3,12,59,61,51,62,55,35,50,36,25,78077
7127,2013,8,18,6,6,22,135,76,54,69,51,73,58,27,50,32,18,321515
5083,2013,0,2,0,0,2,5,2,59,73,34,64,47,22,40,20,4,78914
1181,2013,4,11,2,1,15,111,39,63,70,46,76,61,26,46,37,18,339271
8721,2013,1,4,1,2,1,4,3,49,65,36,47,18,38,50,58,41,96649
563,2013,6,19,2,7,25,126,104,55,71,48,75,54,24,47,37,15,340564
10292,2013,5,11,4,3,16,143,59,58,72,49,75,58,22,51,33,14,227990
9833,2013,13,16,7,6,27,164,121,55,73,52,81,66,27,49,31,18,308163
3054,2013,1,8,3,1,7,13,20,61,63,47,60,44,24,41,35,11,173215
3994,2013,6,8,5,1,14,45,30,62,65,51,71,62,32,45,35,18,172335
13799,2013,9,19,5,6,27,133,80,59,68,49,73,60,30,46,33,19,331900
78,2013,13,19,5,7,32,226,83,55,71,50,74,57,27,52,39,20,406993
11517,2013,3,7,3,1,10,135,38,58,74,48,79,62,26,45,31,15,206158
10402,2013,8,13,6,6,21,130,96,56,71,49,75,61,28,52,34,21,284980
1157,2013,2,3,0,1,5,14,8,68,61,53,67,60,32,50,46,27,123448
20650,2013,4,2,0,1,6,35,15,53,77,59,90,72,29,51,37,24,69679
7818,2013,1,4,1,2,5,28,8,63,77,51,82,64,20,37,0,0,99879
6820,2013,0,1,0,0,1,0,6,51,62,40,50,42,36,53,50,36,97304
5103,2013,2,4,0,3,6,38,10,59,76,47,79,42,26,46,21,12,147799
745,2013,2,3,0,2,5,20,18,65,70,42,77,66,36,49,36,31,122834
5054,2013,2,1,0,0,2,4,9,53,71,38,61,61,33,53,38,28,73554
7970,2013,10,10,7,2,17,106,34,61,70,47,75,64,26,48,42,18,248284
9229,2013,3,6,1,3,6,54,20,56,72,49,78,59,22,41,24,7,101075
9840,2013,4,6,3,3,8,64,26,64,72,52,83,69,28,51,43,19,139903
7461,2013,6,14,3,8,20,106,105,58,67,50,73,64,27,47,40,18,263069
9305,2013,6,4,3,2,6,43,28,60,70,49,75,59,31,55,48,29,141733
14727,2013,1,2,0,1,3,20,10,60,70,49,75,63,26,47,41,24,111199
814,2013,1,1,0,0,2,7,1,77,60,53,73,73,25,52,30,14,117620
488,2013,9,14,3,8,23,138,63,54,75,48,79,63,26,53,41,22,354210
864,2013,2,3,1,3,2,15,4,66,71,54,80,44,26,54,78,27,68748
8313,2013,5,9,2,1,11,41,40,56,66,47,68,52,26,48,34,15,174505
11178,2013,4,10,5,7,14,130,59,56,73,50,83,69,24,39,38,12,251163
1936,2013,1,1,0,1,2,12,8,66,73,45,85,69,31,53,33,24,83474
14814,2013,0,1,0,2,1,6,3,60,68,51,83,79,19,53,67,22,71558
5129,2013,2,6,2,2,8,48,29,57,68,46,72,64,25,46,43,15,118235
7826,2013,4,7,0,1,11,23,61,61,62,42,60,56,30,55,47,32,142572
7772,2013,1,4,2,4,3,33,8,64,72,53,84,69,26,46,17,10,109682
9584,2013,1,1,1,0,2,23,14,54,77,50,78,65,27,54,48,23,104390
20104,2013,0,1,0,0,1,2,1,72,55,50,55,55,24,68,60,27,52099
5838,2013,5,6,3,3,8,32,21,63,67,54,77,60,23,51,30,13,174429
5136,2013,1,4,1,0,4,13,25,58,66,44,68,56,29,43,33,13,115947
641,2013,2,6,1,2,8,34,33,54,71,46,73,62,28,46,40,20,104838
13796,2013,2,3,0,0,5,15,5,65,66,51,78,66,28,43,35,13,96509
6002,2013,2,1,0,0,1,2,2,48,62,48,62,55,17,33,50,8,90678
10828,2013,5,1,1,1,0,0,0,0,0,0,0,0,0,0,0,0,58647
7393,2013,2,3,0,0,4,11,15,60,58,38,50,54,30,55,42,27,69634
779,2013,1,3,0,1,1,3,1,69,57,48,60,64,28,42,33,10,83189
9488,2013,1,3,2,0,4,62,20,64,72,55,80,58,28,42,29,12,108115
775,2013,1,5,1,3,4,17,17,62,70,45,78,71,26,49,37,14,96404
763,2013,1,3,1,0,4,20,12,66,64,46,64,48,31,40,32,20,134111
10231,2013,3,4,0,1,5,6,15,50,61,51,64,61,34,41,50,24,97084
875,2013,4,5,3,3,9,33,25,68,67,42,71,54,30,50,37,22,127501
5058,2013,2,1,1,0,2,15,7,68,75,40,72,44,22,32,33,11,59971
4178,2013,2,4,1,2,6,50,25,60,68,49,75,63,20,45,36,14,119804
4454,2013,0,1,0,1,1,0,7,66,64,46,79,75,15,44,20,6,66457
13674,2013,2,3,1,0,2,11,9,58,69,52,74,50,32,52,40,27,44467
22434,2013,2,2,3,0,3,21,14,62,72,45,76,54,15,37,22,4,109784
13269,2013,1,1,0,0,0,0,0,0,0,0,0,0,0,0,0,0,28441
882,2013,0,2,0,0,2,8,11,53,63,49,68,64,31,44,19,11,78638
13447,2013,2,1,1,0,0,0,0,0,0,0,0,0,0,0,0,0,42662
3682,2013,2,9,0,4,11,11,41,69,56,43,55,52,30,45,47,21,170843
7803,2013,2,5,2,3,3,20,10,71,72,45,80,62,23,44,38,13,111375
9831,2013,2,4,0,0,6,37,25,63,67,47,72,64,31,50,39,25,79792
7007,2013,0,3,0,0,3,6,6,58,55,47,52,41,36,51,33,28,82527
11438,2013,0,1,0,1,1,6,8,62,64,37,62,62,35,56,55,29,85007
2379,2013,2,5,3,0,7,20,28,54,70,50,72,61,25,46,26,12,137038
12495,2013,2,1,0,0,1,8,3,67,69,47,80,71,22,44,0,0,44023
10813,2013,1,1,0,0,2,8,2,67,79,46,79,56,35,56,62,40,46893
7455,2013,0,1,0,0,1,2,1,67,54,58,64,38,30,43,22,15,51217
7555,2013,2,1,0,1,1,1,4,69,42,50,44,40,47,63,64,56,36885
5992,2014,61,8,13,10,69,428,105,67,75,56,88,63,33,58,45,33,14269462
19,2014,73,12,27,15,78,627,117,64,79,58,91,71,32,51,39,26,9393122
677,2014,48,11,12,12,59,181,90,70,72,55,85,66,35,56,48,35,6746473
1092,2014,39,17,21,11,51,439,138,55,79,54,86,61,29,50,42,22,5636675
8806,2014,54,14,19,10,66,286,186,60,73,54,84,64,30,53,42,28,4439218
1075,2014,59,20,13,12,75,450,201,60,74,51,81,61,33,55,44,32,3918242
831,2014,55,22,9,16,74,607,196,58,78,54,86,63,30,54,39,25,3944068
11704,2014,49,20,39,13,67,1107,208,61,83,54,90,69,27,45,39,16,3514743
6101,2014,54,21,20,11,72,744,203,57,79,50,85,66,30,50,37,22,4957288
673,2014,54,24,17,12,78,175,194,63,69,52,79,62,34,56,43,33,2815066
11953,2014,50,18,20,14,67,520,216,61,77,54,86,64,29,50,42,22,2795407
3985,2014,36,19,19,10,50,533,117,62,77,54,87,70,29,45,39,18,1961907
6848,2014,41,21,19,12,62,650,230,60,78,51,85,64,29,50,40,21,1784740
468,2014,39,26,22,21,64,638,198,60,78,53,86,69,25,45,34,15,1669870
1837,2014,45,23,12,9,64,172,127,69,70,53,81,65,31,53,43,26,1467793
7459,2014,38,24,17,16,62,723,177,66,75,51,86,69,26,48,35,18,1497611
84,2014,43,26,24,20,69,355,138,64,74,54,85,64,29,49,37,21,1474249
5917,2014,36,15,14,6,47,405,192,65,73,50,82,62,34,50,40,27,1306554
5837,2014,39,20,42,22,57,989,104,68,79,57,93,75,24,42,24,9,1338424
4067,2014,40,26,12,5,60,204,238,59,69,48,73,56,32,51,43,27,1230758
4010,2014,27,25,10,12,52,304,128,56,71,51,78,63,31,53,45,26,1286700
11226,2014,25,15,5,6,36,219,128,56,73,51,79,58,29,53,41,27,759048
7452,2014,27,21,15,12,48,410,100,55,75,52,82,62,30,51,38,23,1018061
678,2014,37,25,13,12,61,346,97,59,73,56,84,62,29,50,43,23,1149235
650,2014,26,24,6,15,47,358,137,64,72,50,82,63,28,49,37,21,1478197
674,2014,31,19,16,6,47,271,78,65,73,56,84,59,28,50,38,21,871154
655,2014,36,28,34,31,64,1185,177,67,84,54,93,72,21,40,32,9,891925
7540,2014,28,20,16,10,46,304,188,60,75,54,82,61,29,49,38,19,1157432
7043,2014,33,27,20,20,60,507,241,59,77,50,82,63,27,50,39,19,1020295
3577,2014,18,12,8,5,29,166,90,60,72,51,78,58,29,53,39,25,629969
4146,2014,29,29,18,10,53,336,145,57,72,50,78,60,27,47,41,17,929315
5961,2014,29,29,12,12,55,201,77,63,70,50,78,63,30,49,42,23,1011935
672,2014,26,20,12,16,46,260,218,66,72,51,82,66,30,49,39,22,973655
9675,2014,25,14,12,10,36,206,115,57,72,51,79,60,29,52,42,24,714798
4061,2014,28,21,14,14,45,646,127,61,79,52,87,67,26,46,37,16,686148
961,2014,25,26,7,13,51,182,195,57,69,48,74,58,32,50,40,26,929659
11178,2014,19,20,11,13,39,321,96,59,75,52,84,62,25,45,33,14,562740
762,2014,24,21,11,9,45,173,136,64,71,52,80,66,26,51,41,21,623514
20650,2014,22,23,9,6,44,193,129,58,71,51,77,60,29,50,37,22,754479
2904,2014,27,26,12,12,53,330,156,59,74,49,79,60,27,49,37,20,678782
1841,2014,22,23,2,10,44,68,102,66,64,52,73,57,32,53,42,29,735953
17474,2014,27,20,10,11,47,299,184,59,76,54,86,69,25,47,42,19,1010881
12083,2014,24,26,15,11,46,395,309,60,74,47,79,60,27,48,39,18,744713
24225,2014,0,1,0,0,1,1,5,55,58,33,44,50,14,26,0,0,67418
4461,2014,2,4,1,1,3,4,10,64,63,47,64,52,29,56,35,26,78608
453,2014,6,11,5,1,17,39,57,63,65,49,71,54,28,51,33,20,249018
20104,2014,0,3,1,1,3,7,7,61,66,49,73,48,27,45,33,15,100453
5838,2014,0,3,1,2,1,9,6,61,67,58,81,69,28,49,46,24,84263
13957,2014,0,4,0,2,3,6,11,59,61,42,60,48,25,48,32,20,77847
814,2014,1,2,0,1,3,13,9,71,69,40,76,63,23,48,29,13,125724
16994,2014,2,2,0,0,4,24,17,59,70,51,76,65,29,43,50,19,115215
21506,2014,3,3,2,2,6,10,21,59,60,49,66,59,33,55,54,35,85287
10828,2014,7,4,1,0,5,8,17,66,62,44,70,64,33,48,31,19,116867
10901,2014,2,6,2,2,8,97,48,58,76,44,76,59,23,38,27,10,193594
749,2014,5,12,3,3,17,130,97,59,70,50,77,64,25,47,32,16,792102
1157,2014,0,5,1,2,5,30,13,61,60,52,61,57,24,47,26,14,115735
9229,2014,7,7,3,3,12,126,24,60,75,52,86,70,23,44,23,11,147767
26059,2014,2,1,0,3,0,0,0,0,0,0,0,0,0,0,0,0,41768
748,2014,4,21,8,8,22,183,83,60,71,48,74,60,24,46,37,15,337164
9840,2014,0,2,1,0,0,0,0,0,0,0,0,0,0,0,0,0,98760
20648,2014,2,7,3,2,7,10,19,65,61,50,67,50,23,48,31,18,125712
8721,2014,1,1,0,2,1,1,2,64,61,52,70,50,34,45,29,18,78269
23298,2014,0,1,0,0,1,4,3,63,65,60,77,67,21,43,50,14,59648
1747,2014,0,1,0,0,1,7,1,69,61,50,64,50,31,42,17,7,102101
5103,2014,3,8,2,0,11,88,29,62,73,45,73,55,24,49,30,14,153892
14716,2014,0,1,1,0,1,4,5,59,69,45,73,50,27,55,25,13,53997
6962,2014,1,10,1,4,11,32,44,70,65,39,66,63,30,49,32,22,183053
12587,2014,1,4,1,1,2,10,8,63,64,51,71,63,25,48,29,12,102443
6820,2014,2,8,2,0,8,27,29,59,65,47,64,38,27,48,49,20,150769
10819,2014,1,1,0,1,2,38,12,61,79,45,83,65,34,45,41,24,119569
9839,2014,1,2,0,2,3,11,8,62,67,52,74,18,13,43,33,8,123778
7826,2014,0,1,0,0,1,2,2,70,57,50,60,50,28,41,20,11,78530
12661,2014,5,13,0,6,18,93,59,59,70,48,76,58,27,43,37,15,271790
10637,2014,0,1,0,2,1,8,5,66,70,48,78,43,28,46,45,28,66409
20847,2014,0,5,1,2,5,28,14,60,69,46,70,55,19,44,13,5,115080
5929,2014,1,5,1,1,6,46,22,61,73,47,77,56,25,48,29,11,251109
9676,2014,0,2,0,2,2,12,6,61,72,46,84,58,24,39,25,6,105709
12097,2014,0,1,0,1,1,9,4,57,62,55,76,71,31,27,100,25,48860
575,2014,1,1,0,1,2,24,3,70,72,46,80,67,28,56,35,16,105963
10590,2014,2,1,0,1,1,4,9,55,66,45,72,69,27,49,50,11,93000
7806,2014,16,23,3,10,39,192,103,62,67,51,75,56,29,51,45,25,538098
791,2014,24,30,10,12,50,253,145,57,70,52,77,64,31,49,37,22,783648
1035,2014,19,28,9,9,47,225,111,61,69,48,73,54,29,49,40,23,1233552
685,2014,6,6,6,3,10,168,40,62,78,48,83,55,22,42,23,10,263430
75,2014,18,23,7,8,41,145,100,63,66,53,75,60,30,50,40,24,819027
3492,2014,28,26,14,14,51,354,82,68,72,51,81,63,27,48,40,19,685377
7,2014,20,16,4,9,34,165,162,53,72,49,75,62,30,54,44,27,533952
14432,2014,13,25,6,6,38,120,79,61,68,49,71,54,28,50,41,22,593615
22434,2014,10,9,13,10,15,281,73,65,75,50,84,65,25,45,38,14,648473
9094,2014,20,23,8,11,42,392,160,59,75,52,83,62,26,46,37,16,1152242
11923,2014,24,36,14,12,57,152,116,60,67,48,72,61,29,46,38,19,771826
3833,2014,6,9,4,3,14,80,36,64,71,59,82,51,27,43,33,13,437511
11522,2014,17,15,11,12,32,298,36,67,75,54,85,60,25,47,36,15,510619
6627,2014,18,22,9,8,39,122,143,62,69,50,76,58,30,50,39,22,548564
1266,2014,20,20,9,11,34,214,115,64,73,47,80,61,26,48,36,18,480037
14177,2014,15,17,3,8,32,198,74,58,74,50,80,60,26,50,37,18,452641
11940,2014,20,27,6,14,47,195,122,62,71,53,81,63,27,49,36,18,622031
17829,2014,2,4,0,1,6,4,13,60,57,50,62,44,37,49,49,36,281023
1042,2014,22,20,9,9,41,77,64,70,64,54,73,53,31,53,43,29,520204
6691,2014,13,20,1,11,33,77,66,64,65,50,74,54,31,49,45,24,370629
2123,2014,11,14,1,3,25,96,53,57,69,48,73,61,33,49,46,27,335200
7127,2014,17,13,6,9,28,190,91,56,72,53,79,59,27,51,43,21,385620
18017,2014,16,17,10,10,31,177,128,63,71,52,78,61,27,48,34,19,496637
918,2014,19,25,4,8,43,132,131,60,67,47,72,57,29,52,41,24,667456
427,2014,17,18,11,8,33,193,111,60,72,50,79,59,30,51,40,23,684598
12190,2014,16,19,8,7,31,166,76,61,69,51,77,62,27,47,40,19,545275
9043,2014,16,27,11,16,39,154,58,60,68,51,76,62,27,51,37,22,621390
4045,2014,14,9,5,3,23,162,45,56,77,55,81,60,31,49,38,22,380294
935,2014,19,18,7,5,33,100,80,67,66,49,73,61,32,52,42,27,493288
558,2014,26,27,13,11,49,156,125,65,70,49,77,58,26,52,38,20,643181
4236,2014,12,23,7,6,31,99,98,60,66,51,71,62,28,45,44,19,498616
6228,2014,22,22,14,8,44,240,131,59,71,49,76,63,28,50,38,20,514884
6002,2014,8,11,4,5,19,74,58,49,72,50,77,65,24,47,35,15,318825
22,2014,14,11,5,2,25,114,50,64,72,53,81,57,29,50,45,23,391180
5054,2014,9,10,6,6,17,75,44,62,70,52,77,52,25,46,47,18,346518
9584,2014,8,9,5,7,15,111,53,57,75,49,81,67,27,47,43,19,290717
13269,2014,5,9,2,3,13,65,52,61,71,47,76,60,32,43,38,19,284147
9488,2014,10,13,11,13,22,343,92,62,81,53,89,67,24,41,31,10,467566
5844,2014,5,8,3,4,11,80,60,56,72,48,80,72,26,48,35,19,262379
6081,2014,18,23,3,13,38,201,92,61,70,49,78,56,29,47,39,19,593581
6080,2014,10,28,3,15,35,221,91,59,72,48,77,58,27,50,40,20,537758
4009,2014,7,11,5,3,18,116,82,52,74,51,78,51,28,49,33,17,278643
9833,2014,11,7,3,3,13,36,21,57,71,50,78,56,28,47,31,17,207222
1672,2014,21,28,13,18,49,212,113,67,70,51,82,68,26,48,37,18,1158850
1718,2014,11,17,8,6,26,103,106,56,68,45,69,59,25,52,43,22,436848
4003,2014,13,16,12,9,29,243,130,63,74,49,81,60,26,49,34,16,389506
7818,2014,1,3,0,1,4,12,4,63,72,54,80,64,32,47,38,21,117631
3639,2014,9,20,4,3,28,118,60,60,66,47,68,56,28,50,43,19,398236
13799,2014,9,8,3,4,16,89,37,60,71,48,78,60,28,53,37,21,363002
8313,2014,3,6,2,4,8,47,29,61,68,54,80,66,22,50,39,16,195765
5127,2014,14,18,4,6,28,137,72,58,71,51,77,55,25,46,44,17,324162
4964,2014,15,23,7,13,38,322,131,59,75,49,81,60,29,48,37,20,925344
25165,2014,7,6,3,3,11,82,30,58,73,55,84,65,28,51,39,23,230365
563,2014,11,17,6,9,28,114,88,57,70,54,79,63,23,49,34,16,360867
3996,2014,10,17,7,5,25,61,82,61,67,52,76,62,24,51,35,16,364951
1576,2014,18,21,6,9,35,60,108,61,67,52,73,56,29,51,42,24,375426
1569,2014,2,4,0,2,4,9,10,61,63,37,58,53,31,53,37,26,131346
13277,2014,7,4,0,1,8,42,7,59,73,54,80,61,27,49,39,23,178982
7295,2014,8,4,3,2,12,109,26,55,79,49,82,64,30,52,44,27,135833
1936,2014,3,4,0,2,7,18,16,63,65,53,73,61,27,52,46,25,203192
11701,2014,0,5,0,1,5,26,5,60,65,55,73,53,25,41,25,8,166391
6642,2014,7,7,3,3,11,70,38,66,68,47,75,64,29,51,42,23,231039
7805,2014,7,19,6,10,26,240,135,65,73,47,82,64,21,42,22,6,374747
7772,2014,5,12,2,2,14,56,29,65,66,50,73,56,26,46,31,14,252153
616,2014,13,16,6,6,29,56,86,62,70,49,76,59,26,48,38,18,303866
13447,2014,5,7,1,5,6,18,23,57,66,49,67,42,29,49,43,20,202356
609,2014,14,19,7,8,31,173,97,61,69,51,78,64,26,49,46,20,524317
14727,2014,5,11,5,11,16,179,64,53,78,54,85,62,24,40,31,10,321508
838,2014,11,20,3,8,31,140,72,56,70,50,74,53,30,47,39,22,355805
520,2014,16,20,7,10,34,138,90,66,67,50,75,58,29,50,38,22,614153
5083,2014,3,10,2,3,13,70,33,57,64,52,69,60,25,46,46,15,261310
6831,2014,7,12,2,4,19,80,57,62,66,49,72,54,27,49,41,19,278506
882,2014,0,3,0,1,3,7,15,58,57,46,56,54,25,47,47,17,149693
578,2014,14,23,9,12,37,284,124,61,73,50,80,58,28,45,36,16,740212
12043,2014,10,19,5,13,29,288,131,52,75,46,76,63,29,51,38,21,418377
1264,2014,2,2,1,1,4,28,8,55,74,56,82,50,26,46,29,14,127162
1003,2014,1,5,0,4,3,9,11,66,68,34,64,44,18,51,40,7,98196
13429,2014,3,5,1,1,8,27,20,60,64,51,73,67,32,48,42,21,174215
695,2014,11,17,6,6,26,93,45,71,68,46,76,61,27,47,36,19,310232
6458,2014,7,9,3,3,16,64,29,59,73,52,80,60,23,45,37,15,215217
763,2014,4,5,2,2,9,38,26,62,64,51,73,56,27,53,47,24,231346
11881,2014,2,3,1,2,5,29,25,62,68,47,73,61,27,41,44,17,175291
17928,2014,1,5,0,2,2,13,14,63,70,43,71,61,26,47,29,17,100507
11517,2014,1,7,3,3,8,74,22,61,70,50,78,66,17,44,27,6,183097
745,2014,3,6,0,4,9,47,20,66,70,51,81,63,24,43,50,16,158722
7345,2014,4,14,6,2,18,113,31,66,68,50,75,53,25,45,33,14,322243
11373,2014,4,9,2,2,12,68,25,59,70,52,78,57,25,47,32,15,226604
7393,2014,0,3,1,5,3,30,9,62,74,51,90,79,18,43,25,8,127559
10231,2014,3,8,0,1,9,51,27,50,64,46,62,60,36,47,41,25,144556
20193,2014,2,4,2,1,6,29,19,60,66,44,66,52,34,46,50,25,159994
1113,2014,5,8,6,5,13,76,73,53,73,51,76,61,27,53,40,21,372187
24008,2014,4,6,1,2,10,39,35,55,62,50,65,46,31,48,33,24,176757
6465,2014,7,3,2,2,10,111,16,66,76,56,87,65,26,48,44,21,198558
4084,2014,7,11,4,4,13,59,22,56,65,51,71,53,27,46,38,18,233326
1181,2014,3,7,0,3,10,61,28,62,70,50,77,62,26,42,33,14,262974
14745,2014,1,1,0,0,2,2,15,64,67,43,70,53,34,56,47,32,47439
5129,2014,4,2,2,2,6,54,12,66,75,54,86,59,27,46,39,17,152281
13765,2014,0,5,2,1,5,17,27,60,68,40,66,44,28,38,40,15,110236
5136,2014,4,5,6,3,6,50,32,61,71,51,78,57,25,48,33,14,149128
7970,2014,6,8,5,2,12,104,26,58,76,48,81,60,28,45,32,17,144067
10995,2014,5,9,1,5,14,123,43,53,73,45,70,50,26,47,43,18,179860
11521,2014,0,2,0,2,2,5,3,62,59,45,55,50,21,51,57,21,94479
854,2014,8,6,4,1,13,78,18,62,67,54,75,58,30,50,41,24,286235
11003,2014,2,11,6,2,13,87,71,60,66,45,68,56,28,43,31,15,258067
891,2014,3,8,3,3,8,57,31,59,70,48,74,55,22,45,33,12,202261
22432,2014,2,7,4,0,8,60,33,58,72,50,76,59,20,47,25,7,149270
11009,2014,1,1,1,0,2,12,6,60,81,52,84,40,21,51,40,11,126074
21397,2014,3,6,0,0,7,27,6,66,67,50,73,55,24,55,58,20,88229
6850,2014,1,2,0,1,3,21,19,58,64,45,65,59,30,53,42,29,115168
9471,2014,3,4,3,2,7,33,13,60,74,52,81,69,21,47,43,12,89791
5992,2015,82,6,17,9,87,471,135,66,74,60,89,68,34,57,44,34,21646145
1075,2015,69,14,18,10,77,518,173,62,75,52,84,64,33,55,45,31,8245230
19,2015,63,11,17,13,72,597,125,64,80,57,92,68,33,50,41,27,8692017
1092,2015,55,18,34,12,72,576,180,56,76,56,86,68,28,49,38,21,6547877
677,2015,61,20,15,12,80,222,166,68,72,55,83,62,33,53,42,31,4508888
831,2015,57,22,24,10,79,583,161,56,77,55,85,63,30,54,46,26,3755082
673,2015,55,16,13,10,69,155,199,62,70,54,80,60,34,55,44,34,3622755
8806,2015,54,16,13,13,66,306,168,60,75,55,86,64,30,54,40,27,3302055
674,2015,43,17,18,12,60,331,106,63,76,55,86,65,29,50,41,22,2521835
3985,2015,32,16,11,16,47,497,130,62,79,54,88,65,29,48,37,20,2213690
5837,2015,45,25,40,28,68,1260,122,70,79,58,93,74,20,43,33,11,2086682
7459,2015,46,24,31,22,70,1074,238,63,80,54,89,68,25,46,37,16,2054052
6101,2015,35,19,26,9,54,646,140,59,78,52,85,65,28,50,38,19,2063576
11704,2015,33,16,22,19,47,743,142,64,81,58,94,78,24,44,33,12,1493503
4010,2015,43,24,13,17,63,226,150,58,69,53,76,56,31,55,47,31,1475856
11226,2015,37,24,13,7,57,345,208,55,74,51,78,60,32,53,39,28,1153706
468,2015,32,26,27,15,58,736,210,57,77,54,85,70,28,45,33,16,1542755
11522,2015,40,27,22,22,63,572,97,66,73,50,84,69,25,48,40,20,1188195
12043,2015,25,17,9,3,42,314,166,52,73,49,76,63,33,50,45,25,902047
20650,2015,36,28,20,26,62,367,142,57,75,55,84,61,28,49,33,20,1123704
4067,2015,32,26,12,12,55,186,200,58,69,49,73,60,32,51,42,27,1836408
7295,2015,35,28,14,17,60,602,118,63,74,50,81,61,29,49,39,21,1179128
655,2015,38,25,32,44,63,1447,229,67,85,57,96,80,22,41,31,10,1125290
5917,2015,34,18,19,10,51,456,154,64,74,52,84,69,31,50,41,22,1069706
1837,2015,42,29,11,12,70,263,131,65,72,56,83,65,29,51,44,23,1275439
17474,2015,35,18,16,13,51,299,262,57,75,53,83,64,28,47,45,22,1413560
961,2015,31,25,12,15,56,278,214,55,73,50,78,60,30,52,44,26,1052342
11953,2015,33,22,15,10,54,396,153,62,75,52,83,65,29,50,37,21,1001679
791,2015,26,25,8,13,49,266,109,56,73,50,78,59,28,53,42,24,1110625
22434,2015,24,19,18,17,42,509,144,64,76,53,87,66,25,46,39,17,1022947
7043,2015,27,27,13,16,54,404,233,62,75,51,82,62,27,49,40,19,1143921
11178,2015,36,28,15,20,63,620,175,60,76,54,84,62,26,48,36,18,1062535
11923,2015,38,31,13,15,64,191,133,60,70,52,79,62,29,49,39,22,919928
678,2015,32,23,12,15,51,270,74,63,72,57,82,60,30,51,43,25,775355
7540,2015,28,23,20,13,47,316,142,64,75,54,85,66,26,50,31,17,814582
7452,2015,26,26,10,16,51,355,145,59,74,52,81,60,30,51,41,22,749741
7127,2015,30,30,16,14,56,329,198,58,72,52,79,63,29,51,38,21,780532
685,2015,33,24,28,18,55,765,201,61,80,51,87,71,23,45,38,14,809786
9094,2015,25,23,8,17,46,496,151,58,78,53,86,67,24,42,39,14,1337584
3577,2015,29,26,10,13,53,310,150,60,70,52,80,65,30,47,43,22,1025986
18017,2015,24,30,16,14,51,347,151,65,72,52,80,62,28,47,42,20,754614
84,2015,24,21,6,8,43,160,85,63,70,51,77,61,30,47,42,23,746317
9675,2015,30,27,20,8,51,245,186,58,70,49,75,60,28,48,38,19,826326
25165,2015,26,28,11,4,51,185,119,59,69,50,75,58,26,49,37,19,674277
10995,2015,17,17,9,5,34,276,99,54,76,48,77,57,26,50,41,20,462272
4009,2015,26,19,12,9,45,351,162,54,75,51,80,61,28,52,42,23,606952
7806,2015,28,29,12,16,57,250,140,61,71,52,78,63,29,50,39,23,820680
6627,2015,22,23,5,2,43,154,194,55,69,50,73,58,28,51,38,23,726168
672,2015,24,26,13,16,50,384,205,65,74,52,84,66,27,48,35,18,819607
918,2015,17,22,10,6,37,205,168,57,72,50,78,64,28,48,36,18,612668
26059,2015,12,10,2,9,18,77,64,60,72,54,80,56,27,55,46,30,292929
11940,2015,17,20,10,7,33,110,126,60,68,49,72,57,29,50,40,22,397575
1042,2015,21,19,3,11,40,85,57,73,64,53,74,62,32,52,42,30,605772
6691,2015,16,23,7,5,39,139,84,63,68,53,77,64,28,47,36,20,536502
4146,2015,20,30,15,14,47,266,191,57,72,50,78,61,26,46,35,17,821431
5054,2015,20,20,10,6,34,117,71,65,67,51,75,57,25,46,40,17,525610
12083,2015,24,24,12,17,42,390,189,66,72,48,81,65,26,48,35,18,602089
3833,2015,28,26,13,15,52,220,85,66,72,55,84,65,27,46,40,18,1260488
4061,2015,20,24,13,18,44,606,158,60,78,54,86,61,27,43,33,15,715497
9488,2015,19,22,20,13,39,624,179,62,79,52,86,65,22,41,28,10,579628
3492,2015,23,24,9,9,43,242,55,64,72,51,79,61,28,50,39,20,593624
1266,2015,20,27,6,11,45,292,106,62,72,51,81,67,27,47,38,19,689618
5844,2015,22,26,10,14,45,282,231,55,72,48,77,61,27,46,36,18,591206
1841,2015,17,23,6,9,38,86,87,66,65,52,74,60,30,53,42,25,773363
9043,2015,19,24,10,13,39,112,70,57,67,53,75,60,26,51,43,21,511665
6081,2015,15,21,7,7,34,175,87,59,69,50,76,54,26,45,43,18,518721
14432,2015,14,25,6,12,39,205,76,60,69,52,78,63,29,50,39,21,509739
2123,2015,8,18,3,8,25,105,65,57,70,50,75,54,25,46,40,16,383936
13429,2015,8,14,3,4,22,132,84,60,69,53,76,59,26,48,45,20,441965
5961,2015,22,28,7,9,46,122,61,69,67,49,76,56,28,49,37,22,645817
578,2015,11,11,11,3,21,155,60,63,72,48,78,58,27,48,38,18,1102008
4045,2015,18,20,10,9,38,288,114,57,73,51,80,58,27,48,30,16,437670
12587,2015,3,5,1,1,5,20,18,64,59,40,54,51,29,48,54,24,146968
736,2015,0,1,1,0,1,5,8,62,61,49,71,60,22,45,14,7,47726
748,2015,2,3,1,1,2,13,8,53,73,46,70,50,30,32,25,13,89475
9584,2015,1,3,1,0,4,26,12,54,72,50,73,56,30,50,43,20,102258
18524,2015,1,1,0,1,2,4,6,65,62,55,72,50,33,58,36,40,77840
427,2015,7,10,2,3,17,78,62,62,72,51,79,62,28,50,41,21,328016
13968,2015,1,1,1,0,2,15,5,61,84,57,87,0,20,52,33,13,46302
11521,2015,1,3,0,2,4,13,16,57,67,47,74,50,23,51,55,20,125758
12614,2015,3,2,2,1,2,5,9,53,62,43,61,63,28,46,42,21,47384
12190,2015,17,21,4,7,37,132,67,63,68,53,77,59,28,49,37,22,424816
762,2015,19,21,7,6,37,176,88,58,71,52,76,59,28,50,39,21,514900
20193,2015,12,14,9,2,26,127,85,55,70,51,75,64,26,49,36,18,426375
9471,2015,1,4,0,5,5,28,16,68,71,50,82,73,21,46,44,15,149294
13799,2015,10,12,3,3,20,88,48,59,69,48,72,57,28,50,46,22,300655
22432,2015,13,19,8,10,28,288,100,60,75,48,80,60,26,50,37,17,491698
6848,2015,11,24,6,8,35,339,200,58,74,44,76,62,28,45,37,18,618280
13447,2015,8,9,2,1,16,41,31,66,65,48,68,45,33,50,41,27,305548
24008,2015,14,17,7,10,31,203,138,61,72,47,79,59,24,48,44,18,372891
1035,2015,14,21,4,11,35,148,69,60,69,48,75,58,28,48,39,21,707079
9833,2015,14,20,7,11,30,163,115,57,72,53,80,65,24,48,39,18,455974
5838,2015,12,13,3,6,19,47,42,62,66,51,75,66,28,47,39,18,288769
17829,2015,11,22,5,7,31,88,99,58,64,50,68,52,31,52,44,27,437342
1181,2015,7,6,8,3,13,127,31,63,75,52,85,65,24,43,38,13,464032
11373,2015,6,6,2,3,10,51,32,58,73,49,79,65,26,49,39,21,213619
20104,2015,0,4,1,0,4,18,14,63,64,43,65,35,23,42,42,14,160575
9831,2015,5,9,3,3,14,36,25,63,70,50,77,52,24,50,38,20,278384
12495,2015,2,3,0,1,1,5,3,67,61,47,73,33,29,21,40,13,118565
563,2015,7,12,2,5,19,93,67,56,70,50,75,59,27,48,42,22,292030
20648,2015,2,6,3,0,6,21,11,65,62,49,63,58,24,44,40,14,138455
5136,2015,5,7,2,8,10,62,38,58,73,50,82,65,25,42,30,16,219878
2904,2015,11,20,7,8,30,209,96,61,71,48,76,57,26,44,39,15,544304
838,2015,13,18,6,9,31,109,85,61,70,49,76,57,28,49,36,20,385869
7970,2015,3,7,3,5,7,63,14,54,75,49,79,66,31,44,34,18,146691
7757,2015,0,1,0,1,1,6,0,53,71,45,73,50,38,41,25,18,108456
13277,2015,4,13,1,5,14,61,48,60,65,50,71,58,27,48,40,19,304066
20847,2015,1,4,0,3,5,26,14,58,63,49,69,60,26,47,46,15,213185
6002,2015,12,20,3,8,32,141,95,53,71,50,77,63,26,47,37,18,418153
11009,2015,7,11,10,5,18,169,60,62,74,50,82,61,22,43,26,9,301836
9521,2015,1,6,0,6,7,50,35,59,72,50,81,65,24,47,47,18,213136
14716,2015,4,8,1,4,12,37,49,67,64,50,71,56,26,48,38,19,299864
14177,2015,5,19,8,13,22,204,105,59,75,45,77,57,27,44,35,15,349053
4964,2015,8,11,3,4,19,165,57,59,74,51,80,58,30,49,38,22,997612
1576,2015,8,10,4,2,16,47,48,59,67,52,73,61,27,52,34,19,316216
9840,2015,3,9,3,4,11,86,47,62,71,50,75,55,24,46,36,15,306296
6831,2015,5,13,4,1,18,62,47,62,64,51,70,59,27,44,35,15,308928
10415,2015,4,9,5,4,13,139,41,58,73,53,82,61,24,40,34,10,237808
5127,2015,3,12,3,4,14,107,33,62,69,49,74,54,20,45,27,11,288271
935,2015,8,10,4,1,16,69,34,64,68,47,73,62,30,48,40,21,250270
12661,2015,5,8,5,4,13,68,45,60,69,51,74,60,24,49,40,18,236442
11701,2015,12,14,4,7,22,135,47,61,70,48,77,55,23,46,34,13,366458
616,2015,7,8,2,3,15,39,56,58,69,45,70,57,33,48,32,26,161420
4003,2015,10,16,6,10,25,213,146,64,74,47,81,65,26,49,31,15,406583
11517,2015,9,11,9,9,20,196,86,56,73,51,79,65,26,45,34,16,318436
1718,2015,7,13,1,8,18,57,64,59,67,50,73,52,29,47,40,20,257566
8313,2015,8,12,4,4,19,78,46,60,72,47,75,54,27,48,33,19,217468
10828,2015,2,5,1,0,5,5,15,65,60,35,53,46,32,49,39,29,223522
1672,2015,6,12,6,1,18,90,40,64,70,49,72,48,30,44,32,18,666132
6458,2015,2,4,2,2,6,43,17,64,68,45,71,62,25,46,21,9,168097
3054,2015,0,3,0,0,3,9,10,58,57,43,52,56,31,58,64,28,62149
75,2015,9,24,4,4,33,88,107,59,67,51,71,53,26,46,37,17,442991
745,2015,6,10,6,3,16,146,84,62,73,48,78,60,26,38,35,12,261107
18485,2015,0,2,0,0,2,4,8,48,63,43,55,18,17,42,13,5,142085
9842,2015,3,5,0,4,8,74,19,60,76,49,84,55,27,47,40,17,193186
23298,2015,1,3,0,2,3,17,11,67,64,54,71,62,25,50,17,11,107661
7393,2015,2,6,1,4,8,39,25,56,62,52,69,52,28,46,33,18,168354
21506,2015,1,2,0,0,3,8,8,63,65,45,69,62,25,51,54,20,92271
1569,2015,6,13,4,2,18,41,38,57,69,49,72,59,23,49,34,15,247040
10231,2015,1,2,1,0,2,6,8,49,68,53,72,44,30,45,35,18,112163
19962,2015,0,1,0,0,1,3,3,47,65,47,70,57,19,59,33,10,92713
26923,2015,4,7,1,8,11,72,44,50,78,52,79,50,23,46,48,18,174658
10014,2015,2,1,2,0,0,0,0,0,0,0,0,0,0,0,0,0,65346
26218,2015,4,9,2,4,11,40,36,59,69,47,72,57,24,48,34,15,232707
13765,2015,1,5,0,0,6,14,13,65,56,45,56,41,26,41,44,13,121906
17928,2015,1,6,3,3,2,7,11,53,64,43,57,50,33,45,38,23,102481
11881,2015,2,4,0,1,6,20,16,59,64,52,68,53,30,45,43,16,132039
3639,2015,5,11,0,3,14,43,35,61,66,48,69,51,25,46,28,16,210179
7818,2015,7,18,3,7,22,113,58,62,70,46,72,55,27,47,38,16,338885
24225,2015,3,5,0,2,8,14,18,59,60,54,67,52,26,51,32,24,179834
3316,2015,1,4,2,1,5,30,16,58,70,53,76,60,22,42,48,14,147984
13269,2015,4,6,4,3,10,46,39,68,67,46,76,67,28,47,30,17,182268
6080,2015,3,10,2,3,13,71,49,59,68,48,73,61,27,46,37,18,213743
5058,2015,0,2,0,2,1,10,3,53,60,48,57,45,20,50,27,20,112539
1936,2015,0,6,1,0,6,13,13,61,59,48,58,54,24,49,40,15,203606
7805,2015,4,10,3,4,14,92,42,70,69,49,80,65,24,44,27,10,211310
2179,2015,0,1,0,0,1,2,2,60,81,38,70,40,24,38,100,10,84470
6642,2015,3,10,6,1,13,60,57,69,63,39,61,50,30,49,40,20,225372
25543,2015,0,1,0,0,0,0,0,0,0,0,0,0,0,0,0,0,65277
558,2015,12,18,6,8,26,91,53,65,67,47,73,61,27,50,40,20,382821
22433,2015,0,1,0,1,1,4,10,55,64,50,75,76,29,49,25,13,78019
520,2015,9,12,5,8,20,66,79,61,68,50,74,59,31,46,40,23,358460
7772,2015,4,12,5,5,13,124,49,59,73,49,79,65,24,50,36,16,291303
4454,2015,0,3,0,1,3,5,9,68,62,39,64,50,22,43,19,10,97004
1747,2015,1,3,2,2,4,23,14,57,68,50,73,67,22,46,30,13,165166
6431,2015,2,1,1,0,3,22,10,57,76,60,81,50,26,53,33,19,49494
1003,2015,0,3,1,1,1,2,0,57,31,17,17,17,29,50,20,17,82330
7345,2015,2,6,3,3,5,11,8,64,64,44,66,43,22,37,15,8,151684
9839,2015,0,2,0,0,2,6,3,64,66,50,72,69,30,17,0,0,96478
9229,2015,6,6,5,6,8,101,25,55,75,54,84,66,29,43,43,15,168891
13957,2015,4,4,3,2,7,26,12,62,67,49,74,65,24,49,27,16,97799
7801,2015,2,0,0,0,0,0,0,0,0,0,0,0,0,0,0,0,61887
14727,2015,7,6,2,3,13,164,59,55,77,52,84,66,25,45,36,17,833037
3992,2015,0,1,0,0,1,4,2,56,63,61,77,25,27,44,20,7,70509
4461,2015,3,1,0,0,0,0,0,0,0,0,0,0,0,0,0,0,63171
24084,2015,0,1,0,0,1,2,8,66,70,23,56,60,27,37,25,11,55342
875,2015,7,8,8,8,15,106,27,68,70,51,80,63,27,48,34,19,113674
29372,2015,8,13,4,6,17,68,51,63,68,50,75,59,27,50,36,19,191601
4149,2015,0,2,1,0,0,0,0,0,0,0,0,0,0,0,0,0,34593
12534,2015,2,2,2,1,4,9,36,57,71,51,79,62,29,51,27,17,68134
29932,2015,1,1,0,0,2,17,1,53,66,52,78,73,26,55,40,24,55865
29939,2015,1,5,3,2,6,54,15,60,72,47,75,60,21,46,26,10,117352
4084,2015,2,3,1,0,2,7,1,53,65,50,68,63,18,40,75,13,78188
6850,2015,0,3,1,2,3,9,6,55,77,54,78,61,24,49,36,15,120121
20542,2015,1,1,0,0,2,14,3,62,70,42,73,63,29,47,44,19,94279
6817,2015,0,1,0,0,0,0,0,0,0,0,0,0,0,0,0,0,48058
9305,2015,0,2,1,1,0,0,0,0,0,0,0,0,0,0,0,0,48765
1264,2015,0,2,1,1,2,17,7,50,71,50,76,71,30,43,46,16,99891
8396,2015,0,1,0,0,1,8,7,64,64,37,58,55,12,36,0,0,111943
14814,2015,0,3,0,1,3,11,10,61,64,44,67,50,24,53,39,22,91550
16994,2015,0,2,0,1,2,7,11,58,60,49,66,58,25,36,33,10,131443
1075,2016,78,9,23,9,83,551,218,60,76,54,85,66,34,56,45,37,16349701
5992,2016,65,9,20,8,72,276,174,65,73,56,86,68,35,59,43,34,14138824
11704,2016,52,17,27,14,69,874,228,64,80,55,91,69,28,49,35,18,5588492
1092,2016,46,18,23,15,64,455,158,58,75,56,86,68,29,50,39,23,6856954
8806,2016,58,21,17,10,77,255,179,61,72,55,83,67,31,54,43,30,4806748
6101,2016,49,24,17,17,65,664,159,55,80,55,87,63,29,50,38,23,3475205
5917,2016,44,17,13,9,60,484,167,64,75,53,83,62,32,52,46,30,3372418
20650,2016,58,24,21,15,80,474,230,62,74,54,83,60,31,50,40,24,3152363
677,2016,39,14,8,12,53,115,88,70,69,54,81,70,35,56,45,41,2836500
831,2016,39,20,17,14,57,480,170,57,78,51,85,64,29,50,39,22,2612055
11226,2016,49,25,11,15,71,365,255,59,71,50,78,62,32,54,43,31,2321606
3985,2016,37,17,17,14,51,465,165,60,78,52,88,69,28,48,35,21,2265379
22434,2016,39,15,18,11,53,732,154,66,76,55,89,69,26,50,37,20,1802892
1837,2016,48,23,18,14,69,235,149,65,69,53,80,64,31,53,41,28,1947666
20193,2016,34,22,19,10,53,451,190,55,74,51,80,61,28,48,40,20,1771577
19,2016,21,7,9,5,28,246,48,62,80,56,90,64,31,50,39,24,1527269
11953,2016,39,26,22,12,65,372,217,64,72,52,81,60,31,48,37,22,1650268
674,2016,35,18,13,3,50,187,94,62,71,53,79,61,32,52,44,29,1325659
5837,2016,33,21,33,31,50,1159,137,69,82,55,93,69,23,42,32,11,1603763
655,2016,32,24,42,26,54,1131,282,64,82,56,93,73,20,39,30,7,1272678
673,2016,36,22,8,12,56,164,177,62,69,53,79,63,32,53,41,29,1374484
3577,2016,34,23,19,20,57,432,169,61,75,55,84,68,28,49,38,21,1531975
17474,2016,37,21,17,14,55,366,204,59,75,54,84,63,28,50,36,20,1743433
24008,2016,44,24,19,14,66,419,294,62,72,50,80,63,30,50,42,25,1371329
4010,2016,33,26,13,11,58,188,149,59,67,52,74,59,32,52,44,29,1258309
11522,2016,30,24,14,16,51,478,116,66,73,48,83,65,26,49,39,18,1174235
6691,2016,34,31,8,16,65,239,177,63,68,51,77,63,30,50,41,25,1239704
468,2016,31,24,22,16,53,583,167,58,77,51,84,65,28,47,35,17,1706435
7295,2016,34,29,18,8,61,515,137,61,73,49,79,62,29,49,38,21,1233410
14432,2016,41,26,17,16,66,294,118,62,70,52,77,56,30,52,46,27,1362033
4061,2016,28,23,20,17,51,670,159,58,80,52,85,64,26,44,37,16,1113882
678,2016,32,21,7,8,51,261,117,59,73,52,81,62,30,50,37,24,970369
11178,2016,30,28,20,15,58,484,149,61,75,54,85,71,26,45,33,18,1131315
685,2016,35,24,25,21,59,888,212,61,81,53,88,67,25,44,33,15,816735
9675,2016,14,15,4,6,29,126,131,59,69,48,72,62,30,53,44,28,1110537
4009,2016,26,23,12,10,49,295,160,52,74,53,79,59,29,50,42,22,981918
1035,2016,21,25,13,11,46,186,68,63,69,52,77,60,31,48,41,22,1238119
6465,2016,32,12,13,10,41,277,99,65,76,53,84,64,29,51,38,29,923279
578,2016,23,20,9,11,43,230,113,61,74,51,81,59,27,48,46,20,1991798
2123,2016,26,25,11,11,49,198,125,57,70,49,73,57,30,50,43,25,790934
11940,2016,27,24,17,13,47,233,174,57,72,53,79,61,28,52,42,23,738006
672,2016,29,26,15,12,55,348,215,64,72,50,80,63,31,49,38,23,846058
11923,2016,27,34,7,10,58,197,122,64,70,47,74,55,29,50,38,23,1084465
4045,2016,22,22,10,11,44,443,175,54,75,52,81,59,29,48,36,20,802058
20847,2016,21,20,14,4,38,233,111,59,72,51,78,64,27,50,40,23,742013
13799,2016,29,21,9,7,47,253,153,56,74,52,80,62,29,51,40,23,900830
12043,2016,23,32,10,13,55,440,255,50,72,46,70,61,31,48,40,25,921993
25165,2016,22,24,12,11,41,249,88,63,70,55,77,54,27,50,35,20,679372
4067,2016,26,23,8,9,47,154,209,57,68,51,74,62,30,53,45,31,782705
854,2016,10,12,4,5,20,92,30,64,71,49,78,59,24,51,37,18,721689
875,2016,12,14,5,11,26,134,53,64,72,52,82,59,31,49,45,24,515810
17829,2016,17,17,6,7,34,77,81,61,66,50,72,57,32,53,47,30,485790
25543,2016,13,9,5,8,22,184,69,57,74,53,83,66,30,48,43,22,455237
1113,2016,14,18,4,9,32,151,142,53,71,47,71,58,31,51,40,24,569425
18017,2016,21,22,13,16,41,339,132,64,72,55,84,64,27,48,35,19,676329
11881,2016,6,11,2,5,17,53,71,60,65,48,70,58,30,50,36,22,303670
75,2016,17,18,8,4,35,131,113,60,67,51,75,61,28,53,38,24,567530
6002,2016,17,23,9,13,37,149,121,53,72,49,78,67,27,47,34,18,541833
6081,2016,16,22,10,10,34,224,80,60,73,50,78,61,28,47,35,19,493355
7806,2016,26,28,7,15,54,264,169,60,70,49,76,59,29,50,41,24,702599
7127,2016,19,24,11,7,39,179,158,57,69,53,74,59,30,49,40,25,592365
7452,2016,17,17,8,4,34,248,115,57,73,50,78,61,28,50,38,21,582954
14177,2016,13,18,9,6,29,204,130,53,76,49,78,59,29,47,35,20,395972
762,2016,7,9,3,3,16,101,56,60,73,53,79,60,23,50,38,18,324140
1042,2016,17,14,4,6,30,60,34,74,64,54,74,59,32,53,40,30,533018
9305,2016,9,10,9,6,17,95,81,59,70,53,80,66,28,47,39,20,420312
7459,2016,17,21,12,12,38,493,167,59,77,52,85,66,23,47,32,14,646740
13957,2016,3,8,1,3,9,26,22,69,67,51,76,61,26,46,46,19,181637
7043,2016,17,21,5,13,38,307,195,60,75,48,79,61,30,50,39,23,763033
961,2016,22,31,18,9,53,213,208,57,71,49,76,60,28,48,36,19,862840
6458,2016,7,13,3,4,20,123,61,60,72,51,80,63,22,42,37,11,428442
4003,2016,13,12,4,6,25,180,104,65,72,50,80,70,29,46,44,23,381327
563,2016,18,19,9,7,37,170,151,56,70,50,76,61,27,50,41,21,521761
5136,2016,15,22,10,9,34,180,156,56,73,46,75,63,28,46,44,21,590694
22439,2016,3,3,0,1,6,36,20,60,71,50,79,65,32,44,47,22,173092
29932,2016,15,22,8,8,37,312,103,57,73,48,78,64,25,48,35,18,508032
13447,2016,23,22,6,11,42,107,95,66,63,51,71,58,32,50,45,28,540435
14727,2016,7,12,7,9,19,201,96,56,76,51,82,58,25,44,43,15,1453304
22433,2016,3,10,2,3,13,76,36,58,75,51,79,58,26,45,35,15,303995
9471,2016,16,23,8,17,36,193,101,68,68,54,81,70,27,51,36,20,679413
10231,2016,13,14,6,5,25,99,52,53,70,53,76,59,31,47,45,25,269720
14609,2016,6,7,1,3,12,32,21,67,68,53,81,64,24,46,40,20,149336
12534,2016,8,9,8,3,16,85,88,58,68,48,74,62,27,48,36,19,238541
9831,2016,19,21,5,12,40,175,68,64,67,55,76,54,29,49,45,25,516642
5058,2016,3,4,3,2,5,31,12,64,69,47,76,67,27,45,28,14,189528
5838,2016,4,5,2,3,8,36,34,54,72,51,75,53,28,50,37,23,235178
791,2016,20,25,8,9,43,215,116,57,72,51,79,62,26,49,41,21,714984
6627,2016,18,21,6,7,39,141,143,58,71,50,77,61,29,50,37,21,509236
9043,2016,13,21,8,8,30,86,40,59,65,48,69,60,28,52,39,22,433825
12661,2016,11,11,7,7,22,177,72,59,75,53,82,65,26,48,40,19,383948
5961,2016,11,14,6,3,21,103,39,59,70,50,75,59,29,48,41,20,318884
9833,2016,10,15,4,7,23,65,78,58,66,49,71,58,28,50,37,22,385845
12190,2016,19,23,9,10,40,166,79,66,71,54,82,58,24,47,36,16,511994
14716,2016,8,10,6,3,15,45,65,63,68,49,72,54,27,51,41,22,234927
935,2016,4,6,1,1,10,20,23,72,60,45,63,58,32,50,55,32,218274
1576,2016,11,18,5,3,27,69,91,57,65,51,69,57,30,52,42,26,387764
10828,2016,4,11,2,3,15,32,49,67,62,49,67,61,30,50,43,29,273685
3054,2016,2,9,1,3,10,34,40,59,68,49,66,51,23,45,36,18,227922
22807,2016,5,5,1,3,10,54,20,59,70,48,76,59,35,51,35,31,160555
24225,2016,10,12,1,2,20,43,45,60,67,54,74,60,24,54,41,22,293618
10995,2016,12,19,11,8,31,281,91,58,74,49,77,59,28,48,37,19,470156
5054,2016,14,19,6,7,29,100,75,66,65,51,75,64,26,49,44,21,427069
11517,2016,4,8,2,7,12,127,45,52,74,52,82,71,25,47,42,18,213537
26059,2016,8,13,1,5,19,42,29,67,65,48,71,47,27,50,38,19,267005
26923,2016,7,10,2,4,17,88,59,51,73,51,75,53,26,50,45,22,336214
7757,2016,13,23,7,11,36,257,159,50,73,48,73,56,25,48,39,19,466811
427,2016,10,10,3,6,20,119,78,60,73,48,79,62,30,49,39,22,579755
29939,2016,1,6,1,5,7,40,18,65,69,53,76,53,25,50,38,18,189774
1266,2016,8,14,4,9,19,130,78,56,72,49,75,54,25,45,39,17,380050
18648,2016,1,2,0,1,3,4,10,63,61,56,71,60,30,56,48,28,104654
12594,2016,0,1,0,0,1,5,7,53,67,51,71,69,5,47,100,7,130737
7393,2016,6,10,2,5,16,48,38,62,66,49,73,65,25,47,44,21,234103
4146,2016,16,24,13,9,37,253,117,60,71,52,80,69,24,45,35,14,494655
18485,2016,6,9,2,2,15,74,48,57,65,56,74,58,24,51,39,19,293598
838,2016,8,10,3,2,18,60,75,57,67,47,69,58,29,47,42,21,198038
26221,2016,3,2,0,0,5,21,24,55,68,44,66,63,31,54,43,36,114452
13048,2016,4,9,2,8,11,36,36,61,66,53,76,60,27,51,39,20,193519
3996,2016,5,5,3,3,10,10,31,62,65,49,69,47,31,52,47,29,160600
2904,2016,9,18,3,4,27,142,76,61,70,45,72,52,28,45,38,19,358293
775,2016,3,5,3,2,7,24,20,56,75,48,74,42,25,50,50,17,205033
3492,2016,9,21,7,7,26,171,54,64,69,49,76,55,27,48,37,17,444156
5127,2016,4,7,2,3,11,63,36,58,71,50,77,57,23,48,54,18,244366
7818,2016,1,2,1,1,3,26,6,58,81,51,82,50,21,38,43,9,98986
4454,2016,5,10,0,4,15,30,39,67,63,45,63,47,29,50,39,25,238921
11373,2016,7,20,7,8,26,126,55,58,68,53,76,63,26,45,36,17,345491
1569,2016,0,1,1,0,1,4,1,63,73,49,73,56,18,53,17,7,104599
20648,2016,10,16,4,6,23,73,58,65,66,50,71,64,30,49,42,28,272208
10202,2016,1,1,0,1,2,9,16,67,67,46,70,57,24,53,29,24,158211
1181,2016,12,18,13,6,30,214,89,63,72,50,79,59,27,44,32,15,923408
650,2016,7,14,3,6,21,165,64,61,70,51,78,58,25,50,34,17,590567
13429,2016,8,20,5,5,28,157,85,59,70,48,73,56,27,48,42,19,417262
9229,2016,5,5,3,1,7,67,24,57,72,54,78,56,27,45,59,17,144678
9094,2016,10,23,11,11,31,257,106,58,74,48,78,55,23,44,38,12,883227
6820,2016,1,2,0,2,3,7,7,62,62,64,79,72,22,56,53,24,113741
12614,2016,3,6,2,3,6,20,21,56,69,51,70,45,29,50,43,20,128482
8721,2016,9,5,3,1,12,29,27,67,65,52,75,73,36,48,38,35,231227
918,2016,13,22,5,6,32,139,136,58,71,48,74,62,29,48,40,24,493490
7540,2016,12,15,4,8,24,112,84,62,71,48,79,63,27,50,36,18,375951
6831,2016,8,10,5,4,18,101,48,60,69,50,74,59,30,47,42,21,221718
27111,2016,2,4,0,1,6,42,19,56,74,52,81,62,21,48,32,14,144352
6850,2016,3,4,0,1,7,26,16,60,69,50,77,65,22,55,42,26,150956
728,2016,8,11,4,8,17,93,57,54,75,50,80,60,26,47,38,18,341869
21506,2016,6,9,2,2,15,61,39,62,68,50,73,54,29,49,42,22,156599
12653,2016,2,4,2,0,6,23,30,61,66,51,73,64,30,48,40,21,176368
4964,2016,7,16,7,4,23,182,83,60,69,47,73,61,26,48,43,18,887474
1936,2016,2,5,1,1,7,25,27,61,61,51,71,66,28,53,29,18,160499
6848,2016,7,14,2,6,21,199,104,55,74,48,76,62,26,47,36,18,403034
19910,2016,2,2,1,0,1,7,1,73,79,92,0,100,0,0,47,0,76294
25171,2016,3,6,0,5,9,89,54,61,72,43,78,69,26,47,38,19,247169
4149,2016,1,3,0,2,2,5,3,50,69,49,69,55,38,54,36,33,94453
29372,2016,3,5,1,1,7,16,20,61,67,51,71,53,26,47,39,16,139261
10415,2016,1,5,2,2,6,56,13,55,79,47,79,47,25,43,30,12,98067
13674,2016,2,3,1,2,3,7,12,52,56,53,60,53,34,54,44,34,119592
12921,2016,4,5,1,2,5,10,8,66,62,44,61,45,32,52,47,26,151187
26218,2016,2,9,3,3,9,40,31,58,65,49,70,57,24,42,28,12,124591
13617,2016,1,2,0,0,3,26,13,58,71,49,78,74,27,44,43,18,141874
7805,2016,1,5,2,3,6,32,10,73,65,51,74,60,27,46,26,11,147832
14606,2016,0,1,0,0,1,7,4,52,71,38,60,56,27,19,50,10,83851
616,2016,7,8,0,2,15,49,45,60,72,55,81,54,25,47,41,19,192327
13032,2016,1,3,0,1,4,11,15,62,63,46,67,50,27,54,43,21,99908
9840,2016,2,2,0,1,4,26,9,68,67,53,84,76,20,49,48,16,130360
6431,2016,2,4,2,3,6,74,30,63,73,51,83,64,24,48,42,15,181268
19962,2016,2,6,1,3,8,55,31,57,72,50,80,57,25,46,39,14,210985
17005,2016,1,1,1,0,2,12,10,58,71,42,60,33,24,51,30,14,69150
8313,2016,3,4,3,1,7,29,23,62,66,54,73,49,24,52,49,21,103710
11521,2016,0,1,0,0,1,0,3,54,42,27,13,53,34,50,50,29,91945
7345,2016,0,3,0,0,0,0,0,0,0,0,0,0,0,0,0,0,97772
13820,2016,0,1,0,0,1,0,3,63,60,25,50,58,33,50,43,30,81829
11489,2016,4,1,0,0,0,0,0,0,0,0,0,0,0,0,0,0,90522
23640,2016,0,2,0,0,2,2,5,66,60,38,56,56,21,39,25,11,48766
6080,2016,4,7,1,4,11,35,30,58,69,47,73,54,32,53,43,26,185596
23298,2016,0,2,0,1,0,0,0,0,0,0,0,0,0,0,0,0,65786
28296,2016,5,1,1,0,1,3,4,61,45,34,23,50,35,50,40,31,88812
9488,2016,4,16,2,12,19,275,107,58,77,45,78,60,25,39,38,12,341207
10014,2016,6,5,6,1,7,32,13,57,68,48,78,75,24,47,35,16,123093
745,2016,4,9,3,3,13,65,26,68,68,45,73,64,28,48,36,18,153543
21329,2016,1,1,0,1,1,14,5,61,75,44,79,63,20,59,43,20,53466
20655,2016,1,1,2,0,2,9,8,66,66,45,67,48,38,51,39,30,138217
13764,2016,0,1,0,0,1,1,3,56,63,36,56,56,25,60,10,11,40287
24084,2016,0,1,0,0,1,1,4,61,63,58,73,43,28,28,33,6,82517
20104,2016,3,10,1,2,12,29,23,63,66,47,72,60,24,41,27,10,192494
7555,2016,1,2,0,0,1,0,2,88,50,50,50,43,38,39,14,11,42854
9584,2016,1,2,0,2,3,41,5,61,77,48,86,57,19,41,38,7,98089
8753,2016,1,2,0,1,1,13,2,57,61,40,56,62,41,51,58,44,112722
1264,2016,0,2,0,0,2,9,7,57,74,41,74,53,21,50,50,10,138232
10590,2016,0,1,0,1,1,3,7,49,67,55,73,50,18,56,50,21,61324
14891,2016,3,3,1,6,6,83,25,62,81,50,91,69,20,41,31,10,135150
26925,2016,0,3,0,2,3,11,15,64,67,46,71,63,22,45,33,11,103218
10813,2016,0,2,1,1,0,0,0,0,0,0,0,0,0,0,0,0,57406
677,2017,67,11,15,8,78,286,123,68,74,61,89,70,35,56,41,33,15864000
19,2017,52,5,21,9,57,550,103,62,80,59,91,68,32,51,40,27,13054856
11953,2017,49,19,17,10,68,563,254,63,77,52,87,70,30,52,38,24,6608510
24008,2017,55,22,19,14,75,611,265,64,75,53,85,64,28,51,45,23,5108998
20650,2017,49,27,16,14,74,453,226,59,75,53,83,66,31,50,40,25,4345626
6101,2017,44,22,16,14,64,724,200,58,80,53,85,61,31,51,38,24,4063738
11226,2017,59,24,21,17,77,443,219,58,73,52,81,64,30,54,41,27,3904676
17474,2017,38,21,22,10,57,388,227,60,73,53,81,60,28,50,36,20,3406573
1092,2017,26,11,14,6,37,265,83,60,73,56,84,65,29,49,40,22,3100512
14432,2017,36,26,18,8,59,206,98,67,67,52,77,62,29,53,43,27,3009359
6465,2017,38,16,18,7,54,460,124,64,76,51,85,60,28,50,39,21,2580301
5992,2017,32,8,10,6,38,155,74,66,73,53,84,63,33,55,45,31,2116524
4061,2017,36,21,14,14,55,742,178,57,80,51,85,63,28,49,43,21,2402827
7459,2017,32,21,19,17,53,738,147,65,79,54,90,70,27,47,35,16,2857945
3985,2017,38,15,17,14,49,487,114,61,80,53,88,64,30,50,40,23,1857015
1075,2017,25,10,12,5,35,202,98,59,72,53,79,56,35,54,48,32,2092625
5837,2017,38,22,42,26,57,1123,127,71,80,56,93,71,21,41,34,9,1836954
20193,2017,36,22,16,18,54,459,216,56,75,53,83,65,27,52,41,21,2041133
831,2017,35,18,17,13,53,414,128,58,78,53,87,67,25,51,43,20,1803545
1837,2017,48,21,19,16,67,192,147,63,70,55,79,60,32,54,43,30,1794937
22434,2017,31,17,17,8,43,522,155,64,79,55,89,63,26,47,38,18,1925500
8806,2017,30,13,9,10,43,140,101,62,71,52,81,64,31,54,43,29,1491755
6691,2017,34,31,15,19,63,284,162,61,68,53,78,62,30,50,39,23,1781770
11704,2017,29,12,16,11,41,566,138,64,79,56,90,66,28,49,35,18,1409446
685,2017,32,18,19,10,50,735,193,62,80,51,90,73,25,46,36,14,1341306
17829,2017,39,28,8,13,65,156,158,61,66,51,72,57,34,56,43,35,1617789
4067,2017,36,23,15,10,58,189,271,59,69,50,75,59,31,50,39,26,1429055
7806,2017,33,27,10,15,60,245,143,60,69,52,78,58,30,51,44,26,1333177
678,2017,32,19,14,13,50,267,104,59,76,52,83,64,29,51,41,23,1210571
13447,2017,36,24,11,7,57,155,189,64,66,51,73,59,33,51,48,30,1038611
674,2017,29,18,5,12,46,142,92,62,72,53,82,64,30,54,41,26,1030186
3577,2017,20,21,9,12,41,217,149,59,73,50,79,60,29,48,40,20,1546063
875,2017,30,32,11,16,61,388,163,65,72,50,81,65,29,45,42,18,1479705
13277,2017,5,2,2,1,7,54,14,67,73,53,86,57,28,47,53,21,608748
672,2017,29,25,18,9,54,217,185,68,70,50,78,61,31,52,41,25,1399586
468,2017,25,23,16,15,48,521,139,59,77,50,83,65,25,45,35,17,1731751
673,2017,24,21,5,9,45,119,209,60,70,51,76,62,31,51,38,25,1066211
7452,2017,28,23,14,8,49,319,138,56,74,52,81,60,27,49,40,20,940757
29372,2017,21,18,8,8,38,181,140,58,69,50,75,61,29,53,43,24,1336027
7393,2017,22,16,11,6,36,110,78,63,68,50,75,59,29,52,43,24,744384
12043,2017,31,31,18,9,62,517,287,53,75,46,75,61,33,47,43,24,1116763
6081,2017,28,30,10,14,54,394,160,59,73,51,79,60,29,50,37,22,1166634
2123,2017,25,35,16,17,56,266,158,59,70,53,79,59,26,48,37,18,1152042
11178,2017,30,22,14,14,51,410,177,60,76,51,84,63,26,46,39,18,1005440
25543,2017,26,31,17,20,54,428,191,57,74,51,80,60,28,48,37,19,1258619
5917,2017,20,14,9,9,34,314,137,62,72,50,81,62,33,49,41,26,1043358
12661,2017,19,23,6,14,42,313,142,59,72,49,78,63,27,47,38,19,1336784
25165,2017,24,26,12,13,50,292,124,62,72,53,83,67,25,50,37,18,999819
10995,2017,19,18,6,10,37,293,75,59,75,52,81,57,29,49,38,21,656321
20847,2017,30,30,13,15,56,315,162,58,74,53,83,63,27,52,39,22,965395
33502,2017,12,13,10,7,21,203,98,59,75,54,84,63,26,45,31,15,764494
7540,2017,11,8,6,4,19,128,51,63,72,56,83,61,27,50,40,19,703146
14177,2017,28,29,12,20,55,456,239,53,78,50,82,66,26,48,36,17,844842
26923,2017,21,25,10,10,46,313,168,53,74,50,77,60,27,50,37,21,854935
7295,2017,24,28,14,9,50,334,162,60,73,47,76,58,28,49,37,18,989184
650,2017,13,14,4,6,26,193,108,61,75,48,82,59,25,50,38,21,731934
11923,2017,25,32,11,13,52,234,143,58,72,49,77,60,29,48,39,21,776642
26059,2017,29,18,5,4,44,148,147,60,72,48,78,63,32,53,41,28,1062462
14716,2017,25,27,14,6,48,141,154,65,65,49,71,58,29,50,37,23,759349
9584,2017,14,9,8,3,23,175,94,53,78,48,79,58,28,51,44,22,411025
6627,2017,24,22,14,4,46,195,186,61,69,50,76,62,26,46,42,19,926672
18017,2017,24,26,6,13,46,276,187,62,70,49,78,61,28,48,44,21,782358
3492,2017,17,18,12,7,33,276,54,66,72,49,80,63,27,46,36,16,718235
9471,2017,16,18,12,10,31,149,75,65,69,52,79,64,28,51,39,22,479913
22807,2017,24,26,10,7,49,348,192,61,72,49,78,64,27,49,38,20,749986
6458,2017,20,22,13,13,42,244,92,64,72,55,82,58,22,49,37,15,873266
1576,2017,13,17,5,4,28,72,75,63,70,52,77,58,28,53,44,24,518288
11940,2017,11,10,3,5,21,60,65,62,69,52,78,61,28,51,39,22,394982
854,2017,10,17,1,11,27,113,45,61,70,51,78,67,25,44,39,16,728102
961,2017,5,15,1,7,20,62,87,55,69,48,73,54,27,49,37,20,497001
762,2017,9,14,3,8,23,120,90,59,73,53,78,55,27,51,37,23,483796
11373,2017,5,14,4,8,19,104,50,57,72,51,78,56,23,47,25,11,449050
4454,2017,4,12,4,4,16,28,59,64,64,47,66,50,30,52,31,21,401769
9043,2017,13,14,5,8,24,75,24,67,68,50,77,63,29,52,45,25,531828
12190,2017,18,22,5,17,36,125,51,69,68,55,81,64,26,47,42,19,576309
9521,2017,9,7,2,5,16,75,70,64,71,47,77,61,30,50,36,26,215049
5838,2017,20,20,7,8,33,108,51,62,68,48,73,58,31,48,46,24,567263
7043,2017,18,21,7,7,37,290,159,63,73,49,79,64,27,48,36,17,654217
29939,2017,7,17,2,11,24,194,74,59,71,53,79,52,27,48,39,19,520239
655,2017,15,20,17,25,35,730,178,65,82,56,93,72,18,41,29,6,670230
14727,2017,10,20,9,8,29,275,122,60,74,50,80,58,24,44,26,11,1190783
13796,2017,6,6,1,1,11,39,31,61,63,45,64,51,32,55,43,35,203560
5054,2017,9,10,8,7,18,76,54,66,70,51,78,62,22,47,34,14,369615
75,2017,10,20,5,4,30,112,109,60,67,48,74,62,28,48,40,20,489264
13674,2017,9,8,1,6,13,69,49,54,75,49,79,59,28,50,44,21,291436
791,2017,18,18,10,13,34,260,87,57,74,50,78,62,28,49,42,21,609153
10828,2017,9,17,9,9,26,79,75,64,66,51,74,55,28,48,34,19,488359
24084,2017,7,5,4,1,11,27,28,60,66,56,75,62,34,49,38,25,141448
4010,2017,16,25,5,10,40,117,103,56,68,51,72,60,30,51,43,24,706338
23640,2017,0,10,0,5,10,62,15,68,66,52,75,55,26,39,32,11,210999
30470,2017,4,10,4,4,14,106,30,58,77,47,77,58,25,43,33,12,306652
5127,2017,7,10,2,4,17,123,37,58,73,54,81,60,25,47,36,15,323589
9229,2017,8,15,8,8,21,209,73,56,75,52,81,63,25,44,31,12,377973
22433,2017,13,17,6,9,26,165,72,61,68,47,73,59,30,48,41,23,512461
18648,2017,10,13,1,3,23,56,60,61,66,54,75,60,28,48,44,21,372933
12662,2017,2,6,2,0,8,37,12,61,72,43,73,62,23,48,37,12,234368
6642,2017,1,2,0,0,2,7,17,52,68,43,63,60,31,48,27,22,175023
6002,2017,16,22,7,8,35,173,124,53,72,47,74,57,26,49,38,19,637500
20648,2017,4,10,2,2,13,42,45,65,65,47,71,62,28,50,36,19,343220
13957,2017,9,9,5,6,14,74,37,67,68,52,77,62,26,51,41,23,225436
3054,2017,10,21,8,5,31,140,120,58,67,49,71,57,32,47,32,21,551939
4009,2017,18,17,7,7,34,261,118,53,76,49,81,62,29,47,36,20,513488
578,2017,15,19,9,5,33,213,91,61,71,52,79,62,26,47,30,15,1355714
27482,2017,2,3,0,3,2,16,10,63,64,46,74,67,22,44,21,9,167694
29932,2017,13,13,5,10,26,213,68,57,73,53,82,56,27,49,38,21,398061
728,2017,5,12,5,6,17,103,53,54,72,48,73,53,26,50,37,19,317902
21506,2017,3,2,1,1,5,25,22,57,74,57,90,76,27,54,46,23,128748
13799,2017,14,22,7,12,36,185,110,57,72,50,76,57,28,48,36,20,492114
9094,2017,8,13,10,5,19,158,52,57,75,50,79,58,26,45,34,14,379326
20104,2017,1,5,0,2,6,14,20,66,65,40,62,41,27,48,37,20,189833
18485,2017,8,11,6,3,19,91,72,58,68,51,75,58,25,50,44,19,316252
935,2017,13,20,5,4,31,91,89,61,66,49,70,57,29,49,42,22,448194
7127,2017,14,20,9,13,32,158,137,59,67,52,73,54,28,51,40,21,471300
27851,2017,2,4,2,0,6,25,24,58,64,52,67,50,25,45,28,11,230563
10231,2017,7,11,5,4,16,66,48,53,72,50,73,58,29,45,35,17,242234
12495,2017,8,4,1,2,8,20,21,66,70,54,83,61,31,56,39,29,146265
24245,2017,3,3,0,0,6,84,37,58,75,42,73,49,26,45,36,19,221826
9840,2017,6,5,3,4,10,66,24,66,69,55,82,58,26,44,28,14,294967
14856,2017,7,5,4,4,11,62,23,64,69,52,79,64,28,48,39,22,147429
27111,2017,9,15,7,8,24,159,70,55,70,54,78,63,25,44,31,14,383229
12614,2017,11,12,4,8,20,154,107,60,74,48,78,61,28,49,41,22,280186
1266,2017,6,8,4,2,14,131,35,61,75,51,84,62,27,41,35,15,301426
12083,2017,6,6,4,3,12,116,46,62,78,53,87,66,19,42,28,10,294600
14609,2017,13,24,13,8,33,154,104,65,69,50,75,57,25,45,38,17,460938
4003,2017,10,20,7,7,30,196,145,58,71,50,77,55,26,41,37,14,498874
7555,2017,4,1,1,0,2,2,1,83,60,53,65,40,28,44,38,16,110548
3316,2017,2,4,3,2,6,30,10,61,70,50,74,44,26,50,34,18,198589
9831,2017,3,6,4,1,8,38,13,61,65,51,70,58,28,48,41,22,320327
25171,2017,2,6,6,2,8,88,52,57,75,50,80,66,21,48,42,12,216160
6831,2017,1,7,0,2,8,38,17,58,67,47,68,37,25,47,33,19,203049
17928,2017,5,10,3,4,13,79,63,62,72,41,75,66,28,48,30,17,259983
9305,2017,13,12,5,5,21,100,74,59,72,48,75,55,32,50,45,26,429026
12097,2017,1,3,2,2,4,41,28,51,73,49,73,47,30,48,46,24,190542
29812,2017,0,1,0,0,1,1,3,51,61,37,50,60,10,28,0,0,88025
23147,2017,8,5,2,3,7,61,29,56,76,52,83,61,24,48,34,16,118224
9833,2017,5,7,1,0,12,37,34,58,65,52,72,49,28,49,38,21,292296
27547,2017,5,3,1,2,8,52,34,56,72,50,81,70,24,50,32,21,204511
6820,2017,2,4,2,1,6,34,20,59,67,47,69,62,25,52,39,21,221447
10014,2017,4,2,0,1,4,23,10,53,72,54,83,74,31,55,45,32,124991
33648,2017,7,9,2,3,13,50,33,66,68,50,78,66,25,45,41,17,223662
11522,2017,10,19,4,9,29,201,54,67,70,51,79,59,24,44,38,14,517025
9675,2017,11,16,6,9,25,82,83,65,67,50,76,60,28,50,42,23,381271
26218,2017,4,5,2,2,6,30,19,59,69,44,72,66,23,45,46,15,130896
12534,2017,8,16,5,2,24,68,91,60,64,46,62,54,31,49,41,25,346400
27531,2017,2,5,0,2,7,40,20,53,71,51,76,43,29,48,48,23,139498
11310,2017,1,1,1,1,2,9,2,63,70,45,77,56,30,51,33,23,76418
18772,2017,3,0,1,0,0,0,0,0,0,0,0,0,0,0,0,0,72256
1569,2017,1,3,0,3,3,8,3,57,64,47,68,50,18,45,56,14,155146
4045,2017,10,12,6,6,22,155,51,55,74,50,79,50,29,49,39,21,381355
29935,2017,6,4,2,3,10,58,29,65,70,54,80,63,26,50,32,20,185013
8313,2017,0,2,0,0,2,3,7,62,65,51,78,50,17,38,25,8,126793
25533,2017,0,1,0,0,1,3,4,59,71,45,80,80,20,33,0,0,76219
10202,2017,6,9,3,6,14,61,55,66,64,49,73,66,28,49,33,20,210972
13445,2017,1,1,1,0,2,10,6,61,74,43,76,64,24,42,38,16,92446
7805,2017,5,4,2,1,9,44,28,73,70,46,79,69,32,50,35,25,126330
8721,2017,2,2,0,1,3,8,8,66,60,51,71,67,38,49,55,32,76125
20655,2017,0,2,0,1,2,10,2,62,66,49,73,45,21,42,0,0,123536
9839,2017,1,2,0,1,2,14,5,59,74,46,79,50,27,42,56,21,47710
84,2017,6,11,0,1,17,38,28,65,64,48,71,60,27,52,47,21,274902
13048,2017,3,6,2,3,7,31,12,61,66,50,72,64,26,46,37,16,138556
24225,2017,9,9,1,2,16,21,32,64,64,54,74,65,28,55,42,28,214339
26221,2017,2,9,0,3,11,40,45,59,67,45,66,53,24,48,35,16,182956
28762,2017,3,1,2,2,0,0,0,0,0,0,0,0,0,0,0,0,68090
18612,2017,2,1,2,0,2,6,1,70,68,45,77,50,31,41,38,18,58367
18016,2017,2,2,0,0,4,15,5,64,64,55,75,58,32,55,42,33,81264
3833,2017,2,4,0,2,6,15,6,73,62,57,76,71,26,45,40,17,262512
19910,2017,9,4,2,1,7,13,14,61,61,50,66,54,30,52,40,23,177901
13429,2017,1,1,0,0,2,7,7,63,70,53,75,57,32,53,47,29,144223
26925,2017,0,4,0,1,4,20,14,64,63,47,60,47,30,36,27,13,148600
1035,2017,4,17,3,3,21,90,37,64,66,49,70,53,29,46,32,16,884432
12871,2017,2,5,0,1,6,23,17,61,67,46,73,60,27,42,36,15,124056
8564,2017,1,3,1,1,2,5,12,63,59,57,72,58,32,44,31,14,67933
6254,2017,0,1,0,0,1,1,3,58,33,59,43,75,18,45,0,0,86894
11881,2017,3,12,3,6,15,87,64,62,69,46,74,62,26,45,34,13,261153
18122,2017,1,0,0,0,0,0,0,0,0,0,0,0,0,0,0,0,51436
31358,2017,0,1,0,0,0,0,0,0,0,0,0,0,0,0,0,0,54252
520,2017,0,2,0,2,1,4,1,75,57,54,63,22,23,46,75,17,99453
28899,2017,1,1,0,0,2,6,6,56,65,43,64,64,26,49,33,22,130862
6850,2017,2,5,0,2,7,38,30,64,66,45,70,64,28,48,48,24,184719
19689,2017,0,2,0,0,2,25,7,59,67,44,67,36,32,45,27,15,133947
11489,2017,4,1,0,1,0,0,0,0,0,0,0,0,0,0,0,0,90186
17123,2017,1,3,1,0,4,26,15,59,65,49,71,58,27,54,35,23,139363
12587,2017,1,4,0,1,3,12,14,66,72,30,61,31,27,43,12,10,116120
12594,2017,1,2,0,1,3,15,12,62,74,52,79,53,28,47,22,15,116482
23595,2017,0,3,0,2,1,11,7,62,64,50,80,73,25,47,22,13,66612
28073,2017,0,1,0,1,0,0,0,0,0,0,0,0,0,0,0,0,100154
5136,2017,4,6,2,6,8,56,29,58,75,46,77,35,24,56,35,19,175920
28898,2017,0,4,0,1,1,4,2,52,69,47,70,50,17,36,50,10,47704
6848,2017,6,8,2,4,14,146,79,55,77,47,82,68,26,49,33,16,317146
5992,2018,53,12,15,9,65,342,152,66,74,57,87,65,34,55,40,30,15967184
677,2018,45,4,11,6,47,122,91,66,72,60,86,70,36,57,46,37,8663347
19,2018,48,10,19,12,58,534,109,62,80,59,91,68,32,48,42,24,8629233
24008,2018,58,19,17,6,73,549,210,64,74,52,83,58,32,52,42,28,8706298
6465,2018,47,13,22,10,60,555,109,65,77,53,88,63,31,53,39,25,5958251
7459,2018,47,19,32,20,66,1082,179,65,79,54,89,64,27,45,35,16,5491352
6101,2018,44,20,23,20,58,592,178,59,79,54,87,65,30,51,36,23,5187148
20650,2018,54,20,18,14,70,514,245,59,76,53,85,65,31,51,39,24,4624646
8806,2018,43,21,17,5,64,229,144,60,71,55,81,63,30,52,43,24,4049255
5837,2018,34,22,39,34,54,1213,127,70,81,57,94,69,23,41,28,9,4320641
25543,2018,46,22,21,22,66,655,149,65,76,52,86,66,29,51,42,23,3496854
25165,2018,40,20,8,13,54,322,104,64,73,55,84,62,30,51,43,26,3026481
4067,2018,46,22,8,10,64,239,223,62,68,52,77,57,32,53,45,29,2088249
20847,2018,36,21,14,11,57,393,141,60,75,54,84,65,28,51,39,22,2199984
30470,2018,46,27,16,20,73,493,186,58,75,54,85,64,27,49,41,20,2585667
22807,2018,43,24,12,10,64,434,250,58,74,51,81,62,28,51,39,23,1665414
17829,2018,33,25,5,10,55,163,179,61,68,49,74,58,32,56,41,31,2051157
11704,2018,32,15,19,11,45,788,182,63,83,57,91,63,27,46,37,16,1784657
11953,2018,24,19,15,9,43,329,224,62,74,48,82,63,28,47,36,19,1818849
20104,2018,23,23,13,11,46,247,119,69,69,49,78,60,27,49,36,19,1505180
14716,2018,29,28,14,8,55,236,273,58,69,51,76,61,28,49,37,21,2070214
11226,2018,28,16,9,9,42,207,106,61,70,52,77,60,32,54,46,31,1737921
14432,2018,31,22,12,13,52,187,106,66,67,52,78,63,29,53,44,26,1817782
1837,2018,33,20,10,16,51,164,103,64,71,53,80,64,30,54,42,26,1725352
26059,2018,29,18,13,9,47,167,130,63,70,51,78,59,32,54,44,28,1588383
674,2018,35,23,17,10,56,309,120,62,71,51,79,57,31,51,43,27,1381694
33502,2018,35,28,12,18,60,459,347,57,76,52,82,64,27,48,40,19,1500033
672,2018,33,28,8,17,61,409,256,63,72,49,79,61,31,52,41,25,1654378
5917,2018,29,20,10,10,49,384,217,66,72,50,81,58,31,47,46,23,1269851
4010,2018,33,23,21,16,56,244,121,61,70,51,77,59,32,54,42,28,1159829
39309,2018,28,23,14,10,48,210,140,60,70,54,80,66,28,53,39,24,1252959
20193,2018,25,21,13,16,42,382,162,57,75,50,83,66,26,47,36,18,1339275
11178,2018,27,24,14,11,49,350,157,58,75,54,86,71,27,47,36,18,1089134
678,2018,24,24,11,14,46,242,85,62,71,57,82,64,28,49,40,20,1287751
22434,2018,25,13,17,16,36,713,171,65,79,54,90,68,22,47,42,14,1102012
13674,2018,25,24,10,9,47,203,160,55,71,52,77,64,31,52,40,27,1093641
791,2018,24,23,13,13,45,256,123,58,74,49,79,63,29,49,40,23,1052192
9831,2018,19,19,8,11,38,175,89,62,69,52,77,62,30,51,41,25,1021405
29939,2018,28,26,16,12,52,405,151,61,73,53,82,65,26,48,37,18,1079147
7043,2018,24,23,13,9,45,382,189,63,75,49,83,60,25,50,35,17,1019815
9675,2018,22,9,7,3,27,121,64,62,70,54,79,58,30,49,48,25,535368
7806,2018,26,30,16,9,54,254,145,63,69,51,76,59,27,48,46,19,1195942
27482,2018,27,22,20,16,45,432,139,64,74,52,83,63,26,47,37,17,957751
11923,2018,29,27,12,10,51,214,120,61,72,50,77,54,31,48,36,23,1233370
6002,2018,23,23,8,8,42,157,128,54,71,49,75,60,26,50,41,20,998535
9521,2018,19,22,10,10,41,309,217,60,73,49,78,60,27,48,41,20,961714
13447,2018,25,31,11,10,54,142,150,63,65,49,70,56,33,50,43,26,1243088
12190,2018,24,24,9,10,46,176,74,65,68,53,78,62,30,51,42,23,969301
29932,2018,23,20,19,7,43,381,117,60,74,49,80,63,26,50,37,19,870031
6081,2018,24,31,17,16,52,389,155,58,72,49,77,59,26,49,42,21,1195354
4061,2018,24,22,12,22,43,616,159,58,82,51,87,64,25,47,40,18,1186361
12043,2018,27,28,16,12,54,483,297,51,76,44,73,56,31,49,41,24,1056836
9043,2018,21,22,12,9,40,100,53,64,66,52,77,66,28,52,38,22,864890
29812,2018,19,19,9,8,38,291,79,62,75,53,83,61,27,46,32,15,781675
14727,2018,24,21,16,16,45,372,179,62,73,51,83,67,27,47,42,17,1563924
7540,2018,22,25,12,12,47,306,155,62,74,53,82,60,26,47,39,18,1081273
14177,2018,23,25,15,14,47,483,203,56,77,49,81,59,26,48,45,19,1267772
9471,2018,25,22,10,11,45,289,84,64,71,53,79,60,28,53,38,22,879596
9584,2018,23,25,9,12,48,330,158,55,76,49,80,59,27,49,36,18,881945
9229,2018,19,21,14,11,35,448,115,58,77,54,85,65,24,45,34,13,757107
12662,2018,16,20,9,14,36,300,90,61,74,50,81,63,27,46,41,18,865275
12661,2018,21,21,11,18,41,360,136,60,74,53,83,63,27,45,38,17,850683
13429,2018,11,14,5,8,25,210,99,56,74,51,81,59,24,49,37,17,618799
468,2018,21,21,13,9,42,495,131,60,77,48,81,63,26,45,32,13,1190793
6691,2018,21,28,14,7,46,181,127,61,70,50,75,59,25,48,36,17,1003239
1092,2018,17,17,13,8,34,254,84,59,73,54,83,63,26,46,30,15,839408
10995,2018,21,19,10,9,36,291,78,58,72,49,76,62,31,48,35,21,637638
29372,2018,20,23,5,13,42,239,211,60,74,44,76,63,30,53,37,24,1170921
875,2018,19,29,7,10,48,264,115,59,72,49,77,59,29,49,35,20,1071005
9094,2018,8,15,7,7,22,190,92,59,74,49,82,68,24,43,39,13,539228
831,2018,11,11,4,8,22,181,42,60,77,49,83,66,27,52,41,23,711846
22433,2018,1,11,0,4,11,56,40,67,64,42,65,55,28,49,34,19,345832
21506,2018,14,17,11,7,31,73,112,63,71,49,76,60,27,50,40,20,520107
23640,2018,18,23,6,9,41,256,88,62,70,55,81,62,26,45,35,15,825510
24225,2018,10,11,6,1,20,20,39,67,61,50,68,55,27,56,38,23,549440
11003,2018,5,8,5,5,13,119,58,59,76,54,84,57,24,39,41,10,411528
20648,2018,17,18,13,3,33,113,123,59,67,50,73,59,25,52,39,20,499030
18094,2018,9,13,6,3,22,110,87,65,71,51,81,62,25,49,42,17,568161
12594,2018,3,6,0,4,9,51,53,59,69,43,71,66,26,49,39,19,329564
11940,2018,11,18,6,9,29,96,110,61,69,51,76,64,30,49,38,21,581717
31358,2018,10,14,9,4,24,124,74,63,68,49,75,64,29,50,36,19,558694
1841,2018,7,7,1,2,14,15,29,66,63,51,70,53,35,53,42,33,329150
11522,2018,9,7,8,2,16,150,21,67,72,50,82,67,26,49,37,18,423895
38911,2018,2,3,2,3,5,53,17,58,74,56,85,57,24,44,48,14,224235
24840,2018,0,3,1,3,1,10,4,61,70,48,72,17,29,42,36,22,150318
13048,2018,7,6,2,4,12,44,23,60,73,49,80,61,31,49,38,24,282468
26473,2018,7,11,4,5,14,95,46,61,68,51,76,65,27,45,36,17,470875
10014,2018,13,19,8,8,29,164,55,58,70,52,77,57,25,44,38,17,489289
3577,2018,19,14,7,14,27,168,88,60,75,55,84,62,28,49,42,20,818990
18017,2018,16,18,9,10,31,240,130,66,71,49,81,66,25,49,32,17,587729
27851,2018,19,18,5,13,33,154,112,65,72,50,83,68,29,48,41,21,553378
28296,2018,9,14,4,3,19,107,55,57,74,45,73,56,30,51,39,21,332011
3492,2018,14,19,11,17,30,172,44,69,72,51,82,63,26,47,33,17,524151
24084,2018,12,17,11,13,27,153,99,59,72,49,78,65,28,48,30,16,436449
13277,2018,14,17,4,7,31,141,67,63,68,51,76,59,27,54,36,24,793806
6848,2018,9,6,3,4,15,145,88,58,75,51,84,69,26,46,42,17,468884
1035,2018,5,4,2,2,8,43,35,56,69,55,75,56,30,42,44,24,560466
11373,2018,14,22,7,2,35,126,66,61,67,51,75,65,27,45,35,16,609310
10828,2018,12,23,5,7,35,82,115,65,65,50,71,57,29,52,37,23,714399
28087,2018,2,2,2,2,4,66,23,57,80,56,91,78,24,43,21,9,169958
655,2018,11,16,17,24,27,634,158,65,84,54,93,73,18,40,29,7,463885
4454,2018,8,12,3,6,20,38,67,63,63,50,70,59,31,53,42,26,483165
26925,2018,6,6,3,2,12,60,63,65,70,45,75,56,23,49,50,20,286688
12430,2018,2,5,1,1,5,14,12,61,67,43,64,47,23,50,35,12,168741
7555,2018,3,3,1,1,4,5,8,78,61,42,68,58,34,59,36,31,107758
961,2018,16,23,15,13,39,136,178,60,71,49,76,57,27,50,36,20,630688
17474,2018,9,21,8,7,30,189,129,62,72,50,80,64,25,47,35,16,2052053
31392,2018,5,6,5,3,11,92,32,63,73,50,79,59,21,47,33,13,326057
40434,2018,6,10,5,2,16,101,71,61,68,50,75,62,32,48,38,21,298857
2123,2018,6,15,5,7,21,114,72,58,71,46,74,63,26,46,35,19,498442
26923,2018,14,19,7,4,33,174,149,52,73,52,79,58,27,49,40,20,596435
36449,2018,2,4,0,3,3,42,13,57,70,48,75,68,32,47,38,24,185691
33648,2018,8,9,1,4,15,90,39,65,69,49,78,61,26,52,41,21,341226
14745,2018,1,4,0,2,5,28,37,62,67,40,67,54,33,52,42,31,275915
5127,2018,11,16,4,6,27,215,83,57,74,49,78,57,25,50,36,18,451213
26218,2018,5,9,2,1,10,37,28,59,69,46,72,57,28,51,30,16,278637
9833,2018,10,15,6,12,22,102,75,60,70,49,74,59,25,46,39,17,364518
18477,2018,2,1,0,0,0,0,0,0,0,0,0,0,0,0,0,0,106130
9840,2018,6,16,5,8,19,110,61,65,68,48,77,60,26,47,37,17,467345
20694,2018,0,1,0,0,1,2,5,59,57,50,56,42,36,56,42,33,111383
6820,2018,3,11,3,8,14,58,39,58,69,50,75,62,24,41,29,10,381531
12653,2018,5,3,0,2,8,23,22,58,67,51,74,64,34,51,37,27,237644
14609,2018,10,10,6,6,16,77,34,60,73,54,82,67,24,48,47,18,199702
9649,2018,3,3,0,1,5,21,20,68,63,51,78,65,25,48,38,15,164219
4009,2018,12,16,7,8,28,268,97,56,74,49,78,59,28,53,38,23,587890
673,2018,9,18,7,5,25,51,96,61,65,49,71,58,31,51,36,25,510316
11310,2018,5,8,1,3,13,22,23,66,63,52,72,61,32,50,40,25,240562
25171,2018,1,4,1,1,5,60,44,59,77,41,78,51,29,51,26,17,171049
3316,2018,2,4,3,1,6,22,12,64,65,46,70,65,27,49,46,15,140269
5129,2018,5,4,2,2,9,58,11,64,69,43,74,61,29,49,29,20,223841
25372,2018,4,6,3,3,10,46,31,64,67,55,75,64,21,45,43,15,228373
34337,2018,0,2,0,0,2,4,8,55,68,49,70,63,15,53,67,10,132001
23147,2018,7,7,2,2,11,78,42,58,74,50,83,62,26,51,29,18,202002
12097,2018,3,7,1,5,10,115,53,52,76,49,80,65,27,43,37,18,248824
1266,2018,5,6,1,3,7,62,23,61,70,47,76,64,25,47,32,15,326917
18485,2018,2,6,1,2,8,42,31,54,70,47,69,59,30,54,46,25,192394
12495,2018,4,10,1,4,14,24,54,65,61,47,65,54,31,50,44,26,366528
685,2018,10,19,9,10,28,420,134,61,79,47,84,65,22,45,27,11,588745
935,2018,1,5,0,1,6,18,12,65,65,51,75,54,17,43,33,10,157815
650,2018,8,11,7,4,19,189,114,58,71,45,75,61,26,51,34,19,559537
20654,2018,0,4,1,0,4,12,14,63,57,47,56,49,27,51,47,23,193288
4146,2018,4,2,3,0,4,33,14,64,72,51,84,73,20,48,19,9,83482
22429,2018,6,5,3,4,8,49,31,65,66,51,74,59,26,50,49,22,330016
3833,2018,5,4,3,1,9,18,10,76,66,50,76,63,33,45,37,22,273093
34233,2018,1,4,2,1,5,51,28,55,73,44,73,61,23,38,32,11,148075
9839,2018,8,7,2,2,11,63,25,60,74,50,82,67,27,46,33,15,287408
36263,2018,3,11,4,2,14,36,69,66,64,44,64,51,27,48,36,18,318726
7393,2018,8,24,6,11,30,140,95,59,72,49,76,58,24,49,32,15,595935
19474,2018,1,2,0,0,3,9,6,59,68,47,66,52,19,70,31,19,116202
22432,2018,3,6,2,4,9,66,36,57,77,49,87,73,20,49,36,12,271270
27358,2018,0,2,1,0,2,2,12,66,69,32,67,55,30,47,31,18,114487
8313,2018,0,1,0,1,1,4,6,53,67,52,75,76,35,52,38,31,93951
34298,2018,1,2,1,2,3,8,5,57,75,51,87,71,25,48,25,13,96304
14856,2018,1,6,2,4,7,40,22,65,72,47,82,67,28,43,23,12,179851
19689,2018,1,7,2,1,8,74,29,59,71,49,75,59,23,43,31,11,239249
11881,2018,2,4,2,3,6,31,24,64,71,55,79,51,27,47,28,15,154503
10415,2018,0,1,0,0,1,7,1,58,71,46,70,63,8,53,0,0,107666
17359,2018,1,3,3,1,4,17,20,58,69,45,69,56,27,53,43,25,139675
18772,2018,5,5,1,4,6,58,20,63,72,57,83,64,21,54,40,21,120577
3054,2018,5,11,2,1,16,31,46,65,69,48,74,56,30,47,41,21,231064
10202,2018,1,1,0,1,2,14,12,59,77,60,93,78,23,46,27,15,129444
26381,2018,0,1,0,0,1,13,3,62,77,48,73,20,24,65,60,20,113254
24245,2018,1,4,1,1,5,17,28,63,69,39,67,49,28,45,40,14,138300
18495,2018,2,2,1,0,4,5,18,65,66,42,67,54,34,59,51,36,116137
26890,2018,0,1,0,0,1,5,3,56,63,64,80,70,31,37,40,13,64211
6831,2018,6,12,4,6,18,98,59,61,67,49,74,68,26,51,36,20,294130
6431,2018,0,1,1,0,1,13,4,72,70,64,81,67,22,39,0,0,72822
20819,2018,1,2,0,1,3,27,11,58,77,49,84,63,13,50,42,12,139785
23595,2018,0,1,0,2,1,7,6,61,73,34,75,50,31,47,75,25,99109
12614,2018,7,5,1,2,9,40,35,62,66,50,73,67,32,54,54,31,179670
838,2018,0,1,0,0,1,1,9,68,61,5,25,54,22,79,67,25,85211
23299,2018,2,0,0,0,0,0,0,0,0,0,0,0,0,0,0,0,88007
6458,2018,11,14,8,8,24,153,72,63,72,52,82,68,24,44,42,14,656244
11388,2018,3,3,1,3,3,7,6,66,66,63,85,58,20,42,83,14,87966
1747,2018,1,1,0,0,2,1,2,66,61,46,69,62,33,43,30,20,78630
28898,2018,4,2,0,0,0,0,0,0,0,0,0,0,0,0,0,0,96220
18648,2018,8,12,2,5,19,43,47,63,66,48,71,55,33,50,46,25,280041
27547,2018,1,3,0,1,3,21,3,63,77,52,83,55,18,43,57,14,111824
32729,2018,2,2,0,2,3,19,11,57,72,52,76,55,24,46,48,25,74235
8564,2018,0,2,0,1,1,5,3,65,67,64,88,80,17,45,33,13,73500
8721,2018,3,2,0,0,5,15,11,62,67,49,73,61,34,54,43,32,95639
48442,2018,2,3,0,2,5,50,17,63,73,49,82,61,22,44,30,12,99157
10813,2018,3,2,1,2,2,12,4,66,74,49,80,50,14,37,33,4,139677
27111,2018,3,8,3,3,11,89,34,57,76,57,84,58,19,39,32,6,168071
13269,2018,0,1,0,0,0,0,0,0,0,0,0,0,0,0,0,0,77821
578,2018,5,9,3,4,13,56,44,61,71,49,78,58,25,45,45,15,996063
9305,2018,1,1,2,0,1,2,2,55,73,48,79,67,38,47,67,29,74510
9842,2018,0,4,0,0,4,22,2,69,61,52,67,36,22,46,38,11,231905
677,2019,58,7,13,6,60,271,118,65,76,60,90,68,35,56,45,35,16349586
5992,2019,57,11,15,5,65,373,166,66,76,57,88,64,34,54,49,32,13372355
19,2019,53,10,21,7,63,481,100,65,78,59,91,71,32,50,41,25,8716975
20650,2019,49,19,18,14,66,314,138,66,73,55,84,62,29,51,41,23,8000223
22807,2019,59,21,24,11,79,690,254,60,76,55,84,61,31,56,43,28,7902912
30470,2019,54,25,33,13,79,560,174,64,76,53,85,65,29,47,36,20,7488927
24008,2019,44,25,21,14,67,709,392,67,75,44,80,59,32,51,38,25,4280635
29812,2019,43,25,23,20,65,578,142,61,78,54,87,69,27,47,37,18,3439783
1837,2019,42,22,9,16,61,239,104,66,73,56,84,60,29,54,40,24,2911522
5917,2019,37,19,14,15,55,372,219,65,72,50,82,64,32,50,41,27,2916587
11226,2019,36,27,12,13,61,371,179,59,72,50,78,56,32,52,42,28,2764933
4067,2019,30,24,14,11,52,207,191,60,69,48,73,58,31,51,44,26,2895013
8806,2019,29,14,9,8,43,132,119,64,70,53,80,59,32,55,42,28,2173244
17829,2019,40,26,13,12,63,128,183,65,67,51,75,58,33,56,42,31,2468031
33502,2019,38,28,17,15,59,456,242,60,76,52,84,65,29,47,38,19,2207015
1092,2019,33,19,22,15,52,510,96,59,76,55,86,71,28,47,37,19,2128925
25543,2019,30,29,14,21,53,403,168,62,73,52,82,64,28,49,39,20,2285081
39309,2019,41,20,19,12,57,224,135,61,74,55,84,59,30,50,42,23,1979782
5837,2019,30,18,30,25,48,1032,84,71,81,57,94,73,22,42,29,10,1781798
11953,2019,22,21,9,21,43,316,179,63,75,50,82,62,29,50,41,23,2117523
40434,2019,33,23,20,10,53,475,247,65,75,49,81,64,28,48,41,19,1507622
20193,2019,21,21,14,13,42,303,154,59,73,53,82,63,26,47,37,17,1634275
29372,2019,38,19,13,13,53,322,166,59,74,51,81,61,29,55,37,25,1573436
12043,2019,34,29,18,13,62,606,410,52,78,46,78,62,31,49,38,22,1539066
9471,2019,36,25,18,9,58,283,125,66,68,53,78,64,29,53,37,23,1724447
14716,2019,28,24,12,11,52,285,302,58,69,51,76,60,30,50,42,23,1656857
14432,2019,30,22,16,22,51,234,95,68,71,53,84,69,26,54,38,22,1398997
25165,2019,27,22,15,14,48,357,119,63,74,53,83,64,28,48,37,19,1532057
3985,2019,33,19,21,9,50,537,115,61,80,52,87,67,28,47,41,18,1059095
22434,2019,23,15,20,12,36,597,120,66,79,50,88,66,21,43,45,13,1384572
11704,2019,22,14,19,11,36,697,129,63,84,57,92,69,27,45,31,14,1291082
29932,2019,31,30,19,14,59,536,137,59,77,51,84,61,24,48,34,15,1275240
24840,2019,32,24,18,14,52,232,132,61,71,51,78,65,29,49,40,22,1170459
12190,2019,21,27,6,10,46,157,77,69,67,51,76,60,29,50,43,23,1573032
14177,2019,35,29,16,19,61,668,170,56,79,52,85,64,28,50,38,19,1633401
28087,2019,27,23,27,26,48,1014,152,64,81,54,91,66,21,41,29,10,1115817
26473,2019,25,24,11,13,49,356,141,65,73,52,83,65,27,47,38,18,1228731
24084,2019,20,22,11,14,42,229,128,61,70,50,77,59,29,48,36,20,1221097
6101,2019,22,19,16,9,41,396,205,58,77,48,82,65,27,49,35,18,1359590
13277,2019,31,18,10,9,44,231,67,66,70,52,79,61,31,52,42,26,922914
6691,2019,30,24,8,14,54,154,98,63,69,53,79,63,30,50,44,25,940266
9305,2019,19,21,12,8,36,133,96,63,71,52,78,63,30,49,37,24,887543
7806,2019,27,26,9,13,53,280,115,60,70,52,78,60,30,50,44,24,1113516
4061,2019,24,17,19,15,41,690,162,62,81,48,87,63,26,46,33,15,1079494
3577,2019,24,23,10,8,45,247,137,59,73,52,80,57,29,49,42,22,966759
10828,2019,31,26,18,10,57,191,151,64,67,53,77,59,28,52,38,23,1145773
29939,2019,23,27,16,11,50,293,111,66,71,51,79,57,27,49,38,19,1375737
9831,2019,21,28,12,17,47,213,85,61,69,54,79,62,28,52,40,21,995238
672,2019,26,27,8,11,53,409,197,64,72,50,81,67,29,50,36,22,1293590
20694,2019,22,21,9,9,43,193,118,61,71,55,81,64,28,50,36,21,928189
7043,2019,28,27,14,26,55,507,220,62,74,49,83,65,27,48,37,19,1395185
31392,2019,20,23,14,14,43,280,82,63,74,52,83,63,28,44,33,15,810416
27851,2019,21,25,10,11,46,213,158,66,68,48,76,62,28,49,39,20,942623
33648,2019,23,19,5,11,40,150,121,65,70,52,79,62,27,49,44,23,848872
4010,2019,27,27,10,15,54,213,143,62,69,50,77,64,31,53,38,24,1195470
24245,2019,15,15,12,11,27,432,240,58,75,45,78,56,27,46,38,17,708983
38911,2019,17,23,10,16,40,308,134,60,74,52,81,63,27,49,39,19,807920
10995,2019,20,17,11,10,35,330,111,57,74,50,79,62,26,50,43,21,751531
34337,2019,24,22,13,17,46,166,102,61,72,55,82,65,25,52,39,20,1102285
11923,2019,26,31,12,14,53,271,97,62,71,49,77,61,27,47,37,19,1223400
674,2019,17,17,12,6,34,208,104,61,73,49,79,64,28,47,33,18,903012
468,2019,12,15,9,14,26,335,109,57,78,52,87,69,26,43,30,13,1283705
22433,2019,26,22,8,16,48,296,89,67,72,51,82,63,28,50,41,22,900726
1841,2019,14,18,7,4,32,56,100,64,67,47,72,53,30,50,39,22,724751
14727,2019,22,24,9,8,46,301,145,61,72,51,80,64,26,47,37,17,1684171
9833,2019,9,12,9,2,19,71,61,58,67,52,75,55,27,50,35,17,587269
9043,2019,22,26,8,9,44,117,50,66,66,53,77,61,26,50,36,20,1076395
12662,2019,13,17,9,14,30,270,86,61,74,48,79,59,27,47,37,18,777371
20847,2019,17,22,2,11,36,182,75,62,71,52,80,57,26,48,40,18,995608
13674,2019,22,26,13,9,46,189,170,58,70,49,75,58,32,49,36,25,952830
20104,2019,12,25,9,11,37,177,99,64,69,49,76,57,27,47,39,17,930645
791,2019,19,24,13,6,41,264,127,58,71,50,75,58,27,50,40,19,807276
24225,2019,19,20,8,6,35,79,50,67,63,54,72,61,29,54,41,25,810305
35957,2019,6,7,2,2,10,28,29,69,63,50,67,54,33,50,46,27,372804
18477,2019,12,16,3,2,26,60,44,72,62,49,68,60,31,52,36,25,531373
11940,2019,14,20,6,15,34,119,148,62,67,50,74,57,29,52,40,24,649712
27482,2019,19,21,14,13,36,318,102,62,71,53,82,64,26,45,43,16,798800
47275,2019,11,10,1,8,21,78,36,59,70,53,77,59,31,49,38,24,643358
678,2019,21,22,5,8,38,184,70,61,71,55,81,63,28,49,35,19,782918
21506,2019,19,20,6,8,39,127,128,62,67,49,74,61,32,50,46,27,664817
16996,2019,4,4,2,2,7,63,14,61,77,52,84,66,25,52,61,19,256193
20654,2019,6,7,4,5,13,84,55,62,70,48,75,54,27,53,39,21,447488
36263,2019,5,10,3,1,15,35,90,67,63,46,66,50,32,48,44,25,452296
12097,2019,5,7,2,3,12,109,37,52,77,51,80,55,28,49,43,19,279140
11178,2019,14,21,7,13,35,217,98,59,73,52,81,60,26,47,42,18,672357
31358,2019,17,22,12,12,39,163,81,63,70,48,75,56,32,49,36,22,632075
36519,2019,3,10,4,6,13,29,38,67,61,47,64,53,31,49,44,22,292268
28762,2019,7,7,2,5,12,38,40,63,69,49,78,65,28,51,33,22,299033
14609,2019,5,12,2,3,13,53,28,64,69,47,73,52,24,50,31,16,344922
29935,2019,2,4,0,2,6,25,5,61,69,57,78,59,28,52,50,23,260555
7459,2019,11,4,7,3,15,236,40,63,79,53,88,72,28,49,35,17,560921
7540,2019,16,18,17,9,34,267,171,58,75,53,83,62,27,47,35,15,889317
13447,2019,13,21,3,8,33,75,95,64,65,48,70,59,29,52,34,22,678685
34298,2019,4,4,4,1,8,54,37,60,71,45,77,62,29,49,39,20,504947
655,2019,11,15,20,18,26,616,111,66,83,54,94,74,20,36,29,5,590971
17359,2019,6,6,0,1,12,11,17,69,62,49,70,57,32,54,47,31,377703
34233,2019,12,19,13,10,30,248,121,61,73,51,81,66,25,43,33,14,699963
18772,2019,10,7,10,2,15,130,38,67,74,53,83,59,26,51,27,13,345270
36449,2019,10,13,4,9,21,200,57,62,72,44,74,57,25,45,45,18,466887
11517,2019,0,3,0,0,3,26,15,59,69,43,69,52,26,41,50,13,190413
28898,2019,3,6,4,4,9,65,49,58,73,51,77,56,27,44,32,13,383792
18736,2019,2,4,2,0,6,24,18,57,68,53,77,61,25,47,36,15,274758
7393,2019,3,4,3,0,6,16,14,59,66,56,76,56,24,54,29,14,207430
831,2019,13,9,5,5,22,148,56,58,75,51,82,61,28,49,39,22,559329
12614,2019,6,12,8,5,14,89,48,58,69,51,74,57,28,48,34,18,396541
18017,2019,9,11,5,10,17,166,68,65,73,51,84,68,26,43,33,14,422654
23595,2019,4,8,4,3,12,102,35,68,71,46,78,67,22,41,30,9,317055
8721,2019,1,1,0,0,1,0,1,71,54,31,38,50,30,58,67,22,93151
22429,2019,4,7,2,3,8,36,23,60,71,50,75,50,27,51,41,19,204589
17928,2019,3,2,2,0,3,17,11,61,76,45,76,60,22,45,38,15,135069
20648,2019,13,18,4,8,29,94,66,65,66,46,69,56,29,48,41,22,408452
1035,2019,8,12,4,5,20,103,42,65,74,52,80,53,27,50,44,21,870663
11373,2019,3,6,2,4,9,60,20,60,73,45,78,62,25,43,54,17,291156
13429,2019,11,22,6,6,33,199,120,57,69,49,72,55,29,46,38,18,660316
4454,2019,10,18,9,8,28,65,86,67,68,52,78,62,24,52,38,17,627839
2123,2019,6,10,7,10,16,80,52,61,72,51,80,64,25,44,33,14,393315
28586,2019,5,7,3,2,12,39,62,66,65,49,72,56,28,51,40,23,408756
9584,2019,10,21,3,7,31,193,125,54,71,46,73,58,27,48,38,20,533826
20463,2019,1,1,0,1,2,13,5,63,72,57,87,63,37,48,43,25,118485
1569,2019,1,1,1,0,2,10,5,54,73,49,81,69,18,39,38,12,164740
6465,2019,8,4,0,3,12,130,32,65,76,50,89,63,31,49,38,24,530582
37105,2019,2,0,0,0,0,0,0,0,0,0,0,0,0,0,0,0,55173
12430,2019,5,14,5,5,17,87,58,59,69,49,73,46,22,46,32,12,376683
1075,2019,11,7,7,8,17,147,47,58,75,50,80,60,29,53,38,22,497751
11310,2019,3,6,2,4,9,24,10,63,63,51,70,59,28,50,45,24,213395
9649,2019,3,6,0,3,8,26,18,66,66,55,82,63,21,55,31,13,180645
26059,2019,6,8,1,5,14,74,34,64,71,51,77,54,25,47,45,19,391115
18094,2019,10,12,4,4,22,96,56,62,68,51,75,64,27,48,42,19,388801
26922,2019,0,2,0,1,2,2,8,62,58,46,59,52,27,51,29,18,114409
28296,2019,8,12,6,7,18,118,103,60,71,48,75,63,27,51,29,19,306502
12594,2019,6,14,7,4,20,63,88,62,68,46,71,59,28,48,41,19,380596
8564,2019,7,3,3,2,8,33,32,60,68,56,84,76,31,47,48,23,146653
13032,2019,1,1,0,1,2,3,2,67,61,71,81,69,25,64,27,33,126864
25365,2019,1,2,1,1,3,12,12,64,67,48,71,60,25,58,32,28,180520
11003,2019,4,14,4,6,18,158,82,59,72,52,80,64,22,41,33,10,457815
11881,2019,2,5,0,1,7,21,15,59,62,51,65,54,24,49,41,19,136336
26140,2019,2,4,2,4,5,39,3,65,71,55,85,72,25,49,43,14,155348
13048,2019,1,9,1,4,10,32,39,60,67,46,67,50,23,42,41,13,290882
7555,2019,0,9,0,3,7,20,22,64,66,40,66,56,25,49,49,20,156040
9675,2019,10,20,7,9,27,117,122,59,67,48,72,60,27,49,44,20,584670
1576,2019,0,2,0,1,1,1,5,64,55,38,43,43,19,37,0,0,74049
26153,2019,1,1,1,1,0,0,0,0,0,0,0,0,0,0,0,0,61368
961,2019,6,10,3,1,16,70,46,60,69,52,75,64,23,46,32,14,310809
13269,2019,0,2,0,2,1,2,2,61,46,46,43,43,31,40,75,23,140037
10971,2019,1,0,0,0,0,0,0,0,0,0,0,0,0,0,0,0,100991
8313,2019,0,3,0,1,3,13,13,55,68,44,63,44,34,44,42,20,168005
10202,2019,1,2,2,2,3,10,10,69,66,47,70,69,32,48,61,23,104192
9094,2019,6,6,7,2,8,77,27,60,77,48,83,57,23,45,37,12,335000
1266,2019,5,6,3,2,9,82,24,64,70,51,79,64,23,45,30,12,243023
13820,2019,0,1,0,0,1,10,5,55,69,48,67,44,19,50,43,20,99920
9229,2019,8,20,8,5,26,294,88,58,74,49,77,60,23,43,33,11,559344
28992,2019,1,3,1,2,4,24,27,49,67,52,72,62,25,38,36,14,204063
22437,2019,1,1,0,0,2,6,8,54,59,42,56,47,39,59,53,47,103377
27547,2019,1,2,2,0,2,11,7,52,70,54,71,45,26,46,33,10,134660
5838,2019,5,12,1,2,15,54,28,63,67,47,73,67,24,47,37,13,322391
7295,2019,4,4,3,0,8,64,34,63,72,51,80,64,24,48,46,15,178215
19689,2019,3,4,1,2,7,60,18,56,72,51,78,60,29,50,40,21,243966
23298,2019,2,2,0,2,2,1,3,63,57,40,56,48,37,51,50,32,177490
6081,2019,15,18,8,10,29,198,109,56,73,49,78,62,28,47,38,18,887237
20819,2019,1,3,0,3,4,35,16,57,71,56,83,57,25,46,37,19,208229
48442,2019,2,5,3,2,7,54,35,58,68,50,76,65,17,45,28,10,219526
13796,2019,7,10,3,4,17,58,46,62,68,49,71,50,28,49,38,20,322799
19910,2019,1,2,0,2,1,0,4,58,58,58,70,0,26,55,13,18,142614
17123,2019,0,1,0,0,1,2,2,69,57,36,50,70,15,41,50,8,167336
23260,2019,0,1,0,0,1,2,5,61,73,44,71,60,10,46,20,7,90394
27358,2019,0,2,0,1,2,0,7,64,51,34,35,32,30,36,25,15,185898
17964,2019,0,1,0,0,0,0,0,0,0,0,0,0,0,0,0,0,85603
14856,2019,0,2,0,1,2,10,6,65,60,44,65,53,25,40,9,4,135921
18612,2019,2,2,0,1,3,0,0,79,62,56,79,73,36,48,43,31,121879
23147,2019,2,5,2,2,6,53,28,65,74,45,77,53,29,45,27,13,165687
10813,2019,1,2,1,0,1,0,2,67,70,46,79,67,13,49,40,13,95127
26218,2019,1,7,0,1,6,24,24,64,66,46,68,57,32,44,34,19,133368
3492,2019,4,12,4,6,14,77,28,66,72,49,80,64,21,46,33,11,257032
33860,2019,1,3,1,2,2,2,4,71,69,51,83,50,17,45,38,14,127782
4009,2019,4,3,1,3,7,40,29,55,78,46,78,58,31,51,36,23,183077
4146,2019,1,4,2,1,4,26,17,64,69,50,74,50,27,39,40,13,212270
5127,2019,1,3,0,0,4,21,9,61,71,50,76,65,21,47,11,5,136525
6820,2019,0,3,1,1,3,13,10,52,74,49,74,53,18,48,25,8,185186
11522,2019,7,15,5,5,22,201,42,65,68,44,73,62,22,45,34,13,374885
14536,2019,0,1,0,1,1,14,4,54,83,60,91,50,12,44,0,0,119713
25077,2019,0,1,0,0,0,0,0,0,0,0,0,0,0,0,0,0,68037
26845,2019,4,4,1,1,5,19,7,60,70,61,85,56,31,43,41,20,147504
7462,2019,1,6,2,2,4,11,5,68,62,55,67,47,26,39,24,10,211945
578,2019,4,3,2,6,7,50,19,59,72,54,90,77,26,48,37,17,1355053
24249,2019,0,1,0,0,0,0,0,0,0,0,0,0,0,0,0,0,40248
22432,2019,3,3,1,2,6,41,18,63,73,49,82,70,30,49,38,22,219385
5992,2020,41,5,15,2,46,278,137,64,75,53,86,67,35,58,43,33,6511233
677,2020,27,7,8,8,34,157,66,64,75,58,87,68,35,57,49,34,3881202
20650,2020,25,9,17,11,34,244,101,63,74,51,84,66,33,50,42,26,6030756
22807,2020,28,10,6,5,38,355,99,61,78,54,86,64,31,56,42,27,3622891
19,2020,5,1,3,1,6,66,13,66,74,53,86,67,32,50,40,25,714792
30470,2020,29,14,13,12,41,302,87,65,76,57,88,64,29,50,39,22,2106450
24008,2020,28,11,11,9,39,422,220,68,77,45,83,61,33,51,43,27,3279966
29372,2020,41,10,11,10,51,411,76,60,79,54,86,64,32,53,44,29,2223865
17829,2020,25,15,10,5,40,56,119,63,65,50,72,57,34,57,47,35,1585369
29812,2020,9,6,5,6,15,152,34,61,81,57,91,68,28,48,31,18,762245
5917,2020,16,7,5,1,23,148,89,68,72,47,82,63,30,55,40,27,1297224
33502,2020,17,15,7,10,32,307,189,60,75,49,82,64,30,49,36,22,1343192
1837,2020,20,8,6,3,28,97,54,67,68,56,80,63,33,58,42,34,1390184
11704,2020,23,9,13,8,32,529,110,64,83,56,94,76,27,48,36,18,962836
11226,2020,12,11,9,5,23,130,97,59,71,46,75,58,31,53,41,26,1078330
14432,2020,20,12,6,4,32,157,52,68,70,51,79,62,28,52,37,25,1941470
4067,2020,6,10,6,4,15,76,60,56,70,52,75,58,29,47,43,18,713097
1092,2020,15,8,6,4,23,225,39,60,75,52,83,65,30,50,37,21,842428
11953,2020,18,11,8,8,29,131,132,62,70,50,79,66,33,53,45,29,1014862
25543,2020,20,15,12,8,35,236,92,64,72,51,81,60,28,53,45,23,1290040
40434,2020,23,19,14,9,42,362,175,64,75,50,82,66,29,46,35,19,1238721
24840,2020,18,12,6,4,30,142,129,61,70,48,75,56,31,52,40,26,1089019
39309,2020,13,10,6,8,23,80,63,62,70,49,77,62,32,53,43,25,1057168
25165,2020,16,12,8,9,28,179,56,63,72,50,80,62,27,51,43,22,1167582
5837,2020,10,10,15,9,20,425,64,72,78,55,92,77,20,41,29,8,655499
12190,2020,14,16,10,9,30,119,57,67,68,52,76,57,31,48,36,21,1038374
33648,2020,22,13,4,9,34,140,61,67,71,55,84,64,29,50,35,23,1013473
12043,2020,10,13,4,11,23,236,151,54,75,44,75,61,30,51,38,24,600914
29932,2020,14,15,5,11,28,333,60,61,78,50,84,62,26,52,32,19,945889
38911,2020,24,12,14,6,36,244,100,62,75,52,84,68,29,48,35,20,722534
13277,2020,16,12,5,8,28,120,48,65,68,50,77,68,30,56,44,27,760072
9305,2020,19,14,8,7,33,129,74,60,70,51,78,59,31,51,42,25,984826
31392,2020,12,14,8,8,26,127,52,64,73,49,81,64,28,46,38,18,703352
26473,2020,15,13,6,6,28,232,107,60,74,46,79,59,28,51,42,22,830683
7806,2020,14,17,8,7,31,157,91,58,71,50,76,61,30,51,40,24,630297
14177,2020,15,15,4,8,28,252,80,56,76,49,80,60,29,51,38,23,921158
47275,2020,19,11,6,6,30,102,69,61,71,50,80,65,34,52,46,29,736791
9831,2020,18,13,9,10,29,133,69,59,69,53,78,64,29,53,42,25,630279
28087,2020,12,8,6,8,19,374,50,65,80,51,90,67,22,39,38,12,493655
14716,2020,4,13,1,3,16,73,86,56,66,44,67,59,27,47,27,15,597036
8806,2020,2,4,2,1,6,7,15,63,62,53,66,51,29,54,33,24,174002
6101,2020,14,12,7,10,24,240,88,60,77,50,83,68,27,50,36,18,820529
9471,2020,7,10,5,7,17,78,57,63,69,50,77,56,29,50,37,22,548688
34337,2020,17,12,4,4,29,147,79,57,71,51,77,62,29,51,40,24,543873
22434,2020,6,3,7,5,9,176,25,71,78,53,93,72,20,51,50,13,556370
6691,2020,9,14,4,11,23,52,62,62,65,53,74,63,30,49,40,23,522758
674,2020,10,10,6,3,20,91,50,60,72,51,76,61,26,47,41,21,396616
20847,2020,10,9,3,7,19,108,51,61,73,50,81,63,29,52,33,22,452116
12662,2020,8,13,7,10,21,245,68,63,74,50,84,67,24,47,32,15,750328
24245,2020,14,16,8,5,28,273,149,57,76,45,78,62,28,45,32,16,623356
22433,2020,11,12,6,4,22,115,43,62,71,49,77,60,27,49,35,19,600961
36519,2020,13,10,5,4,23,38,68,66,64,49,70,58,34,52,41,29,610642
4061,2020,3,6,4,3,9,151,32,61,79,50,80,40,23,44,30,13,365882
29935,2020,15,13,6,7,27,138,58,59,69,52,77,59,28,51,42,23,581409
13674,2020,14,11,5,6,23,94,65,59,66,49,71,57,33,52,41,29,802209
24225,2020,14,12,5,5,26,56,36,67,65,56,77,62,30,52,37,25,642719
24084,2020,13,9,6,5,22,99,89,59,70,48,74,52,32,51,48,27,351365
10995,2020,10,12,2,7,22,207,82,57,78,48,83,62,24,46,33,15,581993
29939,2020,9,11,7,5,20,92,42,63,69,50,77,62,28,48,39,20,546000
1841,2020,4,12,1,2,16,16,60,63,66,47,70,56,30,53,39,21,356500
9094,2020,16,10,5,7,26,266,83,61,77,50,86,71,26,48,36,17,635472
3985,2020,0,2,1,1,2,13,4,69,74,43,73,33,19,33,0,0,85047
4010,2020,11,12,4,2,23,98,70,56,70,49,73,53,35,51,42,29,486084
468,2020,7,10,5,5,17,241,87,54,78,48,82,68,23,43,35,13,488697
672,2020,6,7,2,0,13,82,34,67,70,48,77,59,28,53,29,19,236103
34298,2020,7,6,3,0,12,48,35,65,65,48,70,64,35,51,43,29,377858
3577,2020,8,14,4,7,20,122,64,61,70,48,76,62,28,47,35,18,469082
18017,2020,12,6,7,4,16,180,40,66,76,50,82,53,27,52,37,20,328592
9833,2020,7,7,5,6,14,62,49,59,71,51,78,56,26,53,41,22,486132
27851,2020,9,13,1,6,22,120,96,65,67,50,73,60,31,49,42,24,566434
11178,2020,6,8,5,9,14,114,40,60,73,49,81,61,23,47,33,13,408246
18736,2020,9,9,3,6,18,98,24,63,69,49,74,60,26,51,37,20,438377
12097,2020,7,10,6,7,16,103,45,58,74,47,77,58,27,48,39,18,560056
7043,2020,2,5,0,1,7,56,40,61,70,43,72,60,27,52,30,18,326013
17359,2020,7,13,2,5,20,95,69,56,68,51,74,63,26,49,32,17,510600
36263,2020,10,10,7,7,20,41,61,70,66,49,74,61,31,49,39,23,533120
18772,2020,13,10,8,7,21,203,75,64,75,52,84,60,26,48,39,17,393049
20694,2020,9,10,4,5,17,52,54,62,68,55,75,57,28,51,44,22,443536
20104,2020,8,13,7,5,21,98,49,67,67,50,75,55,29,49,33,20,444436
7459,2020,10,10,7,7,20,251,71,64,76,48,83,65,26,45,38,17,757447
11940,2020,9,12,7,3,21,82,86,63,69,47,74,62,29,51,35,21,365758
14727,2020,10,10,4,4,20,151,81,57,73,48,78,58,31,50,41,23,516717
14609,2020,8,10,7,9,16,104,31,69,74,53,83,64,27,49,40,19,411277
27358,2020,9,8,2,2,17,36,66,68,65,45,74,66,31,54,43,28,476683
37105,2020,6,9,3,3,15,85,70,63,72,50,76,52,31,52,38,23,314047
36449,2020,12,12,7,6,22,221,50,67,74,47,80,58,27,48,36,18,474484
17928,2020,7,8,3,3,15,74,51,61,71,50,76,58,31,52,36,22,450271
9043,2020,6,10,4,6,15,49,28,62,65,51,72,59,28,54,55,25,515667
11923,2020,1,9,0,3,9,39,26,57,64,49,67,52,27,42,27,12,307454
18720,2020,6,9,6,1,15,34,31,70,61,46,66,61,32,54,41,25,434045
8564,2020,6,6,1,3,10,24,52,54,70,47,72,59,32,49,40,25,294274
10828,2020,7,12,1,3,19,34,56,62,65,48,70,55,28,52,33,22,421904
35957,2020,6,7,0,3,11,43,32,66,64,45,68,54,31,50,49,25,293740
28762,2020,8,7,7,4,15,76,41,62,71,54,80,61,28,51,39,20,376025
22429,2020,6,12,3,5,16,80,34,65,66,51,74,56,27,50,40,19,396148
21506,2020,6,8,2,1,14,27,34,66,61,49,66,53,29,51,39,25,409863
678,2020,2,7,0,3,8,34,12,58,68,52,74,64,26,47,48,19,323842
14856,2020,7,3,1,1,10,23,16,61,71,52,80,53,35,49,46,31,142768
20463,2020,6,6,7,4,11,75,35,65,69,50,77,67,29,46,37,18,418744
8721,2020,4,10,2,3,12,26,23,65,64,51,72,64,34,48,37,24,294421
7393,2020,3,6,0,2,9,24,19,61,67,46,69,66,29,40,62,21,291282
11517,2020,4,8,5,4,12,89,42,56,72,51,81,65,22,41,26,8,331340
16996,2020,1,7,0,3,7,48,22,61,69,40,70,59,25,49,22,12,275383
7555,2020,4,3,4,0,6,27,22,64,70,48,77,66,31,46,34,18,192532
791,2020,7,7,3,3,14,67,28,62,68,52,77,58,28,49,43,21,354062
28898,2020,0,4,0,2,4,21,15,52,68,44,63,56,20,50,32,14,271176
28296,2020,3,5,3,3,7,47,16,67,73,48,82,59,25,54,35,20,174827
20654,2020,4,8,5,5,12,86,32,64,71,50,78,61,26,46,30,15,362948
31358,2020,3,8,1,3,11,21,29,64,66,47,70,58,30,56,34,24,324642
18477,2020,4,7,1,1,9,12,22,75,60,41,61,51,33,49,37,21,267306
18524,2020,2,3,1,1,5,29,24,55,74,48,81,65,29,49,48,20,142830
34233,2020,2,5,2,3,7,57,34,63,72,51,81,63,24,45,34,11,269907
13429,2020,0,1,1,0,1,19,7,62,74,52,81,58,17,52,75,11,138272
26845,2020,4,3,1,0,5,27,4,64,65,49,72,57,34,49,38,25,260972
36858,2020,6,3,3,3,8,50,23,60,72,51,81,67,33,49,34,25,234595
20648,2020,1,4,2,2,5,38,13,59,70,53,77,58,24,49,23,13,158556
42451,2020,3,3,0,1,6,33,15,70,64,53,74,55,31,49,41,26,341104
13447,2020,2,8,3,1,8,20,30,62,64,45,65,51,26,46,22,12,198572
24721,2020,1,2,1,1,3,23,6,64,69,50,77,73,22,51,53,19,196436
28586,2020,0,3,0,1,3,3,13,66,59,41,58,40,22,46,67,12,159567
1075,2020,3,4,3,0,7,33,28,52,69,50,73,56,25,44,34,12,249361
11373,2020,1,4,1,0,5,15,21,57,69,40,64,50,24,43,36,13,210323
25365,2020,2,4,2,2,6,36,26,68,63,47,71,60,31,52,45,23,314705
11881,2020,1,4,1,2,5,24,12,62,63,55,74,57,31,46,27,19,118052
13796,2020,2,3,1,1,5,32,21,59,69,53,77,68,29,47,22,17,114629
46722,2020,2,3,0,1,5,36,27,55,71,44,70,47,32,44,50,25,263779
63572,2020,5,3,2,0,8,19,13,64,68,47,78,63,33,54,49,31,174155
12430,2020,1,4,2,1,4,30,4,66,68,48,76,66,25,44,36,10,134021
29732,2020,3,3,3,1,6,34,17,58,70,49,76,68,34,46,36,22,266890
13048,2020,1,6,1,3,6,26,22,56,68,50,75,57,25,46,32,14,188652
9649,2020,3,6,1,3,9,29,17,66,65,48,68,54,31,49,35,22,250738
1569,2020,2,4,1,2,5,15,9,65,69,54,78,52,25,45,40,17,209139
12614,2020,2,6,2,3,6,34,13,59,70,45,72,59,25,49,39,15,128141
7540,2020,0,8,2,2,7,37,44,58,69,53,78,60,25,36,29,7,234971
26922,2020,1,5,1,1,5,7,17,68,65,43,64,55,30,49,30,21,155642
13820,2020,0,3,0,2,3,27,11,54,72,49,74,48,32,44,43,19,155492
22437,2020,2,2,1,1,4,14,13,60,73,53,78,52,31,57,35,26,297428
52279,2020,0,1,0,0,1,0,2,59,54,49,62,55,37,48,80,31,50115
20819,2020,2,2,0,0,4,13,13,56,70,49,74,52,36,51,41,30,96178
68074,2020,1,1,2,0,2,6,9,65,66,43,69,58,39,51,24,25,81932
14387,2020,2,2,1,0,4,25,21,64,64,38,59,66,38,52,46,34,59760
29665,2020,1,2,0,1,3,9,10,63,69,53,79,68,27,43,35,18,81216
44555,2020,2,3,2,2,4,33,13,65,65,47,71,59,30,54,54,27,181519
9584,2020,1,3,1,1,4,37,18,58,73,50,80,64,30,42,32,15,177463
2123,2020,1,4,0,1,5,14,15,58,68,44,68,54,25,50,32,16,176126
655,2020,1,4,1,4,5,67,18,65,77,56,89,67,16,44,18,5,186886
35297,2020,4,2,2,0,6,56,23,57,73,53,81,70,26,53,37,24,45354
11003,2020,0,1,0,0,1,10,5,63,63,44,63,65,23,39,50,6,112859
9675,2020,0,2,0,1,2,10,3,55,68,48,65,53,28,47,31,17,66293
11981,2020,1,2,2,0,3,9,16,60,58,44,52,45,30,44,50,20,178865
33860,2020,0,3,0,2,2,7,6,65,69,35,64,53,5,45,0,0,122462
10813,2020,1,4,2,2,3,17,14,62,62,44,65,60,26,45,38,18,178722
26153,2020,3,1,3,1,2,3,0,56,70,54,79,56,34,36,63,26,56772
27547,2020,1,1,1,1,2,12,13,55,66,46,68,64,35,51,56,32,101917
10971,2020,1,3,3,1,3,9,4,63,62,43,63,47,27,45,43,14,120021
46747,2020,3,3,2,0,6,13,12,59,63,51,72,70,36,48,38,26,341937
28899,2020,2,2,0,0,4,18,6,57,69,46,73,56,34,51,58,30,202104
56846,2020,3,2,3,1,5,34,12,61,72,59,87,67,27,52,48,19,168868
54207,2020,1,1,0,1,2,44,25,57,75,54,85,69,23,51,50,15,156022
30087,2020,3,3,0,1,4,21,10,65,70,56,82,59,25,56,38,15,145863
23142,2020,0,1,0,0,1,5,3,56,62,49,67,62,32,60,33,27,106188
19689,2020,3,3,2,2,6,48,17,64,68,54,76,60,25,50,34,18,145786
4454,2020,0,1,0,0,1,1,0,60,52,29,29,38,33,52,14,13,31804
11310,2020,0,1,0,2,1,4,2,53,73,64,92,0,17,32,33,8,74376
26925,2020,2,4,0,1,6,40,14,71,66,45,71,54,29,42,40,20,276247
18612,2020,1,2,1,2,3,5,4,63,60,51,76,70,28,54,37,21,70456
23298,2020,0,4,0,0,2,5,1,69,68,38,65,50,21,40,17,5,127841
28170,2020,0,1,1,0,1,12,2,65,68,46,80,71,20,40,0,0,137398
13032,2020,0,1,0,0,1,2,5,68,66,28,63,30,32,42,50,21,159336
13844,2020,2,1,0,1,3,11,3,63,74,59,90,75,20,47,64,24,97627
6848,2020,4,2,2,2,4,49,18,60,75,60,89,74,21,47,29,13,176480
28900,2020,1,1,0,0,2,2,1,59,64,64,74,44,35,57,35,30,78480
20396,2020,1,0,0,1,0,0,0,0,0,0,0,0,0,0,0,0,76711
3492,2020,0,3,0,0,1,2,2,64,66,28,50,60,5,50,0,0,24344
17964,2020,0,3,0,0,3,8,7,55,62,45,58,43,24,40,29,13,80173
8313,2020,1,1,0,0,2,15,5,71,69,43,78,50,22,56,36,14,104300
18016,2020,0,1,0,0,1,3,1,62,67,38,67,60,24,38,67,11,107977
23260,2020,1,0,1,0,0,0,0,0,0,0,0,0,0,0,0,0,42934
23147,2020,0,2,0,2,1,17,6,57,77,43,81,67,18,45,20,13,62267
25368,2020,0,1,0,1,1,6,2,58,74,58,90,71,19,29,50,5,106517
17123,2020,1,1,0,0,2,17,5,62,66,47,68,47,23,50,55,20,161509
18094,2020,4,8,2,2,12,61,27,65,65,49,72,52,29,51,45,22,366933
58327,2020,0,1,0,1,1,2,4,67,59,52,71,74,28,62,64,38,95486
28267,2020,0,1,0,0,1,8,2,49,71,37,57,57,32,42,9,7,129346
6081,2020,1,2,0,3,1,12,4,56,76,51,88,80,28,41,29,13,76782
27111,2020,1,1,1,0,2,35,18,53,82,50,88,78,23,52,22,15,149619
4146,2020,1,1,0,0,1,3,4,38,81,54,63,50,15,29,0,0,84400
5992,2021,55,7,12,12,58,464,151,65,76,54,87,66,36,55,45,35,9100547
22807,2021,63,13,12,11,71,652,216,62,78,53,87,61,33,55,47,31,7481271
24008,2021,59,15,25,12,74,749,271,68,77,52,86,61,31,53,42,28,6420344
30470,2021,55,19,16,13,74,487,150,63,76,57,88,66,31,51,43,25,3579155
29372,2021,53,23,18,15,71,518,136,60,77,51,85,65,30,54,43,25,3331378
677,2021,24,5,3,3,29,116,79,64,73,54,84,66,34,57,44,36,1478830
29812,2021,41,12,20,11,53,614,87,64,79,53,90,73,30,47,41,21,3231908
33648,2021,57,17,14,9,70,344,132,64,74,57,85,61,30,54,45,27,2314629
26473,2021,36,23,20,13,59,580,98,63,75,53,86,64,28,49,36,20,2313289
47275,2021,49,22,22,14,68,325,135,60,71,54,81,66,31,52,44,26,2233199
40434,2021,38,24,16,13,62,560,257,63,77,50,84,59,30,49,37,21,2144102
27851,2021,52,25,9,9,74,347,200,66,71,50,81,60,32,53,45,28,2623881
17829,2021,38,23,7,5,59,88,164,64,68,50,76,59,35,55,45,34,1774027
33502,2021,30,23,8,10,53,428,316,60,77,50,85,70,29,49,39,21,1669641
20650,2021,9,9,4,3,18,80,41,64,73,51,80,65,29,52,40,23,698641
19,2021,9,4,6,3,13,109,11,66,74,57,87,68,28,48,35,18,647655
24840,2021,21,18,6,9,37,180,97,62,69,51,77,64,33,50,42,27,980602
18524,2021,34,20,6,9,54,248,199,60,72,53,80,61,31,51,39,26,1873966
1837,2021,29,25,9,12,54,178,91,66,69,52,78,59,29,55,43,26,1372817
14432,2021,38,18,15,7,54,186,72,69,71,54,82,66,28,51,43,23,1316429
5917,2021,18,17,7,9,35,320,170,61,74,47,80,61,31,50,37,23,1013517
14716,2021,33,27,14,6,60,236,204,57,69,50,74,57,31,52,43,26,1691935
29932,2021,34,22,20,15,56,530,173,59,75,51,82,62,27,49,38,21,1431817
5837,2021,23,13,22,12,34,701,69,69,79,56,92,63,20,42,28,9,786878
9305,2021,25,23,10,11,45,177,117,62,70,52,79,66,30,51,42,23,1207495
28087,2021,21,23,22,17,43,737,103,66,77,55,88,66,20,44,36,10,1237238
31392,2021,30,24,14,12,51,311,94,66,72,51,82,61,29,48,39,21,1168473
11953,2021,24,18,6,12,42,209,145,64,73,51,81,63,31,51,41,25,1383093
25543,2021,35,24,18,12,59,428,140,63,72,53,82,66,29,51,39,22,1319971
6101,2021,33,23,15,14,51,546,190,58,78,48,82,64,29,50,36,22,923606
36449,2021,30,22,9,15,51,576,118,66,76,49,84,62,26,49,39,19,1387252
68074,2021,32,17,17,10,49,151,107,63,68,54,76,60,33,53,44,31,1632676
12190,2021,18,28,5,9,44,141,81,68,65,51,75,59,29,50,37,22,1073042
39309,2021,25,25,9,10,48,145,97,60,69,53,77,61,32,50,41,25,1260688
38911,2021,19,19,15,11,38,319,111,63,76,52,85,67,25,45,31,14,724350
24245,2021,35,30,11,13,62,840,417,57,77,46,81,66,28,46,39,20,1228163
4067,2021,22,24,14,7,46,128,187,60,68,48,73,59,32,49,41,24,1277392
29939,2021,33,24,19,17,56,386,136,61,72,53,82,64,28,51,39,21,1295951
11226,2021,14,15,2,7,29,143,102,59,70,47,74,58,32,52,42,27,545040
13674,2021,26,24,13,18,49,206,189,59,71,52,78,61,31,50,41,25,1196896
42451,2021,31,18,10,11,49,266,123,65,71,51,81,66,31,52,39,25,1128413
13277,2021,19,23,5,12,41,175,84,62,69,51,78,63,28,50,40,22,925795
29935,2021,25,23,8,10,48,193,113,61,70,52,78,59,31,50,39,23,896438
68074,2022,57,13,22,15,67,258,173,66,72,55,84,65,34,53,40,31,10102330
677,2022,39,8,13,5,47,228,168,65,73,55,83,61,34,54,44,31,9368326
33648,2022,51,22,26,13,70,410,144,65,75,55,85,63,29,50,37,23,8126816
28267,2021,2,4,1,3,6,44,8,57,76,51,80,55,27,44,40,16,193712
17359,2021,5,19,2,12,24,83,61,59,65,50,70,58,26,50,32,20,511898
13447,2021,4,6,3,2,8,9,17,70,69,44,71,60,30,43,48,18,226982
26221,2021,0,1,0,0,1,1,1,76,55,62,56,43,27,55,25,11,82470
26381,2021,1,4,0,3,5,45,12,70,70,53,83,68,24,46,32,12,206357
7393,2021,2,6,1,1,8,25,12,61,68,45,65,44,21,51,28,12,227366
26706,2021,3,3,2,1,5,17,14,54,67,49,67,60,28,52,46,26,138535
5136,2021,5,7,1,3,9,57,28,58,70,54,79,49,23,47,39,20,211974
27111,2021,5,4,1,0,9,30,15,66,69,46,74,56,30,52,49,27,256453
18485,2021,3,4,1,4,7,47,9,60,74,52,82,58,24,51,42,20,196289
20654,2021,1,6,2,2,7,33,18,63,69,40,67,56,29,46,26,16,254946
28900,2021,2,4,2,4,6,43,18,64,70,48,77,62,28,55,41,26,258975
46752,2021,1,2,1,1,2,10,7,65,74,38,77,55,23,37,15,9,111435
17123,2021,0,2,0,1,2,5,6,61,63,45,67,40,15,40,0,0,151603
26218,2021,5,8,1,6,10,37,45,54,67,48,66,50,33,50,37,29,212981
22432,2021,2,4,3,3,6,90,24,62,78,52,87,68,25,51,35,17,235922
11373,2021,1,6,0,4,7,37,21,56,70,51,81,56,20,42,36,11,229464
7555,2021,2,8,1,0,10,20,30,60,65,46,66,52,22,47,37,13,208717
46722,2021,0,3,2,0,3,24,11,56,75,53,78,58,23,41,24,9,95095
24721,2021,4,9,7,6,13,107,15,64,75,51,83,61,25,46,38,13,355826
30470,2022,61,24,29,18,83,628,175,63,76,55,86,66,29,50,41,21,6614416
5992,2022,42,7,19,5,49,291,92,66,77,56,88,64,33,56,43,29,9934582
40434,2022,60,27,32,24,81,890,278,65,77,50,86,67,31,48,38,21,4801292
22807,2022,45,19,17,12,64,590,253,64,76,51,86,68,32,54,42,27,4178524
29372,2022,51,20,15,10,71,558,147,62,77,51,85,64,30,51,39,24,4666954
29932,2022,46,21,25,20,62,642,135,62,76,53,84,62,30,52,38,24,4570481
26473,2022,41,21,22,26,62,827,101,63,78,55,91,70,27,48,38,18,3764164
69471,2022,39,24,15,12,63,278,218,64,72,53,83,65,30,50,41,22,2623289
24008,2022,29,10,12,3,37,272,141,70,74,48,83,61,33,50,46,26,2678178
14432,2022,37,25,14,12,61,242,112,67,71,57,83,63,30,52,39,24,2885865
27851,2022,49,26,17,12,72,330,143,65,71,51,81,63,31,53,44,27,2928356
47275,2022,47,16,16,7,59,370,173,58,74,53,83,63,32,53,41,27,2855466
29812,2022,32,12,17,10,41,508,85,64,78,52,88,69,29,45,37,18,2193774
6101,2022,32,21,12,11,51,588,171,59,78,52,86,65,31,50,39,23,1971088
33502,2022,34,26,20,19,57,496,324,62,77,53,85,65,28,48,36,18,2595551
29939,2022,35,25,30,15,59,493,142,57,74,52,81,64,26,51,38,19,2106104
25543,2022,36,25,13,16,61,476,156,64,73,51,82,64,28,49,41,20,1985393
1837,2022,39,20,15,13,53,146,88,66,71,54,82,61,30,55,39,27,1804064
22434,2022,37,10,16,13,47,747,160,68,79,56,93,76,27,48,43,19,3490464
63572,2022,34,29,14,18,59,209,122,65,69,54,78,58,30,50,46,24,1661181
39309,2022,47,25,16,12,65,238,142,60,69,52,78,63,33,53,44,29,2057316
17829,2022,31,26,10,13,55,65,208,67,63,49,70,59,35,54,43,32,2004231
25165,2022,20,13,13,4,28,190,51,62,74,54,83,61,26,49,33,16,1603586
9305,2022,30,27,11,11,55,237,134,62,72,51,79,60,30,51,42,24,1790187
11953,2022,26,22,10,12,48,267,141,63,75,51,82,60,30,50,39,22,1540569
34337,2022,38,26,14,14,61,223,89,63,69,55,79,62,31,53,41,25,1560836
52279,2022,23,22,7,8,43,117,129,62,67,51,75,62,33,52,41,28,1179166
36519,2022,21,26,9,15,47,147,132,67,66,52,74,54,32,50,40,26,1662555
29935,2022,39,27,15,16,62,250,155,62,71,51,80,62,31,50,39,24,1539608
42451,2022,34,22,13,12,55,325,132,63,70,50,80,62,32,50,42,26,1103155
54207,2022,26,27,20,30,53,768,439,62,78,54,89,67,24,42,40,13,1146312
24249,2022,38,29,19,9,62,402,239,63,72,48,78,62,32,50,42,25,1474274
24225,2022,19,17,9,7,36,81,38,67,64,55,76,61,26,54,42,22,981373
24245,2022,33,27,13,14,55,715,363,59,78,44,81,63,30,46,40,20,1252206
28087,2022,21,15,17,17,36,573,76,65,79,58,91,71,22,42,31,11,881496
6691,2022,25,27,11,12,51,129,93,65,66,51,75,62,31,51,41,23,1118452
37105,2022,35,29,12,7,60,220,186,67,69,51,78,60,32,52,40,25,1029911
5837,2022,23,17,30,19,40,895,109,68,81,53,92,70,21,39,29,8,1668178
63017,2022,19,14,7,11,33,271,102,59,76,51,85,71,28,52,41,24,883005
52721,2022,26,30,6,13,52,88,106,72,64,52,74,59,32,51,39,25,926683
28170,2022,22,19,13,11,40,384,73,66,75,49,84,65,24,45,34,14,869291
31392,2022,26,29,17,13,52,313,95,68,72,50,81,63,31,45,42,20,1210391
7806,2022,28,26,11,11,52,280,112,60,71,54,80,60,27,51,35,20,1084449
56846,2022,35,23,31,11,58,431,91,65,75,53,84,62,27,49,38,19,1662689
40609,2022,24,22,6,4,46,127,62,66,66,52,75,58,32,50,44,26,1062932
1075,2022,26,19,10,9,44,290,120,60,74,49,79,57,29,55,39,24,933978
34539,2022,26,20,12,10,44,159,94,65,67,53,77,59,30,50,39,23,928267
36263,2022,14,11,7,4,25,60,59,66,67,51,77,60,30,52,40,24,680435
5917,2022,14,7,7,0,21,156,73,60,75,52,84,61,34,51,41,28,741855
11226,2022,27,26,11,11,48,220,161,57,70,49,75,59,32,50,39,25,1269844
13277,2022,19,17,10,9,36,139,73,64,69,52,77,61,27,50,48,22,1097308
4067,2022,19,23,6,8,42,140,191,59,66,49,72,59,29,51,39,24,1199767
35297,2022,11,12,9,7,21,192,47,61,76,55,86,60,22,47,44,14,480972
23100,2022,5,6,4,3,11,109,28,65,72,48,78,62,27,49,37,19,467563
31358,2022,19,24,4,10,43,166,157,63,68,48,74,58,34,50,36,26,812098
18524,2022,17,29,9,13,46,216,229,59,69,49,75,60,30,49,39,22,1045477
28899,2022,21,25,8,13,42,254,103,60,74,53,83,64,27,51,38,20,827289
18736,2022,18,28,10,9,46,232,69,61,70,51,77,56,27,46,40,17,924238
27358,2022,20,25,8,11,45,96,162,65,64,52,74,58,31,51,35,23,1060630
18094,2022,26,28,12,13,54,286,111,65,69,51,77,61,30,51,43,24,1131732
25171,2022,3,11,2,8,14,176,57,59,79,48,84,63,25,47,33,15,528968
19474,2022,7,4,4,1,11,38,33,60,71,48,77,54,31,46,33,20,287314
46722,2022,15,13,5,5,28,191,87,60,72,49,76,59,29,50,39,22,522712
26845,2022,13,12,4,2,24,90,29,64,67,50,75,58,30,51,42,24,586523
674,2022,26,19,11,12,43,218,157,58,71,51,79,59,29,51,39,23,814218
35957,2022,23,19,4,9,39,83,118,67,66,50,74,58,34,52,43,30,692000
24084,2022,21,25,7,23,44,274,169,61,73,49,81,63,27,47,40,20,796173
14609,2022,15,21,6,10,32,208,45,66,73,55,83,63,25,48,42,17,561998
29579,2022,10,16,1,5,26,55,55,65,62,49,68,55,32,50,51,27,631596
28296,2022,22,21,7,11,43,191,114,64,70,50,79,62,29,48,42,22,774184
21506,2022,11,18,6,6,29,56,85,62,65,52,74,62,28,48,53,21,598832
18720,2022,15,18,2,5,32,84,82,67,64,49,68,52,33,50,41,25,676364
20819,2022,19,26,12,14,41,340,168,57,76,49,80,67,28,48,39,20,859987
28898,2022,17,15,6,8,29,156,56,61,72,52,81,64,25,54,42,22,713922
24721,2022,6,12,8,6,18,150,46,63,71,49,79,62,27,47,29,16,498339
37532,2022,3,14,2,3,17,68,44,68,63,49,69,58,25,44,37,14,490513
12190,2022,11,23,6,8,33,115,50,68,66,51,73,57,28,48,35,19,895547
61838,2022,13,19,8,9,29,148,78,65,67,51,75,61,27,46,39,18,805667
11923,2022,16,20,6,12,33,120,80,61,69,50,75,57,30,50,36,22,725988
28762,2022,20,24,9,5,39,188,121,60,70,50,76,59,26,51,39,21,841992
22433,2022,11,17,3,5,27,190,49,64,71,47,77,57,28,44,37,16,621519
24840,2022,18,23,5,8,41,115,138,62,66,47,70,59,32,49,40,25,1413284
38911,2022,9,21,6,11,30,163,78,63,68,51,76,58,28,47,36,17,853469
47557,2022,5,11,2,5,14,28,56,58,65,48,67,53,24,50,26,15,506075
13674,2022,16,19,6,12,31,137,122,61,70,51,79,61,29,49,36,19,734207
28263,2021,6,5,2,1,11,63,22,57,73,46,74,55,28,51,40,21,326661
25368,2021,4,5,2,2,9,73,56,54,74,49,80,66,27,44,33,16,229679
9649,2021,2,3,1,2,5,16,16,64,71,46,74,66,27,49,33,20,143661
23301,2021,1,2,1,0,3,22,12,51,76,52,83,64,28,48,27,15,222364
23142,2021,0,1,0,0,1,3,7,43,71,44,62,17,33,58,33,23,115760
13269,2021,0,1,0,0,1,9,0,70,66,69,80,33,25,29,0,0,167394
9043,2021,5,13,4,4,15,48,29,63,64,48,66,52,22,46,39,15,385603
23816,2021,0,1,1,0,1,10,4,66,71,49,80,60,19,51,33,5,163691
23147,2021,0,4,1,1,3,29,15,57,80,44,79,42,18,44,13,3,187675
10202,2021,1,2,2,1,3,14,13,61,67,52,73,65,23,44,45,21,177649
35297,2021,0,2,0,0,2,17,9,52,65,49,65,43,25,41,40,17,172880
17837,2021,3,3,1,3,4,10,17,62,69,43,71,73,28,57,36,21,97304
12534,2021,0,2,0,1,2,0,7,65,55,47,60,44,38,58,36,35,132703
5127,2021,1,1,0,2,2,8,3,62,72,65,89,63,25,48,31,16,131912
37741,2021,1,3,1,1,3,12,12,68,69,40,73,61,28,43,47,21,98358
6848,2021,0,3,0,0,2,8,10,54,75,41,70,45,11,25,0,0,147235
27547,2021,2,3,1,2,5,43,13,57,78,53,90,79,16,45,47,13,161655
31446,2021,1,1,2,0,2,6,1,68,67,54,81,72,26,46,33,15,62215
17964,2021,0,1,0,0,1,2,0,75,59,53,60,33,29,33,100,11,128195
25365,2021,2,6,1,2,8,29,26,67,66,48,73,55,32,45,38,23,317473
42971,2021,3,1,0,0,4,9,9,52,73,52,74,47,38,64,46,47,82235
12653,2021,1,2,0,2,3,39,23,61,73,46,80,48,30,46,42,19,244114
28586,2021,1,3,1,1,4,23,24,71,65,44,70,61,25,52,45,21,279865
11940,2021,23,24,7,12,47,127,141,63,67,48,72,59,32,53,41,28,811767
6691,2021,24,25,7,14,49,139,111,63,68,52,76,57,30,53,41,24,839692
12043,2021,13,30,6,8,43,344,314,53,73,40,69,59,30,47,37,20,947839
8806,2021,26,17,10,8,43,100,81,64,64,55,73,59,31,52,39,27,1044856
28296,2021,31,16,14,8,47,331,113,61,74,54,83,63,29,53,40,26,873921
11517,2021,22,19,10,10,41,289,74,58,73,52,80,66,26,51,40,21,839058
36519,2021,27,23,12,9,50,112,154,68,66,48,73,58,32,51,40,26,882541
14177,2021,26,30,15,11,52,465,198,56,74,48,78,59,28,50,33,19,1064676
24084,2021,23,26,6,11,49,231,178,59,70,51,76,60,30,51,37,23,808233
28762,2021,19,15,9,9,32,160,115,60,70,51,78,55,29,50,37,23,593730
34298,2021,22,26,11,10,45,185,174,61,67,50,74,59,29,49,40,22,960683
18094,2021,18,19,8,6,37,234,87,65,70,52,79,62,29,50,35,21,982801
40609,2021,15,7,5,3,22,54,27,65,71,52,80,57,31,52,39,27,599250
24249,2021,16,10,8,5,25,174,110,62,75,49,82,65,30,48,36,21,855362
28170,2021,18,17,3,10,34,341,83,64,76,48,83,64,28,46,42,21,610227
63572,2021,21,22,16,8,43,121,85,67,67,49,76,60,29,51,34,20,850608
27358,2021,17,19,6,7,36,102,109,65,66,51,75,60,31,51,43,25,840144
34233,2021,22,22,23,13,43,408,165,59,74,52,83,66,26,47,36,17,857143
20463,2021,16,23,8,12,39,238,117,59,72,50,78,64,27,47,40,19,666512
18720,2021,16,18,4,3,33,79,94,64,63,50,68,59,31,52,43,27,590014
28899,2021,2,7,2,3,9,77,23,61,68,47,75,65,28,47,39,18,414678
33860,2021,5,6,5,4,10,95,39,67,71,52,81,68,21,44,40,10,351216
18736,2021,23,20,16,16,43,229,93,60,72,49,78,62,28,49,39,19,792450
46747,2021,9,9,6,7,18,38,43,58,64,50,69,63,33,49,39,27,498337
56846,2021,17,12,9,12,29,216,64,59,76,54,84,61,26,51,43,21,604234
34337,2021,14,26,10,10,39,158,90,61,67,52,73,60,29,49,37,21,734510
11704,2021,7,5,2,6,12,192,59,60,81,57,90,69,31,47,37,21,376291
7806,2021,14,26,7,6,38,149,101,58,70,49,74,59,27,44,36,16,838256
9831,2021,23,27,12,7,49,128,74,62,67,50,73,57,29,51,42,22,761767
25165,2021,6,3,4,1,9,81,18,67,76,57,86,63,27,48,35,17,177667
9471,2021,8,18,4,5,25,110,66,66,63,44,66,57,28,51,38,23,686409
22433,2021,21,21,14,8,42,310,83,58,72,50,77,60,28,49,34,18,738479
11881,2021,11,12,5,5,23,120,63,60,70,50,77,66,31,49,40,22,547265
28900,2022,9,6,4,8,15,118,49,63,75,52,86,69,27,52,32,19,374841
11881,2022,7,15,2,5,22,121,51,62,66,50,73,61,29,49,42,22,496967
20654,2022,2,3,1,1,5,24,12,64,76,49,78,54,27,44,52,15,242370
14716,2022,14,29,9,8,43,144,164,57,69,46,70,53,25,49,36,16,1155830
20648,2022,13,19,7,5,30,177,53,62,71,47,74,57,30,49,41,21,646181
22432,2022,17,17,12,11,29,331,76,64,77,48,84,65,26,44,34,14,1134903
29732,2022,5,21,3,8,26,178,69,61,69,46,72,60,26,45,33,15,593865
33860,2022,17,25,13,12,37,263,115,62,72,51,81,63,24,50,32,15,777905
87562,2022,3,3,2,4,6,60,29,59,79,54,90,71,26,43,38,13,242715
58327,2022,4,5,1,3,7,40,16,63,66,56,79,66,25,53,37,19,279246
31446,2022,6,6,5,6,10,52,28,65,70,57,84,64,26,49,32,13,364637
9094,2022,5,4,3,2,7,74,16,59,82,49,90,60,27,46,37,17,187268
26140,2022,5,4,4,3,7,52,10,65,72,56,83,60,28,43,22,13,202595
30087,2022,17,16,4,7,30,179,97,64,69,47,72,56,33,52,43,29,562897
45553,2022,2,4,0,2,6,15,18,58,65,45,66,50,30,44,41,23,245786
20104,2022,4,7,1,2,11,25,22,67,64,46,70,62,27,52,34,22,287034
20650,2022,18,16,14,4,34,146,76,63,69,53,78,56,29,48,38,19,421122
10828,2022,9,10,7,6,19,65,58,64,70,50,78,63,28,51,39,21,484095
10971,2022,2,5,1,1,4,9,11,59,62,48,60,44,28,41,25,13,231038
26153,2022,8,6,5,0,10,39,17,55,68,54,76,50,24,52,47,19,220701
13429,2022,6,16,3,12,22,107,55,62,68,51,75,55,24,49,41,18,603988
14745,2022,11,9,7,4,18,111,70,62,72,52,82,63,27,48,39,19,625437
46747,2022,10,18,5,7,28,86,75,55,66,48,70,64,31,50,40,22,681643
18017,2022,8,11,8,6,19,212,116,63,77,47,82,66,25,46,29,13,772600
11178,2022,16,17,11,12,33,321,124,57,77,53,84,64,23,47,31,13,742606
29959,2022,9,6,10,7,15,212,59,62,78,55,86,63,25,41,38,15,574113
26925,2022,1,3,0,1,4,15,14,71,65,46,73,59,35,48,29,26,223699
17928,2022,2,9,2,3,8,32,32,61,70,49,78,61,27,39,27,12,324484
39310,2022,2,1,1,1,3,21,13,62,67,56,81,64,35,47,32,21,233881
73196,2022,7,6,11,6,12,124,32,60,78,52,86,59,24,48,32,13,415289
18477,2022,5,11,1,4,14,22,24,74,64,51,72,55,30,48,37,20,309801
63021,2022,2,5,5,3,7,27,19,66,63,51,68,53,25,48,39,12,266640
34233,2022,5,17,6,9,22,195,88,61,73,47,80,63,24,46,26,12,610087
1841,2022,9,13,4,3,22,29,95,66,63,45,65,56,33,50,42,28,530739
44555,2022,4,5,3,1,6,35,25,63,74,50,84,72,25,44,23,9,175890
26381,2022,4,6,2,5,10,115,37,69,76,48,87,72,22,42,45,11,332656
672,2022,5,11,5,5,16,68,46,63,67,49,73,60,31,46,37,19,331981
11940,2022,10,22,2,7,32,103,99,66,66,48,72,56,29,47,47,21,812873
42229,2022,1,1,1,0,2,7,6,67,57,52,65,41,35,46,42,21,194201
26218,2022,12,8,6,4,15,93,55,58,73,51,80,65,29,49,43,21,299881
71221,2022,1,4,2,3,5,15,15,60,65,52,75,63,26,46,26,13,176589
14856,2022,7,7,0,4,14,55,17,64,71,52,81,69,30,47,39,19,314872
37741,2022,1,6,0,2,3,15,5,65,70,51,83,65,24,48,55,17,205292
28267,2022,6,5,5,2,11,92,16,59,75,58,85,66,24,49,31,13,252419
17474,2022,7,11,5,6,18,106,67,64,70,51,78,59,27,48,43,19,726197
73956,2022,0,4,2,7,4,23,12,67,71,50,80,57,24,47,23,13,232629
35036,2022,0,3,0,0,3,19,4,67,68,36,64,42,26,46,37,18,219869
37085,2022,0,1,1,0,1,12,6,68,68,63,76,45,28,53,29,15,105477
82371,2022,0,1,0,1,1,7,2,59,62,47,69,67,31,48,25,25,79772
13048,2022,1,3,1,0,4,9,8,70,60,48,64,61,25,54,29,19,173511
17972,2022,3,2,1,1,5,6,13,65,63,50,67,54,35,55,44,34,215041
31358,2021,12,19,9,8,31,90,109,68,67,46,73,61,32,50,36,24,540147
12097,2021,11,20,4,11,31,182,98,57,70,46,71,55,32,45,39,23,566413
21506,2021,11,16,3,5,27,62,69,64,64,48,68,49,32,52,39,28,591379
7459,2021,13,13,12,12,26,440,74,64,80,50,88,67,23,45,31,10,557939
24225,2021,10,23,8,4,33,50,59,66,63,49,68,52,26,49,34,16,637606
1092,2021,3,3,2,2,6,59,16,57,77,52,86,68,29,43,35,18,145551
18017,2021,10,16,7,11,25,274,93,67,77,49,87,68,25,45,36,15,525212
29732,2021,7,8,1,5,15,79,41,60,72,47,79,72,29,48,45,26,210455
11178,2021,10,12,11,6,22,215,84,55,75,53,81,66,25,46,38,17,696310
9584,2021,13,10,5,3,22,167,113,53,76,48,78,64,29,51,40,22,509505
674,2021,14,16,7,8,29,99,86,58,69,52,77,56,27,48,34,18,519521
34539,2021,7,6,2,0,12,40,27,65,67,48,73,57,35,56,44,35,363782
14609,2021,13,16,6,6,29,162,65,67,72,51,81,69,29,48,39,20,554609
52934,2021,6,6,2,3,12,10,17,73,61,53,69,57,35,47,40,28,234371
1841,2021,12,17,5,5,29,62,127,64,65,46,71,60,28,56,42,25,722111
36263,2021,12,13,4,6,25,52,44,69,64,51,73,57,30,51,38,23,536977
22434,2021,7,8,5,1,15,216,36,68,77,51,86,59,24,44,29,12,430102
35957,2021,18,20,3,7,35,70,119,68,63,45,67,54,32,52,41,29,669600
37105,2021,23,22,7,6,44,191,162,65,69,48,74,57,31,52,39,24,717720
12662,2021,8,16,3,4,24,179,62,59,70,47,73,57,24,48,37,16,517844
3577,2021,9,11,3,1,20,96,49,69,70,49,77,58,27,50,39,19,486119
12614,2021,9,7,5,2,14,101,44,55,73,50,77,58,30,50,41,24,511549
52721,2021,3,3,2,2,6,3,3,78,65,49,72,59,31,40,24,20,280630
20104,2021,16,21,7,3,37,153,93,67,68,50,76,57,31,48,38,20,586134
20819,2021,4,4,3,3,8,91,45,62,75,47,80,52,26,53,42,18,502848
791,2021,7,13,4,3,20,131,56,56,69,50,74,59,30,48,46,21,585983
69471,2021,7,13,3,6,20,67,66,60,68,50,72,53,29,53,42,24,362172
9833,2021,14,18,7,3,31,84,87,61,69,49,75,62,28,51,35,21,649379
13429,2021,9,11,6,6,20,129,80,55,72,52,80,59,22,51,37,16,465221
468,2021,11,20,8,7,29,301,139,56,77,51,81,57,23,43,37,12,619145
7043,2021,19,18,15,8,37,235,149,63,69,50,76,59,27,48,40,18,701529
4061,2021,9,16,8,8,25,380,130,57,81,48,85,60,21,45,30,10,681663
10995,2021,15,15,9,7,30,246,107,54,75,49,80,57,30,48,42,20,511216
14727,2021,9,14,5,9,23,209,128,56,73,52,80,61,29,48,45,20,1068971
29665,2021,6,8,1,2,14,49,40,60,68,52,75,55,29,56,43,27,374950
54207,2021,6,6,5,4,12,200,101,61,79,51,85,63,26,49,34,15,382760
18772,2021,16,24,6,12,40,238,160,64,69,43,73,62,28,50,37,21,605071
678,2021,7,9,5,4,16,77,23,60,70,56,80,63,26,49,36,17,425799
18477,2021,2,6,0,0,6,13,10,78,61,41,63,62,26,43,35,13,229858
8721,2021,6,11,4,4,17,37,53,61,59,49,60,54,34,50,44,27,296171
28898,2021,5,8,1,1,12,62,23,62,68,47,75,61,26,49,27,16,374032
17928,2021,9,14,6,7,21,108,61,62,69,46,73,58,28,49,40,19,436771
22429,2021,5,14,4,6,17,61,35,65,67,46,69,51,23,48,35,15,343358
26845,2021,11,13,5,5,22,67,27,63,71,47,75,61,28,49,44,22,353258
4010,2021,5,17,1,5,22,48,89,61,65,45,67,50,30,47,44,21,358005
10828,2021,6,15,4,6,21,62,81,63,66,45,69,53,30,47,34,20,529234
29579,2021,5,10,3,4,15,44,33,64,62,52,68,59,29,49,38,22,415664
20648,2021,5,11,2,6,16,53,37,62,69,51,77,58,24,44,42,16,355595
14856,2021,9,12,3,5,21,89,45,62,70,48,74,56,27,48,39,19,450887
52279,2021,5,8,2,4,13,22,35,68,63,47,71,64,37,48,39,26,278978
18016,2021,5,6,2,2,11,40,19,67,66,51,73,56,28,49,38,23,297336
26153,2021,5,3,2,1,6,9,5,49,69,53,79,74,29,55,41,30,141652
37532,2021,1,2,1,1,3,10,3,72,68,48,78,58,30,56,30,20,131272
36858,2021,1,6,0,2,7,17,13,58,67,50,72,56,22,46,32,11,139940
8564,2021,0,2,0,0,2,6,9,53,71,47,76,74,18,39,50,10,71230
9094,2021,8,16,3,5,22,213,75,59,76,46,80,64,25,46,37,14,512597
1075,2021,15,14,5,10,29,230,78,58,73,51,81,62,28,51,40,22,520937
20694,2021,0,11,1,3,11,25,35,63,58,48,60,47,29,47,37,17,307172
44555,2021,4,4,1,0,7,48,22,62,69,49,75,58,20,47,35,13,179116
19689,2021,6,6,1,4,12,63,32,61,69,50,75,57,28,48,44,23,283303
22437,2021,1,2,0,1,3,7,9,59,68,38,68,56,34,42,46,23,159161
30087,2021,2,4,1,0,6,25,21,63,70,43,71,57,28,44,47,15,187392
11923,2021,2,14,3,3,14,35,28,62,63,45,62,54,27,46,28,15,313615
61838,2021,0,1,0,0,0,0,0,0,0,0,0,0,0,0,0,0,113923
58327,2021,4,3,1,2,5,28,9,64,66,51,76,63,26,50,36,18,216057
22056,2021,1,2,0,1,2,13,5,61,62,53,74,67,18,25,25,4,180694
17474,2021,6,5,2,6,11,94,42,59,75,48,82,57,27,52,40,22,312996
27482,2021,1,3,3,2,3,40,22,59,73,51,80,50,27,42,27,14,67385
30849,2021,0,3,1,2,3,12,3,67,72,52,77,60,21,48,40,11,150948
10971,2021,2,5,0,1,5,15,10,60,67,46,72,63,26,56,48,25,175016
13048,2021,6,6,0,2,12,36,33,59,65,46,69,64,33,51,40,29,164907
28932,2021,1,0,0,0,1,8,3,74,73,44,82,71,31,57,44,36,83980
25171,2021,0,3,0,1,3,56,34,63,77,34,79,68,28,47,36,16,240409
14536,2021,1,1,1,1,2,13,4,56,61,39,56,52,37,57,32,37,124197
13820,2021,1,4,0,1,5,10,12,59,64,47,64,59,25,50,31,19,182124
672,2021,2,8,1,2,10,39,32,66,63,49,70,61,28,46,28,17,251120
20193,2021,5,14,3,3,19,137,96,52,70,45,70,63,30,44,40,19,373664
42971,2022,2,4,0,0,5,9,15,61,62,50,62,43,35,54,47,31,139279
28932,2022,2,6,2,5,8,65,33,67,72,44,77,55,25,46,38,17,344974
55257,2022,0,1,0,0,1,0,3,74,57,56,71,69,31,42,33,18,143822
4010,2022,7,8,3,1,15,44,33,61,66,48,69,55,29,51,42,23,370820
30550,2022,3,5,3,6,5,60,38,62,73,45,82,69,30,46,24,15,193818
32729,2022,3,4,0,2,5,34,23,49,77,49,86,68,30,50,50,21,93725
30397,2022,4,5,0,2,9,35,28,63,64,46,69,67,31,53,40,26,238361
9831,2022,9,17,7,11,26,94,39,63,66,57,78,60,26,47,34,16,515456
1092,2022,8,14,5,8,22,168,39,56,74,53,81,67,26,45,37,15,552401
51417,2022,5,2,4,0,6,19,18,54,67,51,71,63,34,46,39,27,143279
14177,2022,8,13,4,8,16,161,61,57,75,52,82,62,24,49,30,12,441496
52934,2022,3,5,1,0,8,10,20,65,61,48,65,57,28,50,45,20,212248
27482,2022,5,9,5,7,11,136,25,65,81,49,87,64,21,39,16,5,217322
64891,2022,0,3,0,1,3,8,7,59,55,46,57,60,24,49,36,14,145666
32703,2022,3,2,1,0,5,17,10,67,74,48,85,65,32,46,39,23,199372
11517,2022,7,15,4,9,22,170,56,55,72,51,78,57,22,50,41,17,536883
22269,2022,1,3,1,2,4,18,11,53,69,54,80,65,22,53,24,9,127540
79064,2022,0,1,0,1,1,3,7,60,69,48,78,50,36,44,40,22,65012
39152,2022,3,1,1,1,4,41,8,62,80,43,85,74,28,49,43,23,124302
23640,2022,1,3,0,2,4,25,10,59,69,49,75,58,14,40,38,9,313105
57769,2022,3,4,0,0,7,38,13,61,71,51,79,65,26,45,28,15,198773
47021,2022,1,2,0,0,0,0,0,0,0,0,0,0,0,0,0,0,135790
18016,2022,5,7,1,1,12,55,30,63,67,51,76,58,26,45,39,18,440664
29459,2022,5,4,4,1,9,48,27,65,70,50,80,60,28,52,36,19,264393
58149,2022,1,3,0,0,4,17,10,56,68,46,73,56,28,37,56,12,233276
29665,2022,5,11,1,2,16,27,70,63,66,44,68,60,29,48,48,23,372424
36617,2022,0,2,0,0,1,1,1,61,48,19,14,14,32,39,50,25,165467
9833,2022,11,10,4,3,17,41,45,61,70,49,75,52,26,47,40,16,455182
21464,2022,2,3,0,1,4,13,15,56,71,46,76,60,28,50,23,17,219470
67546,2022,0,3,0,0,3,5,4,66,56,42,53,42,31,45,36,24,222869
12614,2022,5,15,4,3,17,76,42,57,65,46,66,57,24,47,33,13,436405
23301,2022,0,2,1,2,2,30,10,61,72,60,85,62,22,39,55,11,253199
55252,2022,1,2,0,0,0,0,0,0,0,0,0,0,0,0,0,0,49197
14898,2022,0,1,0,1,1,3,2,54,79,48,80,71,36,36,17,9,153587
29906,2022,1,1,1,0,2,4,1,73,64,50,78,60,26,44,75,16,121101
56197,2022,1,4,2,0,5,33,25,60,68,39,64,53,27,40,32,10,189459
18648,2022,0,1,0,0,1,1,3,72,65,43,73,60,32,49,43,21,128317
12043,2022,4,22,4,4,26,193,202,50,73,40,67,56,29,46,35,17,657694
38876,2022,0,1,0,1,1,9,7,62,71,39,72,59,31,47,78,28,154486
22429,2022,2,5,1,1,5,31,13,65,68,48,71,49,28,49,28,13,225343
12534,2022,0,1,0,0,1,0,5,61,57,37,50,33,17,24,0,0,159366
33298,2022,4,2,2,1,6,49,33,65,78,43,87,76,27,48,38,18,115187
29953,2022,3,2,0,1,2,6,3,67,64,64,81,57,28,57,18,12,118730
56420,2022,1,0,0,0,0,0,0,0,0,0,0,0,0,0,0,0,45047
13447,2022,5,4,1,2,6,17,14,62,63,49,67,35,32,49,40,24,158585
9043,2022,1,10,0,2,8,15,6,65,61,56,74,66,24,43,37,11,275664
86082,2022,0,3,1,0,3,5,11,68,62,43,66,60,28,52,38,16,89851
27547,2022,1,2,0,0,3,12,9,55,72,41,69,64,26,46,37,16,179383
17837,2022,2,1,1,1,1,4,3,55,70,41,73,57,34,48,33,18,185799
63737,2022,0,1,0,0,1,9,1,72,66,47,67,50,30,33,25,8,84857
26221,2022,4,8,1,1,12,19,57,72,61,43,64,62,29,49,32,20,374046
5992,2023,56,7,31,8,60,383,157,64,76,58,88,67,33,54,42,29,15952044
68074,2023,65,12,19,9,77,302,161,66,72,56,85,65,35,54,40,32,15196504
22807,2023,66,18,17,15,84,547,314,64,75,50,85,67,34,54,46,31,11548023
47275,2023,64,15,18,13,76,436,129,60,76,57,87,69,33,54,42,29,10456264
29372,2023,56,26,19,18,82,616,156,61,75,51,84,63,30,52,39,24,6571890
30470,2023,51,24,28,23,71,547,153,64,78,55,89,66,27,49,39,20,5489110
24008,2023,55,27,18,21,80,613,222,71,74,50,85,64,29,52,37,23,5643764
69471,2023,44,24,23,11,65,359,259,62,72,53,83,64,29,49,39,21,4946875
26473,2023,45,24,32,30,69,1031,133,64,80,51,88,64,27,46,35,16,4803644
29932,2023,54,23,26,17,77,692,165,59,79,55,87,66,28,53,42,23,4019217
33648,2023,37,23,19,13,60,320,167,63,71,54,83,67,30,51,39,23,3473277
39309,2023,46,26,14,9,66,229,177,56,72,54,80,59,34,52,43,29,3382465
29935,2023,41,28,17,19,66,411,143,62,72,53,81,62,30,51,37,24,2931013
11953,2023,41,21,18,18,62,461,212,61,77,51,84,63,30,51,41,24,3176526
25543,2023,34,18,12,7,52,362,99,64,74,53,84,63,30,51,41,23,2985349
29939,2023,40,21,20,15,59,459,125,60,77,53,86,66,27,51,38,22,2956630
87562,2023,26,24,19,16,50,505,209,64,76,52,85,66,26,44,41,16,2513275
27851,2023,36,25,10,12,56,272,127,65,70,53,80,64,31,51,40,25,2181535
27482,2023,38,19,20,13,53,475,108,65,77,54,88,68,28,48,38,17,1959815
38911,2023,33,23,13,16,51,341,140,60,74,51,81,62,29,50,36,22,1698273
52279,2023,39,26,12,13,63,185,218,66,67,49,76,61,33,51,40,28,2292728
7806,2023,43,24,17,18,64,317,144,61,71,53,80,61,29,52,47,26,1967649
33860,2023,36,24,20,19,55,466,181,63,76,51,86,65,27,46,38,16,1636208
42451,2023,26,16,18,15,42,355,93,62,74,54,84,64,26,51,41,20,1727356
14177,2023,20,17,11,11,37,360,132,59,75,50,83,66,26,49,38,19,1739214
36519,2023,32,28,14,14,57,175,102,66,67,53,77,62,31,53,45,26,2191519
63572,2023,32,29,10,5,59,224,144,62,71,51,79,58,32,51,43,26,2199588
52721,2023,31,26,8,15,56,97,80,72,65,54,75,58,31,53,41,27,1346450
40434,2023,23,19,15,14,42,380,200,60,78,49,84,60,28,47,32,17,1734514
37532,2023,30,27,12,19,56,344,92,64,71,53,81,63,30,50,36,22,1544942
61838,2023,34,26,14,10,54,265,113,65,72,51,81,63,28,47,38,19,1690526
24245,2023,24,28,12,15,48,543,364,59,79,46,82,61,25,47,41,16,1653590
24084,2023,36,26,17,13,58,335,152,61,72,52,81,65,27,50,38,20,1313279
26381,2023,21,20,21,13,41,498,128,69,74,52,86,65,22,46,35,12,1455211
18524,2023,22,19,14,12,41,258,212,59,75,50,82,65,27,47,38,19,1496201
83135,2023,23,18,14,8,40,245,126,61,74,50,82,63,28,49,38,20,1241204
25165,2023,22,19,14,7,39,159,70,60,74,49,78,59,29,45,35,17,1574516
9305,2023,18,26,3,6,41,167,121,59,71,52,78,61,30,48,37,21,1609462
28900,2023,20,19,8,6,39,230,135,64,73,52,81,62,29,50,44,22,1206740
34233,2023,23,23,17,15,44,466,134,62,76,50,84,66,26,46,32,15,1355482
18094,2023,33,28,10,14,58,262,127,64,69,51,78,59,29,53,43,24,1656389
1075,2023,16,17,12,11,32,153,74,61,71,51,80,61,29,50,32,19,997741
27547,2023,13,14,8,5,26,160,86,57,71,47,73,58,29,51,40,22,834814
73956,2023,20,15,11,5,31,167,99,58,69,54,80,69,28,52,41,20,955735
28263,2023,10,20,3,12,29,231,65,60,72,47,78,67,27,46,37,17,1070338
31392,2023,29,29,10,15,55,297,109,66,73,52,83,65,27,47,39,17,1313408
24225,2023,21,21,8,10,41,85,77,63,65,55,74,53,26,52,39,21,1269979
64891,2023,16,17,8,6,33,140,84,59,69,50,75,60,27,49,41,21,722812
1092,2023,27,23,11,18,46,362,88,56,76,54,83,64,27,47,39,20,1227892
24249,2023,23,25,11,10,44,239,151,63,69,47,75,62,31,50,36,23,1292756
14856,2023,23,22,6,12,44,216,70,67,68,54,79,61,31,50,36,22,955941
12190,2023,24,23,11,8,45,124,63,68,68,47,76,59,30,50,42,22,937751
46722,2023,26,25,11,8,51,344,145,57,74,51,80,63,28,49,42,20,1119661
34337,2023,27,30,18,19,54,202,94,60,69,53,78,63,28,51,40,22,1082154
22433,2023,19,23,14,11,41,340,51,59,74,56,84,60,28,47,34,17,919145
29732,2023,14,23,7,10,35,208,81,66,68,51,79,63,27,49,36,19,1215139
1837,2023,17,21,12,12,38,149,68,66,69,55,80,59,29,50,35,20,1012595
26140,2023,19,17,11,8,36,213,70,64,72,51,80,58,27,48,41,19,1093371
13674,2023,22,21,8,10,41,170,148,59,71,51,79,60,30,50,42,22,1047968
18736,2023,24,29,12,16,53,283,75,62,73,52,81,60,29,49,36,20,1078115
63017,2023,19,12,5,8,29,194,64,60,76,51,85,70,31,53,44,29,737907
28267,2023,11,17,10,9,28,212,51,62,73,49,80,59,26,43,35,14,721938
21506,2023,19,24,5,10,43,104,103,63,68,51,75,57,28,51,41,22,937348
52140,2023,12,8,5,5,18,84,35,65,71,50,79,55,28,55,39,25,637578
22432,2023,16,16,9,16,30,352,79,64,76,51,87,69,26,45,35,16,764109
31446,2023,9,18,7,7,24,89,62,64,68,51,75,58,25,46,34,15,662888
45553,2023,16,14,9,9,30,103,74,66,70,50,80,62,28,48,43,19,537663
24721,2023,19,23,16,12,42,289,81,62,73,49,80,62,27,46,34,17,892548
37105,2023,26,25,12,14,45,228,105,63,71,51,79,62,28,50,41,21,1180531
23100,2023,15,22,6,9,36,190,81,62,71,48,77,56,29,47,40,21,854269
58149,2023,11,11,2,4,22,73,59,59,70,47,75,61,31,51,35,25,1101452
30550,2023,12,9,8,4,17,193,41,65,79,52,86,61,26,51,31,18,724850
28899,2023,15,17,9,10,31,218,73,62,72,51,81,63,27,49,36,20,770734
5917,2023,15,12,4,3,27,209,129,59,75,47,79,59,31,47,40,24,742309
20648,2023,12,16,4,5,27,95,73,60,66,52,73,51,28,51,42,21,748933
674,2023,14,24,10,7,38,169,101,58,70,49,74,59,27,50,43,20,825205
34298,2023,7,6,5,2,13,46,21,65,71,52,75,59,27,48,42,19,387174
58327,2023,8,8,3,3,12,69,28,62,68,48,77,69,29,50,37,21,431964
36858,2023,4,6,1,7,9,56,39,61,69,55,81,60,30,48,34,18,390031
29579,2023,18,25,4,11,41,73,81,66,63,45,67,55,33,51,42,27,963709
28108,2023,9,14,4,6,23,86,41,64,64,50,71,59,30,48,41,19,650666
24840,2023,21,18,13,7,35,134,108,61,71,51,79,58,30,50,39,23,606145
26153,2023,17,20,5,8,35,161,47,59,68,50,74,59,30,52,41,22,861823
20654,2023,21,24,13,17,45,188,91,61,71,55,81,62,28,47,38,19,890903
30087,2023,3,5,5,3,7,50,20,63,70,51,76,59,30,48,34,17,335032
31358,2023,15,19,8,7,34,83,101,68,65,45,69,54,33,49,42,26,735698
19474,2023,6,19,5,2,25,102,90,64,64,43,65,57,29,50,43,22,693856
18720,2023,7,13,4,5,20,51,49,67,61,49,67,58,33,49,39,26,515892
6691,2023,12,26,3,11,37,110,76,65,66,50,75,65,29,50,42,22,757897
82371,2023,12,19,16,11,31,94,81,61,68,50,74,64,29,49,33,18,888031
23640,2023,9,6,5,2,14,115,28,66,74,54,84,61,22,50,36,15,438252
29812,2023,12,11,6,8,23,217,39,65,79,51,90,70,26,46,35,14,1028055
26845,2023,9,22,6,7,29,180,58,63,69,47,74,60,28,48,35,18,803792
73196,2023,8,11,9,7,17,129,48,56,76,52,80,60,25,52,32,17,836207
64741,2023,2,4,1,2,6,16,19,61,68,50,75,58,33,44,37,21,322452
28170,2023,13,22,7,15,35,303,104,62,76,48,83,63,26,45,38,16,912760
92985,2023,7,8,7,6,15,68,26,68,70,54,81,63,25,49,36,17,428267
20650,2023,19,24,10,13,41,222,119,61,72,53,82,66,25,48,35,16,774972
32729,2023,8,11,9,7,19,229,81,55,76,50,81,65,27,44,28,14,555249
25171,2023,15,18,7,17,33,431,124,59,80,52,88,67,25,45,38,15,786759
67546,2023,5,7,1,5,12,47,31,56,70,49,76,65,32,47,41,24,464897
14745,2023,13,15,6,5,28,177,67,62,71,50,78,56,26,49,50,19,1095448
30849,2023,3,4,3,1,7,21,16,62,63,53,73,65,30,50,35,17,322991
46747,2023,5,9,4,2,14,46,33,54,65,50,68,57,29,44,40,20,448105
26925,2023,13,10,8,5,23,159,83,64,72,49,80,65,26,53,40,20,676099
27358,2023,4,12,2,6,16,20,89,65,65,45,67,60,29,50,44,24,474803
4067,2023,9,13,8,1,22,63,103,60,65,47,66,54,33,52,47,28,620035
18016,2023,6,7,2,0,13,31,34,55,69,49,70,52,34,52,42,28,443839
33502,2023,13,13,4,4,26,226,209,56,75,50,80,60,29,48,41,21,907877
39152,2023,3,9,2,3,12,91,33,59,71,47,74,54,26,40,33,13,402247
11226,2023,10,14,3,3,22,99,53,59,69,50,73,59,30,52,43,27,536049
18477,2023,5,12,1,3,17,30,34,68,65,45,70,57,25,47,46,17,555123
79060,2023,12,7,8,10,18,169,68,64,75,49,84,66,25,50,41,17,850844
17829,2023,13,25,5,5,38,46,97,68,62,48,68,58,30,50,41,23,1018896
44555,2023,5,7,2,6,11,64,22,59,71,54,81,56,27,46,28,14,334710
11517,2023,2,5,1,1,7,48,19,58,68,53,74,60,26,51,33,16,290849
12043,2023,0,4,0,2,4,43,38,49,76,40,68,63,30,43,31,20,325106
71221,2023,2,7,2,3,9,25,14,68,66,47,70,46,25,49,27,14,455096
34539,2023,16,17,9,4,30,89,92,65,66,51,73,62,28,50,41,22,729256
52934,2023,7,11,6,2,18,53,57,61,65,44,68,59,30,46,37,19,388823
39310,2023,13,15,7,9,28,109,56,62,67,52,75,58,28,48,43,20,676107
14609,2023,9,17,8,9,24,165,63,61,72,52,81,59,23,46,33,13,566618
52394,2023,2,2,1,1,4,12,3,68,62,55,73,61,30,52,38,24,307959
54207,2023,9,20,9,20,29,408,314,57,81,49,88,69,22,39,31,8,835080
47021,2023,3,2,1,0,3,8,1,64,59,49,65,63,28,45,57,15,216926
76127,2023,1,2,0,0,3,12,9,48,76,46,76,63,25,43,30,11,188940
37741,2023,3,9,4,4,10,73,38,65,71,49,78,56,29,41,30,14,322712
70873,2023,0,3,0,2,3,20,7,59,72,42,77,70,21,44,18,5,288697
10828,2023,7,12,2,4,19,44,56,63,66,46,70,57,30,48,38,21,458749
36263,2023,7,17,4,4,24,76,74,64,65,49,72,62,28,51,32,19,665644
56846,2023,13,20,14,13,33,199,61,65,75,51,83,59,26,46,28,14,698662
57769,2023,1,3,0,1,4,22,11,60,69,53,77,57,31,43,40,20,323192
35957,2023,11,15,3,4,24,62,68,69,63,49,71,56,32,47,38,23,536540
73742,2023,3,6,3,1,7,27,20,60,66,48,71,49,26,45,33,13,291005
26922,2023,1,2,0,0,1,3,2,73,69,58,87,71,19,45,33,7,120713
68627,2023,3,6,2,1,5,41,25,62,69,46,69,51,22,51,45,16,239600
36449,2023,7,12,6,10,19,245,55,64,77,50,86,62,25,41,27,10,686281
42229,2023,1,2,1,0,3,0,2,69,59,42,56,40,31,49,50,19,166829
73620,2023,1,3,1,0,4,22,5,60,68,48,71,59,27,46,22,13,216949
47543,2023,0,2,0,0,1,4,3,48,65,41,43,20,21,35,0,0,76883
67535,2023,1,3,0,1,4,28,12,61,70,54,78,44,27,38,62,18,169203
21329,2023,2,0,1,0,0,0,0,0,0,0,0,0,0,0,0,0,152404
51417,2023,3,5,4,1,8,36,15,62,71,48,76,59,26,43,38,14,235661
56197,2023,1,4,2,3,5,37,17,64,68,51,74,55,23,41,39,13,327940
36617,2023,3,4,2,1,7,40,12,66,74,47,82,69,32,50,32,21,391036
39863,2023,3,6,2,3,7,33,18,55,69,49,71,37,23,45,36,15,259867
25365,2023,1,1,0,0,2,11,4,71,70,41,73,56,29,51,67,25,261635
32887,2023,1,3,1,1,2,4,5,54,65,47,65,45,23,38,0,0,90879
33284,2023,0,2,1,1,2,19,9,68,70,43,77,67,21,47,40,6,246591
59166,2023,0,1,0,0,1,2,3,55,63,35,50,43,23,45,25,11,177075
13447,2023,2,5,1,1,4,2,4,74,61,50,72,43,40,45,39,26,188963
26218,2023,5,12,1,1,13,54,40,57,66,45,64,52,28,51,52,25,321798
31290,2023,4,5,5,3,9,49,39,61,70,48,76,63,30,44,47,17,474641
64896,2023,1,1,0,1,2,3,2,69,70,43,76,54,31,57,35,25,134201
26421,2023,1,4,1,1,5,21,7,72,64,51,75,69,27,41,45,18,277130
59092,2023,1,1,0,2,2,22,10,60,70,50,79,59,24,49,29,18,201561
32703,2023,8,9,2,4,17,85,49,67,73,51,84,60,26,48,30,15,331881
13429,2023,4,5,3,1,8,34,21,61,69,52,75,53,25,45,44,13,340094
63299,2023,2,3,0,1,5,3,18,71,61,43,62,55,36,51,44,35,273086
22429,2023,0,4,1,1,2,7,6,58,70,61,83,50,17,41,0,0,194175
60140,2023,3,2,2,1,5,48,7,66,71,52,79,67,29,47,35,18,240728
86691,2023,3,1,2,0,3,23,10,51,74,54,79,38,24,49,40,16,242767
55252,2023,4,5,4,3,3,20,18,54,73,41,70,59,28,37,38,12,286245
85899,2023,3,5,0,1,6,9,17,60,71,48,75,48,32,52,50,29,88610
28904,2023,0,2,0,0,2,7,2,62,70,46,70,67,25,44,22,9,114013
37085,2023,0,3,1,2,1,4,0,59,58,58,67,57,29,30,0,0,193516
61667,2023,1,1,0,1,2,18,3,60,77,46,79,60,30,54,57,19,112176
5837,2023,9,14,11,17,23,480,67,67,79,56,92,70,21,42,24,7,650344
37577,2023,2,1,3,0,3,8,9,71,66,48,72,60,28,50,35,20,266361
28932,2023,2,4,2,0,6,27,19,60,63,48,68,52,24,44,36,14,274432
72578,2023,0,1,0,1,1,9,7,59,81,48,80,43,26,44,20,14,247837
29459,2023,1,3,0,0,4,6,11,55,70,49,66,50,21,58,25,13,223755
26500,2023,1,1,1,1,2,12,11,54,68,49,72,53,24,48,40,17,166578
28296,2023,9,18,2,4,27,114,102,61,69,45,71,61,30,51,38,22,670153
86082,2023,4,8,1,3,12,37,29,65,66,54,77,61,26,48,42,20,407479
23298,2023,1,3,2,3,3,27,6,64,67,51,77,74,19,42,70,16,235602
76010,2023,0,2,0,0,2,6,13,54,68,41,59,40,33,47,29,17,101001
56274,2023,1,2,0,2,3,33,9,63,80,48,90,56,25,41,22,12,95516
25533,2023,0,1,0,0,1,4,2,60,60,47,63,0,19,53,0,0,60871
17264,2023,0,1,0,0,1,1,1,60,71,53,67,40,28,27,0,0,83816
46718,2023,0,1,0,0,1,2,1,65,50,41,41,62,31,59,56,29,157979
9471,2023,9,13,4,7,22,72,59,69,67,53,77,62,25,50,38,17,635382
12097,2023,0,2,0,1,2,5,3,57,63,46,59,48,24,44,60,21,149970
48442,2023,0,1,0,1,1,5,0,71,64,30,70,63,24,50,50,10,82421
35297,2023,11,24,10,12,32,251,86,60,73,51,80,62,26,47,42,14,739320
76009,2023,3,8,3,3,11,51,39,58,68,44,70,59,30,49,36,22,320757
28762,2023,7,9,3,3,11,87,33,59,75,50,82,69,27,53,38,17,296693
20104,2023,11,15,6,3,26,89,69,62,65,51,72,60,29,47,45,19,467752
29180,2023,1,1,1,1,2,16,5,64,78,43,88,57,23,45,11,7,113517
47275,2024,73,6,25,8,76,563,141,61,79,58,91,74,32,56,42,28,16946149
24008,2024,69,21,31,21,90,797,183,71,77,55,90,70,30,51,37,22,8995103
68074,2024,54,13,18,13,64,265,119,65,73,57,85,62,34,54,43,31,9850338
29932,2024,53,23,22,12,74,725,120,62,78,55,88,69,27,50,38,20,7006195
22807,2024,46,21,21,10,67,426,295,61,73,49,80,61,32,53,44,27,5615756
33648,2024,51,25,17,11,73,400,141,65,73,54,84,63,30,50,40,24,5065307
5992,2024,37,9,13,6,45,275,102,64,75,55,86,65,33,55,41,29,4421915
29372,2024,43,26,15,21,69,578,182,62,77,54,87,69,28,52,36,20,4130816
39309,2024,47,21,11,7,66,295,180,54,73,54,81,60,33,56,45,32,4080046
11953,2024,46,18,25,10,64,487,218,61,80,52,87,68,29,51,37,22,3186056
30470,2024,45,22,18,14,66,421,186,61,75,54,86,68,28,48,41,21,3528424
29935,2024,45,19,14,9,64,341,106,61,72,55,82,66,34,52,43,29,2940923
69471,2024,45,23,20,11,68,456,194,60,74,55,85,66,27,49,38,19,2707145
38911,2024,39,24,10,14,61,386,108,64,73,55,86,66,29,50,38,22,2817088
63017,2024,39,22,13,11,59,486,190,59,78,50,84,61,30,51,44,25,2745025
26473,2024,40,19,29,22,58,736,94,63,78,55,89,71,27,47,36,16,2729808
63572,2024,40,28,18,16,67,227,107,65,71,53,80,58,28,51,37,22,2715979
29939,2024,33,26,22,20,59,482,144,58,75,53,84,64,27,49,35,18,2729135
25543,2024,37,22,20,13,59,418,97,64,74,52,83,62,28,52,40,22,2519587
83135,2024,37,26,15,11,60,364,198,61,75,50,82,63,30,48,40,21,2259048
18094,2024,5,13,1,5,17,65,55,65,66,47,69,48,30,50,42,24,708276
36449,2024,1,2,3,4,3,80,11,68,80,49,91,67,23,46,19,9,268271
76298,2024,1,1,1,0,1,8,3,68,72,60,88,78,18,28,0,0,174411
79064,2024,2,2,2,4,2,14,6,59,80,67,96,80,23,46,17,8,187230
37085,2024,9,11,10,7,17,132,56,65,74,54,85,64,27,49,30,16,389019
35376,2024,1,2,0,0,3,22,13,52,71,46,72,64,22,52,25,17,161236
52934,2024,1,2,0,0,3,8,10,61,61,55,70,48,31,45,44,21,154367
36594,2024,2,3,0,3,3,8,10,67,65,52,69,48,32,34,25,10,258826
80019,2024,1,2,1,0,3,4,10,55,64,41,54,67,33,45,38,21,203804
47543,2024,5,6,1,3,8,28,14,56,70,51,71,43,32,42,43,21,251741
12653,2024,4,4,2,0,8,15,21,58,67,48,73,68,30,38,44,19,242162
11881,2024,5,3,3,2,8,30,15,64,68,53,80,71,35,45,42,23,206916
91521,2024,7,7,4,4,11,39,25,63,66,54,76,57,33,53,41,26,260372
16996,2024,2,1,1,1,3,19,4,61,77,56,86,62,27,53,23,19,173165
17123,2024,2,4,2,2,6,50,22,61,71,53,84,66,28,50,38,19,271255
14727,2024,1,3,1,2,4,50,21,66,75,42,80,52,24,46,25,11,307984
36617,2024,1,4,1,1,5,29,6,67,70,43,75,57,25,45,35,10,354723
28074,2024,3,4,3,0,4,19,9,56,71,58,79,65,19,50,35,15,185595
94493,2024,1,3,0,0,4,11,16,57,67,44,67,53,28,47,47,19,140951
24840,2024,9,10,5,4,17,70,65,62,71,48,79,65,31,48,35,20,350213
677,2024,12,8,1,4,19,35,29,69,67,52,76,56,34,53,45,32,305379
30849,2024,2,5,1,0,6,19,15,66,68,45,69,57,22,48,47,15,214025
28932,2024,2,6,4,3,8,80,45,61,70,40,71,55,30,42,38,16,415525
70705,2024,1,3,0,0,4,6,15,64,63,36,59,62,32,52,48,25,282912
19689,2024,3,3,1,1,6,40,11,63,70,51,79,63,29,46,27,19,225359
67535,2024,3,7,2,5,10,80,46,58,73,44,75,63,27,48,38,19,411817
35297,2024,4,7,1,7,8,64,14,61,71,56,87,72,27,44,43,14,212401
81189,2024,2,0,0,0,0,0,0,0,0,0,0,0,0,0,0,0,64965
1092,2024,10,17,6,11,27,187,59,56,76,51,82,59,25,43,35,15,691561
20654,2024,4,8,0,4,12,44,14,65,65,49,73,63,29,47,38,22,371496
10828,2024,5,7,3,5,10,32,37,64,66,51,74,59,26,52,35,20,324547
9305,2024,8,22,6,11,27,112,112,55,71,49,74,60,27,48,33,17,750910
6691,2024,3,9,0,4,12,12,22,61,61,47,62,49,24,50,38,18,344273
73620,2024,4,9,2,3,13,43,33,65,67,50,71,57,24,53,39,21,362526
20465,2024,2,3,1,4,5,34,11,59,71,56,84,66,28,52,43,24,242645
67986,2024,1,3,2,3,4,55,21,58,77,45,78,53,26,49,38,18,304508
60625,2024,1,2,0,1,3,8,4,73,64,47,74,68,21,42,56,14,196834
71166,2024,4,6,1,2,7,53,18,58,73,39,71,59,26,44,21,12,219989
83794,2024,3,2,0,0,3,11,12,54,59,51,65,46,37,50,40,33,159970
74899,2024,2,5,2,1,6,29,13,56,66,54,74,59,30,46,38,17,216519
26421,2024,1,3,1,2,4,19,11,67,68,48,79,73,25,49,33,18,291057
22710,2024,0,4,0,4,4,10,11,58,66,46,67,61,23,40,36,11,246200
44555,2024,2,3,0,2,4,10,10,58,74,38,74,38,27,61,21,18,232238
23142,2024,0,2,0,1,0,0,0,0,0,0,0,0,0,0,0,0,99824
32703,2024,2,3,0,2,5,26,9,74,69,44,77,70,27,53,35,23,156595
48013,2024,1,4,2,3,4,27,17,64,74,45,76,50,25,40,52,17,246405
26965,2024,0,1,0,1,1,3,0,66,62,64,80,57,14,44,0,0,160653
6101,2024,6,9,5,7,14,170,56,56,77,50,81,64,24,49,49,18,361759
50382,2024,3,2,1,1,5,23,25,59,75,51,85,72,34,53,37,29,215055
84060,2024,1,2,1,2,1,6,5,59,62,46,67,50,32,43,56,21,172394
59092,2024,0,2,0,1,2,22,6,63,74,39,71,50,28,47,50,19,187944
27205,2024,1,1,0,0,0,0,0,0,0,0,0,0,0,0,0,0,135058
23640,2024,6,17,3,6,20,85,49,63,64,50,70,53,24,45,29,12,589665
79088,2024,1,3,0,0,0,0,0,0,0,0,0,0,0,0,0,0,118070
19474,2024,3,12,0,5,15,56,43,59,65,44,64,58,30,48,42,22,522002
55257,2024,4,3,2,3,5,16,16,60,67,46,75,53,22,53,50,20,242920
72877,2024,3,1,2,0,4,25,6,54,78,54,87,62,34,49,36,21,125293
29665,2024,0,1,0,0,1,1,4,69,57,30,42,59,40,47,56,38,69175
14432,2024,8,8,2,6,15,53,44,63,68,49,73,56,31,49,49,28,466318
47566,2024,0,2,0,0,2,4,0,62,60,38,56,50,20,35,33,6,120890
38973,2024,1,2,0,0,3,4,9,70,59,51,64,33,27,57,35,20,132500
47387,2024,2,1,2,1,0,0,0,0,0,0,0,0,0,0,0,0,67071
87562,2024,42,26,25,27,67,619,218,69,76,54,89,73,25,45,35,15,2403182
42451,2024,31,19,12,13,49,358,82,60,74,52,82,61,28,52,38,22,2185286
30087,2024,32,27,15,16,54,380,128,64,75,49,83,65,27,51,39,19,1768245
34233,2024,28,22,12,14,47,447,139,64,75,50,84,67,27,47,35,18,2336806
58327,2024,33,23,15,9,54,256,140,62,71,51,79,60,29,51,42,24,2018074
22433,2024,35,24,18,6,58,386,71,60,73,53,81,66,29,48,36,20,2893246
52721,2024,31,28,9,7,56,116,104,72,64,52,74,61,33,51,41,27,1760418
61838,2024,30,19,13,7,46,356,115,61,76,52,85,69,28,46,35,18,1554981
40434,2024,32,25,10,13,54,377,200,62,75,51,84,64,31,47,41,20,1780879
52279,2024,35,31,16,17,60,195,177,64,68,51,77,60,31,50,42,24,1818980
71174,2024,16,12,15,11,28,532,153,65,80,53,89,69,23,37,41,10,1443482
67546,2024,35,27,14,19,60,362,207,55,73,51,80,65,27,50,40,21,1616189
24245,2024,25,25,10,11,49,559,315,60,76,44,78,62,29,46,40,20,1714205
29812,2024,32,12,18,10,39,366,57,68,78,53,90,73,29,44,40,19,917656
27482,2024,19,24,12,14,41,357,97,63,74,50,82,65,25,45,33,14,1806343
31446,2024,24,25,16,14,48,278,141,62,71,50,76,59,29,53,39,21,1453053
73956,2024,28,25,16,13,52,366,169,57,71,49,76,60,31,48,41,24,1620156
56846,2024,27,23,12,15,47,403,53,66,74,56,88,71,26,46,34,16,1419129
37532,2024,31,29,14,18,57,373,96,65,72,50,82,64,28,51,38,22,1584681
33860,2024,33,30,25,22,55,479,196,63,74,53,84,63,26,46,37,15,1763220
92985,2024,31,29,16,19,60,262,144,68,69,51,79,61,29,51,41,23,1331687
14177,2024,30,21,27,16,47,461,203,58,77,51,84,66,28,50,34,19,1408984
27358,2024,18,23,8,7,40,93,160,69,65,46,72,58,29,53,40,23,1066017
76127,2024,24,26,16,11,50,279,122,58,71,51,78,62,28,51,39,21,1116217
26140,2024,25,29,11,17,52,373,94,63,73,52,83,55,25,47,36,16,1669281
18736,2024,27,26,12,10,53,263,71,60,73,51,81,60,28,49,37,20,1157536
66828,2024,18,24,4,6,42,101,90,65,63,47,67,57,33,52,43,29,1067355
86691,2024,25,17,17,9,39,380,153,59,74,47,80,65,27,51,41,21,1136947
27851,2024,21,18,8,19,39,209,90,64,73,52,82,65,29,50,40,22,1271422
86082,2024,25,18,16,8,43,197,109,62,71,54,80,63,27,50,33,20,1084459
1837,2024,25,21,12,5,44,106,87,68,68,53,79,62,27,53,41,21,1135555
11226,2024,17,16,4,7,33,164,107,59,69,47,73,59,31,51,39,26,978344
31392,2024,20,29,13,13,49,317,95,67,74,52,84,63,26,43,32,14,1228897
34337,2024,25,30,9,20,53,243,112,62,71,53,79,55,27,51,37,20,1354634
5917,2024,25,21,14,9,46,407,187,60,74,51,82,61,30,44,38,20,1305034
33502,2024,26,23,11,15,45,346,276,59,77,50,85,66,29,47,37,19,1168029
21506,2024,25,26,11,8,51,145,107,65,68,52,76,60,30,51,36,21,1052652
52140,2024,23,28,14,10,50,228,121,65,69,49,75,56,28,51,41,21,1321800
28170,2024,21,22,14,11,42,428,107,63,76,49,83,64,26,44,32,15,1046034
28900,2024,18,25,7,11,43,292,124,61,74,50,79,62,29,48,36,20,1136261
36519,2024,18,22,7,17,40,192,95,67,68,52,79,62,29,50,39,23,1239151
31358,2024,13,24,1,5,37,125,133,64,68,47,72,59,34,52,38,27,961009
70873,2024,10,13,5,9,23,230,67,57,77,49,83,60,26,48,40,19,870129
24721,2024,17,22,8,8,39,293,78,59,74,49,81,64,25,48,35,16,928942
61667,2024,9,6,5,5,13,96,21,58,74,55,83,62,28,46,39,20,541835
7806,2024,15,31,6,13,45,205,107,59,68,51,74,58,25,48,38,17,1415012
28108,2024,17,20,11,9,37,130,70,64,68,50,75,57,27,53,40,24,977989
28267,2024,22,25,19,9,47,423,83,59,74,50,79,62,24,48,37,16,931455
24225,2024,20,17,9,5,33,80,45,63,68,55,79,61,25,50,39,20,843194
36263,2024,13,17,7,9,30,51,44,67,66,48,71,57,35,48,40,26,698154
37741,2024,17,18,8,7,30,193,99,62,72,52,79,63,28,50,36,18,791539
25171,2024,11,9,8,6,19,249,77,57,81,50,88,74,25,44,38,14,643678
58149,2024,15,22,12,6,37,155,112,59,69,47,73,61,28,49,36,19,928505
36858,2024,20,25,8,8,45,242,132,63,69,50,78,64,27,47,42,18,949358
28899,2024,5,6,4,3,11,58,16,63,71,51,76,65,31,47,37,21,382713
46747,2024,13,16,9,4,29,83,59,57,65,51,71,57,31,47,38,21,720283
22432,2024,14,16,15,6,26,285,83,62,75,52,83,62,24,47,29,13,858760
64891,2024,21,28,15,7,48,258,123,60,69,49,74,57,28,51,40,20,1009443
64741,2024,16,17,5,7,33,88,100,64,67,52,76,60,32,51,40,25,720136
24249,2024,18,26,8,13,36,169,139,61,70,44,72,60,29,51,37,21,984484
12190,2024,17,19,6,7,34,83,35,70,68,50,79,62,29,50,40,23,879168
11517,2024,9,15,9,6,24,183,58,60,74,53,84,67,21,47,32,11,564256
13447,2024,2,4,0,1,3,2,8,62,65,42,66,40,30,45,39,21,312260
20648,2024,10,24,3,10,34,139,65,61,68,49,74,58,25,47,39,15,770133
61971,2024,4,7,4,3,11,82,37,62,70,50,76,59,28,44,38,15,570706
45553,2024,18,23,7,9,41,159,109,66,70,48,79,65,28,48,41,20,938244
68627,2024,8,8,3,7,13,125,39,67,70,45,80,62,32,45,37,21,590509
27547,2024,17,24,10,13,40,344,105,56,74,50,78,61,28,47,42,18,948435
29732,2024,13,23,14,10,34,201,89,62,71,48,77,58,28,45,38,17,835558
25165,2024,12,19,5,12,31,208,71,61,72,51,81,65,26,48,37,17,870059
4067,2024,12,14,4,6,26,115,124,58,69,46,74,56,30,47,45,23,700940
71221,2024,4,12,1,4,16,43,69,62,66,43,68,56,24,51,38,17,592338
47752,2024,3,11,1,7,14,75,29,65,72,51,81,63,25,46,32,13,633227
55252,2024,4,7,2,5,7,86,35,58,74,52,83,62,27,48,42,20,502425
37105,2024,16,13,13,7,28,149,68,64,70,56,82,65,27,50,38,18,724388
14856,2024,20,21,7,10,39,188,74,67,68,52,78,58,28,48,33,17,820856
42229,2024,2,6,1,1,8,18,28,59,64,38,58,64,29,52,60,27,363609
26922,2024,5,16,2,3,21,35,37,69,62,53,69,61,27,49,33,18,682354
68090,2024,2,3,2,2,5,28,24,60,74,53,84,61,25,48,32,14,281762
18720,2024,8,15,1,3,23,63,52,66,63,44,64,52,32,52,44,26,630135
20193,2024,3,3,1,1,6,33,19,56,71,47,73,49,28,57,36,25,410439
34298,2024,16,19,8,12,34,132,96,62,68,51,77,60,28,50,36,20,837755
72578,2024,6,8,5,2,14,147,47,63,74,51,81,69,26,44,32,14,499837
13674,2024,13,17,5,6,29,142,60,63,70,54,80,65,29,49,44,21,688304
28263,2024,14,20,7,6,34,258,82,57,73,52,79,59,25,45,32,14,1763725
8806,2024,8,9,2,3,16,31,26,67,66,55,79,61,26,51,35,19,547894
26381,2024,11,19,8,9,29,278,95,69,73,52,84,64,22,42,33,11,812340
63021,2024,2,3,2,3,5,32,20,59,73,55,84,62,19,48,32,10,268393
14609,2024,13,13,5,7,21,107,43,66,74,54,85,63,25,45,42,17,600528
33284,2024,6,9,4,4,15,82,29,62,72,56,86,66,22,47,31,10,366489
39152,2024,10,22,6,14,32,328,114,59,76,49,83,67,25,43,32,13,741335
59166,2024,2,5,0,3,7,49,25,57,70,49,72,56,26,44,61,18,463458
9043,2024,2,3,1,2,5,14,7,65,65,43,69,60,25,54,52,22,326420
79060,2024,9,8,5,5,17,169,54,67,74,53,85,69,27,47,32,15,468617
24084,2024,10,17,7,9,26,171,68,63,69,49,77,64,27,52,41,22,646312
60140,2024,4,9,3,4,13,55,35,63,68,50,77,60,26,47,40,15,407916
52394,2024,6,6,5,1,12,54,28,67,71,49,79,54,29,44,33,15,341549
21464,2024,0,1,0,0,1,4,7,68,75,40,77,67,27,38,60,21,218099
47557,2024,1,5,0,1,3,8,4,55,64,51,67,38,31,56,53,33,170358
28898,2024,1,1,0,1,0,0,0,0,0,0,0,0,0,0,0,0,146492
84235,2024,0,3,1,1,1,1,12,44,59,18,29,17,15,67,0,0,93610
93452,2024,3,2,1,1,5,14,9,67,61,57,72,63,31,55,36,27,189319
83795,2024,0,4,0,3,2,13,6,61,67,51,70,63,23,47,22,9,154653
18477,2024,2,4,0,0,4,8,3,69,63,49,65,48,31,47,39,19,219049
29180,2024,7,6,4,1,12,76,29,65,72,55,86,73,24,40,30,11,387154
26845,2024,7,16,6,6,23,133,38,61,66,46,70,61,29,49,35,19,568486
13048,2024,3,4,2,4,4,18,16,63,64,56,78,68,27,47,36,18,333494
82371,2024,8,17,2,8,24,84,74,62,69,50,74,59,28,48,37,18,637916
674,2024,4,14,5,7,18,76,40,58,72,53,81,57,25,44,24,9,533369
42971,2024,1,7,1,2,7,30,31,60,65,37,59,48,23,50,55,19,340671
47275,2025,7,0,4,0,7,59,16,59,81,62,95,78,33,57,43,29,2150400
24008,2025,8,1,3,1,9,96,22,71,77,54,90,76,31,54,37,26,1502160
68074,2025,4,1,0,1,5,45,20,65,76,54,88,61,40,52,42,38,408576
29932,2025,6,2,1,2,8,81,11,66,79,57,93,68,27,52,54,24,1042376
33648,2025,5,1,1,0,4,30,14,66,70,53,81,63,28,53,35,17,438480
5992,2025,7,2,1,3,9,90,18,64,75,60,92,74,31,56,42,26,696015
22807,2025,1,1,1,2,2,44,17,56,78,50,77,48,38,55,43,34,122880
39309,2025,7,1,2,0,7,47,22,51,78,57,85,58,36,53,48,34,737776
29935,2025,6,2,1,5,8,71,16,63,75,52,87,69,35,59,43,35,444056
29372,2025,2,3,0,2,5,42,10,64,75,54,83,67,27,52,31,18,135311
11953,2025,3,2,2,0,5,34,11,65,81,53,90,56,31,46,33,19,114155
30470,2025,1,2,0,1,3,33,12,59,74,51,80,53,31,44,44,18,252500
87562,2025,5,2,5,4,7,70,25,65,74,58,90,76,24,45,38,14,687775
69471,2025,4,3,2,1,5,40,21,63,70,55,79,45,28,48,35,18,264628
38911,2025,5,2,1,1,6,61,18,64,77,53,84,55,25,50,41,20,415848
63017,2025,3,1,2,1,4,59,13,62,69,54,79,64,28,57,35,20,258048
63572,2025,3,2,4,2,5,26,19,65,73,51,82,58,30,54,32,25,200581
29939,2025,2,2,3,2,4,53,21,58,79,50,86,71,21,52,28,14,133835
83135,2025,4,2,3,0,5,42,21,60,77,53,82,50,26,54,33,17,201866
25543,2025,2,2,2,1,4,37,11,63,76,53,81,40,29,49,42,20,199776
26473,2025,3,4,1,1,7,95,10,70,78,58,89,64,25,45,29,11,515180
42451,2025,3,2,2,0,5,56,16,62,75,50,85,65,28,43,37,18,183130
40434,2025,10,2,7,1,12,156,41,68,75,52,85,65,32,49,36,22,446914
61838,2025,9,1,1,2,9,78,18,60,81,55,92,79,33,47,49,25,364288
58327,2025,5,3,3,2,7,56,38,62,76,51,86,64,25,53,39,19,415316
34233,2025,0,2,0,0,2,6,9,66,66,40,70,64,26,38,21,10,87680
30087,2025,0,3,1,2,3,39,11,65,74,43,82,70,28,40,26,12,100445
22433,2025,3,2,1,0,5,34,11,57,72,53,78,61,25,46,55,19,142395
52279,2025,2,2,1,1,4,19,12,57,71,50,74,50,32,54,47,28,202399
71174,2025,4,2,6,3,5,104,27,65,80,59,96,83,17,42,18,3,119040
52721,2025,0,2,0,1,2,2,4,72,65,47,67,50,28,46,39,21,107173
5917,2025,9,2,7,4,11,125,55,60,81,53,90,63,27,44,41,17,372458
29812,2025,1,2,0,3,3,56,10,70,76,51,89,70,29,49,39,20,129460
31392,2025,6,3,4,4,9,84,19,67,77,54,89,75,25,45,37,15,434296
67546,2025,2,4,3,1,6,30,12,58,64,59,76,57,20,43,35,10,280339
92985,2025,7,3,5,2,9,50,25,67,72,52,82,57,28,50,34,20,290388
31446,2025,7,4,3,2,9,51,17,68,70,56,82,56,28,50,45,21,269213
27482,2025,2,2,1,2,4,38,7,67,78,52,87,60,26,40,35,13,104670
73956,2025,1,2,0,4,3,22,18,51,69,54,77,69,30,51,57,29,92055
37532,2025,4,4,2,2,6,59,7,63,74,54,85,69,29,47,37,20,249503
18736,2025,5,2,0,1,6,28,7,58,68,55,74,54,29,57,34,27,211019
56846,2025,1,3,0,3,4,46,7,67,77,54,85,58,24,39,43,11,100330
33860,2025,2,2,0,1,4,48,12,63,74,48,85,78,21,49,44,13,134070
27358,2025,2,3,0,1,5,10,16,70,68,45,74,61,26,55,33,19,171000
14177,2025,1,2,0,1,3,33,7,57,64,53,69,52,22,55,31,14,93035
76127,2025,0,3,0,0,3,20,10,61,62,49,64,48,26,42,33,13,115357
86691,2025,6,3,3,4,9,141,41,60,78,51,88,67,32,47,33,20,226671
66828,2025,2,4,1,2,4,24,15,64,66,51,73,51,33,48,36,24,118922
24245,2025,1,3,0,1,4,40,39,57,74,33,68,66,20,50,39,17,119579
26140,2025,2,4,0,0,5,46,5,65,75,46,79,61,22,42,56,15,215985
21506,2025,5,3,1,2,7,38,25,64,73,47,78,61,31,54,36,25,220164
1837,2025,0,2,0,1,2,3,10,69,61,52,73,69,19,58,42,16,88395
86082,2025,3,2,1,1,5,28,11,66,74,48,84,71,25,57,38,22,116580
33502,2025,2,3,1,2,5,54,52,53,80,40,77,63,30,40,28,14,142110
34337,2025,7,4,2,3,9,52,24,63,75,52,86,67,27,55,42,25,237879
11226,2025,0,4,0,1,4,23,6,54,63,46,56,47,24,48,27,13,113966
52140,2025,5,3,2,3,6,60,21,65,73,52,84,72,23,57,32,20,198731
28108,2025,5,1,4,0,6,34,11,70,71,48,79,63,28,51,45,20,198693
36519,2025,4,3,2,2,7,22,20,62,67,51,73,58,28,55,43,25,280413
28170,2025,1,4,2,3,5,69,22,61,77,48,80,67,20,41,28,7,120555
37741,2025,7,3,1,1,8,54,22,58,75,52,79,57,30,53,40,27,156520
28899,2025,4,3,2,1,7,39,14,63,68,56,77,61,26,53,48,22,209686
27851,2025,2,3,1,0,5,37,8,70,66,47,75,59,24,59,40,19,110800
31358,2025,3,2,1,1,5,29,13,67,74,51,82,56,28,48,59,22,143620
36263,2025,2,1,1,1,3,16,9,65,68,51,77,64,32,50,30,24,178176
28267,2025,4,3,0,4,6,87,22,61,74,50,83,71,31,40,52,22,215733
24225,2025,4,3,3,0,5,12,9,62,69,55,76,62,21,51,45,14,141130
61667,2025,2,4,1,3,6,52,5,59,75,55,87,74,21,45,46,15,128724
28900,2025,0,3,0,3,3,31,10,67,65,41,62,52,29,56,32,28,107978
64741,2025,3,2,1,1,5,13,22,63,70,46,72,56,30,53,35,25,145520
8806,2025,6,3,1,1,7,33,11,69,69,53,79,56,28,53,43,22,183230
22432,2025,3,1,3,0,4,72,12,69,74,43,84,73,29,44,41,17,155723
58149,2025,2,3,1,0,5,29,19,59,68,52,75,61,27,44,38,18,124188
25171,2025,1,2,1,2,3,66,14,62,80,48,89,60,22,35,27,5,131572
39152,2025,4,1,2,1,5,38,9,59,81,55,92,78,23,47,45,17,113999
36858,2025,0,2,1,0,1,23,6,69,77,41,86,75,25,32,50,7,83041
71221,2025,1,2,1,1,3,16,21,55,67,46,68,60,26,47,35,20,105737
68090,2025,3,2,2,1,3,32,23,63,73,55,80,57,29,53,37,22,189146
24721,2025,1,3,2,2,4,46,9,60,75,47,81,66,19,45,30,11,112733
12190,2025,1,2,0,0,3,23,5,68,63,56,76,67,30,51,24,19,94045
93452,2025,3,2,4,1,5,25,37,62,68,44,69,59,29,57,41,26,268478
64891,2025,3,3,1,1,5,17,11,64,62,51,66,51,30,44,43,18,276438
46747,2025,1,1,0,0,2,13,3,63,69,47,77,71,33,59,53,33,127535
24249,2025,0,2,0,0,2,9,17,50,68,42,63,36,23,53,25,12,131519
68627,2025,3,4,2,4,5,59,19,67,73,51,84,73,26,44,32,16,143960
11517,2025,1,2,0,0,3,17,7,61,70,54,79,64,23,43,45,14,151347
61971,2025,0,2,0,1,2,24,7,64,77,43,79,53,18,41,33,6,102533
47752,2025,0,3,0,2,3,28,6,64,71,54,83,56,19,48,20,8,119462
13447,2025,2,1,2,0,1,3,4,63,55,62,65,47,25,45,40,17,104277
63021,2025,1,2,0,0,3,18,5,68,73,60,81,53,28,43,25,11,132025
72578,2025,1,1,0,1,2,23,1,62,82,56,95,91,10,55,20,9,45436
29732,2025,1,3,1,2,4,30,10,63,73,47,80,63,19,47,45,13,135222
14856,2025,1,3,0,1,3,17,10,65,65,41,67,65,24,51,53,19,94975
79060,2025,1,1,0,0,0,0,0,0,0,0,0,0,0,0,0,0,17675
13674,2025,2,0,1,0,0,0,0,0,0,0,0,0,0,0,0,0,37574
55252,2025,0,2,1,1,1,11,12,55,74,48,86,70,19,45,50,10,83041
91521,2025,1,2,3,0,2,25,7,65,74,51,85,67,27,43,19,8,151280
14609,2025,0,3,1,0,3,29,8,63,72,47,74,61,16,40,14,2,115600
18720,2025,0,1,1,0,1,10,8,64,69,47,75,50,20,43,60,12,88610
70873,2025,3,4,0,1,7,45,23,58,71,50,80,69,30,49,41,23,167183
20193,2025,0,2,0,0,2,9,12,53,79,37,80,81,19,46,0,0,92982
45553,2025,0,1,0,0,1,9,7,50,69,36,54,40,23,23,0,0,86740
26381,2025,1,1,0,0,2,16,2,78,73,44,81,60,23,47,43,15,63613
26922,2025,0,2,1,0,2,0,8,69,58,35,55,54,26,48,29,17,90480
92184,2025,3,3,0,1,6,30,13,62,73,54,84,64,26,50,30,16,123160
7806,2025,0,3,1,2,3,8,13,51,62,48,61,53,21,50,64,18,98709
83795,2025,1,2,2,0,2,24,9,60,69,53,77,50,27,54,47,25,127100
59166,2025,3,1,3,1,4,34,7,61,79,55,93,87,26,48,36,13,59712
42229,2025,0,1,0,1,1,10,9,63,72,39,73,65,27,56,50,26,85720
9043,2025,0,2,0,1,2,10,3,59,61,55,73,50,21,46,50,13,38161
34298,2025,1,2,1,1,3,12,10,61,76,43,73,52,26,43,42,20,95713
56195,2025,1,1,0,1,2,13,3,68,74,47,78,53,26,45,50,19,122880
28898,2025,1,1,1,0,1,4,2,70,69,46,73,56,26,42,0,0,81100
20648,2025,0,1,1,1,1,8,1,67,73,48,75,58,15,43,20,10,85175
47557,2025,0,1,0,0,0,0,0,0,0,0,0,0,0,0,0,0,32303
18094,2025,1,0,0,0,0,0,0,0,0,0,0,0,0,0,0,0,58871
13048,2025,0,1,0,0,0,0,0,0,0,0,0,0,0,0,0,0,46667
29180,2025,0,5,0,1,3,19,7,62,69,46,73,53,19,42,7,3,79076
674,2025,1,1,0,0,2,15,6,58,86,54,92,60,30,51,27,17,37892
24840,2025,2,2,1,0,2,9,5,60,68,54,65,20,30,51,54,28,124870
35376,2025,0,1,0,0,1,7,2,66,76,52,82,60,7,15,0,0,29657
94493,2025,0,2,1,1,1,9,8,59,76,39,79,67,17,37,0,0,91055
67986,2025,1,2,1,2,3,50,15,57,79,46,84,68,24,45,38,12,166502
76298,2025,0,1,0,0,0,0,0,0,0,0,0,0,0,0,0,0,37344
30849,2025,0,1,0,0,0,0,0,0,0,0,0,0,0,0,0,0,38768
60140,2025,0,1,0,1,1,5,1,68,80,46,85,33,21,53,13,14,36704
17123,2025,1,1,0,1,2,10,6,67,67,57,77,58,33,56,46,31,126700
25165,2025,1,3,0,0,4,14,15,54,66,42,60,49,25,41,35,13,167044
28087,2025,5,2,6,2,7,140,31,69,82,51,94,77,23,45,34,11,179460
14716,2025,2,2,2,0,4,29,12,53,75,48,74,48,29,51,32,21,104304
20654,2025,0,1,0,1,1,2,4,58,68,56,73,0,19,66,22,18,39911
14432,2025,2,3,1,0,5,17,8,69,74,52,85,61,22,46,44,17,301449
88766,2025,0,1,0,1,0,0,0,0,0,0,0,0,0,0,0,0,43837
81189,2025,1,1,0,0,0,0,0,0,0,0,0,0,0,0,0,0,28787
80019,2025,0,1,0,1,1,16,7,63,77,48,82,67,25,38,33,6,82931
37085,2025,0,2,0,2,1,11,4,59,70,55,78,50,35,44,40,22,84521
1092,2025,0,2,0,0,2,13,4,51,73,62,79,46,16,47,15,6,89502
47543,2025,1,0,1,0,0,0,0,0,0,0,0,0,0,0,0,0,33808
83794,2025,1,0,0,0,0,0,0,0,0,0,0,0,0,0,0,0,49371
60625,2025,0,1,0,0,1,2,3,62,65,40,70,67,18,31,50,10,41873
71166,2025,2,1,2,1,1,17,1,68,79,38,91,86,12,23,0,0,41268
34349,2025,1,2,2,0,2,29,6,66,80,61,87,64,24,34,40,6,124965
19474,2025,1,1,0,0,2,6,6,60,74,35,68,63,24,49,50,18,43810
22710,2025,1,2,0,1,3,18,7,59,71,49,78,58,25,42,35,18,123580
35297,2025,0,1,0,0,1,8,3,49,85,37,77,63,34,50,33,21,31552
39043,2025,0,2,0,1,0,0,0,0,0,0,0,0,0,0,0,0,39930
72877,2025,0,1,0,0,1,4,1,62,68,48,73,25,19,60,25,9,39562
79088,2025,0,2,0,0,0,0,0,0,0,0,0,0,0,0,0,0,21742
