id_p,tm,tmw,tml,aces,df,fs,wfs,wss,bps,bpw,fsp,fssp
47275,79,73,6,594,144,61,79,57,73,42,211,192
24008,90,69,21,841,194,71,76,54,68,37,218,201
68074,68,54,14,311,132,65,73,57,64,42,218,188
29932,76,53,23,795,138,62,78,55,69,39,218,192
22807,67,46,21,453,305,61,73,49,61,44,212,189
33648,73,49,24,424,152,65,73,54,63,40,211,184
5992,45,36,9,299,107,64,75,55,65,41,208,189
29372,69,43,26,578,182,61,76,53,68,35,215,187
39309,68,47,21,312,184,54,73,54,59,45,210,189
11953,64,46,18,541,234,61,80,52,67,37,221,193
30470,66,44,22,440,197,60,74,54,68,41,212,191
29935,64,45,19,355,109,61,71,55,66,41,223,181
69471,68,45,23,456,194,60,73,55,65,37,222,185
38911,63,39,24,434,116,63,73,55,65,38,209,184
63017,61,39,22,513,194,59,78,50,60,42,212,185
26473,58,39,19,769,99,63,77,54,70,36,226,197
63572,76,46,30,261,133,64,70,52,57,37,212,182
29939,60,33,27,491,149,58,74,52,63,35,220,191
25543,59,37,22,449,100,64,74,52,61,40,217,190
83135,70,42,28,448,235,60,74,49,63,39,216,189
87562,68,41,27,649,224,68,75,54,73,34,231,188
42451,50,31,19,391,87,60,74,52,60,38,211,190
30087,64,37,27,498,152,64,75,49,66,39,208,182
34233,52,30,22,490,157,64,74,50,67,36,213,189
58327,61,37,24,320,159,62,70,51,60,43,206,182
22433,59,35,24,404,72,60,72,53,65,36,216,180
52721,58,30,28,131,110,71,63,51,61,40,198,169
61838,49,30,19,396,125,61,75,51,67,35,222,192
40434,57,32,25,461,228,62,75,50,63,40,215,196
52279,66,35,31,226,204,64,68,51,60,43,198,176
71174,73,48,25,1298,347,64,80,55,72,35,229,202
67546,72,43,29,417,238,55,73,51,64,39,210,175
24245,49,25,24,565,316,60,75,43,62,39,218,188
29812,49,36,13,465,73,67,77,51,69,38,218,195
27482,43,19,24,378,99,62,74,50,64,33,221,194
31446,59,33,26,314,164,62,70,49,59,40,206,186
73956,55,29,26,393,185,56,70,49,60,39,204,177
56846,93,61,32,773,127,65,74,56,69,35,212,186
37532,62,32,30,395,105,65,71,50,65,37,220,192
33860,63,33,30,578,211,64,75,52,62,36,212,189
92985,79,45,34,353,171,68,69,51,62,42,210,184
14177,51,30,21,504,218,58,77,51,66,33,218,193
27358,67,36,31,139,236,69,65,47,59,40,192,171
76127,69,38,31,356,151,57,70,51,61,41,206,179
26140,52,24,28,405,105,63,73,51,55,37,235,194
18736,56,29,27,287,75,60,72,51,59,36,205,176
66828,57,30,27,130,140,65,64,47,57,43,217,175
86691,68,41,27,636,237,58,74,48,64,41,216,194
27851,45,24,21,248,107,64,72,51,65,40,202,181
86082,70,43,27,308,156,62,70,53,64,37,213,180
1837,65,37,28,181,141,68,67,52,61,40,194,171
11226,75,47,28,362,224,59,71,51,58,39,230,170
31392,59,26,33,367,123,66,72,51,61,33,216,194
34337,56,25,31,250,119,61,71,52,55,37,212,185
5917,46,25,21,410,188,60,73,51,61,38,214,184
33502,58,34,24,478,341,59,77,50,66,39,213,184
21506,68,37,31,192,131,65,67,52,61,38,207,181
52140,52,23,29,236,126,64,68,48,57,39,205,180
28170,71,38,33,729,162,64,76,50,65,32,213,189
28900,59,31,28,429,186,60,74,50,63,36,211,180
36519,42,20,22,221,105,67,68,51,62,41,211,182
31358,64,32,32,195,202,65,68,48,62,40,217,184
70873,55,31,24,479,130,58,76,52,62,41,223,198
24721,54,28,26,423,101,58,74,51,63,37,208,181
61667,76,50,26,491,128,58,71,54,64,41,207,179
7806,50,17,33,226,112,59,67,51,57,38,199,171
28108,67,35,32,212,121,64,68,51,62,41,199,172
28267,70,34,36,618,123,59,74,50,61,39,207,186
24225,49,25,24,117,67,63,67,54,59,39,201,167
36263,57,31,26,96,92,67,66,49,61,41,194,159
37741,76,47,29,547,248,61,73,52,60,38,216,186
25171,74,47,27,826,278,56,79,52,65,37,209,184
58149,69,36,33,284,193,58,68,49,59,38,214,176
36858,65,33,32,328,169,63,69,51,63,41,212,185
28899,82,50,32,500,181,61,72,53,59,41,210,185
46747,62,31,31,186,157,55,66,50,57,40,194,164
22432,56,35,21,572,168,61,75,52,64,32,206,190
64891,56,22,34,295,152,59,68,48,56,40,202,178
64741,41,19,22,117,117,64,67,52,57,37,204,179
24249,66,33,33,299,248,63,70,46,60,39,217,187
12190,39,17,22,106,42,70,67,49,59,40,196,169
11517,71,42,29,539,182,58,75,54,64,37,213,183
13447,74,45,29,61,138,68,63,53,54,46,186,161
20648,64,31,33,271,126,59,69,51,62,39,206,182
61971,69,41,28,386,175,63,70,50,59,40,207,185
45553,45,20,25,182,122,65,69,47,64,41,202,170
68627,75,49,26,678,198,66,71,51,63,38,219,191
27547,43,18,25,367,113,56,73,50,61,42,216,194
29732,64,30,34,400,161,61,70,49,58,38,208,179
25165,50,23,27,337,115,61,72,51,63,35,206,189
4067,63,35,28,210,288,58,68,47,57,45,197,176
71221,58,31,27,164,182,63,67,48,58,44,200,180
47752,91,54,37,502,168,63,73,54,63,40,204,179
55252,70,42,28,608,268,58,73,48,60,36,220,195
37105,33,17,16,177,81,63,70,56,64,35,216,192
14856,57,24,33,273,108,66,67,51,59,31,202,179
42229,88,58,30,214,202,62,66,48,62,47,206,184
26922,61,32,29,103,96,69,64,52,61,41,192,166
68090,54,45,9,291,255,61,74,50,64,47,204,190
18720,80,45,35,157,201,67,62,47,53,45,197,178
20193,60,43,17,410,180,56,75,53,66,42,0,0
34298,40,21,19,172,116,62,69,52,62,35,218,179
72578,84,51,33,604,247,60,73,53,65,36,215,181
13674,41,22,19,201,87,62,70,54,64,43,205,183
28263,45,21,24,352,103,57,73,52,60,33,210,185
8806,30,19,11,60,63,65,66,54,63,40,0,0
26381,55,27,28,607,198,67,73,50,62,37,203,183
63021,64,39,25,255,133,64,69,55,65,44,212,181
14609,67,39,28,313,143,64,74,57,66,40,201,182
33284,86,51,35,459,248,63,72,52,63,36,212,184
39152,64,29,35,601,224,58,76,49,68,34,217,191
59166,73,48,25,387,220,58,72,49,61,44,215,184
9043,84,52,32,210,83,67,68,53,61,42,191,173
79060,56,35,21,484,167,65,73,51,62,38,217,192
24084,46,23,23,231,113,63,69,49,62,43,202,181
60140,82,45,37,444,224,61,69,51,63,45,199,173
52394,65,35,30,381,158,66,70,50,57,36,216,178
21464,65,42,23,163,227,60,68,51,62,39,203,181
47557,77,47,30,237,178,54,69,50,63,41,0,0
28898,78,60,18,321,97,61,73,57,66,46,199,176
84235,94,71,23,426,319,64,73,50,62,47,0,0
93452,77,63,14,264,215,62,69,54,64,46,188,155
83795,76,53,23,418,329,56,71,49,58,45,0,0
18477,72,45,27,161,104,71,68,53,63,44,188,167
29180,75,39,36,431,207,62,72,49,64,38,221,186
26845,65,32,33,377,113,61,69,49,62,38,214,182
13048,61,36,25,212,167,60,69,53,57,42,192,179
82371,73,35,38,251,256,62,68,49,57,39,210,189
674,65,33,32,321,172,59,73,51,60,38,201,181
42971,66,39,27,207,271,62,67,47,58,48,203,175
18094,49,26,23,229,141,63,70,52,60,45,196,174
36449,44,30,14,533,82,63,76,52,60,37,213,188
56195,73,44,29,282,211,61,69,51,59,42,196,178
76298,78,58,20,530,151,63,74,52,58,41,209,190
79064,47,32,15,310,123,63,73,56,68,37,204,191
37085,57,33,24,385,163,65,74,52,66,35,200,183
35376,87,59,28,420,304,60,71,50,63,41,0,0
92184,67,49,18,282,224,57,72,52,59,44,194,173
52934,74,46,28,200,227,60,66,49,53,45,183,165
36594,47,34,13,298,141,65,71,54,67,39,199,187
80019,66,41,25,265,253,61,68,50,57,40,200,183
47543,68,37,31,407,147,61,71,50,58,40,214,194
12653,72,44,28,219,209,59,67,50,62,46,202,177
11881,45,30,15,173,108,63,68,51,63,42,199,180
91521,60,37,23,318,127,65,69,54,60,40,0,0
16996,59,33,26,357,84,63,73,52,63,37,202,182
17123,73,42,31,361,156,62,70,53,60,41,206,182
14727,64,33,31,585,298,60,73,49,60,39,209,184
36617,64,36,28,268,70,67,68,50,62,43,205,187
28074,69,41,28,271,155,60,67,52,60,42,181,162
94493,66,42,24,266,243,62,69,49,62,40,0,0
24840,45,21,24,210,177,60,68,49,61,38,213,187
677,20,12,8,39,37,69,66,50,58,45,0,0
30849,64,36,28,202,114,63,68,51,57,44,199,183
28932,72,39,33,568,326,64,71,45,60,36,220,184
70705,72,44,28,135,269,60,65,47,57,46,203,177
19689,72,47,25,463,176,63,72,53,64,39,194,172
67535,71,39,32,521,301,58,72,51,64,40,219,192
35297,68,40,28,520,140,59,75,54,67,40,211,188
81189,86,60,26,186,318,63,66,46,60,48,0,0
1092,32,12,20,224,69,56,74,51,59,35,207,188
20654,61,29,32,243,109,62,68,52,60,36,200,186
10828,63,37,26,148,193,63,66,51,60,42,228,174
9305,44,18,26,224,152,57,73,49,60,33,206,176
6691,60,28,32,87,112,64,64,50,57,40,186,161
73620,72,37,35,277,147,63,69,51,57,41,228,170
20465,42,25,17,208,69,61,69,53,60,44,198,180
67986,77,44,33,660,284,57,76,50,59,35,213,185
60625,63,35,28,210,114,67,66,51,60,43,0,0
71166,75,39,36,576,186,59,72,48,61,38,0,0
83794,72,39,33,250,281,54,68,50,57,40,202,172
74899,59,34,25,245,178,58,70,54,63,37,0,0
26421,66,33,33,258,104,66,68,51,62,44,200,177
22710,69,42,27,367,138,63,71,52,62,40,191,175
44555,57,26,31,262,140,58,70,48,59,36,201,179
23142,95,63,32,451,209,53,72,51,60,46,194,176
32703,58,31,27,244,92,68,69,51,60,38,186,170
48013,72,41,31,557,258,61,74,47,64,42,0,0
26965,78,51,27,150,143,69,66,54,58,46,190,169
6101,20,9,11,245,88,55,77,50,65,41,209,197
84060,66,39,27,237,158,57,69,50,57,42,201,163
59092,63,36,27,411,123,58,72,50,58,39,214,178
27205,77,47,30,165,209,65,64,49,57,45,0,0
23640,54,22,32,279,132,60,68,51,57,39,206,182
50382,74,47,27,318,254,61,71,51,65,41,0,0
79088,79,47,32,203,142,65,66,48,57,44,196,173
29906,74,41,33,298,193,58,70,51,57,43,0,0
19474,59,28,31,221,148,58,68,48,61,42,187,167
55828,91,64,27,243,280,60,69,51,60,47,0,0
39863,58,30,28,285,164,56,70,52,62,45,213,185
55257,59,36,23,141,213,58,68,50,57,42,193,175
48871,68,40,28,199,173,61,68,50,59,43,189,171
62166,64,41,23,548,221,57,77,51,65,44,0,0
72877,65,37,28,378,200,55,71,50,63,43,0,0
29665,83,46,37,117,211,65,64,48,57,47,0,0
14432,22,10,12,71,66,62,68,49,55,42,181,163
61857,78,48,30,393,184,61,72,52,60,42,0,0
47566,74,43,31,299,64,64,68,49,59,41,0,0
38973,65,40,25,92,254,65,64,47,54,46,0,0
47387,58,34,24,332,198,62,72,53,60,38,0,0
25533,72,39,33,523,185,62,71,52,62,37,213,189
82269,67,33,34,303,175,61,70,49,60,40,0,0
88766,55,31,24,253,113,62,69,49,62,42,191,177
12498,70,44,26,85,181,70,65,52,58,46,204,180
39043,62,36,26,161,191,59,68,51,62,41,0,0
23301,49,29,20,321,172,55,75,48,61,41,204,183
14861,77,44,33,354,263,58,70,47,60,43,201,174
14716,83,51,32,324,245,58,70,50,60,41,0,0
26153,57,27,30,199,123,59,67,50,55,39,201,180
35323,63,30,33,476,183,67,73,48,62,35,194,180
46718,53,26,27,427,113,59,75,51,61,41,215,187
56197,68,34,34,540,199,62,71,51,62,41,214,192
11522,78,48,30,466,163,57,73,49,62,41,0,0
55290,104,70,34,88,113,73,61,52,57,50,0,0
14898,75,51,24,368,178,55,72,51,60,47,0,0
34349,79,45,34,606,305,60,73,50,67,35,0,0
48396,73,39,34,183,86,65,65,50,56,43,0,0
32887,73,35,38,337,209,56,69,51,61,39,197,179
34968,73,43,30,267,159,60,69,51,56,39,0,0
18771,66,32,34,186,138,60,67,52,58,39,196,172
12097,67,33,34,266,129,58,67,49,54,42,202,180
44595,49,21,28,224,172,53,70,51,59,37,207,184
28774,91,70,21,370,190,61,69,54,61,46,0,0
38273,71,41,30,133,208,63,63,51,58,46,0,0
63299,65,38,27,86,315,63,63,43,52,48,187,166
83314,71,39,32,138,168,61,64,53,59,43,0,0
30626,76,46,30,502,238,58,72,49,64,40,207,179
71083,52,35,17,224,123,64,68,51,55,42,196,180
87283,66,37,29,399,227,63,72,49,61,37,212,186
20463,66,41,25,322,194,55,72,50,57,38,0,0
53722,68,42,26,186,263,55,67,46,56,46,0,0
56641,84,57,27,105,277,58,68,48,61,47,185,176
80391,60,33,27,108,181,63,62,49,55,43,0,0
79113,73,47,26,174,163,61,66,48,57,45,0,0
73742,61,28,33,149,235,54,66,47,54,42,196,169
29953,61,33,28,245,106,67,67,51,60,38,199,185
57769,36,18,18,282,90,60,73,49,63,41,220,195
11704,11,6,5,196,42,62,83,54,62,22,224,207
45979,69,40,29,261,153,64,69,52,59,40,193,169
73983,65,35,30,47,164,65,61,48,55,43,0,0
37492,70,45,25,155,233,57,67,50,57,48,0,0
63737,74,37,37,382,231,60,69,45,60,40,222,197
56274,58,29,29,629,208,61,76,49,65,39,230,196
54207,55,29,26,710,501,60,79,49,61,35,220,194
26832,81,48,33,367,246,64,72,51,63,43,207,178
17264,72,35,37,208,141,62,64,48,53,49,194,163
53532,74,51,23,242,224,66,69,49,63,47,0,0
58609,83,56,27,334,258,59,73,51,63,43,0,0
47021,57,28,29,158,156,60,66,52,59,38,198,170
76009,74,39,35,286,287,60,67,49,62,40,210,177
51853,96,69,27,220,330,57,70,50,57,44,0,0
87766,77,52,25,301,215,60,71,50,62,43,0,0
85523,56,32,24,186,140,65,66,48,56,43,0,0
23816,73,47,26,359,214,64,71,50,63,42,0,0
10404,66,46,20,222,134,63,68,51,56,47,0,0
83315,90,55,35,634,183,60,71,51,60,41,218,188
36062,109,84,25,522,242,66,72,54,62,41,0,0
30397,59,34,25,313,191,59,71,49,63,42,0,0
18414,74,54,20,246,134,58,71,52,63,48,0,0
29457,55,25,30,101,124,67,62,49,58,45,209,182
46722,43,17,26,258,147,54,70,48,56,38,225,169
11981,89,56,33,202,285,65,66,46,59,46,0,0
83555,93,60,33,261,268,64,66,51,58,44,0,0
28992,83,54,29,289,150,56,68,51,59,46,0,0
65904,40,23,17,163,141,54,70,50,61,47,212,175
95464,71,45,26,278,206,59,70,49,59,39,0,0
13429,46,23,23,278,135,57,71,49,59,40,205,185
48442,62,28,34,395,184,59,71,51,56,40,208,192
66379,68,37,31,80,268,69,62,46,58,45,0,0
74153,76,49,27,231,167,68,68,51,60,42,0,0
76333,60,28,32,251,244,55,70,50,62,40,197,177
29579,51,21,30,59,88,69,60,45,55,42,195,174
76010,57,29,28,255,176,60,68,46,58,43,201,174
31290,34,19,15,197,90,61,72,50,65,41,219,199
79813,80,47,33,460,343,54,72,47,59,44,0,0
39438,74,41,33,421,213,62,69,49,60,38,197,177
34537,73,50,23,197,156,61,69,54,58,47,0,0
38876,67,32,35,214,189,59,66,49,57,37,197,177
35036,57,24,33,172,192,59,66,47,60,37,201,183
77659,74,45,29,74,161,63,63,51,52,47,0,0
46407,74,45,29,411,148,62,73,51,60,42,0,0
35296,79,49,30,315,270,58,70,51,61,44,0,0
32764,65,34,31,200,115,67,66,49,55,42,0,0
64896,32,16,16,90,26,68,67,51,61,41,194,172
38936,79,49,30,255,147,57,69,47,57,48,0,0
23100,37,11,26,139,92,63,64,47,51,36,199,177
18524,30,12,18,131,91,63,70,50,58,35,194,176
89131,66,42,24,141,182,55,65,50,54,45,0,0
10231,74,42,32,245,207,53,70,47,59,41,0,0
50118,86,59,27,252,250,62,68,50,59,44,0,0
9675,69,47,22,205,193,57,70,50,57,49,0,0
85899,38,20,18,172,108,60,67,50,58,40,207,187
28087,18,8,10,344,67,63,79,51,66,29,228,202
21524,77,48,29,312,185,60,69,52,61,40,0,0
73918,66,35,31,288,205,61,70,49,61,41,212,189
84120,85,62,23,494,140,55,72,51,60,44,0,0
50143,70,40,30,129,91,66,66,51,58,43,0,0
83223,90,57,33,137,367,69,64,44,57,48,0,0
29462,87,50,37,361,225,58,72,52,63,41,0,0
73196,27,12,15,197,93,54,75,50,59,33,202,178
54163,50,41,9,297,135,68,72,53,63,42,0,0
64916,65,38,27,135,179,63,67,51,60,49,0,0
7732,87,52,35,333,242,57,68,50,59,44,0,0
34103,78,55,23,204,282,64,67,51,59,46,0,0
28895,69,26,43,352,415,59,71,47,56,40,0,0
42963,76,49,27,100,209,64,61,49,54,47,0,0
53726,76,50,26,193,160,63,65,50,55,43,0,0
20396,77,49,28,171,143,61,65,51,56,46,0,0
26500,71,36,35,280,228,59,69,49,61,38,199,187
58432,81,59,22,106,148,69,65,53,60,47,0,0
22992,83,53,30,401,135,67,71,54,61,40,0,0
68393,61,44,17,198,233,60,70,50,62,49,0,0
36042,81,64,17,440,114,62,73,52,63,46,0,0
9833,59,32,27,220,177,58,70,50,61,40,0,0
37577,65,32,33,94,120,68,63,48,53,40,0,0
51417,38,16,22,111,117,56,67,49,60,42,204,189
26925,20,8,12,107,62,65,70,46,59,43,222,192
84083,80,58,22,504,176,62,74,53,62,42,0,0
46422,58,32,26,145,167,58,66,49,54,46,0,0
18495,84,52,32,114,276,62,65,51,58,44,0,0
25365,51,24,27,208,203,66,68,48,58,43,205,178
12534,59,28,31,126,185,62,63,46,54,46,0,0
61537,107,74,33,100,234,71,63,49,58,50,0,0
58005,66,53,13,218,82,66,71,58,59,48,0,0
59163,66,40,26,259,131,60,71,51,64,38,0,0
72574,35,15,20,433,159,58,75,49,68,33,218,191
26218,54,22,32,294,182,59,70,47,60,42,202,183
21329,38,17,21,318,101,62,73,50,60,37,208,183
43196,71,45,26,165,224,63,68,47,60,40,0,0
97369,48,25,23,159,115,61,68,51,61,40,0,0
18772,61,29,32,460,171,63,72,49,61,34,0,0
51846,79,52,27,121,402,61,66,45,57,46,0,0
38107,69,36,33,261,182,63,69,52,60,37,0,0
18348,64,34,30,181,97,61,67,49,55,48,0,0
81980,47,29,18,290,142,63,72,50,63,40,0,0
17837,47,24,23,144,84,68,67,50,58,39,182,172
79634,84,61,23,395,299,63,72,48,62,45,0,0
33614,77,49,28,543,177,62,72,53,60,42,0,0
17058,67,33,34,236,120,66,67,50,59,39,198,154
73399,86,50,36,258,218,62,67,48,57,41,0,0
18017,47,20,27,399,195,63,73,49,63,35,215,192
80183,63,46,17,496,150,57,77,52,64,40,0,0
84236,59,35,24,139,194,61,67,50,59,42,0,0
69015,81,52,29,194,261,59,70,50,59,48,0,0
56590,43,18,25,107,121,62,65,50,56,39,192,169
86924,63,47,16,385,130,53,74,52,59,46,0,0
44209,66,40,26,185,104,67,65,52,58,42,0,0
42990,76,50,26,204,97,65,68,52,60,45,0,0
28762,14,5,9,40,59,57,65,51,60,37,202,180
24647,71,45,26,399,85,57,72,49,62,40,0,0
41484,67,32,35,68,207,65,62,48,56,45,0,0
22429,54,28,26,132,129,68,66,48,57,41,0,0
41964,55,42,13,181,76,61,68,54,63,47,0,0
29889,76,59,17,679,236,55,78,53,65,41,0,0
26221,56,37,19,107,242,65,65,48,60,44,0,0
13209,67,41,26,118,172,63,67,48,60,48,0,0
20847,64,39,25,293,189,57,73,52,59,40,0,0
40795,102,60,42,149,156,72,62,51,57,45,0,0
36276,102,65,37,538,475,58,69,48,55,45,0,0
46748,68,42,26,277,239,63,71,47,59,44,0,0
45197,64,39,25,232,154,62,69,52,55,44,0,0
22269,71,41,30,407,210,56,73,48,61,41,0,0
53909,62,44,18,374,188,53,75,51,64,44,0,0
97973,52,29,23,255,141,58,69,51,60,44,0,0
54996,80,52,28,231,333,63,69,51,63,43,0,0
89108,38,27,11,153,87,65,68,55,68,42,0,0
58723,72,46,26,37,58,79,58,51,56,45,0,0
27783,72,41,31,497,199,58,73,50,56,45,0,0
89396,59,34,25,236,198,61,69,54,61,43,0,0
57304,65,38,27,238,180,57,69,51,58,40,0,0
17829,26,11,15,49,67,64,64,47,51,45,184,165
77192,36,29,7,200,90,67,74,55,66,41,0,0
23090,40,25,15,266,98,53,73,51,62,40,0,0
36470,59,36,23,512,188,60,76,48,63,38,0,0
32729,21,11,10,146,88,55,75,50,53,44,211,183
20104,51,26,25,106,172,62,66,50,59,45,184,173
79067,41,29,12,180,178,60,69,48,59,44,0,0
47259,60,27,33,147,186,60,66,47,56,40,203,183
35986,72,49,23,498,232,62,74,50,61,43,0,0
85851,63,37,26,202,141,55,70,49,60,41,0,0
86348,62,31,31,123,259,63,63,47,55,47,0,0
22761,47,21,26,201,103,62,67,48,57,40,211,190
18669,54,25,29,270,121,60,72,48,65,45,0,0
84377,68,43,25,156,235,60,66,50,61,45,0,0
65129,56,37,19,104,159,61,66,51,61,45,0,0
28904,54,27,27,164,150,63,68,46,56,45,193,176
90203,66,44,22,96,96,64,63,51,57,54,0,0
60139,74,52,22,250,154,58,69,54,55,46,0,0
58606,90,52,38,283,439,60,68,46,53,44,0,0
30801,76,42,34,264,309,61,67,45,55,45,0,0
84561,56,33,23,168,127,62,67,49,58,44,0,0
22323,63,44,19,104,139,66,67,51,55,48,0,0
23147,45,22,23,384,171,60,74,51,65,39,0,0
91448,49,32,17,265,165,58,70,49,62,48,0,0
30954,70,40,30,558,223,61,75,49,65,34,0,0
11521,70,38,32,157,191,59,65,48,56,45,0,0
23298,36,28,8,144,79,59,72,49,59,47,199,181
59169,78,49,29,244,182,65,67,52,56,42,0,0
50000,51,23,28,113,130,62,64,47,54,49,0,0
64479,82,52,30,281,183,67,71,53,62,43,0,0
50133,45,24,21,128,131,60,68,50,57,43,202,177
66254,63,36,27,271,101,60,71,51,58,41,0,0
65903,63,47,16,545,164,63,77,50,67,40,0,0
62258,65,39,26,108,153,59,65,49,56,50,0,0
81995,71,41,30,133,142,68,64,47,57,45,0,0
39310,14,9,5,67,39,60,71,51,65,40,0,0
93753,61,46,15,364,233,61,73,49,60,44,0,0
87277,70,40,30,168,237,61,66,48,55,47,0,0
30856,51,28,23,124,126,63,65,50,56,47,191,174
22069,43,24,19,236,157,58,72,48,59,46,0,0
50504,71,44,27,117,104,65,65,51,59,48,0,0
93550,36,20,16,162,72,62,69,52,60,38,0,0
23099,56,32,24,20,83,75,62,46,56,50,0,0
12043,41,11,30,274,239,51,73,43,57,35,202,185
55656,57,35,22,394,224,61,73,49,59,37,0,0
71419,74,44,30,37,157,71,59,47,55,49,0,0
28685,80,47,33,387,245,57,70,50,63,39,0,0
56577,50,26,24,464,154,60,74,51,59,34,0,0
85308,63,40,23,604,263,62,75,51,63,40,0,0
71188,50,31,19,137,116,65,66,52,61,44,0,0
56205,60,37,23,173,107,61,67,51,56,43,0,0
17972,59,28,31,101,179,68,62,47,60,45,193,182
80500,83,52,31,520,313,60,74,50,63,37,0,0
24841,77,44,33,56,189,64,64,50,54,44,0,0
87865,65,39,26,179,157,62,67,49,58,45,0,0
41083,72,42,30,82,217,65,62,49,57,45,0,0
22428,66,41,25,245,150,69,67,47,62,43,0,0
8721,49,36,13,135,142,57,67,51,62,45,0,0
55634,81,50,31,426,224,61,72,48,60,45,0,0
17928,46,23,23,212,126,56,72,50,60,40,0,0
35225,63,28,35,163,176,58,67,50,60,41,0,0
73268,71,37,34,225,133,60,64,49,58,47,0,0
47324,39,23,16,98,76,61,65,49,56,45,0,0
73608,60,34,26,149,127,63,66,51,58,46,0,0
54380,69,44,25,142,113,62,63,53,59,49,0,0
86351,74,48,26,393,286,62,71,49,60,43,0,0
26942,69,39,30,274,104,60,68,49,60,41,0,0
86545,73,46,27,135,371,59,67,47,56,47,0,0
29459,52,28,24,125,95,60,67,52,56,48,188,170
81784,64,44,20,202,116,62,66,48,58,45,0,0
61966,69,44,25,119,165,63,64,49,60,46,0,0
68981,73,44,29,59,363,68,61,44,53,49,0,0
21548,54,32,22,151,143,63,67,46,58,45,201,167
26706,65,44,21,345,194,59,73,48,62,47,0,0
96517,69,46,23,94,217,63,64,48,54,46,0,0
62990,64,33,31,521,134,59,73,48,55,40,0,0
27111,53,30,23,240,126,61,73,54,58,43,0,0
20651,60,26,34,164,179,62,68,47,53,44,0,0
30550,17,9,8,197,65,62,74,50,63,36,217,193
86156,53,31,22,268,108,58,69,51,60,41,0,0
79692,63,43,20,296,203,60,72,49,64,42,0,0
44990,72,44,28,154,180,68,64,50,58,46,0,0
14959,63,29,34,221,229,56,67,48,55,38,0,0
33904,54,27,27,143,285,60,69,45,57,43,194,185
29673,53,26,27,203,153,58,70,51,64,39,0,0
30496,62,38,24,86,85,64,64,49,57,45,0,0
51966,73,43,30,60,176,71,61,48,56,51,0,0
37486,81,54,27,200,131,63,68,53,59,44,0,0
10813,61,38,23,251,167,55,73,52,63,45,0,0
59356,52,31,21,304,131,59,73,50,62,38,0,0
30230,66,42,24,184,304,59,68,50,58,49,0,0
84556,61,37,24,101,164,68,63,49,57,48,0,0
69561,41,27,14,155,106,56,71,50,63,42,0,0
20655,54,25,29,291,168,62,69,47,62,40,0,0
25539,46,28,18,271,110,60,72,50,64,43,0,0
44979,61,33,28,111,146,65,65,53,59,39,0,0
48011,70,39,31,295,388,60,67,42,56,43,0,0
83554,69,39,30,502,287,56,73,47,61,43,0,0
66662,60,33,27,378,209,55,73,44,57,39,0,0
86619,58,31,27,63,207,60,62,47,58,48,0,0
91530,76,48,28,183,152,60,65,51,59,45,0,0
34539,30,13,17,54,127,61,63,45,47,47,206,176
86083,70,42,28,331,174,61,69,50,59,41,0,0
31562,59,31,28,290,128,62,70,50,64,41,0,0
23259,62,35,27,150,263,70,65,44,53,45,0,0
81114,64,38,26,61,154,67,61,51,61,48,0,0
21631,65,45,20,121,60,63,64,54,60,51,0,0
50386,62,32,30,153,120,67,65,52,63,44,0,0
40605,72,38,34,374,111,59,71,49,59,41,0,0
52968,43,25,18,109,159,60,66,49,58,43,0,0
46474,69,35,34,416,384,60,70,45,62,44,0,0
85844,61,31,30,262,220,65,67,47,56,42,0,0
79065,32,18,14,94,59,65,68,49,59,41,0,0
18398,35,19,16,88,67,61,66,51,58,44,200,172
26909,60,37,23,247,175,59,70,48,52,45,0,0
34352,64,36,28,434,141,61,72,48,59,42,0,0
60951,56,35,21,262,148,65,69,48,63,44,0,0
48825,66,37,29,372,153,61,74,51,65,35,0,0
74880,70,43,27,510,152,62,71,51,57,41,0,0
37047,43,33,10,61,158,65,65,47,53,45,0,0
62722,57,29,28,183,138,64,63,46,54,50,0,0
30104,57,32,25,230,192,60,68,51,62,42,0,0
34844,69,36,33,145,293,62,65,44,55,45,0,0
29905,52,32,20,74,108,66,63,50,54,43,0,0
40382,57,34,23,83,180,61,65,50,57,49,0,0
54208,67,41,26,244,139,59,72,52,59,37,0,0
67981,20,13,7,97,92,56,73,50,58,32,0,0
69574,41,29,12,218,98,61,71,50,64,41,0,0
55985,73,47,26,144,165,67,64,51,57,48,0,0
81601,63,37,26,185,245,58,67,47,59,45,0,0
69729,55,29,26,133,258,61,66,46,55,42,0,0
36114,51,24,27,185,160,56,66,49,58,40,0,0
59993,52,30,22,111,106,59,66,52,58,43,0,0
67703,35,25,10,209,117,63,70,51,66,43,0,0
12662,22,13,9,232,61,59,77,50,65,32,0,0
9403,57,29,28,123,82,68,64,49,60,45,0,0
47528,66,42,24,258,212,53,71,51,61,44,0,0
30971,73,46,27,273,146,62,67,48,57,47,0,0
27114,68,38,30,557,173,62,72,52,68,41,0,0
74151,73,43,30,232,223,65,67,50,58,45,0,0
49987,56,36,20,251,97,66,67,50,57,44,0,0
92094,49,24,25,305,123,63,71,53,67,44,0,0
84323,60,34,26,389,142,62,71,52,66,39,0,0
73241,80,51,29,564,186,61,74,52,68,41,0,0
23335,89,53,36,257,415,56,66,47,58,46,0,0
92649,79,43,36,200,123,56,66,51,60,46,0,0
104215,35,24,11,83,86,59,65,53,60,51,0,0
40187,66,41,25,96,287,62,65,47,60,46,0,0
41747,54,28,26,191,118,69,67,50,60,41,0,0
92247,64,34,30,232,195,61,67,47,59,43,0,0
95698,54,31,23,136,137,59,67,51,57,41,0,0
58726,61,34,27,178,174,62,69,50,58,42,0,0
20650,20,6,14,87,64,59,66,49,54,33,206,186
53207,38,20,18,73,100,60,65,47,49,45,0,0
76940,52,29,23,70,68,68,61,50,53,45,0,0
41680,66,37,29,294,171,66,68,51,63,44,0,0
30931,38,20,18,98,151,62,66,48,50,48,0,0
11373,42,22,20,148,67,59,71,53,62,41,0,0
71177,61,40,21,263,144,63,71,51,64,46,0,0
29943,59,31,28,150,108,66,67,52,61,44,0,0
59355,64,38,26,317,158,63,70,49,59,45,0,0
84557,59,28,31,92,172,68,63,48,58,39,0,0
59165,59,31,28,91,198,66,63,44,55,47,0,0
69838,71,39,32,64,188,69,62,46,53,45,0,0
22686,45,27,18,147,112,60,70,52,60,40,0,0
18612,47,26,21,67,57,62,63,52,58,41,0,0
58591,52,29,23,211,83,59,68,51,61,43,0,0
71836,57,28,29,367,235,63,71,49,59,42,0,0
76725,72,44,28,361,343,63,71,45,59,45,0,0
5136,30,8,22,167,92,56,70,49,55,32,203,187
89099,65,40,25,124,126,67,66,49,60,45,0,0
95537,71,42,29,105,141,63,64,51,57,42,0,0
56420,80,41,39,223,208,59,67,49,56,43,0,0
83306,48,33,15,26,66,74,62,52,58,48,0,0
92640,60,33,27,239,123,62,68,53,59,43,0,0
68301,68,37,31,136,98,63,64,51,58,44,0,0
18016,28,10,18,103,118,58,68,47,61,38,188,174
83696,48,26,22,235,147,65,69,50,58,43,0,0
56211,63,37,26,375,145,70,70,52,56,40,0,0
88200,40,30,10,37,64,71,61,50,56,49,0,0
20702,61,34,27,436,185,63,74,52,62,42,0,0
62465,41,23,18,240,79,64,71,54,60,41,0,0
44217,44,27,17,85,51,65,64,51,58,47,0,0
71614,36,24,12,23,120,64,64,49,47,48,0,0
31335,53,26,27,127,91,64,66,49,56,44,0,0
33740,55,22,33,352,213,58,70,47,57,35,0,0
70459,57,25,32,177,200,55,65,46,59,44,0,0
46749,38,25,13,85,136,58,67,51,63,43,0,0
36793,55,31,24,264,233,55,71,46,58,42,0,0
45977,47,26,21,125,89,64,65,51,57,49,0,0
25451,63,36,27,167,145,63,66,52,57,40,0,0
55868,40,22,18,109,107,60,67,49,57,38,0,0
10014,52,30,22,163,86,64,71,50,59,42,0,0
99846,55,34,21,138,116,68,66,51,60,49,0,0
43553,51,32,19,168,155,60,67,48,57,43,0,0
83330,62,35,27,218,187,62,68,51,59,42,0,0
25795,72,45,27,184,184,70,66,47,62,44,0,0
75024,29,12,17,92,89,65,65,47,59,43,0,0
75042,48,29,19,86,112,65,62,48,56,48,0,0
75660,51,31,20,143,160,58,67,50,59,47,0,0
29800,57,25,32,256,156,62,67,51,61,38,0,0
73055,70,45,25,213,159,62,67,50,58,48,0,0
37580,60,33,27,233,92,58,68,50,65,44,0,0
98265,65,35,30,100,175,56,64,46,58,47,0,0
50146,73,40,33,342,222,61,70,50,61,39,0,0
68297,26,16,10,89,82,60,67,49,54,42,0,0
70035,52,32,20,269,118,61,71,49,62,44,0,0
85119,55,35,20,115,144,55,64,50,58,48,0,0
69539,78,46,32,105,282,62,63,49,56,47,0,0
70477,35,25,10,35,51,66,66,54,55,51,0,0
63016,30,18,12,180,95,56,75,51,56,46,0,0
29937,49,29,20,203,160,65,69,53,62,38,0,0
19871,49,24,25,139,103,59,66,47,57,44,0,0
76126,48,28,20,44,60,69,61,56,50,52,0,0
33166,53,27,26,147,162,62,67,48,59,38,0,0
21177,61,32,29,134,132,60,64,48,57,43,0,0
36278,28,13,15,185,80,55,75,48,56,52,0,0
79066,35,19,16,123,102,60,67,47,56,50,0,0
16994,40,19,21,142,127,63,69,50,63,42,0,0
28346,44,20,24,155,73,63,69,49,60,40,0,0
104494,48,30,18,45,84,71,62,53,60,47,0,0
95883,48,32,16,79,143,57,67,50,57,46,0,0
83105,44,25,19,104,159,64,68,49,55,43,193,176
54358,48,25,23,151,153,61,67,51,54,44,0,0
16998,22,15,7,67,33,67,73,52,61,45,0,0
67853,27,20,7,18,61,71,65,51,62,44,0,0
85862,31,19,12,40,83,73,61,45,51,48,0,0
51854,31,23,8,17,196,66,61,41,58,54,0,0
81138,41,29,12,144,177,58,72,47,58,50,0,0
59443,45,25,20,410,168,64,73,49,62,38,0,0
71979,54,29,25,193,155,63,66,47,60,41,0,0
59423,52,30,22,93,74,69,64,53,58,45,0,0
30743,66,39,27,338,210,62,70,49,58,42,0,0
80960,54,29,25,38,136,68,62,47,51,50,0,0
37720,62,33,29,84,141,67,64,49,59,46,0,0
83679,60,32,28,232,132,57,70,48,60,47,0,0
36257,60,33,27,77,159,63,63,50,53,46,0,0
90029,62,35,27,36,86,74,59,49,55,49,0,0
13032,40,18,22,74,90,66,63,48,56,43,0,0
86275,47,31,16,56,126,68,63,47,53,47,0,0
34605,49,28,21,203,100,59,69,49,58,45,0,0
53157,19,13,6,118,47,61,75,47,65,37,0,0
38391,57,23,34,143,114,60,66,48,57,41,0,0
65733,53,29,24,110,168,62,61,45,53,47,0,0
68405,64,34,30,90,132,58,65,52,56,47,0,0
62404,60,30,30,437,223,59,73,49,59,37,0,0
37035,33,14,19,31,104,65,61,47,58,49,0,0
13820,31,14,17,125,119,57,68,48,57,37,204,186
77866,49,34,15,71,108,62,64,51,59,47,0,0
25703,43,27,16,145,80,63,70,49,59,49,0,0
38463,59,29,30,221,204,63,68,49,58,39,0,0
90015,63,37,26,87,149,64,65,48,55,44,0,0
28586,41,24,17,146,164,67,69,48,58,43,0,0
53159,35,21,14,233,163,59,75,48,60,40,0,0
45938,44,29,15,123,84,59,71,56,56,43,0,0
71976,45,25,20,134,151,56,66,47,57,50,0,0
43868,57,34,23,106,116,67,64,48,58,51,0,0
51081,46,24,22,122,82,69,63,49,52,49,0,0
64266,62,36,26,159,108,58,65,52,61,41,0,0
87625,59,32,27,138,209,63,67,46,59,49,0,0
100202,58,31,27,75,81,67,61,49,53,47,0,0
39306,12,5,7,38,46,62,66,43,59,40,205,185
87360,31,22,9,188,79,62,70,53,62,44,0,0
83312,57,36,21,139,147,64,67,52,58,45,0,0
7805,62,31,31,309,174,69,69,48,57,39,0,0
85075,50,26,24,125,161,63,65,46,58,46,0,0
37199,71,34,37,189,311,59,66,44,52,42,0,0
14745,12,8,4,67,28,61,70,51,54,39,199,180
87767,18,14,4,62,33,59,71,55,60,53,0,0
13277,18,8,10,47,27,67,66,49,56,44,183,166
38469,43,23,20,255,74,51,73,51,58,43,0,0
18497,42,25,17,101,65,56,69,51,57,41,0,0
64258,47,31,16,46,122,63,64,50,54,49,0,0
95918,57,32,25,236,191,64,67,44,54,45,0,0
65253,67,34,33,78,168,61,63,48,57,43,0,0
10202,38,13,25,90,116,64,64,49,58,39,195,179
95681,44,25,19,86,122,51,68,53,53,38,0,0
29829,57,32,25,36,152,65,61,47,57,47,0,0
84227,53,28,25,423,180,59,74,46,56,39,0,0
33775,64,31,33,181,211,56,67,49,55,43,0,0
94591,21,13,8,58,41,56,68,52,60,46,0,0
78284,26,19,7,39,54,64,65,51,55,48,0,0
63847,47,26,21,98,159,59,65,51,58,47,0,0
61856,48,22,26,444,199,59,73,48,62,36,0,0
36842,57,29,28,596,180,69,75,50,64,33,0,0
45300,66,33,33,153,205,61,64,46,51,43,0,0
12276,26,17,9,55,90,63,63,49,54,46,0,0
13957,27,15,12,79,61,59,66,52,61,50,0,0
96788,34,22,12,173,60,62,72,51,55,44,0,0
51700,44,31,13,36,92,62,66,51,61,45,0,0
50385,55,34,21,153,166,64,67,47,57,48,0,0
84195,58,34,24,65,113,70,63,51,55,46,0,0
50391,49,24,25,112,109,61,63,50,56,38,0,0
86070,57,30,27,153,211,57,67,49,59,40,0,0
71628,37,17,20,256,178,52,69,46,57,39,0,0
62046,34,17,17,109,87,65,66,52,61,39,0,0
27110,49,29,20,96,70,67,65,51,59,46,0,0
30099,49,27,22,81,126,63,66,47,56,48,0,0
54146,54,26,28,160,133,61,65,50,60,40,0,0
81115,60,35,25,233,258,56,70,49,60,45,0,0
21332,51,23,28,296,115,64,71,52,59,40,0,0
65558,58,25,33,188,129,58,65,52,60,38,0,0
79842,29,20,9,116,67,62,70,48,54,49,0,0
78906,32,21,11,98,70,63,70,52,64,45,0,0
44252,37,22,15,68,111,63,66,50,56,44,0,0
61997,43,24,19,115,117,59,69,53,61,39,0,0
36897,45,23,22,78,242,62,65,42,51,46,0,0
56831,45,24,21,176,182,55,70,50,59,40,0,0
37735,53,27,26,80,90,68,63,44,56,44,0,0
63240,62,40,22,296,113,64,70,52,66,44,0,0
81612,33,19,14,85,66,59,67,53,58,41,0,0
33298,31,12,19,329,169,56,77,51,59,30,0,0
84237,34,23,11,225,87,62,74,52,54,44,0,0
63018,41,24,17,58,90,67,66,50,57,50,0,0
80945,48,26,22,210,161,56,72,49,64,41,0,0
65731,48,27,21,204,136,62,70,52,60,40,0,0
77575,61,35,26,107,126,62,65,49,55,46,0,0
54365,43,26,17,77,77,66,65,49,60,40,0,0
26960,38,22,16,302,75,64,72,51,62,38,0,0
29667,40,17,23,136,101,62,68,48,55,43,0,0
83921,51,27,24,110,85,65,64,49,56,46,0,0
82262,29,19,10,185,89,60,76,53,69,38,0,0
38550,34,20,14,138,88,57,71,53,60,40,0,0
67979,35,15,20,92,92,57,64,51,58,37,0,0
91863,52,30,22,285,103,59,71,47,56,39,0,0
48023,52,26,26,288,309,62,69,46,58,42,0,0
58999,59,29,30,312,211,59,69,47,63,38,0,0
59499,61,32,29,95,158,69,61,49,57,46,0,0
66500,54,24,30,134,180,63,60,42,51,44,0,0
34861,23,14,9,147,143,56,73,47,64,36,0,0
63451,29,13,16,203,114,53,72,51,63,37,0,0
92050,50,24,26,97,200,59,64,46,58,46,0,0
85513,45,25,20,261,96,58,71,50,61,45,0,0
81959,55,26,29,48,189,67,60,48,56,49,0,0
57038,52,27,25,83,91,58,67,49,59,43,0,0
32811,53,28,25,32,128,73,57,44,54,50,0,0
46164,52,24,28,143,129,61,63,47,55,47,0,0
81144,20,16,4,96,42,62,69,54,66,44,0,0
9229,19,8,11,145,59,57,74,49,54,37,0,0
87282,40,20,20,114,59,58,65,48,54,39,0,0
38250,53,25,28,297,139,59,69,46,56,43,0,0
88897,59,30,29,165,164,60,67,49,58,41,0,0
37275,21,15,6,75,43,62,70,53,65,41,0,0
85763,50,26,24,84,94,62,62,49,55,47,0,0
93888,46,23,23,56,105,64,61,47,51,46,0,0
47778,55,29,26,239,163,60,66,48,56,41,0,0
55642,59,27,32,47,127,71,59,46,56,40,0,0
22056,41,16,25,177,92,55,69,47,55,38,0,0
89402,46,22,24,282,93,63,70,52,59,36,0,0
53138,53,29,24,126,164,59,65,47,54,43,0,0
96547,49,25,24,142,160,61,64,48,51,43,0,0
65267,47,23,24,186,123,63,65,49,57,44,0,0
54973,53,26,27,74,120,65,62,50,54,38,0,0
32910,68,36,32,43,208,70,61,47,54,50,0,0
11923,11,6,5,30,23,60,68,54,59,42,0,0
17788,30,14,16,84,112,57,67,45,51,45,0,0
50128,43,23,20,345,212,60,73,47,58,39,0,0
77443,47,25,22,119,159,60,68,50,57,41,0,0
62996,55,27,28,90,151,66,63,46,58,43,0,0
45175,69,37,32,236,227,61,69,49,58,44,0,0
99918,25,16,9,16,71,70,58,45,55,54,0,0
9094,21,8,13,163,131,52,77,44,65,38,0,0
82492,27,13,14,145,57,61,70,50,60,37,0,0
37053,44,24,20,223,181,54,71,49,59,37,0,0
39445,48,24,24,28,142,70,60,47,55,48,0,0
78285,51,22,29,194,134,57,70,48,52,42,0,0
51086,63,33,30,115,150,63,64,50,51,43,0,0
20819,11,4,7,101,37,59,75,49,69,33,0,0
68638,16,10,6,83,38,60,75,49,55,52,0,0
85445,43,26,17,57,97,71,62,47,60,50,0,0
84332,47,27,20,89,121,59,63,47,55,43,0,0
34829,47,25,22,82,266,57,63,45,55,49,0,0
13804,50,20,30,70,67,58,63,51,54,43,0,0
82696,46,21,25,192,123,64,69,51,61,42,0,0
36620,54,28,26,78,85,70,61,51,52,44,0,0
103365,18,14,4,69,35,72,68,52,61,44,0,0
48228,24,18,6,50,78,55,72,53,51,40,0,0
87770,36,18,18,56,163,67,65,46,55,44,0,0
28073,32,20,12,33,113,65,63,49,50,54,0,0
80008,30,15,15,163,81,57,71,47,60,40,0,0
51046,34,15,19,140,142,60,67,46,60,39,0,0
55657,48,23,25,133,171,55,66,47,54,42,0,0
48631,40,22,18,103,74,60,67,50,59,43,0,0
86687,34,14,20,35,62,67,61,49,55,43,0,0
42150,49,26,23,40,174,67,63,49,59,47,0,0
30978,47,20,27,120,197,57,64,49,56,37,0,0
71631,53,29,24,38,114,67,60,50,55,46,0,0
43949,49,22,27,49,146,70,63,47,54,48,0,0
87512,15,9,6,52,36,54,73,54,60,50,0,0
28924,16,11,5,37,65,61,67,51,67,52,0,0
30944,24,16,8,68,56,62,65,54,50,40,0,0
13348,24,16,8,58,42,65,66,47,51,41,0,0
17359,24,12,12,48,71,55,65,47,47,49,0,0
70062,40,22,18,121,164,63,66,43,53,44,0,0
36883,42,20,22,161,85,56,70,48,61,42,0,0
59366,48,26,22,22,70,72,59,50,54,45,0,0
66878,16,12,4,13,34,66,65,54,61,55,0,0
48075,20,13,7,90,73,63,71,50,65,45,0,0
35597,31,19,12,71,114,61,68,48,55,47,0,0
39851,39,22,17,75,110,65,66,50,53,50,0,0
94315,34,18,16,93,123,56,64,47,57,49,0,0
54761,48,20,28,96,107,59,64,44,52,42,0,0
92087,46,25,21,160,200,61,66,46,55,45,0,0
68639,47,24,23,108,126,64,64,46,50,41,0,0
83525,50,24,26,130,86,65,64,46,54,43,0,0
32349,46,24,22,124,118,57,67,47,57,43,0,0
62709,50,23,27,220,147,60,68,52,63,44,0,0
94765,58,28,30,181,197,64,66,49,54,43,0,0
43645,45,24,21,98,159,66,65,47,60,43,0,0
36170,45,24,21,131,77,59,66,50,53,45,0,0
43237,41,22,19,261,108,61,73,46,59,36,0,0
38275,36,15,21,80,134,59,63,45,56,47,0,0
96145,42,24,18,110,234,54,65,47,56,44,0,0
70909,46,23,23,125,191,67,64,42,52,46,0,0
48872,47,25,22,162,97,62,65,50,55,48,0,0
35321,50,27,23,72,78,64,63,48,57,42,0,0
54812,58,31,27,199,132,61,67,49,59,40,0,0
101158,6,3,3,30,14,56,68,53,63,40,0,0
13269,26,15,11,137,70,60,69,49,56,47,0,0
18648,23,10,13,16,47,61,60,46,54,48,195,175
65506,38,27,11,361,84,60,76,54,61,44,0,0
30211,32,13,19,253,137,57,72,50,61,42,0,0
52552,31,18,13,113,79,62,69,50,64,44,0,0
72640,51,29,22,28,114,72,57,45,55,50,0,0
90178,55,28,27,103,218,58,62,49,55,43,0,0
71795,52,23,29,239,153,62,69,49,63,41,0,0
9649,6,4,2,22,10,65,72,55,72,37,0,0
12594,16,8,8,42,74,54,69,49,55,40,0,0
28071,23,16,7,61,38,57,70,52,58,42,0,0
23634,22,13,9,65,38,62,67,53,47,48,0,0
92054,29,14,15,36,32,65,62,47,50,46,0,0
99265,34,16,18,159,122,56,71,49,55,34,195,179
92243,40,21,19,98,68,65,67,50,59,41,0,0
83858,36,16,20,134,185,55,68,43,53,44,0,0
99969,53,31,22,103,239,63,65,45,55,45,0,0
91428,48,23,25,107,128,61,65,49,59,47,0,0
100225,50,26,24,47,150,58,61,50,56,45,0,0
36772,24,9,15,100,60,65,69,45,58,30,0,0
50511,18,10,8,59,34,64,68,51,57,42,0,0
92056,20,13,7,38,49,58,62,49,46,52,0,0
67838,31,18,13,120,86,60,68,49,57,41,0,0
30210,59,31,28,142,106,69,65,49,59,40,0,0
38400,35,14,21,248,86,62,72,47,50,35,0,0
98385,42,22,20,25,93,61,60,50,51,46,0,0
56591,45,23,22,258,97,67,70,52,64,38,0,0
62180,50,29,21,85,190,63,66,48,55,41,0,0
31650,44,22,22,191,166,61,70,46,57,42,0,0
59003,42,14,28,136,205,61,67,43,58,36,0,0
67172,52,22,30,231,157,59,68,46,58,44,0,0
77720,17,11,6,42,58,60,66,46,62,43,0,0
78052,33,21,12,14,175,63,62,43,55,48,0,0
28742,31,14,17,144,63,60,67,50,55,40,0,0
99755,39,22,17,381,90,73,74,52,69,32,0,0
84373,43,23,20,114,154,63,61,48,57,48,0,0
31327,42,22,20,166,92,63,70,49,57,45,0,0
80222,46,24,22,142,94,67,68,52,61,41,0,0
31944,41,17,24,194,106,63,66,46,60,44,0,0
68635,62,31,31,47,47,71,57,48,53,47,0,0
86692,51,23,28,60,276,66,62,41,50,44,0,0
111954,21,14,7,53,80,60,65,50,65,42,0,0
92573,23,8,15,76,99,56,63,47,49,35,188,165
79673,41,24,17,201,193,54,73,49,60,42,0,0
49999,41,18,23,155,183,59,69,45,59,39,0,0
57258,36,17,19,60,85,61,61,47,57,45,0,0
34538,37,14,23,113,57,65,61,48,50,39,0,0
100196,42,18,24,38,124,60,62,50,49,39,0,0
36743,46,21,25,166,119,56,65,48,56,46,0,0
68702,60,31,29,312,198,60,69,46,58,42,0,0
90774,53,22,31,309,170,57,70,48,59,38,0,0
25810,11,5,6,113,64,58,72,48,59,35,0,0
20694,12,5,7,10,43,65,62,47,51,37,0,0
100201,20,10,10,68,59,64,69,49,59,37,0,0
96297,29,16,13,107,132,59,72,46,59,41,0,0
75578,41,20,21,117,73,59,64,49,53,39,0,0
99145,34,16,18,63,83,62,59,48,51,45,0,0
30692,52,29,23,35,90,64,61,51,51,48,0,0
87624,47,22,25,118,161,58,63,47,54,45,0,0
23993,51,26,25,105,173,61,63,48,56,42,0,0
96542,57,28,29,206,156,57,67,48,55,45,0,0
21498,60,26,34,65,145,71,58,46,53,47,0,0
78644,20,13,7,59,25,65,71,51,62,46,0,0
92059,21,11,10,26,48,69,61,48,58,46,0,0
22437,35,18,17,80,170,64,66,47,53,43,0,0
31320,35,17,18,110,52,68,66,51,50,41,0,0
95954,45,19,26,175,124,61,66,46,56,44,0,0
50848,53,21,32,97,130,61,65,48,56,42,0,0
66526,30,13,17,83,91,61,64,46,56,40,0,0
25408,31,17,14,59,63,65,65,44,57,45,0,0
52543,38,16,22,142,85,59,66,43,55,43,0,0
89694,40,18,22,71,87,65,60,47,47,44,0,0
50519,39,16,23,71,124,63,63,41,55,41,0,0
55841,12,8,4,126,31,59,78,55,61,44,0,0
73569,21,12,9,73,45,60,69,56,54,43,0,0
96765,24,13,11,46,69,59,65,50,58,44,0,0
59762,31,18,13,102,136,56,70,47,54,38,0,0
17018,13,5,8,20,46,62,65,46,56,42,0,0
50250,40,25,15,63,77,67,63,53,50,47,0,0
45254,44,23,21,74,124,64,67,48,53,45,0,0
51859,29,11,18,105,71,59,70,47,57,34,0,0
89202,37,19,18,129,89,58,66,47,55,46,0,0
31698,43,18,25,31,103,65,64,46,55,43,0,0
27082,43,19,24,193,101,59,69,47,58,40,0,0
75750,43,20,23,117,100,57,64,49,55,42,0,0
36211,46,17,29,198,157,60,64,46,54,44,0,0
64037,54,27,27,70,130,64,60,50,55,45,0,0
82983,53,21,32,169,114,60,66,48,56,42,0,0
87771,21,15,6,54,63,61,67,52,59,45,0,0
37297,18,8,10,41,46,62,62,45,53,48,0,0
97984,17,10,7,53,90,52,66,44,55,47,0,0
33439,29,17,12,84,78,70,66,51,54,54,0,0
61691,26,11,15,45,54,65,65,47,58,35,0,0
83906,30,13,17,56,78,63,62,48,51,44,0,0
61281,43,23,20,167,197,60,68,50,64,40,0,0
20900,44,22,22,120,84,66,66,48,59,41,0,0
37062,50,23,27,308,153,63,71,47,63,39,0,0
78053,47,22,25,45,112,63,59,46,53,45,0,0
73730,51,26,25,125,71,63,66,51,54,42,0,0
15000,56,24,32,83,158,60,62,47,53,44,0,0
84712,51,22,29,260,184,62,67,45,56,42,0,0
33947,51,16,35,238,103,69,65,48,59,30,0,0
86746,8,6,2,10,14,64,69,56,51,53,0,0
35337,15,4,11,82,65,61,67,44,58,29,0,0
99691,11,6,5,14,26,58,62,46,50,41,0,0
30748,11,7,4,25,31,60,66,50,51,44,0,0
46167,19,12,7,50,43,56,65,55,62,46,0,0
106767,14,8,6,60,52,54,68,49,57,47,0,0
63231,37,24,13,109,111,63,68,51,55,47,0,0
67424,22,13,9,199,44,59,78,50,64,33,0,0
87626,19,7,12,75,40,59,66,47,51,38,0,0
84710,22,12,10,63,53,56,67,46,53,41,0,0
876,10,4,6,26,27,55,65,49,60,42,0,0
900,1,0,1,0,2,68,58,54,40,60,0,0
909,1,0,1,4,4,49,64,24,54,0,0,0
918,17,11,6,56,102,55,71,47,57,47,0,0
1075,20,7,13,112,37,58,72,51,55,32,204,182
1125,3,0,3,16,12,58,69,47,35,30,0,0
1128,5,2,3,9,27,58,64,46,50,39,0,0
1742,21,6,15,98,72,59,70,51,53,39,0,0
1823,1,0,1,0,3,53,50,37,50,8,0,0
2066,2,0,2,7,14,49,70,47,41,41,0,0
2139,2,1,1,16,2,68,77,47,71,28,0,0
2804,1,0,1,2,5,55,69,37,66,33,0,0
3577,2,0,2,4,3,50,54,32,58,0,192,172
5069,32,20,12,286,58,65,76,48,62,37,0,0
5131,2,1,1,1,2,62,66,44,16,50,0,0
6081,3,1,2,11,15,62,75,38,62,29,0,0
6150,1,0,1,0,3,66,64,25,33,50,0,0
6188,9,3,6,2,24,67,60,39,52,53,0,0
6254,30,13,17,61,63,70,67,46,58,46,0,0
6267,3,2,1,2,2,69,64,44,63,47,0,0
6875,1,0,1,1,3,51,76,28,50,33,0,0
7202,7,2,5,15,12,61,60,44,44,27,0,0
7348,9,2,7,49,30,59,68,43,72,36,0,0
7462,5,1,4,28,11,60,70,45,57,22,0,0
7757,4,1,3,19,17,46,68,46,42,66,0,0
8089,4,3,1,3,11,73,59,45,61,44,0,0
8295,1,0,1,0,1,65,58,38,40,0,0,0
8313,12,3,9,60,40,61,67,46,53,29,0,0
8354,4,1,3,11,12,59,62,52,53,44,0,0
8483,4,1,3,7,16,70,65,39,50,50,0,0
8580,2,0,2,5,3,50,73,48,50,33,0,0
8662,4,2,2,4,3,58,55,65,52,43,0,0
8722,1,1,0,0,1,71,67,50,75,45,0,0
8818,7,1,6,5,37,57,60,37,50,39,0,0
9475,18,12,6,64,38,66,72,48,47,38,0,0
9521,1,0,1,1,4,60,42,29,33,0,0,0
9543,5,1,4,24,18,51,70,47,57,41,0,0
9658,4,2,2,13,10,64,75,41,52,50,0,0
9806,3,2,1,1,4,61,64,43,60,47,0,0
9831,2,1,1,5,1,63,61,53,62,41,193,178
9997,15,3,12,16,36,64,60,46,58,44,0,0
10494,8,2,6,8,14,62,58,47,49,42,0,0
10500,18,13,5,73,29,55,71,54,66,47,0,0
10819,1,0,1,7,5,53,64,29,55,0,0,0
10920,3,2,1,16,2,73,73,65,75,44,0,0
10971,16,6,10,28,57,60,63,47,59,47,0,0
11005,8,2,6,42,25,63,72,43,44,41,0,0
11178,5,2,3,25,14,56,75,54,58,23,0,0
11303,3,0,3,5,10,54,62,39,56,23,0,0
11701,17,8,9,28,24,58,66,49,54,44,0,0
11779,1,0,1,2,2,65,57,27,69,25,0,0
11815,1,0,1,4,3,65,66,41,37,22,0,0
11884,7,4,3,38,5,60,73,51,63,42,0,0
12226,4,1,3,16,5,55,72,45,52,28,0,0
12539,1,0,1,1,1,74,60,33,33,75,0,0
12588,3,1,2,6,3,70,73,52,33,50,0,0
12614,10,5,5,40,36,53,66,46,64,49,0,0
12977,1,0,1,2,5,65,46,21,16,0,0,0
13022,1,0,1,3,2,77,60,42,53,35,0,0
13070,1,0,1,2,2,50,50,58,20,50,0,0
13445,17,12,5,40,18,68,69,52,64,49,0,0
13611,6,1,5,10,22,64,65,43,47,36,0,0
13638,1,0,1,3,0,45,62,36,66,0,0,0
13722,10,3,7,25,15,60,62,45,52,41,0,0
13758,9,6,3,14,12,69,64,47,50,48,0,0
13799,3,0,3,9,8,56,69,43,55,0,0,0
13944,11,8,3,35,16,68,66,53,59,43,0,0
13950,1,0,1,0,0,64,56,61,55,80,0,0
13970,1,0,1,4,2,74,46,27,37,100,0,0
14107,1,0,1,1,6,58,38,23,28,0,0,0
14194,10,5,5,24,24,67,69,48,54,52,0,0
14304,2,1,1,4,3,46,70,49,53,50,0,0
14534,4,2,2,23,24,46,78,37,42,36,0,0
14715,3,0,3,6,19,60,59,39,70,61,0,0
14790,1,0,1,0,1,73,58,52,66,20,0,0
14814,1,0,1,1,2,70,47,23,53,16,0,0
14860,4,3,1,62,10,58,88,61,75,36,0,0
14883,1,0,1,2,0,63,46,40,16,66,0,0
14884,28,11,17,68,79,67,63,46,55,39,0,0
14982,1,0,1,0,2,37,47,35,50,0,0,0
15036,2,0,2,4,9,50,52,29,58,30,0,0
15045,2,0,2,2,4,56,47,41,52,100,0,0
17115,1,0,1,3,1,62,57,52,73,41,0,0
17267,11,3,8,33,27,65,63,49,56,52,0,0
17960,2,0,2,5,8,70,55,37,35,40,0,0
17969,2,0,2,4,5,56,57,27,35,20,0,0
18138,1,0,1,7,0,50,76,46,50,0,0,0
18230,14,4,10,22,46,55,62,42,45,45,0,0
18457,1,0,1,0,8,60,34,29,25,50,0,0
18474,7,1,6,9,8,67,59,44,48,46,0,0
18527,2,0,2,3,9,60,62,31,61,0,0,0
18627,20,11,9,57,87,59,62,43,56,45,0,0
19484,2,0,2,1,4,67,40,35,42,100,0,0
19514,3,1,2,16,3,55,67,53,56,33,0,0
19729,1,0,1,11,6,56,71,44,62,0,0,0
19877,23,11,12,44,18,69,65,50,55,37,0,0
19910,2,0,2,2,5,67,61,48,50,14,0,0
20100,6,4,2,6,10,66,59,52,63,41,0,0
20235,13,7,6,70,44,55,70,51,54,41,0,0
20290,4,2,2,7,8,57,61,55,57,47,0,0
20537,8,2,6,20,18,66,65,41,62,46,0,0
20544,1,0,1,0,2,81,56,20,42,25,0,0
20557,1,0,1,1,4,69,52,57,42,100,0,0
20657,3,1,2,5,16,62,62,41,42,40,0,0
20700,1,0,1,1,4,62,61,40,33,36,0,0
20705,1,0,1,6,9,53,64,42,54,21,0,0
20987,8,0,8,8,47,54,62,38,52,28,0,0
21070,1,0,1,1,2,45,62,42,33,0,0,0
21254,4,2,2,2,6,61,64,47,50,50,0,0
21385,1,0,1,0,1,51,42,50,33,0,0,0
21396,3,1,2,5,6,64,62,42,45,40,0,0
21411,4,1,3,10,7,68,65,41,52,35,0,0
21559,5,2,3,20,18,53,67,51,73,50,0,0
21623,19,10,9,56,37,61,66,49,52,39,0,0
21751,6,3,3,2,15,68,61,44,44,48,0,0
21826,12,4,8,8,21,67,54,53,59,47,0,0
21887,6,2,4,7,20,66,65,46,54,33,0,0
21963,3,1,2,3,6,58,61,44,52,66,0,0
22025,5,3,2,14,18,56,69,49,51,51,0,0
22112,3,1,2,6,14,56,62,33,56,57,0,0
22444,1,0,1,10,9,56,72,46,69,18,0,0
22459,2,0,2,4,5,61,57,33,47,36,0,0
22479,1,0,1,0,3,49,67,31,44,0,0,0
22590,10,3,7,33,40,61,64,45,47,48,0,0
22808,3,1,2,12,6,63,62,40,41,25,0,0
22979,6,3,3,41,21,54,72,52,61,29,0,0
23073,8,4,4,9,17,55,62,50,56,50,0,0
23079,21,6,15,42,33,62,66,50,57,34,0,0
23082,40,19,21,207,65,63,69,49,60,38,0,0
23087,23,14,9,62,27,63,64,52,56,42,0,0
23144,7,1,6,7,17,61,51,46,49,31,0,0
23160,1,0,1,1,5,45,40,27,0,0,0,0
23197,1,0,1,1,5,54,69,39,33,33,0,0
23471,25,11,14,79,37,60,69,50,55,42,0,0
23643,34,17,17,96,189,60,64,44,52,43,0,0
23736,3,1,2,18,2,75,67,59,63,41,0,0
23748,14,5,9,25,31,67,65,44,54,42,0,0
23830,26,13,13,57,37,70,61,46,61,44,0,0
24001,2,1,1,4,2,60,72,39,0,66,0,0
24074,1,0,1,2,2,75,57,13,42,0,0,0
24280,1,0,1,4,5,61,74,45,80,40,0,0
24700,1,0,1,2,0,74,50,18,44,0,0,0
24797,8,1,7,11,17,57,65,51,45,44,0,0
24843,4,0,4,15,6,54,62,39,57,11,0,0
24875,15,8,7,60,50,63,67,44,60,43,0,0
25032,2,1,1,6,4,64,64,46,62,11,0,0
25077,5,2,3,34,14,68,68,56,72,32,0,0
25082,2,0,2,1,7,50,51,35,36,16,0,0
25372,11,6,5,23,24,65,65,53,56,46,0,0
25403,1,0,1,0,6,53,51,60,57,0,0,0
25546,17,9,8,37,25,66,65,48,58,46,0,0
25575,1,0,1,0,3,67,48,16,37,0,0,0
25708,6,0,6,11,16,54,50,44,48,26,0,0
25861,5,1,4,3,15,66,58,44,48,46,0,0
26046,4,3,1,6,7,73,63,45,61,45,0,0
26059,9,3,6,24,42,59,64,48,53,37,0,0
26061,3,3,0,14,6,68,72,49,72,46,0,0
26093,4,0,4,2,3,73,66,44,42,42,0,0
26099,1,0,1,2,1,72,50,43,50,12,0,0
26143,33,12,21,59,82,64,65,47,59,36,0,0
26269,7,0,7,16,16,68,57,42,46,30,0,0
26514,6,2,4,16,21,62,65,43,60,36,0,0
26624,22,11,11,40,68,64,62,45,57,46,0,0
26831,11,5,6,7,26,66,60,48,53,43,0,0
26887,7,2,5,33,14,58,68,51,53,37,0,0
26900,15,7,8,35,44,56,67,50,56,45,0,0
26935,18,8,10,92,27,64,65,49,63,37,0,0
26995,1,0,1,7,0,67,70,40,0,0,0,0
27012,41,15,26,31,101,66,59,46,54,41,0,0
27056,1,0,1,0,3,73,61,50,50,100,0,0
27084,1,0,1,5,3,73,64,37,50,33,0,0
27120,1,0,1,3,3,46,57,42,44,57,0,0
27177,5,3,2,2,7,71,56,58,51,50,0,0
27218,4,1,3,10,18,50,66,47,60,41,0,0
27336,1,0,1,1,5,50,59,19,50,0,0,0
27357,23,10,13,44,71,65,59,41,54,41,0,0
27425,1,1,0,0,2,78,69,58,50,62,0,0
27478,24,9,15,35,63,63,60,44,45,42,0,0
27531,10,3,7,78,55,54,71,50,48,34,0,0
27532,1,0,1,4,4,61,43,51,54,0,0,0
27539,53,18,35,146,88,60,64,46,52,40,0,0
27592,7,0,7,43,24,57,70,39,62,26,0,0
27694,3,2,1,0,3,71,66,43,42,64,0,0
27779,11,2,9,31,53,60,61,41,55,37,0,0
28194,6,3,3,5,9,71,64,59,51,30,0,0
28289,2,0,2,1,1,63,54,58,50,27,0,0
28296,2,0,2,5,5,65,48,72,52,42,192,175
28384,5,1,4,21,14,60,67,41,53,45,0,0
28566,11,4,7,17,70,65,62,43,53,46,0,0
28763,36,23,13,93,28,68,66,56,61,47,0,0
28856,31,16,15,65,108,59,66,47,55,41,0,0
28891,8,5,3,7,15,67,62,48,51,49,0,0
28905,1,0,1,0,4,64,33,13,12,50,0,0
28923,6,2,4,16,14,52,64,47,48,35,0,0
28935,22,12,10,56,73,67,67,44,56,47,0,0
28936,42,24,18,111,112,61,68,49,57,45,0,0
28993,42,22,20,124,76,68,68,51,53,42,0,0
28995,2,1,1,2,8,70,56,36,38,33,0,0
29035,1,0,1,5,3,65,58,55,50,50,0,0
29038,15,4,11,31,27,57,65,56,57,42,0,0
29053,1,0,1,5,4,50,76,51,66,25,0,0
29121,31,16,15,176,95,59,71,46,60,36,0,0
29149,20,10,10,44,41,69,65,49,57,50,0,0
29151,26,16,10,59,31,72,65,53,52,46,0,0
29255,4,1,3,32,37,47,72,47,64,37,0,0
29257,17,10,7,51,20,67,68,53,62,42,0,0
29275,26,12,14,109,60,62,66,43,53,43,0,0
29290,11,3,8,10,41,59,58,38,38,46,0,0
29451,10,4,6,7,24,64,61,49,38,38,0,0
29458,29,18,11,79,82,58,69,49,56,47,0,0
29463,22,9,13,245,109,52,75,49,61,35,0,0
29591,8,4,4,25,13,60,67,47,52,54,0,0
29617,11,6,5,34,43,59,71,48,59,40,0,0
29676,2,0,2,4,16,48,58,26,35,20,0,0
29721,2,1,1,2,2,67,60,40,40,50,0,0
29771,1,0,1,1,0,68,58,25,68,0,0,0
29773,33,16,17,209,95,63,71,46,58,41,0,0
29779,8,4,4,32,22,65,65,53,56,38,0,0
29792,1,0,1,1,1,68,59,60,50,37,0,0
29810,35,13,22,107,89,67,63,47,56,45,0,0
29813,4,1,3,6,11,65,58,40,44,63,0,0
29826,1,0,1,6,5,58,56,46,28,33,0,0
29833,13,8,5,57,58,61,68,49,56,44,0,0
29866,23,11,12,101,52,59,68,49,59,46,0,0
29890,5,0,5,17,17,53,65,42,44,45,0,0
29902,2,0,2,4,9,51,61,36,43,50,0,0
29903,1,0,1,0,5,79,50,23,50,40,0,0
29919,18,4,14,20,39,67,56,43,50,43,0,0
29959,4,0,4,34,12,63,70,49,50,15,0,0
29975,2,0,2,0,7,48,33,24,23,18,0,0
29980,26,5,21,57,240,56,64,38,49,38,0,0
30021,2,1,1,7,1,65,61,54,56,31,0,0
30096,15,5,10,65,56,55,68,43,44,38,0,0
30119,5,2,3,4,14,66,64,43,51,55,0,0
30218,3,0,3,7,6,60,50,36,36,62,0,0
30309,1,0,1,4,5,50,86,9,42,0,0,0
30367,10,2,8,45,50,61,67,44,54,36,0,0
30387,3,0,3,1,8,50,35,19,15,0,0,0
30406,2,0,2,8,7,66,58,46,63,28,0,0
30465,3,0,3,6,13,63,51,38,36,50,0,0
30468,6,2,4,17,37,64,59,47,50,46,0,0
30742,33,11,22,164,120,55,65,43,52,48,0,0
30795,19,8,11,49,76,58,65,48,59,28,0,0
30798,4,1,3,6,24,57,64,45,61,25,0,0
30814,26,12,14,38,95,62,63,44,50,44,0,0
30867,6,0,6,34,14,59,69,37,54,22,0,0
30873,3,1,2,7,18,49,56,44,43,53,0,0
30893,39,21,18,129,103,61,66,50,60,41,0,0
30894,30,12,18,26,84,65,58,44,55,53,0,0
31115,2,0,2,3,6,56,50,37,40,50,0,0
31210,17,4,13,110,101,53,71,43,60,34,0,0
31248,1,0,1,2,3,56,82,40,87,33,0,0
31315,3,2,1,16,5,65,70,54,61,64,0,0
31384,19,9,10,112,35,57,74,48,62,41,0,0
31399,6,2,4,3,10,62,60,46,50,34,0,0
31467,3,1,2,6,14,60,62,38,63,53,0,0
31479,14,4,10,50,32,59,61,51,50,45,0,0
31481,22,9,13,68,81,58,66,44,57,42,0,0
31494,1,0,1,0,3,48,50,11,28,0,0,0
31500,7,3,4,33,18,64,67,42,58,33,0,0
31509,3,2,1,6,21,57,71,42,54,50,0,0
31512,14,8,6,53,51,53,72,48,61,45,0,0
31517,32,11,21,53,95,68,58,42,50,43,0,0
31540,5,1,4,3,15,67,55,41,41,58,0,0
31588,1,0,1,0,3,50,53,42,25,57,0,0
31600,23,9,14,51,75,63,63,46,50,45,0,0
31667,11,3,8,3,45,66,55,39,47,41,0,0
31726,9,4,5,39,26,60,65,47,56,41,0,0
31745,13,4,9,9,29,51,65,45,60,49,0,0
31862,2,0,2,1,8,55,43,37,45,37,0,0
31869,3,0,3,3,6,53,50,45,48,33,0,0
31900,4,2,2,5,8,81,57,39,58,46,0,0
31966,1,0,1,2,0,66,62,45,72,25,0,0
32243,5,1,4,11,4,65,59,50,51,29,0,0
32324,1,0,1,4,5,47,60,35,28,100,0,0
32375,1,0,1,0,7,66,59,34,63,50,0,0
32510,24,8,16,82,46,62,65,44,55,40,0,0
32580,1,0,1,0,8,46,50,31,40,33,0,0
32671,2,0,2,0,7,56,47,38,37,0,0,0
32723,17,9,8,91,58,57,69,50,63,35,0,0
32757,2,1,1,8,6,66,59,44,35,39,0,0
32844,11,4,7,31,14,61,66,43,55,40,0,0
32856,7,2,5,20,22,65,58,48,50,44,0,0
32963,2,1,1,3,16,37,69,45,55,58,0,0
33030,8,4,4,30,26,57,66,49,62,44,0,0
33060,9,2,7,9,32,60,64,38,60,36,0,0
33101,26,9,17,44,98,58,62,42,49,40,0,0
33112,1,0,1,1,2,63,60,31,60,33,0,0
33160,3,0,3,11,13,62,56,39,50,36,0,0
33161,33,18,15,96,113,57,68,47,59,41,0,0
33182,33,11,22,76,54,65,60,48,53,41,0,0
33256,1,0,1,1,0,72,41,46,28,100,0,0
33257,1,0,1,3,8,50,68,47,77,33,0,0
33348,16,7,9,53,55,58,68,52,58,44,0,0
33367,9,0,9,33,42,60,64,39,57,34,0,0
33399,1,0,1,5,8,45,65,37,50,50,0,0
33452,35,20,15,125,43,65,71,53,64,50,0,0
33581,1,0,1,0,1,65,42,20,46,66,0,0
33635,1,0,1,1,6,36,35,41,16,0,0,0
33661,24,11,13,21,72,68,59,43,55,39,0,0
33666,14,3,11,25,30,57,63,43,55,29,0,0
33668,3,1,2,2,7,73,53,34,48,72,0,0
33681,1,0,1,9,3,47,81,40,66,0,0,0
33692,1,0,1,2,4,58,56,26,44,57,0,0
33694,6,3,3,9,10,67,63,38,50,36,0,0
33705,3,1,2,24,16,52,65,48,57,73,0,0
33834,1,0,1,1,2,58,37,52,44,0,0,0
33859,1,0,1,1,2,72,43,57,69,0,0,0
33897,1,0,1,0,1,70,71,0,100,0,0,0
33936,1,0,1,0,3,61,26,16,40,0,0,0
34044,22,9,13,63,57,64,64,50,58,40,0,0
34102,8,4,4,8,17,69,58,54,55,44,0,0
34107,25,12,13,32,68,61,63,45,56,42,0,0
34135,1,0,1,2,2,53,73,46,60,50,0,0
34172,1,0,1,5,3,58,63,29,55,0,0,0
34288,5,1,4,17,19,54,58,45,44,33,0,0
34313,15,3,12,6,32,66,54,43,43,39,0,0
34320,3,0,3,9,11,61,59,42,53,20,0,0
34396,26,10,16,153,82,57,70,49,60,37,0,0
34423,16,6,10,41,59,60,63,45,51,35,0,0
34560,4,2,2,23,19,58,71,43,61,38,0,0
34574,21,6,15,187,91,52,78,49,59,39,0,0
34667,6,2,4,0,10,64,60,36,50,34,0,0
34670,24,11,13,55,106,58,66,43,57,49,0,0
34686,22,13,9,67,62,61,67,51,65,43,0,0
34756,25,12,13,109,81,63,69,46,58,38,0,0
34765,3,0,3,4,13,56,44,36,41,40,0,0
34842,4,1,3,2,15,63,47,42,37,37,0,0
34862,10,4,6,35,47,58,67,47,59,39,0,0
34945,2,0,2,1,1,66,48,50,50,0,0,0
34961,26,15,11,63,73,60,67,49,66,42,0,0
34964,3,2,1,10,6,58,69,52,38,27,0,0
35079,5,2,3,4,30,49,66,40,40,46,0,0
35271,1,0,1,0,2,64,41,47,50,16,0,0
35359,1,0,1,0,0,63,42,40,25,66,0,0
35469,8,1,7,59,20,62,65,42,50,23,0,0
35573,33,16,17,67,58,60,66,51,63,44,0,0
35587,18,9,9,65,28,64,67,52,64,48,0,0
35681,27,11,16,85,92,57,66,46,57,41,0,0
35693,6,1,5,1,36,54,48,32,36,57,0,0
35772,3,1,2,7,10,69,65,44,66,50,0,0
35883,16,6,10,41,48,57,63,46,56,41,0,0
35892,19,6,13,98,96,57,66,44,50,45,0,0
35913,8,3,5,9,17,70,59,47,47,37,0,0
35979,35,16,19,235,135,58,72,51,66,35,0,0
36059,9,2,7,24,27,71,64,46,64,44,0,0
36063,1,0,1,8,4,56,85,40,71,0,0,0
36076,8,3,5,27,15,60,62,43,49,49,0,0
36135,9,3,6,8,30,63,58,44,42,44,0,0
36171,29,8,21,81,122,59,63,44,50,41,0,0
36188,2,0,2,1,4,59,55,42,60,63,0,0
36258,37,18,19,34,88,66,59,49,51,47,0,0
36274,33,10,23,106,110,59,66,46,59,37,0,0
36275,10,1,9,19,50,61,56,46,61,37,0,0
36316,25,8,17,80,49,61,66,44,50,34,0,0
36320,1,0,1,3,2,49,68,43,50,0,0,0
36362,2,0,2,3,8,65,68,34,25,50,0,0
36370,1,0,1,0,3,71,54,50,60,40,0,0
36397,23,14,9,115,39,57,73,51,60,46,0,0
36465,2,0,2,0,4,79,49,37,50,29,0,0
36500,15,4,11,14,49,53,60,43,51,55,0,0
36517,1,0,1,5,6,54,70,35,20,50,0,0
36528,5,0,5,8,19,67,58,32,47,23,0,0
36532,34,14,20,20,101,64,57,40,46,48,0,0
36575,1,0,1,1,7,53,41,28,45,33,0,0
36612,21,11,10,66,88,59,72,48,57,43,0,0
36636,4,0,4,7,12,47,56,38,52,44,0,0
36661,1,0,1,2,3,69,57,35,50,66,0,0
36664,1,0,1,2,7,48,65,29,54,0,0,0
36666,1,0,1,0,3,61,50,35,37,50,0,0
36875,1,0,1,0,0,65,61,25,33,0,0,0
36878,5,1,4,30,20,60,67,36,50,41,0,0
36896,11,5,6,40,28,58,68,43,55,37,0,0
36934,1,0,1,3,0,56,73,34,57,0,0,0
37003,2,1,1,7,9,61,67,44,62,35,0,0
37048,4,0,4,2,24,58,45,34,34,40,0,0
37055,3,1,2,4,12,56,61,41,61,40,0,0
37087,6,2,4,14,23,60,68,42,51,31,0,0
37210,36,10,26,175,105,61,69,48,59,36,0,0
37268,8,6,2,19,10,56,69,46,64,56,0,0
37276,10,5,5,19,18,67,65,44,52,40,0,0
37295,3,2,1,9,19,59,63,45,66,33,0,0
37300,15,4,11,36,63,64,61,39,53,37,0,0
37302,35,19,16,41,60,63,61,51,55,47,0,0
37303,3,1,2,7,7,64,62,42,59,53,0,0
37308,1,0,1,0,10,54,43,36,57,33,0,0
37361,5,2,3,18,8,68,63,54,68,39,0,0
37376,29,17,12,102,80,56,71,48,56,44,0,0
37394,2,1,1,3,13,52,63,36,58,35,0,0
37425,1,0,1,0,2,62,32,33,45,0,0,0
37472,1,0,1,1,0,74,60,58,70,25,0,0
37566,11,6,5,14,35,60,61,50,64,45,0,0
37617,2,0,2,1,3,55,54,39,43,50,0,0
37644,35,16,19,11,65,67,58,47,53,44,0,0
37656,12,4,8,13,41,58,60,44,41,38,0,0
37713,1,0,1,0,5,57,46,21,33,20,0,0
37728,30,13,17,71,83,58,63,47,59,39,0,0
37729,4,1,3,1,12,67,52,40,41,38,0,0
37775,3,1,2,0,10,74,61,37,38,40,0,0
37881,14,9,5,70,23,57,72,55,61,36,0,0
37882,8,4,4,29,21,59,74,48,63,49,0,0
37929,11,6,5,66,27,63,69,52,58,45,0,0
37964,8,0,8,56,47,55,71,40,57,40,0,0
37998,8,3,5,7,18,65,66,51,56,48,0,0
38079,47,23,24,82,108,64,65,48,55,44,0,0
38092,1,0,1,1,0,79,50,33,16,0,0,0
38295,45,21,24,100,81,65,67,48,58,45,0,0
38339,2,0,2,8,2,66,55,45,38,0,0,0
38422,10,7,3,33,16,63,69,51,56,44,0,0
38427,14,6,8,98,38,57,74,47,58,25,0,0
38500,8,2,6,8,20,71,56,51,51,32,0,0
38549,39,20,19,214,97,60,69,47,54,41,0,0
38577,1,0,1,0,5,54,37,20,30,33,0,0
38583,2,1,1,12,10,62,74,40,61,66,0,0
38587,20,7,13,62,54,64,63,47,53,34,0,0
38593,10,1,9,29,26,53,66,43,54,47,0,0
38634,47,23,24,243,140,58,71,47,56,38,0,0
38716,1,0,1,0,1,50,36,34,20,45,0,0
38728,26,8,18,30,77,63,57,41,50,49,0,0
38840,13,4,9,7,36,64,56,48,46,43,0,0
38846,31,17,14,219,83,57,72,51,61,37,0,0
38890,1,0,1,0,13,21,0,18,14,0,0,0
38959,21,7,14,55,72,58,62,47,45,38,0,0
39039,14,5,9,6,30,70,58,48,56,58,0,0
39048,11,2,9,36,34,54,65,40,43,35,0,0
39308,14,6,8,29,32,54,68,53,59,48,0,0
39427,2,0,2,8,6,55,56,47,42,14,0,0
39428,1,0,1,1,10,65,65,30,60,100,0,0
39434,16,10,6,44,27,58,65,52,45,41,0,0
39439,3,1,2,11,18,64,68,43,56,50,0,0
39443,3,2,1,1,1,65,60,60,33,44,0,0
39710,2,0,2,4,3,70,56,34,47,40,0,0
39898,5,3,2,7,10,66,64,54,71,43,0,0
40029,10,5,5,32,17,54,69,45,53,36,0,0
40177,9,4,5,39,34,60,64,47,52,40,0,0
40190,13,3,10,4,34,69,54,38,43,47,0,0
40200,6,2,4,15,13,55,61,50,51,25,0,0
40369,15,6,9,42,43,60,67,52,60,50,0,0
40371,7,4,3,8,11,77,63,43,68,55,0,0
40381,26,13,13,60,61,59,62,49,53,50,0,0
40390,1,0,1,0,4,65,42,20,33,0,0,0
40621,1,0,1,0,6,67,29,38,33,30,0,0
40628,4,0,4,12,25,60,63,39,60,45,0,0
40645,21,10,11,101,27,61,70,56,53,38,0,0
40737,5,1,4,5,6,67,55,50,60,38,0,0
40789,6,1,5,52,11,68,72,41,65,50,0,0
40813,1,0,1,2,0,56,52,18,50,0,0,0
40819,42,24,18,303,103,64,73,46,61,41,0,0
40820,33,16,17,80,95,67,64,49,60,41,0,0
40825,28,13,15,79,96,61,63,47,54,41,0,0
40853,23,12,11,33,79,64,63,49,55,47,0,0
41043,1,0,1,0,3,60,60,40,50,0,0,0
41058,4,0,4,11,27,49,64,40,57,0,0,0
41065,1,0,1,1,3,41,25,11,33,0,0,0
41066,22,11,11,33,36,64,63,51,60,46,0,0
41289,16,5,11,29,75,56,64,44,56,38,0,0
41298,2,0,2,2,6,73,52,53,58,41,0,0
41462,7,2,5,9,27,66,57,40,42,57,0,0
41473,14,3,11,6,24,76,53,39,54,43,0,0
41906,37,17,20,99,130,61,66,49,63,45,0,0
41912,14,7,7,9,73,60,63,45,51,42,0,0
41913,9,3,6,3,35,67,57,41,50,59,0,0
41956,12,7,5,14,38,52,58,50,43,43,0,0
42123,29,8,21,33,136,56,58,42,53,42,0,0
42125,1,0,1,0,1,60,51,40,16,66,0,0
42133,1,0,1,1,2,66,57,50,57,0,0,0
42138,2,1,1,9,11,55,63,41,64,85,0,0
42159,11,4,7,3,21,76,54,46,56,50,0,0
42228,1,0,1,2,3,50,47,15,25,0,0,0
42424,10,5,5,17,11,67,66,53,62,41,0,0
42548,3,1,2,23,11,66,67,45,52,22,0,0
42664,20,7,13,70,65,62,61,49,55,38,0,0
42692,28,11,17,102,91,57,69,47,56,39,0,0
42925,13,1,12,43,79,47,59,34,42,30,0,0
42996,4,0,4,4,14,71,65,47,50,41,0,0
43218,12,6,6,34,43,58,67,45,45,43,0,0
43239,10,1,9,9,33,64,52,40,44,24,0,0
43243,31,10,21,37,119,57,63,47,57,39,0,0
43278,4,0,4,2,12,64,48,40,31,66,0,0
43592,2,0,2,3,8,46,47,50,50,0,0,0
43605,24,10,14,58,95,62,65,46,56,40,0,0
43647,25,11,14,43,85,53,64,49,50,44,0,0
43855,4,0,4,2,15,56,58,35,29,31,0,0
43856,10,5,5,60,16,72,70,42,60,46,0,0
43874,1,0,1,2,3,60,58,53,66,0,0,0
43920,1,0,1,3,0,55,44,36,33,50,0,0
43950,1,0,1,1,6,63,54,40,61,40,0,0
44172,4,2,2,4,9,64,58,40,55,45,0,0
44182,3,1,2,17,11,55,67,45,63,50,0,0
44208,1,0,1,0,7,62,51,26,50,0,0,0
44233,3,1,2,7,9,59,61,48,54,30,0,0
44250,31,14,17,89,115,62,62,47,47,47,0,0
44300,9,4,5,9,36,67,59,45,53,56,0,0
44524,1,0,1,0,7,46,50,33,33,75,0,0
44538,29,8,21,73,154,52,66,42,55,45,0,0
44553,1,0,1,2,7,52,61,42,42,0,0,0
44559,1,0,1,0,4,58,53,41,61,50,0,0
44572,4,0,4,7,13,53,61,39,42,15,0,0
44573,37,19,18,78,81,62,64,49,55,40,0,0
44771,9,3,6,64,31,51,77,48,44,42,0,0
44773,5,3,2,11,9,65,64,50,56,41,0,0
44775,22,9,13,114,79,56,71,47,46,34,0,0
44776,5,2,3,16,4,73,64,50,60,38,0,0
44780,9,3,6,1,21,64,62,47,59,46,0,0
44789,28,14,14,86,80,64,66,43,59,45,0,0
44792,24,13,11,72,56,63,64,51,48,40,0,0
44807,18,5,13,22,77,61,57,43,53,54,0,0
44809,2,0,2,1,4,70,54,48,61,26,0,0
44810,6,2,4,7,23,55,59,43,56,45,0,0
44967,14,4,10,40,53,69,70,45,60,50,0,0
44972,2,1,1,12,11,62,63,44,30,28,0,0
45050,47,17,30,291,231,58,71,49,53,37,0,0
45143,1,0,1,2,3,64,70,30,33,25,0,0
45205,11,5,6,93,40,54,70,55,71,36,0,0
45228,5,1,4,6,13,72,57,41,50,39,0,0
45238,14,3,11,10,40,69,59,49,57,38,0,0
45252,30,14,16,37,95,68,61,48,53,50,0,0
45487,3,2,1,41,14,58,86,56,71,47,0,0
45509,25,14,11,30,97,64,62,47,54,46,0,0
45510,4,3,1,12,19,60,74,43,50,52,0,0
45722,1,0,1,1,5,63,43,15,16,0,0,0
45729,9,2,7,20,23,63,62,47,52,28,0,0
45739,4,2,2,4,1,63,62,49,50,31,0,0
45773,31,11,20,65,69,64,63,47,56,38,0,0
45774,30,14,16,34,77,60,62,47,53,41,0,0
45776,7,3,4,16,28,68,66,52,60,42,0,0
45925,1,0,1,0,3,56,43,43,57,28,0,0
45926,1,0,1,0,8,41,30,11,0,0,0,0
45942,22,14,8,158,56,55,76,53,62,47,0,0
46191,9,3,6,17,26,59,69,52,65,27,0,0
46678,1,0,1,1,4,41,60,36,61,100,0,0
46683,1,0,1,1,1,69,55,47,50,0,0,0
46752,19,8,11,58,39,61,66,54,53,40,0,0
46960,2,0,2,8,9,57,67,45,40,28,0,0
46972,27,12,15,15,84,63,61,45,56,49,0,0
46998,30,15,15,82,89,52,70,48,53,43,0,0
47267,15,6,9,116,74,67,66,48,63,37,0,0
47456,16,6,10,11,62,69,57,46,52,40,0,0
47526,4,1,3,15,11,60,62,45,64,50,0,0
47530,16,8,8,21,64,57,63,46,46,54,0,0
47534,22,12,10,36,35,72,63,52,54,47,0,0
47546,1,0,1,8,0,56,66,43,50,57,0,0
47973,2,0,2,1,5,59,40,34,41,0,0,0
47977,2,1,1,4,2,67,63,64,72,42,0,0
47978,28,17,11,133,117,63,70,48,59,41,0,0
47992,8,2,6,1,35,68,53,41,54,43,0,0
48004,2,1,1,5,15,51,66,50,60,35,0,0
48012,20,12,8,63,54,58,69,49,57,38,0,0
48219,2,0,2,9,6,66,79,63,62,33,0,0
48237,26,11,15,119,87,60,67,50,58,40,0,0
48435,1,0,1,10,11,50,63,37,40,50,0,0
48440,29,11,18,99,70,57,68,46,61,39,0,0
48441,25,10,15,100,71,66,68,41,55,38,0,0
48443,10,3,7,18,32,62,60,48,51,41,0,0
48460,28,9,19,85,85,58,67,43,49,50,0,0
48500,24,6,18,102,73,62,66,49,62,37,0,0
48818,22,8,14,75,37,67,64,44,57,39,0,0
48827,3,0,3,6,18,57,60,40,45,26,0,0
48854,18,10,8,54,54,61,69,48,62,45,0,0
48954,5,1,4,4,31,55,53,37,36,30,0,0
49036,3,0,3,5,7,60,63,42,41,29,0,0
49066,2,1,1,1,11,75,45,35,50,66,0,0
49076,1,0,1,6,3,48,75,64,66,0,0,0
49209,1,0,1,7,8,50,70,36,66,9,0,0
49212,31,13,18,96,66,62,63,47,55,44,0,0
49239,18,8,10,30,93,57,61,45,50,37,0,0
49240,23,11,12,82,70,63,66,51,59,36,0,0
49285,13,6,7,28,38,56,63,48,56,45,0,0
49406,3,2,1,3,9,64,65,43,60,44,0,0
49407,16,4,12,16,38,61,57,49,50,38,0,0
49585,4,2,2,12,12,50,76,40,68,35,0,0
49594,12,3,9,21,20,63,60,42,58,37,0,0
49727,1,0,1,0,4,52,44,30,30,37,0,0
49874,25,9,16,67,66,62,64,47,61,41,0,0
49927,7,1,6,12,17,58,60,38,49,40,0,0
50003,20,7,13,87,60,55,71,47,54,35,0,0
50026,3,1,2,6,5,51,55,44,33,37,0,0
50110,6,4,2,2,8,70,60,41,52,40,0,0
50113,8,5,3,18,24,59,68,44,67,42,0,0
50116,1,0,1,3,4,63,48,36,36,80,0,0
50117,28,14,14,115,89,54,71,48,60,43,0,0
50119,36,16,20,201,126,59,70,48,60,41,0,0
50134,30,5,25,74,78,58,60,42,51,40,0,0
50141,37,16,21,117,91,61,68,47,50,42,0,0
50513,12,6,6,21,46,62,61,46,53,54,0,0
50620,37,10,27,121,121,58,65,48,51,37,0,0
50625,13,5,8,9,31,66,61,46,47,44,0,0
50688,16,5,11,73,31,68,66,44,55,36,0,0
50729,11,5,6,66,39,64,69,44,59,38,0,0
50731,15,6,9,48,30,61,66,44,52,43,0,0
50740,1,0,1,1,2,51,44,29,46,33,0,0
50741,2,1,1,4,1,69,69,65,40,37,0,0
50752,2,0,2,0,6,57,48,40,0,50,0,0
50756,38,18,20,239,157,57,71,46,55,36,0,0
50850,27,12,15,16,99,68,55,45,45,48,0,0
50867,2,0,2,1,6,58,55,42,65,22,0,0
50902,29,9,20,81,127,61,61,46,54,42,0,0
51062,12,4,8,16,36,59,58,45,47,45,0,0
51087,43,21,22,127,188,58,66,45,54,45,0,0
51095,13,6,7,29,38,66,67,50,59,37,0,0
51259,31,16,15,54,44,75,65,50,60,42,0,0
51261,11,5,6,6,17,66,60,50,50,52,0,0
51272,28,13,15,121,62,63,68,48,61,42,0,0
51276,2,0,2,0,8,68,68,34,40,31,0,0
51420,32,19,13,69,105,58,64,44,58,50,0,0
51433,6,1,5,16,13,69,63,44,50,37,0,0
51434,2,0,2,2,11,46,44,40,31,0,0,0
51443,12,4,8,14,26,67,57,48,48,34,0,0
51568,22,10,12,48,40,63,64,48,51,43,0,0
51578,1,0,1,0,2,63,42,18,33,0,0,0
51692,1,0,1,0,3,64,60,44,33,100,0,0
51827,12,3,9,46,37,60,65,44,52,29,0,0
51838,5,1,4,1,10,72,54,43,37,34,0,0
51847,58,34,24,83,114,65,61,47,51,46,0,0
51963,2,1,1,4,2,73,68,43,66,40,0,0
51964,5,0,5,7,19,58,53,35,28,38,0,0
51965,8,3,5,47,29,57,72,50,58,32,0,0
51972,12,3,9,29,28,63,61,45,51,49,0,0
51974,3,0,3,0,13,64,46,29,32,25,0,0
51976,21,7,14,50,54,69,62,40,55,44,0,0
52129,2,0,2,1,3,70,50,27,47,0,0,0
52135,29,16,13,52,36,68,66,52,57,44,0,0
52162,1,0,1,1,12,25,71,30,50,100,0,0
52188,24,7,17,110,59,63,63,40,53,36,0,0
52283,23,11,12,22,41,68,59,44,54,49,0,0
52293,1,0,1,0,1,58,54,43,50,20,0,0
52322,23,7,16,18,87,61,63,43,52,39,0,0
52335,27,15,12,104,83,62,72,52,56,42,0,0
52357,13,5,8,25,30,56,69,45,56,53,0,0
52363,7,1,6,5,18,70,53,36,52,47,0,0
52366,5,2,3,19,18,65,66,43,35,38,0,0
52369,27,10,17,75,78,58,65,48,56,43,0,0
52519,11,3,8,21,16,71,59,44,56,41,0,0
52530,24,6,18,35,63,66,61,47,47,38,0,0
52746,15,7,8,16,36,63,62,46,54,33,0,0
53325,28,14,14,96,57,65,66,50,56,43,0,0
53470,2,1,1,2,4,66,60,47,57,54,0,0
53505,18,7,11,64,45,58,67,46,54,43,0,0
53506,19,9,10,24,77,61,63,43,52,46,0,0
53517,32,14,18,123,153,58,64,45,55,41,0,0
53519,4,0,4,33,20,58,72,39,64,33,0,0
53537,17,8,9,8,43,73,58,44,55,56,0,0
53539,8,4,4,7,15,62,64,51,48,48,0,0
53691,13,8,5,12,28,60,62,53,51,48,0,0
53920,1,0,1,4,4,62,62,57,75,22,0,0
53926,2,1,1,1,4,62,59,47,53,75,0,0
53931,12,2,10,29,34,62,61,42,49,34,0,0
53945,33,17,16,45,60,67,63,49,57,47,0,0
54127,1,0,1,1,8,51,27,23,30,100,0,0
54160,2,1,1,6,8,55,85,47,70,35,0,0
54164,1,0,1,1,2,66,56,40,55,100,0,0
54206,13,4,9,32,34,63,64,49,55,35,0,0
54351,10,3,7,17,22,60,66,44,57,43,0,0
54354,9,1,8,16,48,62,61,39,44,26,0,0
54370,1,0,1,2,4,53,65,24,64,25,0,0
54376,7,3,4,6,7,67,56,45,45,35,0,0
54377,9,3,6,9,25,68,56,51,51,29,0,0
54378,5,2,3,8,9,61,62,47,46,33,0,0
54553,48,25,23,73,112,64,63,50,59,44,0,0
54557,15,7,8,10,28,69,58,43,49,46,0,0
54563,39,23,16,242,138,57,75,49,64,46,0,0
54815,23,11,12,47,42,54,65,46,47,46,0,0
54825,2,1,1,0,8,58,66,41,30,26,0,0
54963,9,4,5,7,28,64,63,43,55,36,0,0
54964,9,4,5,49,14,63,69,50,57,42,0,0
54965,26,13,13,97,77,61,69,46,56,40,0,0
54974,2,0,2,0,3,68,51,22,35,44,0,0
55022,6,2,4,17,18,72,59,51,48,29,0,0
55251,23,10,13,104,53,60,70,46,53,41,0,0
55262,4,0,4,11,17,62,65,42,51,50,0,0
55289,11,7,4,47,19,58,70,51,52,32,0,0
55478,6,2,4,32,11,64,68,48,50,26,0,0
55653,9,6,3,37,19,58,74,53,73,39,0,0
55654,22,7,15,13,56,65,58,44,45,41,0,0
55824,10,0,10,49,41,51,63,38,48,45,0,0
55827,12,6,6,44,25,67,68,45,56,40,0,0
55891,6,0,6,9,34,55,48,28,46,20,0,0
55974,7,2,5,12,12,58,56,51,50,44,0,0
55994,20,9,11,63,39,69,67,56,55,40,0,0
55999,1,0,1,0,7,71,64,42,66,42,0,0
56169,2,0,2,2,2,80,56,27,35,33,0,0
56400,37,19,18,153,78,62,68,49,62,41,0,0
56407,1,0,1,1,5,50,52,28,37,0,0,0
56416,3,0,3,6,13,54,55,46,38,44,0,0
56429,2,1,1,6,0,67,66,58,63,100,0,0
56604,3,0,3,4,10,68,61,43,61,37,0,0
56611,22,5,17,41,61,65,58,45,54,42,0,0
56612,34,21,13,83,99,61,67,52,65,38,0,0
56639,28,6,22,199,140,62,70,45,55,28,0,0
56642,19,11,8,49,23,60,67,50,59,42,0,0
56813,36,19,17,194,49,72,67,53,65,40,0,0
56817,52,32,20,174,92,63,68,52,60,45,0,0
56820,20,11,9,89,33,59,70,49,59,39,0,0
56829,3,0,3,3,14,46,48,32,53,30,0,0
56834,12,4,8,32,27,58,65,50,61,37,0,0
56889,24,5,19,68,74,64,66,42,52,33,0,0
56891,8,6,2,18,26,61,70,53,61,35,0,0
57004,1,0,1,4,2,71,60,44,66,25,0,0
57025,1,0,1,1,2,61,48,42,0,0,0,0
57231,42,22,20,298,156,58,77,52,65,37,0,0
57254,4,2,2,26,29,58,71,39,53,40,0,0
57469,1,0,1,6,0,68,56,60,62,60,0,0
57500,19,7,12,32,64,60,61,46,48,44,0,0
57531,16,6,10,3,41,70,57,42,59,42,0,0
57677,15,5,10,33,47,60,62,50,55,47,0,0
57690,5,1,4,15,18,61,62,37,51,26,0,0
57712,2,1,1,4,2,66,73,60,85,36,0,0
57721,23,11,12,63,41,66,64,48,62,35,0,0
57772,8,3,5,22,19,67,62,44,62,42,0,0
57911,13,5,8,92,51,62,68,46,62,37,0,0
57913,9,3,6,54,36,60,74,47,59,34,0,0
57915,11,4,7,12,25,64,59,49,47,35,0,0
57917,29,8,21,31,77,60,62,44,50,43,0,0
57931,2,0,2,0,6,56,23,21,13,28,0,0
57933,48,24,24,125,92,66,66,49,59,46,0,0
57945,25,12,13,95,89,63,63,46,54,52,0,0
58004,27,13,14,54,90,63,63,46,59,43,0,0
58179,33,16,17,198,97,57,74,51,59,42,0,0
58345,3,1,2,9,7,57,66,41,44,47,0,0
58433,13,8,5,32,48,61,64,43,54,46,0,0
58437,2,0,2,2,5,51,62,40,55,66,0,0
58441,27,14,13,44,85,62,65,49,57,40,0,0
58709,1,0,1,0,6,52,31,40,25,0,0,0
58719,12,6,6,29,24,65,66,50,61,40,0,0
58867,6,2,4,19,10,67,64,56,60,21,0,0
58988,28,6,22,174,139,56,69,43,54,38,0,0
58990,22,12,10,80,69,59,71,47,54,40,0,0
59007,1,0,1,2,4,60,51,40,16,44,0,0
59093,1,0,1,2,1,59,65,54,40,37,0,0
59100,18,5,13,95,46,58,72,49,59,28,0,0
59135,4,0,4,2,5,54,44,41,29,23,0,0
59139,6,1,5,7,14,67,50,38,56,47,0,0
59149,1,0,1,2,2,66,72,36,62,25,0,0
59152,13,3,10,11,39,63,60,47,56,48,0,0
59238,17,8,9,50,36,67,66,51,58,38,0,0
59239,1,0,1,4,4,44,60,24,0,50,0,0
59241,6,4,2,16,9,64,62,56,64,53,0,0
59246,18,9,9,67,48,65,67,49,62,37,0,0
59261,1,0,1,2,6,48,50,50,37,33,0,0
59353,22,14,8,77,51,64,67,51,58,41,0,0
59359,1,0,1,0,0,63,38,33,40,25,0,0
59486,1,0,1,6,2,50,78,44,40,0,0,0
59487,12,6,6,12,38,65,63,44,59,49,0,0
59488,7,5,2,27,13,63,68,54,56,40,0,0
59491,9,4,5,47,41,64,72,43,56,30,0,0
59508,1,0,1,0,1,58,61,36,42,0,0,0
59591,25,12,13,68,95,60,63,47,52,46,0,0
59607,1,0,1,2,4,63,60,42,20,14,0,0
59646,2,0,2,14,10,58,74,51,72,50,0,0
59723,12,5,7,21,30,66,58,41,45,46,0,0
59829,2,1,1,23,5,58,81,52,62,21,0,0
59835,27,10,17,54,68,63,63,49,54,34,0,0
59841,2,0,2,1,7,52,37,32,9,0,0,0
59846,17,9,8,23,25,64,63,48,56,43,0,0
59848,15,3,12,12,42,66,51,47,49,46,0,0
59850,13,6,7,99,34,57,74,48,62,37,0,0
59966,1,0,1,1,4,51,50,29,28,0,0,0
59969,9,2,7,13,16,57,64,39,42,33,0,0
59971,4,1,3,17,16,56,69,39,50,47,0,0
59990,8,2,6,14,23,66,60,42,52,42,0,0
59997,1,0,1,1,2,73,57,43,50,33,0,0
60104,15,7,8,20,45,61,62,48,50,44,0,0
60157,1,0,1,0,2,70,54,14,50,0,0,0
60218,15,9,6,51,48,61,67,51,56,39,0,0
60302,2,0,2,0,3,62,38,40,38,100,0,0
60303,20,8,12,33,32,65,66,55,58,35,0,0
60305,18,7,11,60,57,60,69,47,55,52,0,0
60323,14,3,11,18,47,63,57,42,49,40,0,0
60465,1,0,1,1,3,63,60,40,44,42,0,0
60479,5,0,5,8,33,59,64,33,42,11,0,0
60491,1,0,1,8,1,64,63,52,62,0,0,0
60623,19,8,11,48,49,54,65,47,46,46,0,0
60637,2,1,1,7,14,47,80,36,46,40,0,0
60803,9,3,6,4,12,66,58,43,52,42,0,0
60816,28,13,15,80,145,56,65,45,57,46,0,0
60922,5,2,3,5,24,58,63,36,45,60,0,0
60923,20,8,12,27,73,70,61,43,47,39,0,0
61087,10,3,7,22,13,57,62,44,53,43,0,0
61228,4,2,2,9,10,51,64,45,37,33,0,0
61229,15,4,11,36,113,60,62,47,60,47,0,0
61231,26,9,17,41,123,65,61,39,53,38,0,0
61237,5,1,4,9,15,65,57,42,46,34,0,0
61255,14,7,7,28,13,68,63,46,55,39,0,0
61355,16,7,9,48,41,51,65,47,55,44,0,0
61386,18,6,12,24,82,60,60,43,57,35,0,0
61520,9,3,6,9,20,67,56,42,46,37,0,0
61540,12,5,7,3,21,76,59,42,52,40,0,0
61670,16,5,11,27,27,67,59,50,46,44,0,0
61841,35,17,18,153,129,59,67,50,61,43,0,0
61852,16,5,11,49,28,64,65,45,63,46,0,0
61870,7,2,5,16,19,62,58,41,45,51,0,0
61968,11,8,3,17,20,66,65,51,64,53,0,0
61975,3,0,3,0,2,69,45,50,29,58,0,0
61984,3,1,2,2,6,60,64,52,36,41,0,0
61986,6,2,4,7,16,64,62,45,60,26,0,0
61988,5,2,3,4,17,61,61,43,57,35,0,0
62000,5,0,5,37,18,55,65,44,57,58,0,0
62001,13,6,7,10,29,66,60,45,52,48,0,0
62160,2,1,1,4,9,75,58,29,62,61,0,0
62171,3,1,2,7,19,52,72,36,52,33,0,0
62181,13,4,9,11,43,60,58,44,48,48,0,0
62193,12,6,6,16,31,63,67,51,59,40,0,0
62194,2,1,1,0,5,70,74,53,66,20,0,0
62201,27,16,11,103,61,61,68,54,60,42,0,0
62202,22,8,14,40,82,55,64,47,50,39,0,0
62396,5,3,2,4,3,70,67,53,62,57,0,0
62397,1,0,1,1,1,76,53,33,33,0,0,0
62406,4,2,2,1,5,59,60,52,59,42,0,0
62407,1,0,1,0,7,61,59,43,65,72,0,0
62408,2,1,1,8,3,55,77,47,66,50,0,0
62414,4,1,3,2,3,69,44,64,48,36,0,0
62419,23,8,15,48,63,61,64,49,56,44,0,0
62434,36,19,17,37,77,68,60,46,57,50,0,0
62439,6,4,2,6,9,70,56,47,52,48,0,0
62456,19,8,11,19,70,63,63,47,52,44,0,0
62489,30,12,18,146,72,58,68,46,58,44,0,0
62492,5,3,2,7,10,62,62,47,56,48,0,0
62691,1,0,1,1,8,47,62,29,44,25,0,0
62695,1,0,1,0,5,55,34,30,50,28,0,0
62699,36,15,21,128,120,60,68,46,57,39,0,0
62702,8,3,5,4,21,71,52,43,45,61,0,0
62714,3,1,2,13,11,63,63,50,57,46,0,0
62746,24,18,6,57,61,61,70,49,55,49,0,0
62752,11,3,8,25,32,62,62,44,52,46,0,0
62960,32,16,16,179,118,59,70,46,57,42,0,0
62961,4,0,4,13,20,48,59,44,51,40,0,0
62983,2,1,1,5,6,53,76,47,63,40,0,0
63218,1,0,1,0,4,64,65,29,63,66,0,0
63223,24,9,15,19,62,69,58,43,49,46,0,0
63237,19,5,14,42,35,68,61,45,48,44,0,0
63239,3,1,2,4,17,50,60,36,52,45,0,0
63243,19,8,11,44,69,56,61,44,41,40,0,0
63244,3,0,3,1,11,53,50,38,34,50,0,0
63245,22,11,11,45,104,68,63,43,52,42,0,0
63256,12,4,8,8,47,61,56,44,55,43,0,0
63443,2,0,2,6,5,72,55,58,68,40,0,0
63453,1,0,1,2,13,50,78,51,60,23,0,0
63462,4,2,2,8,9,50,60,45,53,56,0,0
63467,3,0,3,13,19,54,64,43,40,0,0,0
63476,8,4,4,15,22,67,68,47,68,39,0,0
63498,10,3,7,8,22,62,59,50,53,33,0,0
63499,1,0,1,1,4,48,66,40,33,0,0,0
63731,1,0,1,2,9,55,64,5,28,0,0,0
63732,1,0,1,0,5,33,10,25,14,33,0,0
63774,3,1,2,11,7,59,72,48,50,45,0,0
64049,1,0,1,0,7,34,0,11,14,0,0,0
64238,21,10,11,63,35,63,63,49,57,48,0,0
64250,11,2,9,29,55,56,62,42,56,35,0,0
64251,1,0,1,0,4,57,78,42,50,0,0,0
64252,1,0,1,2,1,76,52,35,44,40,0,0
64257,12,10,2,24,15,64,70,55,53,59,0,0
64265,8,3,5,10,28,57,58,43,54,33,0,0
64275,1,0,1,0,2,46,55,39,42,0,0,0
64457,3,1,2,6,7,66,57,38,50,40,0,0
64459,3,0,3,0,17,63,50,43,59,38,0,0
64462,23,15,8,44,57,57,66,54,60,48,0,0
64463,19,5,14,72,32,63,63,43,47,40,0,0
64623,44,24,20,235,153,60,69,47,55,42,0,0
64632,18,6,12,36,60,66,63,48,53,42,0,0
64869,2,1,1,17,5,56,73,43,80,50,0,0
64899,4,0,4,0,6,66,49,29,50,60,0,0
64915,41,17,24,103,126,64,62,46,53,39,0,0
65073,5,1,4,9,35,53,63,39,53,25,0,0
65138,37,14,23,152,118,63,65,48,59,42,0,0
65254,6,3,3,18,28,67,66,44,63,40,0,0
65257,3,1,2,9,3,72,68,53,50,42,0,0
65264,2,1,1,10,11,54,58,54,68,40,0,0
65270,13,7,6,21,41,55,70,48,60,34,0,0
65283,5,0,5,4,17,59,56,25,37,40,0,0
65292,25,8,17,70,52,64,62,45,53,45,0,0
65299,9,5,4,34,16,60,65,53,55,35,0,0
65375,3,1,2,23,9,62,73,51,64,31,0,0
65383,11,3,8,24,14,65,57,49,56,44,0,0
65499,1,0,1,0,3,60,30,23,25,0,0,0
65523,2,0,2,0,8,75,56,28,60,55,0,0
65693,1,0,1,0,3,62,51,45,50,0,0,0
65696,2,1,1,8,9,53,68,43,63,35,0,0
65697,1,0,1,0,0,70,59,44,20,33,0,0
65698,11,3,8,35,60,58,69,42,54,47,0,0
65703,1,0,1,3,5,59,61,42,46,50,0,0
65727,4,0,4,9,23,59,58,33,42,40,0,0
65902,4,0,4,1,10,77,54,50,32,39,0,0
65906,1,0,1,0,4,71,33,25,12,75,0,0
65907,1,0,1,1,1,59,42,47,44,22,0,0
65919,2,1,1,2,6,67,70,50,33,28,0,0
66023,3,0,3,2,27,53,53,26,31,16,0,0
66034,34,15,19,50,86,71,63,45,59,47,0,0
66045,25,16,9,74,29,66,67,50,56,37,0,0
66202,1,0,1,0,7,54,56,15,37,0,0,0
66217,48,26,22,141,73,68,66,50,59,40,0,0
66351,6,0,6,7,17,64,53,37,51,50,0,0
66358,4,0,4,4,8,67,57,42,39,57,0,0
66363,6,3,3,9,31,62,60,44,50,37,0,0
66492,1,0,1,0,1,62,33,37,14,25,0,0
66498,1,0,1,10,11,59,72,41,75,100,0,0
66499,17,5,12,56,63,65,64,42,51,38,0,0
66511,1,0,1,0,10,60,41,26,50,0,0,0
66527,1,0,1,4,4,65,70,39,33,22,0,0
66676,1,0,1,0,2,64,51,29,44,20,0,0
66824,2,2,0,13,10,65,78,39,86,50,0,0
66852,21,8,13,7,63,63,56,43,51,50,0,0
66857,15,7,8,27,32,62,64,50,63,54,0,0
66993,8,2,6,6,15,68,60,40,55,45,0,0
67001,28,13,15,31,82,67,62,44,57,38,0,0
67002,17,5,12,17,32,70,60,45,53,48,0,0
67017,16,7,9,55,64,53,70,48,60,42,0,0
67020,4,1,3,2,22,55,62,34,44,33,0,0
67026,20,11,9,59,69,59,68,51,58,33,0,0
67030,6,3,3,23,38,58,64,42,64,55,0,0
67188,25,10,15,47,73,58,61,48,46,52,0,0
67202,26,14,12,98,79,54,72,50,45,45,0,0
67230,12,3,9,14,19,58,62,53,59,37,0,0
67233,5,1,4,0,19,76,53,35,50,48,0,0
67380,8,2,6,10,20,59,54,43,46,38,0,0
67633,45,20,25,129,106,54,67,47,56,40,0,0
67750,1,0,1,1,0,70,41,23,33,20,0,0
67789,6,2,4,29,15,58,70,45,61,30,0,0
67844,3,1,2,5,27,62,63,45,47,35,0,0
67849,12,3,9,20,21,60,59,41,56,45,0,0
67852,6,0,6,11,22,50,57,42,28,38,0,0
67863,33,15,18,42,114,63,59,49,55,44,0,0
67865,14,6,8,26,30,66,62,50,60,44,0,0
67964,5,2,3,7,8,67,58,45,53,46,0,0
67970,15,7,8,43,31,64,67,47,46,45,0,0
67975,6,1,5,5,8,71,54,40,35,43,0,0
67977,2,1,1,8,9,75,68,45,76,71,0,0
67978,3,0,3,11,16,57,60,48,40,35,0,0
67985,14,9,5,21,21,71,63,52,60,49,0,0
68078,4,2,2,10,18,67,64,42,62,55,0,0
68085,1,0,1,0,2,47,36,25,25,0,0,0
68092,3,0,3,1,4,71,57,41,62,54,0,0
68093,1,0,1,7,4,67,70,30,62,25,0,0
68094,10,2,8,20,63,54,63,46,59,45,0,0
68190,8,1,7,6,25,74,51,35,42,44,0,0
68205,16,7,9,57,44,58,72,44,63,43,0,0
68299,26,16,10,54,72,61,68,51,57,47,0,0
68300,1,0,1,0,0,71,42,46,37,0,0,0
68307,12,6,6,40,26,61,67,47,57,41,0,0
68384,10,4,6,33,24,59,70,48,45,50,0,0
68389,7,4,3,5,5,77,63,48,45,37,0,0
68416,3,1,2,0,5,66,50,49,48,50,0,0
68520,2,0,2,1,4,65,66,42,53,50,0,0
68521,6,0,6,8,18,61,53,44,49,31,0,0
68526,1,0,1,1,6,39,46,30,37,0,0,0
68530,26,11,15,114,111,60,69,50,56,37,0,0
68533,19,10,9,47,47,63,68,53,51,51,0,0
68535,1,0,1,0,4,66,55,38,42,0,0,0
68624,41,19,22,163,116,60,69,49,54,36,0,0
68641,5,2,3,8,6,69,58,45,60,46,0,0
68791,1,0,1,6,5,57,62,20,44,50,0,0
68794,6,1,5,3,8,49,56,34,39,25,0,0
68796,33,14,19,52,145,60,63,45,54,37,0,0
68800,2,0,2,1,7,57,56,36,61,0,0,0
68827,34,15,19,80,85,61,62,45,53,45,0,0
68830,14,7,7,46,22,61,63,47,61,44,0,0
68966,40,16,24,31,136,64,57,45,49,48,0,0
68969,3,0,3,0,11,71,52,35,50,72,0,0
68974,3,0,3,2,10,47,45,26,46,0,0,0
68977,31,9,22,32,57,66,61,46,55,46,0,0
68989,20,7,13,69,52,65,61,45,58,35,0,0
68992,1,0,1,1,3,40,52,41,54,100,0,0
68996,17,7,10,123,88,56,70,41,47,39,0,0
69007,1,0,1,0,2,59,38,33,33,0,0,0
69021,2,1,1,2,8,41,73,53,57,42,0,0
69163,10,2,8,54,30,62,71,40,57,22,0,0
69333,9,4,5,3,17,65,58,49,62,43,0,0
69339,21,11,10,17,54,66,60,46,56,45,0,0
69422,2,0,2,0,6,70,56,40,38,50,0,0
69536,11,6,5,16,41,53,62,46,48,49,0,0
69550,11,5,6,65,37,59,69,50,62,42,0,0
69556,6,2,4,19,23,52,66,53,46,30,0,0
69560,3,0,3,11,15,56,65,45,38,30,0,0
69600,1,0,1,2,5,58,62,46,55,100,0,0
69654,6,3,3,32,9,66,71,52,66,38,0,0
69687,11,3,8,37,73,60,64,38,55,41,0,0
69831,9,2,7,18,35,57,61,42,49,31,0,0
69846,24,8,16,70,75,60,65,48,62,37,0,0
69856,1,0,1,1,1,68,65,31,50,0,0,0
69874,1,0,1,0,3,64,40,46,37,100,0,0
69875,2,0,2,0,9,61,43,25,42,0,0,0
70055,4,0,4,2,19,57,50,37,45,0,0,0
70067,3,0,3,3,13,54,54,32,42,50,0,0
70071,9,6,3,8,17,55,67,47,60,44,0,0
70226,4,0,4,9,4,70,51,36,53,33,0,0
70234,7,3,4,11,24,66,58,50,38,60,0,0
70241,16,4,12,55,47,59,67,54,53,29,0,0
70245,6,1,5,24,18,61,64,45,54,25,0,0
70247,16,7,9,6,24,73,56,48,57,49,0,0
70248,2,1,1,1,4,67,81,45,0,36,0,0
70257,1,0,1,2,3,48,72,37,42,16,0,0
70261,5,2,3,4,13,67,60,60,44,45,0,0
70265,20,5,15,110,50,68,68,47,58,35,0,0
70288,1,0,1,0,8,53,38,22,25,16,0,0
70323,18,12,6,48,40,64,67,51,68,44,0,0
70449,10,3,7,32,23,63,63,46,46,34,0,0
70455,8,2,6,10,32,56,64,42,53,51,0,0
70457,4,0,4,3,19,53,59,30,41,20,0,0
70468,26,12,14,85,82,61,69,49,61,35,0,0
70491,19,7,12,17,59,66,60,43,54,44,0,0
70496,4,1,3,13,28,61,63,42,51,55,0,0
70503,1,0,1,1,3,53,45,23,33,0,0,0
70694,5,0,5,5,7,65,55,38,43,27,0,0
70863,1,0,1,2,1,60,52,31,44,0,0,0
70867,1,0,1,0,1,73,54,54,60,20,0,0
70929,3,0,3,0,13,53,36,15,29,0,0,0
70932,1,0,1,4,7,62,69,45,71,50,0,0
70933,18,9,9,62,39,61,66,49,61,40,0,0
70935,1,0,1,0,4,44,65,20,0,33,0,0
70936,13,9,4,38,23,64,69,48,62,41,0,0
71182,42,26,16,73,63,67,62,51,55,46,0,0
71187,4,1,3,8,13,51,63,37,44,34,0,0
71196,23,12,11,33,53,66,64,49,59,38,0,0
71212,31,13,18,26,91,65,59,47,52,39,0,0
71357,16,12,4,59,29,68,68,51,58,50,0,0
71358,29,10,19,49,121,63,62,45,52,42,0,0
71359,45,26,19,73,135,64,64,48,55,45,0,0
71408,24,8,16,80,103,61,65,48,59,35,0,0
71415,2,0,2,11,11,47,59,45,60,24,0,0
71424,1,0,1,0,3,64,44,31,60,25,0,0
71444,28,8,20,13,41,64,53,48,47,42,0,0
71608,1,0,1,2,1,63,52,57,66,60,0,0
71612,5,2,3,4,4,76,56,49,48,69,0,0
71620,21,4,17,17,55,59,59,43,52,41,0,0
71622,45,23,22,179,138,58,70,49,59,41,0,0
71623,3,1,2,1,14,63,64,45,60,37,0,0
71630,14,8,6,6,51,60,56,42,50,51,0,0
71633,10,4,6,29,23,68,69,41,65,51,0,0
71640,7,3,4,7,13,71,67,54,61,37,0,0
71646,26,14,12,68,53,67,65,47,48,43,0,0
71798,11,2,9,28,67,59,65,40,52,34,0,0
71807,7,2,5,20,40,54,57,43,43,46,0,0
71812,42,17,25,59,85,63,58,49,57,44,0,0
71963,35,15,20,70,85,61,66,47,58,42,0,0
71966,1,0,1,0,3,78,52,33,70,50,0,0
71967,1,0,1,1,11,62,58,35,50,60,0,0
71982,3,1,2,6,10,52,58,44,42,33,0,0
71983,3,2,1,6,4,57,77,60,60,70,0,0
72010,1,0,1,2,2,58,69,37,0,0,0,0
72013,4,0,4,22,4,71,72,45,52,22,0,0
72017,12,7,5,35,40,60,66,50,57,52,0,0
72055,24,4,20,10,123,71,53,39,44,49,0,0
72056,1,0,1,8,1,76,52,33,42,0,0,0
72137,28,11,17,34,60,65,61,47,55,43,0,0
72158,10,3,7,34,68,61,69,37,51,33,0,0
72352,4,0,4,2,11,59,60,42,52,39,0,0
72361,3,0,3,0,6,71,44,34,43,30,0,0
72384,7,0,7,11,13,62,64,35,40,8,0,0
72385,3,1,2,5,13,69,55,49,69,35,0,0
72397,2,1,1,5,4,62,65,43,36,37,0,0
72454,36,15,21,96,61,63,63,50,55,38,0,0
72575,37,20,17,162,117,61,70,50,58,42,0,0
72576,24,10,14,66,89,59,63,48,54,48,0,0
72581,24,12,12,20,125,59,60,45,57,45,0,0
72585,29,12,17,106,65,61,71,49,59,31,0,0
72589,2,0,2,8,2,66,63,50,50,60,0,0
72596,6,2,4,11,22,56,63,43,46,51,0,0
72600,6,2,4,11,29,58,59,46,58,66,0,0
72609,20,7,13,47,40,59,61,46,53,35,0,0
72617,4,1,3,10,13,56,69,50,55,31,0,0
72627,10,6,4,17,37,62,63,44,50,39,0,0
72639,21,6,15,21,49,63,60,41,50,49,0,0
72810,9,2,7,11,33,52,67,45,28,40,0,0
72812,2,0,2,0,3,64,55,13,35,50,0,0
72813,3,1,2,5,16,61,62,43,40,53,0,0
73030,3,2,1,3,12,53,67,57,61,55,0,0
73042,1,0,1,2,4,58,62,51,66,62,0,0
73054,7,3,4,9,29,59,61,38,49,39,0,0
73188,3,1,2,5,9,63,61,39,38,50,0,0
73195,2,0,2,3,7,60,65,36,66,0,0,0
73197,43,20,23,170,92,59,66,51,63,38,0,0
73209,9,4,5,30,26,58,69,45,59,38,0,0
73254,6,1,5,13,20,57,63,42,40,46,0,0
73257,2,0,2,3,6,61,57,46,27,33,0,0
73272,9,3,6,15,36,62,60,43,52,51,0,0
73339,22,10,12,28,59,65,59,45,59,50,0,0
73538,6,2,4,10,13,63,65,42,54,47,0,0
73540,25,11,14,57,64,53,65,48,61,42,0,0
73541,11,1,10,17,45,54,56,38,47,29,0,0
73545,23,9,14,23,88,64,61,39,51,45,0,0
73566,4,1,3,17,17,53,59,44,56,40,0,0
73577,4,1,3,1,8,63,53,39,45,44,0,0
73590,2,0,2,5,11,53,70,34,30,0,0,0
73602,3,0,3,6,12,55,66,41,47,28,0,0
73607,9,3,6,31,25,59,66,54,66,45,0,0
73723,1,0,1,2,2,50,44,42,50,100,0,0
73736,3,0,3,3,17,64,50,32,54,47,0,0
73753,2,1,1,10,8,49,81,31,33,55,0,0
73934,40,16,24,85,143,60,61,47,52,42,0,0
73945,1,0,1,3,5,60,69,50,50,50,0,0
73946,5,3,2,3,5,79,62,51,61,63,0,0
73949,22,13,9,44,54,67,66,48,52,44,0,0
74097,1,0,1,1,2,84,68,50,0,0,0,0
74099,9,6,3,37,30,73,67,47,67,56,0,0
74102,5,0,5,10,16,58,57,40,38,5,0,0
74110,1,0,1,0,4,64,60,33,33,0,0,0
74133,4,1,3,4,12,63,65,43,27,53,0,0
74134,18,7,11,13,57,69,59,43,53,47,0,0
74140,3,1,2,0,11,55,55,52,64,45,0,0
74146,32,17,15,57,74,57,63,49,54,50,0,0
74150,2,0,2,3,7,51,57,33,40,45,0,0
74190,12,7,5,28,55,61,62,47,63,50,0,0
74358,1,0,1,0,6,48,35,33,25,0,0,0
74369,9,0,9,24,26,62,62,38,49,40,0,0
74540,13,3,10,26,55,53,63,38,50,35,0,0
74567,7,3,4,12,20,58,61,47,51,47,0,0
74568,5,2,3,11,23,53,63,50,50,53,0,0
74707,2,1,1,7,4,73,72,54,40,87,0,0
74711,13,8,5,27,32,58,68,51,51,48,0,0
74723,30,8,22,85,84,60,61,49,55,37,0,0
74872,6,3,3,9,23,58,65,47,55,48,0,0
74874,12,6,6,33,47,56,69,50,57,39,0,0
74894,34,11,23,60,139,66,61,45,51,46,0,0
74900,17,9,8,40,24,66,65,50,62,47,0,0
74924,5,2,3,29,18,61,72,47,70,45,0,0
75021,6,2,4,18,21,58,67,40,55,45,0,0
75034,1,0,1,2,12,55,62,13,50,0,0,0
75039,15,6,9,15,46,62,59,45,50,42,0,0
75041,3,0,3,14,12,55,65,39,42,38,0,0
75121,11,6,5,37,27,47,67,51,48,46,0,0
75220,13,2,11,4,17,73,53,39,50,39,0,0
75226,35,14,21,32,84,64,60,44,54,48,0,0
75230,44,17,27,84,116,61,62,45,49,41,0,0
75393,7,1,6,27,63,57,70,35,53,28,0,0
75397,4,1,3,5,22,52,56,32,20,36,0,0
75408,3,1,2,13,23,61,64,34,55,34,0,0
75555,24,9,15,9,52,73,60,51,61,43,0,0
75580,4,1,3,13,11,60,63,50,54,56,0,0
75651,2,0,2,7,3,61,59,47,50,50,0,0
75658,11,4,7,23,52,61,66,43,55,30,0,0
75661,4,0,4,22,17,57,67,51,64,33,0,0
76021,2,0,2,6,11,49,67,20,33,33,0,0
76022,8,5,3,14,7,64,66,58,62,53,0,0
76042,2,0,2,3,2,72,50,48,47,16,0,0
76078,2,0,2,6,10,51,62,33,50,33,0,0
76125,4,0,4,4,13,63,60,30,20,33,0,0
76148,32,20,12,148,87,66,72,55,67,40,0,0
76150,34,19,15,149,120,61,74,49,60,39,0,0
76152,2,1,1,6,12,49,75,45,0,55,0,0
76158,22,9,13,12,64,66,59,45,54,44,0,0
76232,18,6,12,40,41,58,66,49,56,41,0,0
76325,3,1,2,16,39,52,65,37,45,40,0,0
76576,6,2,4,44,18,64,72,51,55,41,0,0
76650,35,16,19,120,90,63,67,53,59,43,0,0
76801,30,15,15,16,58,62,59,54,57,46,0,0
76814,3,0,3,2,8,64,59,40,63,50,0,0
77059,20,7,13,85,88,56,68,46,56,35,0,0
77191,16,5,11,51,47,59,66,48,57,43,0,0
77305,1,0,1,1,3,61,65,51,71,50,0,0
77306,34,18,16,46,90,65,64,49,58,37,0,0
77446,4,2,2,12,16,61,72,53,77,40,0,0
77559,31,11,20,194,69,57,72,45,58,43,0,0
77561,9,4,5,8,19,66,58,46,54,36,0,0
77562,2,1,1,3,2,71,65,63,71,46,0,0
77573,1,0,1,0,4,61,42,31,50,0,0,0
77658,12,5,7,6,46,65,60,46,56,40,0,0
77697,20,8,12,17,32,66,56,39,44,47,0,0
77708,2,1,1,4,5,59,65,46,58,43,0,0
77834,2,1,1,2,7,52,61,49,57,14,0,0
77835,16,9,7,18,45,65,64,46,50,46,0,0
77868,26,13,13,56,98,69,63,45,58,36,0,0
77870,1,0,1,0,6,46,53,23,30,100,0,0
77871,3,1,2,4,8,60,64,37,52,71,0,0
77872,8,4,4,31,34,56,71,46,62,51,0,0
77875,2,0,2,0,5,66,53,37,43,0,0,0
78049,29,15,14,37,46,62,65,50,55,43,0,0
78051,2,1,1,4,9,61,59,47,63,46,0,0
78057,1,0,1,11,6,54,81,59,50,22,0,0
78188,1,0,1,3,5,59,52,36,50,100,0,0
78280,2,1,1,2,8,69,63,33,42,22,0,0
78282,14,7,7,20,33,75,63,45,58,50,0,0
78332,1,0,1,0,5,51,47,22,16,0,0,0
78479,3,0,3,2,5,54,50,40,44,100,0,0
78489,1,0,1,0,1,85,50,30,33,66,0,0
78490,15,9,6,42,20,70,64,53,65,43,0,0
78634,10,5,5,9,38,70,58,33,45,56,0,0
78638,8,1,7,7,11,69,58,43,51,40,0,0
78641,3,1,2,9,13,61,60,53,63,28,0,0
78642,13,6,7,40,36,64,67,49,63,45,0,0
78643,9,2,7,27,37,55,65,46,56,40,0,0
78647,9,5,4,12,19,58,63,48,47,48,0,0
78781,4,3,1,5,2,68,64,52,63,48,0,0
78783,2,0,2,1,4,70,57,42,53,28,0,0
78786,1,0,1,4,7,46,50,50,55,33,0,0
78789,9,4,5,13,19,70,64,44,50,53,0,0
78791,4,2,2,13,11,61,67,44,53,52,0,0
78932,3,1,2,8,7,61,58,44,59,35,0,0
78937,1,0,1,5,1,66,38,47,33,100,0,0
78939,22,4,18,14,72,68,54,39,53,37,0,0
79061,13,7,6,12,16,74,63,50,60,34,0,0
79068,2,1,1,5,4,69,68,44,66,47,0,0
79105,25,8,17,48,72,61,64,50,58,31,0,0
79108,26,6,20,3,231,61,58,31,41,47,0,0
79244,1,0,1,2,3,51,33,23,0,100,0,0
79286,11,5,6,3,14,76,60,53,53,44,0,0
79305,4,1,3,8,14,56,61,46,58,52,0,0
79439,1,0,1,0,1,61,50,46,66,28,0,0
79440,19,8,11,92,49,66,67,47,56,35,0,0
79441,15,7,8,88,53,61,68,48,58,38,0,0
79683,20,12,8,76,34,68,69,58,64,42,0,0
79688,19,11,8,56,35,64,66,52,64,48,0,0
80018,47,21,26,71,88,67,61,47,55,41,0,0
80023,9,5,4,29,18,62,72,49,65,35,0,0
80024,2,0,2,0,3,61,30,52,52,100,0,0
80182,3,1,2,10,9,61,66,47,56,43,0,0
80195,6,2,4,21,14,60,67,53,51,37,0,0
80199,30,13,17,73,100,59,63,42,53,44,0,0
80211,4,1,3,3,9,61,52,46,46,53,0,0
80213,1,0,1,1,1,68,58,43,0,0,0,0
80216,1,0,1,8,5,52,63,33,55,0,0,0
80217,2,0,2,0,1,66,49,24,41,12,0,0
80220,10,4,6,34,28,56,69,45,60,35,0,0
80221,2,1,1,0,8,75,60,52,61,21,0,0
80390,4,0,4,8,19,66,57,44,47,34,0,0
80399,3,1,2,2,9,56,57,34,41,35,0,0
80497,4,2,2,1,8,66,57,49,48,44,0,0
80639,26,10,16,30,73,58,61,49,54,38,0,0
80640,10,4,6,54,21,61,65,45,63,35,0,0
80641,31,9,22,47,64,57,61,45,54,44,0,0
80647,14,2,12,24,42,61,55,42,50,34,0,0
80652,34,15,19,170,94,61,68,48,58,35,0,0
80777,8,3,5,5,26,66,65,39,53,53,0,0
80789,3,0,3,3,16,57,60,31,42,0,0,0
80922,21,10,11,100,42,74,66,53,61,34,0,0
80926,2,0,2,3,3,67,57,35,50,58,0,0
80933,9,6,3,9,26,57,64,51,57,51,0,0
80942,10,2,8,33,36,61,63,42,51,42,0,0
80943,23,4,19,35,131,65,59,38,55,40,0,0
80946,1,0,1,8,4,50,73,48,83,40,0,0
80955,4,1,3,5,15,54,50,35,47,55,0,0
80958,23,6,17,13,38,65,52,45,51,56,0,0
80962,28,13,15,27,105,62,58,46,49,46,0,0
81008,2,0,2,5,8,58,59,36,40,50,0,0
81146,9,2,7,16,32,56,59,42,56,52,0,0
81151,1,0,1,0,2,75,36,0,33,33,0,0
81153,13,8,5,49,37,64,72,44,55,46,0,0
81185,3,1,2,5,6,56,65,40,66,33,0,0
81187,1,0,1,1,3,41,68,34,20,0,0,0
81349,2,0,2,4,9,51,63,40,56,33,0,0
81366,1,0,1,0,3,70,51,42,20,100,0,0
81378,17,8,9,11,57,59,61,46,45,42,0,0
81412,19,10,9,76,36,64,65,50,55,41,0,0
81420,16,6,10,23,43,62,57,46,50,40,0,0
81599,3,1,2,10,12,52,70,40,43,28,0,0
81605,21,9,12,14,59,60,62,47,55,44,0,0
81608,2,0,2,5,6,70,50,55,68,33,0,0
81610,4,2,2,3,8,64,72,50,42,55,0,0
81638,15,5,10,19,43,67,62,44,48,49,0,0
81645,20,8,12,30,67,64,60,47,53,42,0,0
81781,40,21,19,103,80,62,65,51,51,48,0,0
81782,1,0,1,6,6,57,66,46,72,75,0,0
81783,29,14,15,44,66,67,61,46,55,41,0,0
81809,25,8,17,39,112,62,63,43,52,49,0,0
81810,14,7,7,92,39,61,67,46,55,52,0,0
81817,32,15,17,85,166,61,63,48,58,54,0,0
81955,6,3,3,6,21,64,60,43,58,39,0,0
81961,14,3,11,28,68,54,63,40,52,32,0,0
81993,6,1,5,28,20,56,69,37,33,34,0,0
81994,16,6,10,48,81,53,69,48,47,51,0,0
81997,1,0,1,0,3,61,66,41,66,0,0,0
82116,7,2,5,64,25,61,76,52,60,30,0,0
82239,2,0,2,5,6,58,47,32,21,50,0,0
82245,29,12,17,56,102,60,66,48,53,37,0,0
82261,3,1,2,0,9,69,54,47,48,34,0,0
82282,17,9,8,61,36,67,64,53,65,40,0,0
82342,3,1,2,33,12,56,79,48,50,53,0,0
82346,1,0,1,1,4,49,59,44,50,25,0,0
82369,10,4,6,4,51,62,57,37,51,44,0,0
82486,1,0,1,3,6,54,56,36,50,0,0,0
82489,4,0,4,0,26,56,50,31,52,30,0,0
82490,9,7,2,44,30,58,73,52,65,49,0,0
82587,6,3,3,5,15,55,62,43,50,50,0,0
82589,6,0,6,2,21,59,44,37,36,46,0,0
82601,3,0,3,0,6,60,51,46,44,33,0,0
82604,10,0,10,20,49,54,59,35,50,18,0,0
82698,7,2,5,20,23,53,64,48,55,41,0,0
82712,3,1,2,0,19,52,43,37,48,38,0,0
82722,8,3,5,20,48,57,59,44,50,32,0,0
82724,3,1,2,1,9,62,50,41,46,47,0,0
82975,7,3,4,15,31,60,68,41,41,36,0,0
82984,22,8,14,104,95,60,71,45,58,40,0,0
83034,2,0,2,1,8,61,41,39,47,66,0,0
83128,1,0,1,1,4,68,43,57,54,33,0,0
83139,4,0,4,3,21,56,37,26,26,0,0,0
83151,4,0,4,10,10,58,51,44,40,0,0,0
83192,1,0,1,1,3,62,76,32,75,42,0,0
83222,37,16,21,45,94,61,64,47,56,38,0,0
83308,13,6,7,23,41,62,66,45,59,40,0,0
83309,2,0,2,2,6,58,44,35,28,60,0,0
83310,23,13,10,79,98,59,66,44,53,51,0,0
83313,2,1,1,3,7,67,56,50,69,33,0,0
83316,18,9,9,140,53,59,73,60,66,25,0,0
83338,16,6,10,55,49,61,63,45,58,43,0,0
83424,9,3,6,15,17,59,60,47,51,40,0,0
83427,3,2,1,3,0,72,66,54,70,56,0,0
83428,8,3,5,21,25,60,62,47,41,42,0,0
83433,1,0,1,3,7,65,60,45,40,50,0,0
83520,53,25,28,68,181,62,62,46,57,44,0,0
83521,17,11,6,60,62,63,71,46,60,57,0,0
83523,3,1,2,6,16,67,63,37,60,46,0,0
83524,13,3,10,16,38,63,57,43,50,36,0,0
83535,1,0,1,0,7,72,72,22,60,25,0,0
83544,4,1,3,12,5,69,60,52,47,33,0,0
83552,7,3,4,11,10,60,59,56,59,40,0,0
83553,22,7,15,71,95,61,64,44,52,47,0,0
83676,2,0,2,3,9,58,48,34,47,0,0,0
83678,29,15,14,116,47,69,68,52,60,42,0,0
83697,22,11,11,70,64,61,67,47,50,39,0,0
83699,39,18,21,80,70,61,64,47,55,49,0,0
83700,14,3,11,12,17,65,57,47,50,44,0,0
83701,2,1,1,2,6,62,51,50,30,60,0,0
83789,4,2,2,10,15,56,64,45,50,57,0,0
83790,15,8,7,26,18,66,63,48,63,47,0,0
83792,1,0,1,0,12,42,53,42,64,33,0,0
83816,31,17,14,42,34,62,63,53,55,49,0,0
83818,2,0,2,1,9,42,24,28,15,0,0,0
83894,10,3,7,31,27,57,66,46,47,33,0,0
83897,1,0,1,3,5,64,62,38,73,66,0,0
83910,4,0,4,0,13,48,53,31,39,20,0,0
83923,11,4,7,8,31,68,60,50,56,43,0,0
83924,11,3,8,20,44,62,59,40,57,39,0,0
83925,8,1,7,20,22,68,59,41,50,50,0,0
83928,6,2,4,9,14,65,61,46,41,50,0,0
83936,8,4,4,58,37,58,69,42,51,43,0,0
84038,8,3,5,9,29,56,59,45,53,45,0,0
84039,1,0,1,2,0,76,63,40,57,0,0,0
84040,23,13,10,93,45,63,66,46,55,45,0,0
84043,10,2,8,43,40,55,72,44,64,27,0,0
84045,18,9,9,73,48,55,68,45,60,49,0,0
84046,1,0,1,0,4,52,64,38,33,0,0,0
84049,8,3,5,26,46,66,65,38,59,53,0,0
84063,6,1,5,16,6,68,60,54,64,33,0,0
84067,5,2,3,8,25,54,68,39,50,45,0,0
84069,20,3,17,79,41,58,61,40,48,40,0,0
84073,1,0,1,0,2,71,10,25,25,0,0,0
84196,13,6,7,23,33,57,58,49,56,46,0,0
84226,34,10,24,129,90,64,67,44,61,43,0,0
84229,1,0,1,4,5,49,67,37,50,66,0,0
84230,26,10,16,116,87,59,68,43,56,45,0,0
84234,11,4,7,23,40,55,63,49,60,45,0,0
84238,12,3,9,36,32,66,64,46,54,44,0,0
84239,14,4,10,29,49,64,60,42,50,44,0,0
84301,2,0,2,3,12,40,63,28,28,0,0,0
84304,1,0,1,0,1,58,35,40,71,0,0,0
84352,26,10,16,150,76,61,66,46,44,44,0,0
84364,1,0,1,0,3,67,47,42,44,0,0,0
84365,2,0,2,2,4,65,53,45,55,40,0,0
84367,17,2,15,14,72,62,57,33,46,39,0,0
84372,5,1,4,4,12,58,58,43,41,35,0,0
84375,5,1,4,1,7,67,47,44,56,27,0,0
84378,3,0,3,14,16,63,66,45,57,27,0,0
84553,26,16,10,57,75,61,66,47,56,41,0,0
84558,10,3,7,17,31,59,66,42,41,43,0,0
84559,36,20,16,48,92,62,62,48,53,43,0,0
84604,34,16,18,44,72,59,65,48,55,45,0,0
84776,1,0,1,1,3,58,59,47,55,33,0,0
84777,1,0,1,3,3,66,56,35,25,50,0,0
84849,26,15,11,151,93,62,70,49,64,44,0,0
84941,52,20,32,85,140,64,58,43,47,46,0,0
84946,31,7,24,110,118,56,64,46,54,38,0,0
84947,16,5,11,39,53,53,60,44,48,35,0,0
84948,38,17,21,78,114,57,65,50,56,43,0,0
85002,18,5,13,7,31,72,54,37,40,43,0,0
85010,1,0,1,0,3,81,59,45,25,0,0,0
85012,35,14,21,83,66,65,63,44,57,43,0,0
85015,1,0,1,1,4,46,53,5,0,0,0,0
85021,10,2,8,18,41,55,64,43,59,37,0,0
85051,1,0,1,0,3,59,42,27,40,33,0,0
85076,5,2,3,23,23,51,67,43,47,50,0,0
85078,3,1,2,8,12,66,62,46,59,61,0,0
85140,6,0,6,9,48,59,56,33,55,27,0,0
85145,28,10,18,11,81,78,54,45,51,49,0,0
85147,7,1,6,0,31,72,54,28,44,50,0,0
85150,2,0,2,3,6,53,51,39,52,33,0,0
85171,1,0,1,0,1,65,36,38,0,0,0,0
85189,7,3,4,14,18,70,63,40,52,45,0,0
85193,47,18,29,105,188,63,63,46,52,44,0,0
85195,22,9,13,2,113,64,58,43,49,45,0,0
85198,44,25,19,179,117,53,71,49,54,40,0,0
85202,3,2,1,7,8,55,75,63,14,34,0,0
85204,7,2,5,9,26,48,61,46,45,42,0,0
85208,2,1,1,7,15,57,68,39,50,43,0,0
85214,53,27,26,56,96,66,62,46,50,44,0,0
85217,2,1,1,3,3,67,60,50,22,30,0,0
85218,15,4,11,49,28,65,62,42,53,52,0,0
85219,1,0,1,2,4,54,56,40,16,100,0,0
85254,5,2,3,24,10,63,65,54,67,34,0,0
85282,38,20,18,40,135,67,59,44,55,49,0,0
85325,4,1,3,3,11,75,50,42,53,34,0,0
85326,15,10,5,77,45,63,72,53,62,49,0,0
85363,11,4,7,4,48,69,55,42,45,50,0,0
85367,6,2,4,11,13,71,64,51,51,43,0,0
85403,14,4,10,18,39,62,60,45,50,45,0,0
85410,8,2,6,1,38,63,57,35,46,30,0,0
85412,4,0,4,6,2,71,52,48,55,23,0,0
85414,14,6,8,15,39,65,60,45,47,44,0,0
85416,3,1,2,3,9,66,67,55,60,37,0,0
85418,7,3,4,3,29,64,59,38,54,42,0,0
85421,3,2,1,5,18,61,62,48,62,31,0,0
85424,5,1,4,5,12,70,56,37,43,40,0,0
85425,7,1,6,28,29,53,65,48,59,25,0,0
85426,11,4,7,29,37,62,65,47,56,50,0,0
85512,2,0,2,3,5,62,63,40,50,36,0,0
85535,10,2,8,34,49,49,65,40,49,36,0,0
85594,11,2,9,31,30,58,62,40,48,47,0,0
85596,29,13,16,45,143,57,63,45,51,51,0,0
85598,2,0,2,0,3,50,51,25,50,0,0,0
85608,1,0,1,0,2,64,50,40,33,42,0,0
85671,12,4,8,10,63,64,58,40,54,43,0,0
85672,6,2,4,12,21,76,61,37,59,33,0,0
85675,9,4,5,12,26,59,60,45,56,54,0,0
85678,3,1,2,0,6,67,66,54,52,23,0,0
85680,5,2,3,8,10,58,58,45,41,57,0,0
85681,22,12,10,99,63,56,71,49,59,44,0,0
85682,1,0,1,4,2,44,75,28,70,0,0,0
85756,1,0,1,0,7,47,72,45,57,50,0,0
85759,4,1,3,9,8,51,58,45,44,42,0,0
85760,3,1,2,2,7,61,56,45,33,29,0,0
85764,41,19,22,137,167,65,68,43,57,41,0,0
85839,1,0,1,4,1,61,68,58,75,50,0,0
85840,15,5,10,60,41,58,66,48,56,39,0,0
85841,47,25,22,201,193,63,69,43,58,44,0,0
85842,15,7,8,52,32,59,69,50,54,47,0,0
85849,1,0,1,1,6,47,53,37,50,100,0,0
85852,4,0,4,1,8,53,45,36,40,27,0,0
85858,10,4,6,12,36,58,59,47,53,36,0,0
85859,10,6,4,48,34,56,68,51,53,42,0,0
85863,1,0,1,2,2,68,56,63,80,66,0,0
85868,12,5,7,64,39,61,72,45,66,45,0,0
85879,12,7,5,56,41,59,75,46,63,50,0,0
85959,4,0,4,0,17,70,51,36,58,28,0,0
85973,31,7,24,17,88,65,56,42,50,38,0,0
85980,1,0,1,3,5,59,60,41,33,57,0,0
85984,1,0,1,0,1,44,57,20,16,0,0,0
85988,1,0,1,0,1,56,39,28,42,71,0,0
85989,1,0,1,0,6,61,57,28,28,0,0,0
86010,13,8,5,50,47,60,69,50,61,41,0,0
86061,5,2,3,3,20,64,62,43,57,59,0,0
86064,6,1,5,17,18,72,60,35,47,48,0,0
86065,3,0,3,15,8,54,61,38,58,14,0,0
86068,3,1,2,5,9,62,58,28,48,53,0,0
86075,4,1,3,9,6,61,67,39,45,31,0,0
86152,15,4,11,28,31,58,64,45,42,27,0,0
86153,3,0,3,4,7,54,55,44,52,55,0,0
86169,3,0,3,1,1,77,54,32,35,8,0,0
86183,21,8,13,131,77,55,69,44,59,48,0,0
86265,1,0,1,0,2,56,48,26,28,0,0,0
86268,1,0,1,1,4,63,54,36,50,44,0,0
86270,1,0,1,1,2,65,50,51,42,25,0,0
86271,32,14,18,77,108,59,65,46,58,40,0,0
86272,1,0,1,0,1,63,60,18,0,20,0,0
86276,6,2,4,5,16,62,59,49,50,55,0,0
86277,17,5,12,13,37,65,60,40,51,40,0,0
86280,8,0,8,21,22,57,63,44,46,35,0,0
86283,2,1,1,0,1,66,62,43,50,54,0,0
86284,10,3,7,9,9,75,61,47,53,53,0,0
86285,12,2,10,31,47,61,61,41,47,35,0,0
86287,1,0,1,0,9,68,52,29,50,80,0,0
86305,35,21,14,68,57,72,63,51,62,43,0,0
86349,6,1,5,5,6,53,55,44,50,44,0,0
86352,15,7,8,21,22,65,62,51,55,43,0,0
86353,1,0,1,5,4,53,56,30,66,0,0,0
86366,10,5,5,23,33,58,63,51,46,41,0,0
86372,5,0,5,8,22,57,56,46,43,44,0,0
86373,1,0,1,0,5,53,36,36,33,16,0,0
86443,5,1,4,22,23,60,68,43,55,26,0,0
86444,1,0,1,8,5,52,60,46,78,16,0,0
86467,13,6,7,7,32,61,57,44,46,41,0,0
86468,13,5,8,33,59,54,67,42,48,43,0,0
86473,38,17,21,140,92,57,66,49,63,34,0,0
86476,1,0,1,8,3,67,67,38,0,28,0,0
86544,15,4,11,8,26,68,54,43,45,38,0,0
86579,17,9,8,37,51,64,62,44,55,45,0,0
86599,44,22,22,67,161,54,65,49,60,48,0,0
86603,19,9,10,52,110,57,66,44,54,48,0,0
86608,13,6,7,23,43,66,65,46,59,39,0,0
86614,5,2,3,13,12,67,68,47,56,44,0,0
86623,2,0,2,1,13,64,49,34,40,42,0,0
86700,9,2,7,20,47,61,64,45,52,29,0,0
86702,12,5,7,62,35,58,67,45,58,41,0,0
86790,1,0,1,1,4,53,40,39,40,66,0,0
86793,1,0,1,1,5,45,35,40,37,0,0,0
86797,2,0,2,4,14,60,51,28,43,63,0,0
86812,6,0,6,7,14,66,51,42,34,15,0,0
86813,42,21,21,97,169,62,67,49,58,37,0,0
86814,2,0,2,1,36,50,57,23,46,33,0,0
86816,5,2,3,11,14,54,67,47,56,40,0,0
86820,4,1,3,6,14,58,63,44,51,45,0,0
86821,3,0,3,3,9,59,57,39,51,43,0,0
86823,2,0,2,1,6,63,39,40,52,100,0,0
86828,5,0,5,11,35,57,60,35,41,57,0,0
86916,12,4,8,14,50,56,62,46,57,42,0,0
86918,3,0,3,13,15,61,63,35,47,28,0,0
86935,14,5,9,16,52,62,62,44,52,39,0,0
86936,14,5,9,25,41,63,60,43,48,42,0,0
86940,1,0,1,1,6,51,76,31,66,16,0,0
86945,1,0,1,0,2,56,54,62,66,0,0,0
86950,2,0,2,2,5,70,43,36,21,40,0,0
86958,1,0,1,0,3,56,54,56,37,22,0,0
86959,2,0,2,4,3,59,63,46,64,100,0,0
87006,4,2,2,5,5,60,62,57,58,55,0,0
87008,10,3,7,14,61,65,59,35,57,46,0,0
87074,13,4,9,7,41,69,56,35,41,49,0,0
87075,2,0,2,0,7,70,53,44,50,33,0,0
87088,1,0,1,1,6,50,58,53,40,0,0,0
87097,9,8,1,46,21,61,73,52,71,50,0,0
87098,4,0,4,5,23,47,51,25,23,35,0,0
87176,3,0,3,8,7,61,64,27,51,46,0,0
87185,3,1,2,2,14,53,59,45,26,30,0,0
87198,1,0,1,0,3,68,51,42,28,50,0,0
87233,2,0,2,5,4,53,60,46,41,25,0,0
87279,3,2,1,2,8,74,61,49,42,46,0,0
87280,1,0,1,1,8,51,66,42,25,25,0,0
87281,29,15,14,29,61,67,61,50,50,46,0,0
87294,1,0,1,2,6,54,52,40,50,50,0,0
87295,8,4,4,3,23,60,61,45,52,46,0,0
87296,1,0,1,0,4,53,46,35,40,100,0,0
87297,8,2,6,12,19,73,55,42,48,21,0,0
87305,1,0,1,2,0,61,40,28,0,0,0,0
87431,11,2,9,13,34,57,55,47,43,48,0,0
87440,5,1,4,13,18,60,60,42,48,43,0,0
87493,17,10,7,75,26,71,67,53,61,42,0,0
87507,1,0,1,0,5,70,53,16,0,100,0,0
87510,1,0,1,1,4,47,41,44,50,0,0,0
87511,8,2,6,11,29,62,56,39,52,48,0,0
87513,24,8,16,64,93,62,63,50,56,37,0,0
87621,16,6,10,31,58,62,61,46,51,46,0,0
87622,29,17,12,77,67,60,67,48,46,37,0,0
87732,2,0,2,3,17,50,63,33,50,27,0,0
87733,6,1,5,6,14,76,57,40,35,41,0,0
87735,1,0,1,3,1,60,50,7,16,0,0,0
87737,3,1,2,2,3,78,50,39,34,24,0,0
87740,13,5,8,50,47,57,64,39,50,41,0,0
87747,2,0,2,1,9,56,26,29,33,33,0,0
87748,1,0,1,0,1,54,50,21,50,33,0,0
87750,8,6,2,16,25,56,69,54,63,45,0,0
87751,1,0,1,1,2,73,53,31,63,0,0,0
87752,2,0,2,3,5,58,49,41,58,100,0,0
87754,40,18,22,72,113,64,62,46,51,42,0,0
87755,28,9,19,41,87,61,58,48,58,45,0,0
87763,10,6,4,8,59,66,68,36,44,53,0,0
87764,1,0,1,3,0,71,76,70,66,22,0,0
87765,10,6,4,19,21,60,66,49,65,46,0,0
87768,25,8,17,47,115,55,63,46,55,40,0,0
87769,5,1,4,21,11,58,69,48,46,24,0,0
87791,3,0,3,1,13,66,59,44,53,41,0,0
87792,51,28,23,121,169,59,65,45,57,46,0,0
87866,4,1,3,9,6,62,67,44,51,40,0,0
87924,22,6,16,25,104,67,58,35,40,42,0,0
87929,6,1,5,11,30,63,59,37,45,42,0,0
87949,7,3,4,7,21,60,57,51,48,59,0,0
88033,1,0,1,0,3,71,39,18,25,66,0,0
88050,5,1,4,16,14,51,65,47,52,60,0,0
88051,1,0,1,1,5,58,39,31,33,22,0,0
88054,37,20,17,74,105,64,62,47,51,46,0,0
88061,6,1,5,4,18,57,60,40,58,48,0,0
88063,5,1,4,3,12,61,53,44,36,55,0,0
88064,2,1,1,1,3,74,67,45,44,50,0,0
88065,39,15,24,56,102,64,61,45,52,45,0,0
88068,1,0,1,0,4,62,53,33,33,33,0,0
88069,10,2,8,2,27,63,58,41,42,30,0,0
88071,5,2,3,17,23,50,57,48,55,39,0,0
88075,4,0,4,8,11,58,57,41,45,38,0,0
88076,1,0,1,1,1,59,53,21,37,0,0,0
88202,17,8,9,25,41,59,64,48,50,45,0,0
88210,1,0,1,1,1,65,60,56,40,0,0,0
88212,1,0,1,1,4,51,68,38,33,0,0,0
88213,1,0,1,5,2,50,62,34,60,0,0,0
88217,2,1,1,0,7,70,52,54,66,55,0,0
88219,37,16,21,136,113,62,68,48,60,35,0,0
88222,22,7,15,23,44,68,57,43,50,42,0,0
88321,6,0,6,12,22,53,57,32,46,44,0,0
88323,7,0,7,1,28,63,48,37,46,27,0,0
88332,1,0,1,0,5,57,50,47,50,50,0,0
88336,20,9,11,56,79,64,66,45,55,43,0,0
88339,40,16,24,216,274,59,70,39,54,39,0,0
88340,3,1,2,2,10,67,61,38,60,53,0,0
88343,1,0,1,1,1,55,68,30,20,0,0,0
88349,11,2,9,40,32,57,60,46,58,49,0,0
88360,40,18,22,102,77,58,63,50,50,37,0,0
88378,27,6,21,37,60,62,56,40,45,38,0,0
88496,18,10,8,67,58,58,66,50,50,37,0,0
88500,3,0,3,1,9,58,45,32,36,50,0,0
88550,23,9,14,17,73,62,57,46,44,42,0,0
88573,12,7,5,53,39,61,69,53,62,42,0,0
88574,1,0,1,1,3,62,64,40,70,0,0,0
88575,1,0,1,0,4,66,31,9,0,0,0,0
88579,4,1,3,12,6,56,59,60,42,31,0,0
88580,2,1,1,1,8,51,47,49,37,39,0,0
88585,2,0,2,1,7,72,48,48,45,30,0,0
88586,1,0,1,1,6,52,44,38,44,20,0,0
88588,14,4,10,17,43,59,58,44,53,43,0,0
88594,2,0,2,5,13,64,67,37,57,75,0,0
88595,1,0,1,6,12,55,59,31,64,30,0,0
88596,8,1,7,18,27,59,63,40,50,27,0,0
88600,9,4,5,23,24,63,61,47,56,43,0,0
88601,29,14,15,117,117,54,68,48,59,41,0,0
88602,2,1,1,4,6,59,72,36,50,60,0,0
88605,1,0,1,1,1,54,36,25,0,0,0,0
88607,1,0,1,0,5,65,55,39,33,50,0,0
88609,7,2,5,25,11,67,69,41,55,41,0,0
88665,28,13,15,57,94,62,63,48,52,40,0,0
88756,22,9,13,38,57,58,61,51,55,44,0,0
88759,1,0,1,2,4,47,35,36,40,0,0,0
88765,27,11,16,95,71,57,65,48,54,43,0,0
88767,27,11,16,17,68,58,58,47,52,44,0,0
88769,20,7,13,89,96,62,68,47,59,33,0,0
88772,4,1,3,2,8,61,54,44,42,50,0,0
88874,6,1,5,6,13,64,55,39,52,40,0,0
88876,11,5,6,35,35,61,62,47,50,44,0,0
88890,25,11,14,51,76,60,62,46,52,43,0,0
88894,3,1,2,2,13,62,60,35,56,33,0,0
88896,31,11,20,101,114,53,68,47,57,53,0,0
88898,3,1,2,16,6,63,64,50,53,11,0,0
88903,14,4,10,37,59,54,65,41,52,50,0,0
88905,13,7,6,19,20,66,65,52,57,36,0,0
88906,1,0,1,4,6,41,63,22,44,0,0,0
88907,2,1,1,3,3,75,54,54,57,50,0,0
88910,14,5,9,38,51,60,69,44,56,52,0,0
88915,1,0,1,2,1,59,62,51,66,50,0,0
88917,8,4,4,27,18,60,68,49,62,45,0,0
88931,21,7,14,22,72,57,61,40,45,42,0,0
88932,1,0,1,6,5,46,70,51,66,50,0,0
88934,4,0,4,9,14,58,59,36,59,32,0,0
88977,6,3,3,16,22,57,59,52,51,42,0,0
89076,1,0,1,3,14,43,52,24,16,100,0,0
89077,5,0,5,1,12,57,52,29,40,50,0,0
89079,9,3,6,20,29,53,56,45,47,38,0,0
89085,26,8,18,31,86,62,58,45,49,45,0,0
89087,18,7,11,8,65,67,58,46,47,50,0,0
89109,4,2,2,2,13,59,67,43,57,57,0,0
89110,20,13,7,77,57,64,69,46,60,43,0,0
89111,6,1,5,4,22,60,54,44,44,70,0,0
89130,4,0,4,8,7,63,49,48,45,23,0,0
89203,14,6,8,48,59,60,66,44,58,37,0,0
89204,5,2,3,22,9,58,69,52,58,14,0,0
89213,3,0,3,0,6,61,47,18,40,63,0,0
89215,2,0,2,0,6,68,42,31,47,33,0,0
89218,8,6,2,33,22,59,66,50,68,46,0,0
89226,1,0,1,0,2,57,50,26,28,16,0,0
89229,9,4,5,10,42,61,53,46,55,34,0,0
89233,1,0,1,0,5,58,60,33,37,42,0,0
89235,26,15,11,98,31,66,66,50,57,46,0,0
89236,3,0,3,3,6,68,49,37,48,47,0,0
89244,1,0,1,1,7,58,59,26,42,0,0,0
89251,27,11,16,15,69,76,60,42,51,45,0,0
89252,2,0,2,2,6,60,51,45,40,11,0,0
89256,1,0,1,1,6,62,44,33,28,0,0,0
89258,1,0,1,0,3,58,27,15,14,0,0,0
89272,26,8,18,12,100,66,59,45,52,33,0,0
89304,1,0,1,1,6,66,68,25,63,50,0,0
89443,13,4,9,20,44,65,62,50,59,44,0,0
89463,2,0,2,2,8,55,42,18,21,100,0,0
89471,1,0,1,3,0,64,62,60,50,7,0,0
89481,2,0,2,0,8,56,59,42,42,20,0,0
89485,1,0,1,1,5,50,38,33,28,0,0,0
89493,2,0,2,0,8,60,63,48,50,50,0,0
89501,20,15,5,48,83,63,67,51,55,47,0,0
89503,2,0,2,10,10,50,68,39,52,55,0,0
89508,10,6,4,15,27,61,61,52,54,50,0,0
89512,1,0,1,1,1,54,31,37,16,0,0,0
89513,4,1,3,4,12,69,54,36,41,40,0,0
89517,19,7,12,18,55,63,62,45,49,40,0,0
89518,1,0,1,0,1,69,40,37,45,50,0,0
89661,1,0,1,1,8,48,26,30,0,16,0,0
89678,9,1,8,25,28,61,65,44,50,40,0,0
89685,4,0,4,5,10,67,58,31,48,31,0,0
89686,6,1,5,9,31,54,62,39,34,47,0,0
89688,3,0,3,0,6,68,32,27,25,40,0,0
89689,6,1,5,11,28,58,67,37,54,28,0,0
89698,11,4,7,39,63,60,66,48,53,41,0,0
89699,26,12,14,94,68,63,68,52,58,40,0,0
89700,38,23,15,129,106,62,67,50,56,43,0,0
89701,17,6,11,50,23,63,66,50,44,44,0,0
89707,5,2,3,19,13,62,65,42,50,47,0,0
89720,6,2,4,16,21,59,65,47,58,40,0,0
89721,31,15,16,147,57,56,68,49,57,45,0,0
89814,1,0,1,0,3,52,69,33,20,100,0,0
89818,25,9,16,26,56,68,59,45,52,41,0,0
89824,1,0,1,1,1,53,47,27,58,0,0,0
89842,3,0,3,4,12,64,54,30,44,50,0,0
89843,30,11,19,79,99,57,65,44,54,41,0,0
89846,1,0,1,2,5,59,50,26,50,0,0,0
89899,2,0,2,2,3,65,51,29,28,50,0,0
90013,1,0,1,0,9,46,62,51,0,33,0,0
90023,1,0,1,0,4,68,51,42,44,42,0,0
90024,6,2,4,6,14,61,58,47,48,35,0,0
90026,3,2,1,15,16,62,72,41,72,50,0,0
90027,37,17,20,105,129,63,64,46,49,39,0,0
90037,7,2,5,11,23,64,58,41,48,45,0,0
90042,3,0,3,5,5,55,60,41,35,26,0,0
90044,11,3,8,17,30,59,63,43,46,47,0,0
90054,4,1,3,12,13,65,63,48,60,35,0,0
90068,8,2,6,16,40,64,57,41,50,42,0,0
90069,1,0,1,0,1,67,45,35,33,33,0,0
90073,35,20,15,100,166,54,65,46,57,44,0,0
90188,2,1,1,1,5,56,62,52,61,50,0,0
90212,5,0,5,4,14,66,55,42,41,40,0,0
90215,8,0,8,3,25,69,51,41,43,46,0,0
90221,1,0,1,0,3,68,41,33,40,40,0,0
90380,1,0,1,1,2,64,49,46,64,75,0,0
90381,4,0,4,7,28,48,49,39,34,28,0,0
90384,2,0,2,1,13,52,50,26,45,60,0,0
90385,8,3,5,6,18,58,55,45,50,44,0,0
90386,2,1,1,0,11,56,70,32,33,50,0,0
90387,2,1,1,3,7,63,70,50,40,50,0,0
90388,1,0,1,0,4,50,50,36,28,0,0,0
90389,2,0,2,1,19,52,55,31,33,33,0,0
90391,33,16,17,96,44,56,65,49,54,44,0,0
90393,2,0,2,5,3,51,71,40,41,11,0,0
90408,4,0,4,2,16,65,54,29,37,12,0,0
90409,1,0,1,0,2,65,44,15,28,0,0,0
90416,1,0,1,1,4,64,56,33,75,20,0,0
90417,3,1,2,4,12,59,59,37,57,33,0,0
90432,33,18,15,217,86,65,72,48,63,41,0,0
90506,22,10,12,237,143,58,79,49,65,31,0,0
90508,2,0,2,2,16,50,59,35,46,44,0,0
90573,27,10,17,52,35,61,63,49,49,34,0,0
90574,12,3,9,34,52,50,65,45,55,42,0,0
90578,2,0,2,0,8,69,50,36,55,0,0,0
90583,1,0,1,4,9,65,60,14,53,50,0,0
90584,1,0,1,3,2,57,42,47,37,0,0,0
90588,12,2,10,5,31,59,52,42,40,40,0,0
90592,5,0,5,0,12,63,49,42,41,25,0,0
90593,7,3,4,2,12,67,55,46,28,51,0,0
90594,3,0,3,2,12,54,54,35,41,40,0,0
90595,24,13,11,9,58,71,59,44,45,43,0,0
90607,1,0,1,0,1,67,69,21,55,0,0,0
90612,1,0,1,2,5,54,50,40,25,37,0,0
90616,1,0,1,0,8,42,40,30,16,0,0,0
90758,10,3,7,16,15,61,56,41,56,36,0,0
90760,2,0,2,1,0,56,49,32,23,0,0,0
90761,3,0,3,1,9,53,50,25,34,22,0,0
90764,8,4,4,25,13,67,64,53,62,47,0,0
90769,14,2,12,11,57,60,58,41,52,44,0,0
90778,13,7,6,20,67,59,66,43,52,48,0,0
90782,9,3,6,26,38,56,70,45,55,40,0,0
90783,4,2,2,9,4,69,59,52,62,76,0,0
90924,33,10,23,78,212,58,66,40,51,45,0,0
90926,6,2,4,24,13,64,60,50,54,46,0,0
90927,10,5,5,18,35,60,62,39,47,47,0,0
90932,42,16,26,137,230,56,65,43,57,38,0,0
90933,10,2,8,1,7,78,52,47,48,50,0,0
90940,1,0,1,2,5,60,53,35,45,50,0,0
90961,8,2,6,2,88,60,61,33,54,45,0,0
90966,1,0,1,4,1,49,58,47,60,57,0,0
90968,20,7,13,90,83,55,66,44,55,47,0,0
90981,2,0,2,3,3,62,60,38,53,50,0,0
91070,4,1,3,7,10,63,56,50,56,30,0,0
91124,2,0,2,0,10,55,55,30,50,0,0,0
91143,8,2,6,27,37,51,65,40,61,54,0,0
91149,10,1,9,7,18,67,54,40,50,30,0,0
91155,9,3,6,4,14,66,55,43,40,48,0,0
91171,32,11,21,44,54,65,58,46,47,49,0,0
91176,13,6,7,15,26,67,63,48,60,39,0,0
91177,2,1,1,11,4,57,70,47,66,41,0,0
91178,10,2,8,22,21,61,61,49,45,41,0,0
91180,17,6,11,28,65,57,61,46,53,48,0,0
91182,3,1,2,4,15,65,56,45,40,25,0,0
91183,29,15,14,31,132,67,59,40,49,45,0,0
91185,5,3,2,18,11,61,66,46,66,68,0,0
91258,3,0,3,1,17,63,60,34,55,66,0,0
91259,3,1,2,2,10,53,68,43,68,30,0,0
91265,12,4,8,4,22,71,57,47,57,37,0,0
91266,12,4,8,12,46,63,59,41,50,61,0,0
91323,1,0,1,0,4,68,42,33,36,42,0,0
91324,1,0,1,0,1,63,56,38,20,0,0,0
91328,1,0,1,0,4,57,42,42,61,0,0,0
91332,1,0,1,2,5,60,57,46,73,45,0,0
91334,12,4,8,21,19,63,60,49,56,44,0,0
91338,3,2,1,4,9,63,60,47,54,40,0,0
91347,24,10,14,106,126,57,70,49,58,36,0,0
91351,2,1,1,1,5,75,66,36,16,87,0,0
91387,1,0,1,0,2,58,30,42,16,0,0,0
91436,6,2,4,7,22,73,58,39,61,46,0,0
91438,6,1,5,8,32,57,58,43,56,47,0,0
91439,7,3,4,1,25,70,49,37,41,50,0,0
91443,8,1,7,20,27,54,65,41,49,43,0,0
91447,8,0,8,22,32,61,60,44,62,27,0,0
91449,5,1,4,7,23,54,54,37,38,56,0,0
91450,17,7,10,43,55,61,64,51,57,34,0,0
91451,15,6,9,49,49,54,66,46,49,44,0,0
91485,11,5,6,30,22,58,68,49,50,39,0,0
91523,6,2,4,3,19,71,59,45,52,43,0,0
91525,2,0,2,0,1,54,38,30,33,25,0,0
91526,9,3,6,13,40,59,65,46,42,52,0,0
91531,3,1,2,4,14,58,61,40,47,75,0,0
91541,1,0,1,0,2,73,52,38,55,20,0,0
91543,37,16,21,80,107,50,65,47,53,41,0,0
91544,7,2,5,18,19,64,62,45,53,35,0,0
91545,4,2,2,9,7,75,65,50,68,40,0,0
91547,1,0,1,0,2,70,39,33,0,50,0,0
91610,1,0,1,0,5,65,48,31,45,100,0,0
91612,2,0,2,8,17,54,64,39,64,43,0,0
91675,12,4,8,25,27,55,63,50,49,50,194,169
91677,21,8,13,73,66,64,66,50,57,38,190,172
91678,10,5,5,41,39,61,74,49,66,43,0,0
91689,47,17,30,110,138,67,62,45,58,46,0,0
91711,1,0,1,0,6,74,52,25,45,66,0,0
91714,7,2,5,10,31,63,61,46,60,26,0,0
91719,5,1,4,4,20,40,53,46,43,38,0,0
91721,15,7,8,16,72,62,62,44,56,46,0,0
91723,14,7,7,13,35,62,61,46,50,47,0,0
91726,2,0,2,1,7,63,65,40,73,9,0,0
91733,2,0,2,0,11,63,56,38,60,37,0,0
91735,43,20,23,48,83,62,61,49,50,46,0,0
91736,1,0,1,2,2,42,60,51,33,100,0,0
91739,2,0,2,0,7,71,45,27,40,42,0,0
91742,10,6,4,38,25,67,67,49,60,40,0,0
91745,2,1,1,3,5,66,67,51,25,35,0,0
91746,8,3,5,11,33,57,62,41,41,45,0,0
91821,5,4,1,11,9,58,75,50,57,58,0,0
91825,1,0,1,4,1,54,48,46,54,100,0,0
91829,3,1,2,5,4,61,56,38,57,50,0,0
91841,5,1,4,14,16,54,62,37,53,33,0,0
91847,8,2,6,15,38,58,56,47,43,45,0,0
91848,28,14,14,133,68,61,69,51,59,42,0,0
91859,2,0,2,9,3,64,63,54,37,50,0,0
91861,35,14,21,61,111,65,62,46,54,47,0,0
91862,1,0,1,1,3,45,80,36,40,0,0,0
91942,3,0,3,3,16,55,57,40,53,55,0,0
91946,4,2,2,8,14,59,63,42,60,45,0,0
91954,5,1,4,8,13,61,58,42,34,40,0,0
91975,2,1,1,5,10,64,64,56,72,33,0,0
91976,11,6,5,27,21,67,66,50,60,46,0,0
92048,1,0,1,1,4,56,59,40,66,25,0,0
92049,1,0,1,1,3,58,69,46,50,12,0,0
92055,21,8,13,17,50,65,60,49,49,45,0,0
92057,1,0,1,2,5,59,56,27,50,33,0,0
92060,3,1,2,1,6,67,57,50,50,27,0,0
92064,10,2,8,20,45,61,61,40,54,39,0,0
92065,2,0,2,3,12,50,50,26,28,10,0,0
92069,3,0,3,4,7,62,59,43,45,19,0,0
92073,1,0,1,0,5,63,61,53,77,100,0,0
92076,1,0,1,4,2,63,61,56,62,60,0,0
92080,11,8,3,16,12,67,64,54,62,50,0,0
92082,3,0,3,7,8,67,56,40,53,55,0,0
92089,11,3,8,38,42,56,65,43,53,43,0,0
92095,11,5,6,19,25,63,63,51,47,32,0,0
92096,13,6,7,60,40,61,72,44,68,41,0,0
92161,4,3,1,6,19,63,60,45,58,35,0,0
92219,9,3,6,37,37,61,68,45,46,33,0,0
92220,2,0,2,0,5,63,55,28,41,33,0,0
92221,1,0,1,0,3,63,48,47,55,50,0,0
92223,3,0,3,5,15,56,50,33,33,37,0,0
92224,20,6,14,32,42,65,59,42,57,37,0,0
92235,1,0,1,1,0,73,58,35,62,0,0,0
92236,7,1,6,2,32,75,58,44,57,46,0,0
92238,2,1,1,2,5,70,57,48,41,75,0,0
92241,4,0,4,0,15,60,55,46,41,43,0,0
92242,22,9,13,95,60,55,70,48,62,47,0,0
92245,14,8,6,105,33,63,71,52,69,40,0,0
92250,9,3,6,19,18,52,63,44,43,36,0,0
92294,22,11,11,39,63,68,66,52,59,47,0,0
92328,13,5,8,18,44,59,61,48,54,47,0,0
92329,10,2,8,24,12,61,64,47,52,39,0,0
92330,9,2,7,39,30,63,63,45,53,48,0,0
92332,13,4,9,131,112,52,74,44,54,35,0,0
92334,25,12,13,78,73,63,67,47,55,38,0,0
92341,5,3,2,9,8,62,70,50,52,44,0,0
92343,3,0,3,2,11,57,44,37,40,9,0,0
92349,33,14,19,58,92,62,64,49,49,45,0,0
92353,24,6,18,69,124,51,63,44,56,44,0,0
92394,1,0,1,6,2,60,64,48,0,25,0,0
92399,1,0,1,2,10,45,54,34,60,66,0,0
92460,10,5,5,34,18,71,63,44,63,43,0,0
92461,3,0,3,2,11,67,53,34,27,55,0,0
92462,3,0,3,9,9,60,63,40,52,33,0,0
92465,3,0,3,1,6,58,60,40,47,41,0,0
92466,5,3,2,19,15,57,66,49,59,36,0,0
92467,1,0,1,7,4,68,65,37,80,12,0,0
92474,10,6,4,31,29,64,62,46,55,50,0,0
92498,5,2,3,22,17,62,69,46,62,35,0,0
92570,27,7,20,30,109,65,60,43,49,42,0,0
92643,12,3,9,1,21,76,53,31,55,44,0,0
92647,16,3,13,9,22,60,55,43,45,44,0,0
92648,7,3,4,13,13,66,57,51,46,43,0,0
92659,5,3,2,16,26,56,63,42,58,37,0,0
92733,1,0,1,0,3,44,60,20,53,50,0,0
92734,3,0,3,1,8,56,60,35,29,30,0,0
92737,7,3,4,18,12,55,66,52,67,51,0,0
92738,3,2,1,1,3,60,54,46,42,41,0,0
92745,22,14,8,71,62,59,66,52,58,44,0,0
92746,3,0,3,4,20,52,60,39,47,20,0,0
92748,5,0,5,7,22,61,56,37,46,25,0,0
92755,28,11,17,59,93,61,61,42,47,43,0,0
92859,2,1,1,3,9,50,60,42,62,75,0,0
92864,7,2,5,2,38,54,55,39,45,46,0,0
92868,2,0,2,1,4,54,58,42,57,33,0,0
92869,4,1,3,17,16,65,63,44,53,54,0,0
92870,3,1,2,3,7,56,52,49,42,64,0,0
92871,8,3,5,36,37,54,69,47,56,36,0,0
92882,3,1,2,22,22,55,67,40,68,33,0,0
93011,13,7,6,19,46,70,61,43,53,50,0,0
93012,1,0,1,1,1,57,38,31,25,100,0,0
93013,3,1,2,4,9,57,57,49,52,38,0,0
93018,1,0,1,1,3,73,54,18,40,33,0,0
93023,3,0,3,0,10,63,51,41,44,33,0,0
93025,2,1,1,4,3,59,65,38,68,57,0,0
93045,1,0,1,0,2,53,25,14,33,0,0,0
93046,12,5,7,62,30,57,73,51,54,35,0,0
93066,2,0,2,1,9,59,52,30,56,0,0,0
93103,1,0,1,4,3,65,73,40,50,0,0,0
93148,7,0,7,1,18,62,51,32,46,33,0,0
93149,15,4,11,4,46,69,53,40,42,37,0,0
93151,2,1,1,2,13,68,69,34,58,60,0,0
93152,1,0,1,2,3,73,61,38,60,28,0,0
93155,6,1,5,0,16,70,55,41,52,38,0,0
93156,2,1,1,1,0,74,59,55,61,83,0,0
93158,9,3,6,2,12,75,52,45,37,50,0,0
93251,1,0,1,1,5,50,61,38,37,50,0,0
93253,11,4,7,33,11,69,61,49,38,41,0,0
93254,7,1,6,22,8,67,58,40,50,34,0,0
93257,7,0,7,11,11,68,59,44,66,25,0,0
93259,2,0,2,4,13,65,67,36,42,33,0,0
93260,3,1,2,3,12,69,58,35,46,46,0,0
93278,17,7,10,23,93,58,63,42,52,36,0,0
93279,1,0,1,0,2,56,38,40,37,0,0,0
93281,1,0,1,1,4,49,50,25,45,0,0,0
93283,11,4,7,0,37,69,57,40,40,47,0,0
93284,5,2,3,0,4,76,53,41,47,54,0,0
93285,14,5,9,7,66,70,57,38,47,50,0,0
93288,3,0,3,1,21,62,57,32,33,66,0,0
93291,1,0,1,1,2,65,40,65,54,100,0,0
93382,1,0,1,0,8,47,46,37,61,0,0,0
93383,4,0,4,9,10,53,64,41,50,25,0,0
93401,3,1,2,3,9,68,59,47,41,50,0,0
93402,1,0,1,1,7,60,63,38,55,22,0,0
93403,10,5,5,26,23,67,61,54,60,45,0,0
93465,1,0,1,0,3,59,63,48,25,0,0,0
93495,14,6,8,47,46,64,64,48,60,43,0,0
93496,11,4,7,10,13,70,59,42,45,37,0,0
93498,14,8,6,49,12,67,68,50,61,43,0,0
93500,5,1,4,1,9,62,50,42,42,43,0,0
93501,33,12,21,92,80,63,66,45,59,34,0,0
93503,9,4,5,27,31,58,69,56,70,48,0,0
93519,1,0,1,0,1,60,11,33,25,0,0,0
93608,2,0,2,0,8,68,35,35,45,0,0,0
93632,15,5,10,43,22,67,64,46,46,33,0,0
93633,15,4,11,41,45,60,65,42,55,42,0,0
93636,16,5,11,19,69,60,62,40,54,46,0,0
93640,8,1,7,23,32,71,65,45,58,31,0,0
93647,4,2,2,8,9,59,74,44,50,50,0,0
93743,1,0,1,1,3,65,47,42,37,0,0,0
93746,3,2,1,11,21,60,69,54,41,42,0,0
93749,1,0,1,0,2,65,11,0,0,0,0,0
93750,5,3,2,9,30,48,69,48,54,51,0,0
93751,6,0,6,13,20,62,62,35,55,26,0,0
93766,8,2,6,32,28,61,66,41,58,37,0,0
93848,34,16,18,85,64,66,66,52,56,37,0,0
93864,1,0,1,2,0,51,72,38,50,37,0,0
93868,7,2,5,10,40,66,63,44,51,37,0,0
93873,1,0,1,0,4,60,48,40,28,100,0,0
93875,1,0,1,1,4,51,63,33,58,25,0,0
93880,9,1,8,10,31,63,55,35,51,41,0,0
93882,3,0,3,4,11,53,60,32,46,30,0,0
93889,31,12,19,81,105,56,63,47,56,40,0,0
93893,8,0,8,6,19,52,45,40,45,44,0,0
93897,5,3,2,27,11,64,63,56,64,36,0,0
93898,8,4,4,7,35,60,57,45,51,47,0,0
93900,20,6,14,70,107,58,66,40,47,40,0,0
93901,13,8,5,32,37,62,65,49,49,49,0,0
93905,1,0,1,0,4,52,30,47,25,100,0,0
93907,4,0,4,8,9,58,60,47,58,30,0,0
93908,10,0,10,20,58,49,60,39,54,37,0,0
93909,10,6,4,23,27,56,66,45,59,51,0,0
93996,5,3,2,6,11,63,65,36,62,51,0,0
94055,37,15,22,19,95,68,57,48,52,42,0,0
94057,9,4,5,10,22,62,56,40,48,44,0,0
94058,1,0,1,1,2,57,50,25,44,0,0,0
94059,4,0,4,3,12,60,49,37,33,44,0,0
94066,3,0,3,6,7,61,63,47,70,33,0,0
94067,4,3,1,8,13,69,61,54,42,53,0,0
94076,10,3,7,18,18,58,65,44,44,50,0,0
94079,1,0,1,2,4,56,50,38,54,25,0,0
94081,2,1,1,0,7,60,66,40,50,22,0,0
94087,14,6,8,30,48,57,63,51,57,46,0,0
94089,8,1,7,10,24,62,60,44,53,48,0,0
94090,18,7,11,59,91,56,65,46,60,42,0,0
94093,19,4,15,23,44,65,61,45,48,37,0,0
94104,1,0,1,1,7,53,54,35,16,100,0,0
94117,3,0,3,7,5,59,53,32,44,42,0,0
94144,2,0,2,3,7,66,51,35,56,50,0,0
94296,15,8,7,17,57,65,66,51,56,56,0,0
94312,33,12,21,35,130,61,60,45,50,45,0,0
94313,1,0,1,2,9,48,50,14,14,0,0,0
94314,3,0,3,7,23,47,69,32,47,46,0,0
94319,4,0,4,9,10,60,55,34,45,9,0,0
94343,1,0,1,0,2,72,41,16,25,33,0,0
94357,4,0,4,4,8,71,55,36,39,34,0,0
94365,4,0,4,16,24,62,59,33,56,47,0,0
94367,2,0,2,3,4,54,57,32,43,9,0,0
94419,1,0,1,0,6,51,47,15,0,40,0,0
94491,4,0,4,9,29,56,58,41,62,38,0,0
94492,6,2,4,7,16,63,64,44,29,35,0,0
94494,18,8,10,6,42,66,61,43,50,38,0,0
94495,1,0,1,1,5,66,50,6,50,50,0,0
94500,1,0,1,2,6,48,50,40,60,0,0,0
94505,4,0,4,2,11,66,54,43,50,0,0,0
94513,1,0,1,1,5,52,69,30,66,0,0,0
94514,4,0,4,5,11,63,53,41,44,41,0,0
94528,1,0,1,0,3,64,61,42,40,0,0,0
94531,6,2,4,22,20,48,70,46,45,42,0,0
94532,34,13,21,211,175,57,70,45,54,32,0,0
94534,17,6,11,1,41,73,54,38,45,41,0,0
94535,12,1,11,6,28,68,51,42,45,30,0,0
94537,1,0,1,2,3,62,62,42,66,100,0,0
94539,17,6,11,12,109,62,61,42,58,34,0,0
94545,5,0,5,11,14,59,55,42,53,35,0,0
94590,2,0,2,6,6,59,59,44,65,14,0,0
94679,6,1,5,7,20,62,60,50,60,31,0,0
94693,1,0,1,3,3,76,55,33,55,20,0,0
94764,9,5,4,28,21,56,68,46,65,48,0,0
94769,9,4,5,15,18,64,61,49,48,38,0,0
94772,1,0,1,0,4,48,42,22,0,0,0,0
94775,1,0,1,1,6,48,59,41,16,66,0,0
94783,1,0,1,2,6,61,72,32,62,50,0,0
94788,4,1,3,6,12,67,61,43,26,35,0,0
94793,1,0,1,2,3,50,57,31,42,0,0,0
94794,4,0,4,1,21,52,49,35,34,50,0,0
94796,5,0,5,2,26,53,58,36,52,27,0,0
94798,1,0,1,0,1,56,58,45,60,50,0,0
94799,7,2,5,10,22,61,60,43,56,44,0,0
94803,1,0,1,3,3,71,63,35,37,33,0,0
94804,1,0,1,1,5,69,69,40,55,60,0,0
94958,31,16,15,45,119,65,62,47,56,51,0,0
94959,6,3,3,22,26,59,68,45,68,39,0,0
94966,15,7,8,61,29,59,71,46,60,42,0,0
94972,5,2,3,11,20,63,65,48,67,56,0,0
94974,12,6,6,35,45,57,59,51,47,46,0,0
94975,1,0,1,3,5,62,76,36,75,0,0,0
94982,13,4,9,35,42,56,60,41,55,48,0,0
94986,7,4,3,4,10,80,55,47,50,54,0,0
94989,29,11,18,42,123,55,61,46,53,40,0,0
95002,8,4,4,17,5,61,60,52,61,41,0,0
95044,16,6,10,17,36,65,58,43,57,45,0,0
95072,2,0,2,2,7,64,44,48,30,0,0,0
95139,6,2,4,27,18,59,71,50,36,54,0,0
95141,1,1,0,0,2,62,48,60,62,38,0,0
95165,2,1,1,4,8,63,55,41,54,35,0,0
95166,9,3,6,41,38,54,64,43,55,45,0,0
95167,5,3,2,25,13,56,64,51,59,37,0,0
95169,9,1,8,21,23,65,54,45,56,38,0,0
95170,2,0,2,1,4,57,56,28,57,71,0,0
95171,12,6,6,15,80,63,65,42,52,46,0,0
95178,1,0,1,2,9,53,70,18,60,0,0,0
95310,9,3,6,23,17,60,67,46,46,42,0,0
95311,19,6,13,58,89,58,66,47,50,46,0,0
95312,4,1,3,9,23,57,60,53,60,40,0,0
95315,12,3,9,5,23,62,60,44,52,46,0,0
95316,1,0,1,0,6,71,58,43,50,0,0,0
95318,11,4,7,52,55,56,71,44,51,40,0,0
95331,17,9,8,71,48,64,64,45,59,44,0,0
95332,9,5,4,13,57,61,63,39,48,50,0,0
95334,2,0,2,2,6,58,57,49,63,41,0,0
95336,19,7,12,148,70,64,70,50,63,30,0,0
95338,2,0,2,1,5,58,56,21,41,25,0,0
95340,1,0,1,1,4,62,64,26,50,0,0,0
95343,2,0,2,5,11,59,55,41,50,23,0,0
95379,3,0,3,5,17,44,62,34,50,16,0,0
95461,40,17,23,73,89,68,61,48,54,46,0,0
95462,17,7,10,19,58,55,65,49,62,45,0,0
95463,12,6,6,41,73,59,70,46,63,37,0,0
95466,3,1,2,2,9,69,50,53,55,43,0,0
95473,32,10,22,55,91,56,63,43,51,46,0,0
95474,22,7,15,39,84,57,60,41,51,44,0,0
95476,6,2,4,11,24,62,58,41,33,35,0,0
95477,8,4,4,13,41,60,65,47,44,46,0,0
95481,9,3,6,25,14,59,65,46,48,66,0,0
95482,47,25,22,115,203,58,66,45,54,47,0,0
95483,19,10,9,32,43,66,60,46,54,44,0,0
95486,2,0,2,0,4,67,52,21,20,33,0,0
95490,14,3,11,51,49,61,69,40,54,26,0,0
95492,2,0,2,3,18,46,57,28,35,37,0,0
95593,18,11,7,18,28,70,62,50,55,44,0,0
95605,27,16,11,53,37,61,64,55,53,43,0,0
95646,4,1,3,4,6,54,54,41,56,80,0,0
95663,3,1,2,4,11,61,57,47,38,40,0,0
95665,1,0,1,2,3,59,44,40,28,0,0,0
95667,25,6,19,72,71,59,63,42,48,47,0,0
95668,8,3,5,5,25,58,62,40,48,52,0,0
95669,13,3,10,6,42,65,58,44,40,36,0,0
95682,29,15,14,54,56,63,64,49,58,45,0,0
95687,2,0,2,0,0,78,43,40,41,50,0,0
95691,4,1,3,6,11,58,53,37,52,42,0,0
95694,19,7,12,33,136,55,61,42,52,44,0,0
95696,1,0,1,1,3,55,72,37,20,33,0,0
95731,3,2,1,5,12,51,58,44,57,48,0,0
95861,1,0,1,1,6,48,35,47,0,100,0,0
95864,21,9,12,46,56,62,64,43,51,44,0,0
95868,2,0,2,2,6,62,53,32,46,20,0,0
95869,2,1,1,9,7,48,68,43,44,66,0,0
95876,26,8,18,35,72,57,62,47,53,37,0,0
95882,5,1,4,8,15,62,54,46,48,37,0,0
95891,3,1,2,3,4,62,58,51,47,40,0,0
95896,11,4,7,9,15,70,58,53,60,49,0,0
95901,13,3,10,3,49,61,57,44,50,48,0,0
95902,13,3,10,17,43,59,60,44,48,35,0,0
95915,2,0,2,1,5,62,40,32,37,0,0,0
95939,3,1,2,12,6,71,71,34,58,40,0,0
95940,25,7,18,28,104,63,59,43,54,45,0,0
95977,7,5,2,18,16,57,67,49,57,46,0,0
96090,14,6,8,6,29,67,55,44,47,41,0,0
96097,4,2,2,2,9,65,62,40,60,40,0,0
96099,9,4,5,11,26,59,61,47,62,50,0,0
96110,3,1,2,3,8,71,67,38,52,26,0,0
96116,24,8,16,87,48,63,66,47,58,37,0,0
96117,1,0,1,0,3,57,52,34,50,60,0,0
96147,2,0,2,8,6,55,67,47,62,50,0,0
96267,2,0,2,0,8,60,49,29,47,75,0,0
96282,2,0,2,0,25,56,48,31,44,27,0,0
96284,3,1,2,4,26,55,63,42,62,47,0,0
96286,2,0,2,1,4,74,48,57,50,27,0,0
96287,10,3,7,17,19,54,63,46,50,48,0,0
96289,13,7,6,31,34,57,64,47,56,45,0,0
96290,9,2,7,6,26,56,58,43,35,45,0,0
96296,5,2,3,5,13,58,61,42,58,36,0,0
96299,9,4,5,13,33,63,62,47,49,47,0,0
96300,9,5,4,15,31,56,61,47,45,62,0,0
96301,3,1,2,17,15,60,65,50,70,41,0,0
96302,1,0,1,0,3,68,79,35,33,0,0,0
96303,9,2,7,4,13,72,51,45,36,51,0,0
96348,20,10,10,23,39,63,63,46,50,46,0,0
96428,1,0,1,1,2,61,48,38,44,33,0,0
96505,2,0,2,3,3,67,65,28,52,0,0,0
96506,4,2,2,12,15,51,63,48,25,50,0,0
96507,3,1,2,0,3,73,51,50,31,77,0,0
96510,1,0,1,1,2,70,35,30,33,100,0,0
96512,2,0,2,0,2,76,40,27,16,0,0,0
96514,4,1,3,3,3,80,51,43,50,60,0,0
96516,2,0,2,1,3,64,51,36,47,20,0,0
96524,1,0,1,0,1,77,42,18,14,33,0,0
96538,10,2,8,16,64,64,57,33,46,55,0,0
96543,31,13,18,49,92,62,62,45,47,48,0,0
96544,15,7,8,22,47,66,61,50,55,40,0,0
96546,4,2,2,1,6,76,55,55,33,56,0,0
96548,1,0,1,0,7,62,63,26,69,33,0,0
96550,2,1,1,0,6,57,60,28,60,33,0,0
96553,21,10,11,40,104,58,63,44,58,50,0,0
96554,19,7,12,60,120,56,66,41,57,42,0,0
96555,1,0,1,0,9,50,50,38,44,0,0,0
96561,14,5,9,31,15,76,61,50,60,50,0,0
96626,1,0,1,4,2,56,67,54,33,0,0,0
96721,14,7,7,51,42,58,65,44,61,47,0,0
96722,5,1,4,7,23,49,61,40,52,35,0,0
96728,2,1,1,1,4,57,59,54,66,37,0,0
96731,4,1,3,8,3,76,62,42,50,42,0,0
96735,5,2,3,0,19,57,51,41,56,51,0,0
96736,2,0,2,1,10,45,55,25,50,0,0,0
96748,2,0,2,1,2,57,35,54,44,50,0,0
96751,1,0,1,0,8,52,58,25,64,0,0,0
96764,11,5,6,27,33,50,62,48,50,47,0,0
96767,22,7,15,99,110,55,70,41,58,44,0,0
96768,3,2,1,5,6,62,65,42,57,34,0,0
96771,9,1,8,14,32,62,62,43,52,35,0,0
96772,28,12,16,94,107,59,70,48,58,47,0,0
96774,6,3,3,5,17,65,59,43,39,56,0,0
96775,6,3,3,29,19,61,73,53,52,40,0,0
96776,1,0,1,0,4,52,61,29,0,100,0,0
96779,2,1,1,7,8,61,67,44,56,50,0,0
96784,4,2,2,7,7,69,63,51,47,60,0,0
96785,6,1,5,20,8,69,60,44,73,33,0,0
96803,1,0,1,0,2,63,54,50,28,83,0,0
96819,3,0,3,6,6,58,59,48,27,36,0,0
96820,5,1,4,5,10,64,54,40,52,45,0,0
96952,4,1,3,6,15,64,61,46,43,28,0,0
96957,1,0,1,2,1,61,64,50,50,60,0,0
96961,2,0,2,5,8,48,59,50,57,42,0,0
96962,2,0,2,0,6,80,47,40,37,54,0,0
96976,1,0,1,0,5,61,65,42,70,0,0,0
96978,3,0,3,4,5,59,57,38,53,42,0,0
97024,1,0,1,0,4,58,44,7,0,0,0,0
97066,14,6,8,54,39,60,71,51,58,50,0,0
97125,40,21,19,115,160,63,65,47,54,45,0,0
97176,6,0,6,4,10,63,53,43,38,36,0,0
97177,1,0,1,1,2,61,42,43,50,0,0,0
97179,1,0,1,0,10,49,54,34,54,0,0,0
97182,1,0,1,0,1,75,39,33,0,0,0,0
97187,33,17,16,15,46,74,60,45,52,49,0,0
97193,6,3,3,18,18,60,71,49,59,44,0,0
97196,1,0,1,1,5,47,65,34,50,0,0,0
97200,2,0,2,2,19,46,63,37,56,33,0,0
97206,3,0,3,5,10,59,55,48,66,33,0,0
97207,2,0,2,4,9,68,61,39,55,50,0,0
97214,9,2,7,21,16,62,61,49,58,30,0,0
97223,4,0,4,7,15,52,51,37,25,36,0,0
97224,3,0,3,1,6,56,42,32,21,14,0,0
97227,2,1,1,12,4,65,74,34,69,35,0,0
97273,7,3,4,11,12,55,59,55,59,34,0,0
97275,23,12,11,84,75,59,66,47,58,38,0,0
97333,6,1,5,5,20,63,54,40,35,39,0,0
97360,9,3,6,4,10,72,54,48,54,40,0,0
97364,3,0,3,6,17,52,65,36,42,10,0,0
97365,10,5,5,24,33,65,63,48,54,38,0,0
97368,13,4,9,23,31,62,55,44,46,34,0,0
97372,1,0,1,2,1,63,68,52,71,100,0,0
97379,4,0,4,15,18,48,54,37,65,27,0,0
97380,17,9,8,118,30,59,76,54,54,41,0,0
97382,20,14,6,68,38,57,65,49,49,46,0,0
97386,1,0,1,0,8,46,31,32,36,100,0,0
97396,1,0,1,3,4,64,54,47,33,50,0,0
97565,13,4,9,73,37,61,72,45,54,38,0,0
97573,14,5,9,43,44,60,64,48,47,31,0,0
97575,1,0,1,0,1,67,56,33,16,40,0,0
97576,11,6,5,11,44,51,61,46,52,54,0,0
97578,9,5,4,16,26,66,58,44,53,56,0,0
97580,1,0,1,0,1,50,47,28,14,0,0,0
97582,13,1,12,27,46,53,59,38,45,18,0,0
97587,1,0,1,2,1,55,37,47,37,100,0,0
97588,3,0,3,0,8,65,57,41,58,50,0,0
97589,1,0,1,1,5,45,60,30,33,42,0,0
97592,1,0,1,1,3,53,64,44,63,50,0,0
97593,1,0,1,1,2,49,46,48,54,100,0,0
97594,11,4,7,40,45,61,65,46,60,41,0,0
97595,1,0,1,4,4,49,65,56,33,0,0,0
97599,4,0,4,2,11,56,66,39,38,29,0,0
97612,5,3,2,2,7,77,58,40,47,48,0,0
97753,1,0,1,1,3,39,26,34,33,0,0,0
97756,9,3,6,24,24,59,63,50,57,55,0,0
97786,1,0,1,4,2,55,53,45,33,25,0,0
97787,1,0,1,0,3,62,37,18,36,100,0,0
97788,1,0,1,2,5,52,66,39,63,100,0,0
97789,3,0,3,8,8,51,61,41,61,0,0,0
97790,8,2,6,26,26,62,59,41,56,56,0,0
97791,3,0,3,5,16,51,67,42,58,35,0,0
97792,3,1,2,1,11,58,56,43,62,60,0,0
97794,11,5,6,10,36,56,56,41,43,40,0,0
97795,1,0,1,2,1,67,69,47,25,0,0,0
97944,1,0,1,1,2,59,70,44,33,33,0,0
97958,26,9,17,12,66,61,57,42,52,48,0,0
97967,10,5,5,15,17,65,63,52,66,36,0,0
97968,4,2,2,4,14,69,64,51,60,31,0,0
97971,1,0,1,0,4,75,48,38,28,25,0,0
97972,15,6,9,50,54,63,69,51,57,37,0,0
97974,2,0,2,1,15,65,50,30,44,50,0,0
97989,34,14,20,105,59,62,67,46,59,45,0,0
98127,7,1,6,20,16,59,66,42,47,36,0,0
98151,19,10,9,24,71,50,62,46,51,51,0,0
98160,1,0,1,0,3,54,34,26,45,0,0,0
98163,1,0,1,1,4,50,57,40,37,22,0,0
98165,11,3,8,13,21,66,62,49,55,35,0,0
98187,1,0,1,2,2,57,34,23,25,25,0,0
98208,1,0,1,0,1,65,52,55,33,28,0,0
98274,1,0,1,6,2,44,58,19,16,0,0,0
98292,11,5,6,36,63,55,62,52,56,36,0,0
98369,1,0,1,0,2,82,35,25,14,0,0,0
98372,1,0,1,1,2,68,34,25,25,0,0,0
98378,2,0,2,2,12,55,37,37,40,33,0,0
98387,5,2,3,0,22,65,52,35,50,51,0,0
98504,14,5,9,28,39,60,59,49,54,48,0,0
98507,5,2,3,0,19,63,58,40,60,36,0,0
98512,1,0,1,1,3,60,60,51,80,33,0,0
98513,3,1,2,1,3,75,60,50,66,26,0,0
98522,2,0,2,0,10,53,8,14,18,100,0,0
98531,1,0,1,0,0,69,26,20,14,0,0,0
98532,2,0,2,1,2,53,56,43,18,18,0,0
98533,24,10,14,27,40,52,60,49,56,44,0,0
98536,3,2,1,4,5,58,70,60,58,71,0,0
98537,2,1,1,8,9,56,67,50,66,77,0,0
98541,2,0,2,0,4,71,46,53,50,42,0,0
98542,3,1,2,4,8,61,67,50,65,55,0,0
98543,8,3,5,15,23,65,61,48,55,51,0,0
98545,9,3,6,22,28,59,61,47,53,47,0,0
98601,6,2,4,19,28,61,63,41,52,42,0,0
98662,5,0,5,4,12,60,50,43,52,42,0,0
98667,6,2,4,2,15,48,61,42,44,40,0,0
98689,3,0,3,1,8,48,41,29,32,66,0,0
98690,4,1,3,5,14,63,52,38,51,34,0,0
98692,1,0,1,2,4,51,52,29,16,0,0,0
98694,5,1,4,3,17,53,48,42,51,44,0,0
98699,4,1,3,10,15,56,59,51,51,60,0,0
98705,2,1,1,4,3,53,54,51,61,33,0,0
98707,2,0,2,2,7,58,48,40,60,30,0,0
98710,2,1,1,1,8,59,64,46,46,42,0,0
98720,2,1,1,8,7,52,67,44,35,40,0,0
98801,3,1,2,4,18,74,61,34,68,30,0,0
98810,4,3,1,5,11,66,62,52,60,50,0,0
98811,6,1,5,6,27,56,60,30,49,57,0,0
98883,8,4,4,36,48,57,74,41,53,45,0,0
98884,16,4,12,15,55,67,57,45,53,38,0,0
98895,1,0,1,1,7,51,52,22,16,0,0,0
98902,10,2,8,23,23,48,60,40,51,32,0,0
98903,13,6,7,66,42,56,69,51,59,39,0,0
98907,6,3,3,15,2,62,68,49,58,33,0,0
98908,4,1,3,8,31,58,60,37,60,50,0,0
98909,34,15,19,60,81,65,62,46,51,43,0,0
98913,1,0,1,2,7,46,62,28,54,33,0,0
98915,2,0,2,2,6,56,53,35,43,6,0,0
98925,18,8,10,11,79,67,58,43,56,45,0,0
98931,16,6,10,26,58,57,62,42,39,46,0,0
98935,3,0,3,5,7,64,57,35,60,26,0,0
99112,29,9,20,24,47,64,57,44,44,45,0,0
99114,1,0,1,5,1,64,51,22,36,38,0,0
99126,8,5,3,20,31,61,65,52,51,35,0,0
99131,1,0,1,0,3,50,47,15,44,0,0,0
99133,7,1,6,12,57,63,62,30,52,48,0,0
99134,1,0,1,3,4,48,67,30,66,16,0,0
99138,2,0,2,1,4,64,48,44,57,55,0,0
99141,19,5,14,34,34,60,57,42,42,37,0,0
99142,8,4,4,5,21,60,59,50,66,54,0,0
99261,2,1,1,7,3,41,58,45,22,53,0,0
99263,8,2,6,4,15,66,52,49,49,42,0,0
99267,7,2,5,46,29,62,69,52,60,61,0,0
99268,5,1,4,28,21,54,67,38,60,35,0,0
99273,1,0,1,0,0,61,60,50,62,0,0,0
99282,1,0,1,4,4,53,77,51,33,28,0,0
99285,31,14,17,20,134,63,61,44,57,47,0,0
99304,4,1,3,25,14,49,71,42,51,39,0,0
99306,1,0,1,2,0,63,54,36,50,25,0,0
99307,1,0,1,1,2,53,40,27,45,0,0,0
99308,8,3,5,14,25,60,62,49,57,39,0,0
99311,1,0,1,7,5,58,60,50,50,11,0,0
99312,4,0,4,6,32,54,55,30,51,26,0,0
99316,13,6,7,58,57,56,67,45,61,48,0,0
99317,1,0,1,2,3,75,66,26,70,11,0,0
99369,5,1,4,2,17,65,55,45,47,37,0,0
99435,1,0,1,1,2,57,62,48,50,0,0,0
99436,1,0,1,0,1,70,55,37,37,100,0,0
99441,1,0,1,0,3,64,29,30,50,0,0,0
99442,2,1,1,1,12,61,62,40,66,60,0,0
99444,13,4,9,20,43,60,61,48,52,42,0,0
99445,6,2,4,9,17,52,66,49,54,30,0,0
99448,4,0,4,0,23,62,53,41,52,66,0,0
99450,2,0,2,2,11,59,62,25,35,25,0,0
99453,2,0,2,0,4,56,43,40,35,0,0,0
99454,4,0,4,5,16,69,57,31,38,52,0,0
99455,7,2,5,30,43,58,62,41,59,45,0,0
99586,1,0,1,2,5,58,35,35,16,0,0,0
99602,1,0,1,0,0,73,59,63,50,22,0,0
99606,4,2,2,0,13,69,56,43,52,36,0,0
99684,1,0,1,0,6,57,67,26,44,100,0,0
99686,1,0,1,1,5,59,53,36,66,0,0,0
99687,26,10,16,39,72,66,61,48,57,40,0,0
99688,1,0,1,2,5,47,60,32,0,0,0,0
99740,11,3,8,17,49,53,62,42,52,36,0,0
99741,3,2,1,3,7,71,67,42,41,85,0,0
99744,17,6,11,38,90,53,69,44,58,45,0,0
99748,1,0,1,0,1,73,45,52,62,50,0,0
99799,1,0,1,1,5,53,63,30,25,50,0,0
99800,6,4,2,5,6,63,63,52,65,52,0,0
99801,2,1,1,8,4,65,77,43,66,40,0,0
99802,2,0,2,0,7,69,33,18,42,0,0,0
99807,5,1,4,5,18,58,56,43,48,41,0,0
99808,12,2,10,20,64,61,58,33,46,50,0,0
99848,1,0,1,0,6,48,45,47,20,0,0,0
99888,1,0,1,0,3,48,31,17,25,0,0,0
99906,20,9,11,48,45,68,65,47,59,41,0,0
99908,16,8,8,33,61,55,65,44,55,41,0,0
99917,7,3,4,7,12,63,58,50,56,48,0,0
99919,4,0,4,6,15,63,51,40,47,33,0,0
99956,18,4,14,29,52,65,62,43,56,41,0,0
99957,14,5,9,19,29,62,57,39,49,50,0,0
99967,1,0,1,2,8,48,44,44,61,0,0,0
99968,23,9,14,84,95,52,68,45,58,48,0,0
99970,5,1,4,8,11,60,56,43,45,37,0,0
99973,8,2,6,20,27,59,59,40,50,45,0,0
99978,5,3,2,17,13,59,71,49,60,45,0,0
99980,17,9,8,22,36,62,60,51,58,45,0,0
99982,13,3,10,33,72,56,66,40,43,36,0,0
99983,11,6,5,51,54,57,66,45,58,38,0,0
99988,39,16,23,112,158,61,64,44,56,38,0,0
99990,7,3,4,16,24,55,69,43,42,44,0,0
99991,11,2,9,18,30,68,64,47,55,48,0,0
99994,2,0,2,3,3,59,44,31,52,60,0,0
99995,3,0,3,1,30,48,31,6,10,0,0,0
99996,1,0,1,0,4,53,38,33,37,0,0,0
100028,1,0,1,3,9,46,64,37,75,0,0,0
100029,1,0,1,0,4,51,34,36,33,0,0,0
100087,25,15,10,35,189,66,63,40,53,42,0,0
100090,3,0,3,4,11,65,57,42,47,12,0,0
100097,1,0,1,0,3,47,50,33,16,0,0,0
100193,11,4,7,43,38,62,71,52,55,44,0,0
100194,11,3,8,7,54,63,59,33,48,36,0,0
100195,21,12,9,34,19,70,62,52,53,46,0,0
100198,38,14,24,133,99,55,63,45,53,45,0,0
100199,1,0,1,3,1,69,59,42,50,25,0,0
100212,3,1,2,2,8,64,53,48,44,50,0,0
100214,2,0,2,2,4,46,60,42,68,18,0,0
100215,11,5,6,23,24,62,68,49,63,40,0,0
100217,1,0,1,1,8,52,55,37,37,0,0,0
100218,2,1,1,9,7,62,72,41,60,30,0,0
100226,1,0,1,0,3,60,44,56,20,100,0,0
100228,5,2,3,0,7,70,57,35,46,39,0,0
100232,8,5,3,8,51,63,65,38,54,49,0,0
100234,14,4,10,14,24,67,56,49,43,43,0,0
100235,3,2,1,2,8,77,53,45,44,48,0,0
100249,3,0,3,1,14,61,52,37,40,25,0,0
100251,2,1,1,4,7,54,57,54,33,40,0,0
100269,7,3,4,2,22,64,59,40,44,54,0,0
100393,8,4,4,24,10,68,63,47,54,56,0,0
100397,13,1,12,23,28,56,56,40,49,32,0,0
100457,2,0,2,13,8,56,65,45,78,0,0,0
100474,2,0,2,1,12,56,44,18,29,0,0,0
100482,8,2,6,17,15,48,63,48,43,35,0,0
100485,4,0,4,6,15,52,49,33,46,43,0,0
100487,7,1,6,11,24,56,55,39,51,52,0,0
100526,7,1,6,8,46,59,48,45,53,50,0,0
100610,1,0,1,0,14,33,40,26,14,0,0,0
100613,1,0,1,1,5,40,35,28,16,0,0,0
100615,23,8,15,121,66,62,68,48,57,40,0,0
100616,9,1,8,6,24,62,57,35,43,45,0,0
100617,6,3,3,18,16,50,68,45,54,43,0,0
100719,22,6,16,19,95,61,60,46,55,43,0,0
100720,10,4,6,11,51,56,66,47,60,35,0,0
100722,24,10,14,140,60,57,70,53,64,37,0,0
100731,1,0,1,2,0,63,54,50,33,0,0,0
100737,5,2,3,5,17,51,52,42,43,41,0,0
100837,3,0,3,7,13,48,55,38,46,25,0,0
100847,1,0,1,0,0,73,52,18,16,50,0,0
100852,2,0,2,0,3,66,53,42,47,50,0,0
100858,5,0,5,6,11,58,54,43,51,30,0,0
100859,7,0,7,19,20,63,56,33,55,43,0,0
100860,2,0,2,2,18,61,56,19,41,100,0,0
100906,6,1,5,5,15,62,53,41,50,46,0,0
100931,1,0,1,1,1,52,44,34,33,0,0,0
100943,2,0,2,2,10,73,51,26,52,50,0,0
100944,1,0,1,0,7,64,55,36,50,57,0,0
100945,1,0,1,1,9,50,55,33,44,0,0,0
100947,1,0,1,0,1,59,60,29,44,33,0,0
100949,11,3,8,25,32,65,62,42,50,38,0,0
100957,1,0,1,0,4,68,41,28,16,0,0,0
100958,1,0,1,0,9,45,61,28,16,0,0,0
100960,1,0,1,0,1,61,56,61,62,14,0,0
100966,2,1,1,4,7,48,62,37,50,50,0,0
100967,1,0,1,0,11,46,61,48,50,30,0,0
100968,3,0,3,7,6,59,53,44,39,63,0,0
100973,1,0,1,0,4,65,17,25,12,20,0,0
100980,11,4,7,95,56,52,78,50,65,32,0,0
100981,1,0,1,2,6,50,66,38,50,0,0,0
100982,10,4,6,24,15,56,65,45,53,44,0,0
100985,8,2,6,5,10,76,53,45,36,46,0,0
101053,17,7,10,45,48,60,64,48,56,49,0,0
101054,12,6,6,21,27,61,61,52,58,37,0,0
101093,6,1,5,13,25,56,63,47,40,47,0,0
101116,1,0,1,0,2,67,64,40,75,44,0,0
101117,1,0,1,0,0,63,41,28,33,0,0,0
101125,5,2,3,14,18,56,65,51,59,46,0,0
101131,1,0,1,8,6,56,86,39,71,20,0,0
101132,15,7,8,22,78,57,67,44,52,42,0,0
101133,1,0,1,4,2,65,71,38,66,50,0,0
101138,1,0,1,0,1,61,42,37,16,33,0,0
101139,4,0,4,1,3,70,41,31,32,50,0,0
101144,4,0,4,2,22,55,58,29,42,26,0,0
101156,3,1,2,4,8,53,67,55,46,35,0,0
101157,3,1,2,1,13,62,56,42,50,34,0,0
101159,9,0,9,12,30,60,53,44,49,29,0,0
101160,5,3,2,5,28,48,71,47,62,40,0,0
101161,2,1,1,0,1,83,50,59,63,50,0,0
101246,4,1,3,1,15,80,48,31,52,50,0,0
101308,10,5,5,12,16,64,60,51,48,47,0,0
101311,3,0,3,4,9,58,53,32,60,42,0,0
101327,7,2,5,17,30,56,62,42,47,53,0,0
101342,11,4,7,38,61,62,65,40,55,50,0,0
101410,1,0,1,1,1,60,53,46,71,50,0,0
101412,1,0,1,2,5,49,81,39,25,50,0,0
101416,4,0,4,1,21,57,40,23,29,9,0,0
101418,5,1,4,6,15,59,61,40,55,57,0,0
101431,6,0,6,7,15,54,60,38,45,43,0,0
101433,15,8,7,22,30,54,63,47,53,41,0,0
101445,1,0,1,0,1,66,48,60,37,42,0,0
101447,1,0,1,1,5,68,48,33,44,0,0,0
101539,2,0,2,3,4,60,47,31,33,50,0,0
101548,5,2,3,13,12,54,65,43,51,44,0,0
101549,1,0,1,3,7,48,74,36,75,0,0,0
101562,3,1,2,3,11,50,55,49,53,35,0,0
101568,1,0,1,1,10,44,73,24,33,75,0,0
101572,2,0,2,6,1,57,71,36,33,18,0,0
101573,6,3,3,16,24,59,68,48,59,34,0,0
101581,1,0,1,0,5,53,65,42,70,0,0,0
101582,1,0,1,1,7,51,52,29,50,0,0,0
101668,17,10,7,40,60,60,65,47,55,41,0,0
101713,7,3,4,10,44,58,66,39,54,39,0,0
101730,1,0,1,0,2,66,34,30,14,0,0,0
101737,8,3,5,26,30,58,65,48,51,36,0,0
101854,1,0,1,0,3,50,46,40,50,0,0,0
101862,1,0,1,0,2,70,48,30,50,0,0,0
101866,7,2,5,7,29,60,56,37,53,31,0,0
101978,8,5,3,10,33,54,62,43,56,50,0,0
101979,3,1,2,2,13,50,60,50,44,30,0,0
101981,9,4,5,24,35,57,70,45,50,35,0,0
101992,1,0,1,0,4,63,55,44,54,37,0,0
102001,1,0,1,0,2,64,48,35,16,14,0,0
102002,6,1,5,27,26,50,63,45,51,38,0,0
102031,2,1,1,1,14,57,57,41,68,66,0,0
102033,1,0,1,3,1,63,63,48,62,100,0,0
102111,3,0,3,1,9,59,47,35,39,0,0,0
102142,3,1,2,6,10,56,60,45,61,47,0,0
102182,1,0,1,1,2,68,60,62,50,0,0,0
102187,11,6,5,21,18,62,66,53,66,53,0,0
102190,1,0,1,0,6,48,18,29,14,0,0,0
102192,3,0,3,2,12,67,50,32,34,24,0,0
102193,9,2,7,28,37,46,70,45,46,35,0,0
102196,29,15,14,160,76,65,70,50,62,41,0,0
102198,1,0,1,0,6,63,48,33,50,0,0,0
102313,2,0,2,4,10,61,58,41,63,33,0,0
102314,2,1,1,0,9,78,59,29,47,40,0,0
102316,4,1,3,9,12,63,61,45,45,39,0,0
102319,1,0,1,6,1,67,62,47,57,25,0,0
102333,7,1,6,3,19,62,54,43,39,36,0,0
102357,6,2,4,3,11,70,58,52,51,50,0,0
102429,1,0,1,3,0,55,79,40,60,25,0,0
102445,5,2,3,3,12,63,62,45,54,23,0,0
102449,4,1,3,4,19,60,52,39,34,15,0,0
102451,10,6,4,37,29,56,64,49,54,55,0,0
102453,1,0,1,7,4,47,55,30,53,50,0,0
102455,2,0,2,0,3,58,48,37,50,20,0,0
102460,1,0,1,0,1,73,48,66,33,50,0,0
102461,2,0,2,3,17,53,59,30,41,41,0,0
102464,6,0,6,1,16,57,52,39,38,31,0,0
102475,13,5,8,5,29,70,57,45,50,45,0,0
102476,7,2,5,8,19,60,60,46,55,42,0,0
102480,3,0,3,8,5,57,61,41,50,37,0,0
102487,2,0,2,1,3,61,45,40,23,33,0,0
102571,10,4,6,10,40,69,58,42,59,56,0,0
102631,5,0,5,16,19,67,55,40,54,37,0,0
102634,7,1,6,12,27,60,61,35,32,51,0,0
102636,2,0,2,0,9,54,42,48,50,25,0,0
102639,1,0,1,0,2,75,48,9,37,0,0,0
102640,24,10,14,25,162,58,64,40,54,44,0,0
102644,6,1,5,5,22,57,53,38,35,50,0,0
102649,11,3,8,11,50,60,57,40,51,43,0,0
102650,10,3,7,28,38,60,66,44,58,51,0,0
102659,1,0,1,1,5,33,22,5,25,0,0,0
102660,1,0,1,1,3,57,56,31,37,20,0,0
102670,12,6,6,60,24,63,72,49,63,33,0,0
102797,14,5,9,15,39,64,57,42,52,46,0,0
102798,2,1,1,6,9,46,65,50,61,53,0,0
102806,1,0,1,0,3,65,63,39,70,0,0,0
102808,6,2,4,6,12,63,62,47,41,46,0,0
102809,13,6,7,12,23,58,59,50,56,41,0,0
102811,5,3,2,7,25,65,59,42,48,47,0,0
102812,14,6,8,30,41,62,68,46,43,50,0,0
102813,4,0,4,2,15,57,64,40,40,25,0,0
102815,1,0,1,0,3,73,53,20,37,14,0,0
102818,7,0,7,8,32,57,51,32,46,18,0,0
102820,2,0,2,5,14,44,60,38,52,16,0,0
102821,12,4,8,57,15,70,66,46,56,43,0,0
102831,1,0,1,0,7,54,61,18,58,100,0,0
102839,6,0,6,12,28,55,60,36,43,25,0,0
102840,3,2,1,11,19,63,70,40,66,47,0,0
102841,19,9,10,18,65,60,56,46,40,43,0,0
102919,1,0,1,0,1,49,64,38,20,0,0,0
103004,1,0,1,0,1,84,46,10,45,100,0,0
103054,1,0,1,2,4,50,79,33,66,0,0,0
103055,6,1,5,30,19,55,60,48,49,58,0,0
103056,1,0,1,1,2,67,51,43,42,0,0,0
103057,2,1,1,4,8,56,71,48,66,100,0,0
103058,2,0,2,0,12,56,41,31,47,25,0,0
103059,14,5,9,58,49,54,67,49,50,43,0,0
103061,1,0,1,0,2,74,60,50,0,100,0,0
103073,1,0,1,0,3,76,42,16,33,100,0,0
103077,5,2,3,4,20,66,60,40,39,47,0,0
103080,2,0,2,0,9,45,35,31,42,10,0,0
103084,3,0,3,4,10,66,56,43,55,33,0,0
103096,1,0,1,0,2,58,50,41,40,100,0,0
103097,7,2,5,13,28,53,63,38,43,54,0,0
103099,3,0,3,1,6,60,59,37,45,20,0,0
103100,6,2,4,2,12,73,48,36,49,38,0,0
103108,20,8,12,9,59,69,60,44,52,46,0,0
103109,5,1,4,0,8,62,57,45,63,39,0,0
103111,3,1,2,1,9,75,59,48,66,36,0,0
103116,1,0,1,1,7,47,46,38,60,100,0,0
103120,2,0,2,1,7,68,51,33,16,11,0,0
103122,2,0,2,0,4,63,46,40,28,20,0,0
103123,1,0,1,0,5,53,35,26,16,0,0,0
103150,1,0,1,1,1,59,50,41,54,33,0,0
103151,1,0,1,0,2,59,42,27,33,33,0,0
103157,20,6,14,28,60,65,60,42,60,38,0,0
103159,8,3,5,20,17,67,66,45,55,33,0,0
103193,5,2,3,9,17,43,70,43,48,42,0,0
103326,1,0,1,2,1,69,63,31,40,50,0,0
103327,35,13,22,82,113,57,61,48,51,37,0,0
103328,2,0,2,12,9,50,71,30,42,20,0,0
103329,2,0,2,0,1,67,47,51,50,20,0,0
103331,5,1,4,5,16,68,64,40,55,42,0,0
103333,3,1,2,5,9,69,67,31,47,53,0,0
103337,4,2,2,6,9,54,68,47,42,50,0,0
103340,13,4,9,6,38,68,59,45,56,42,0,0
103341,1,0,1,0,11,46,52,18,50,0,0,0
103346,2,0,2,7,19,57,60,30,16,66,0,0
103347,5,1,4,2,37,60,55,35,41,44,0,0
103349,10,3,7,50,18,62,69,47,55,38,0,0
103351,1,0,1,5,2,53,62,52,25,18,0,0
103360,7,1,6,4,19,56,55,41,38,37,0,0
103361,2,0,2,0,8,73,54,41,57,66,0,0
103362,1,0,1,1,5,51,50,28,37,0,0,0
103366,1,0,1,1,4,52,58,46,57,0,0,0
103415,2,0,2,3,1,67,54,53,52,15,0,0
103498,2,1,1,2,4,56,61,48,66,58,0,0
103562,8,2,6,4,22,59,54,41,53,39,0,0
103564,2,1,1,2,14,50,75,37,53,31,0,0
103570,1,0,1,2,3,51,63,42,40,0,0,0
103571,1,0,1,0,4,62,62,40,0,0,0,0
103574,9,4,5,18,34,49,66,45,56,44,0,0
103575,22,8,14,25,50,59,58,47,47,52,0,0
103576,1,0,1,0,1,58,33,23,28,0,0,0
103578,1,0,1,1,2,52,45,27,0,0,0,0
103580,16,6,10,44,56,62,63,46,51,52,0,0
103581,1,0,1,0,0,56,33,14,14,66,0,0
103591,3,1,2,11,31,58,68,33,57,39,0,0
103593,2,1,1,4,5,57,74,57,40,42,0,0
103594,4,0,4,10,11,56,59,44,46,41,0,0
103596,15,4,11,8,44,62,55,41,42,43,0,0
103602,7,3,4,6,10,67,57,50,48,47,0,0
103603,1,0,1,1,1,84,46,27,36,50,0,0
103604,1,0,1,1,3,68,61,40,76,25,0,0
103605,9,3,6,36,43,58,61,46,50,40,0,0
103606,9,4,5,11,6,67,66,47,56,47,0,0
103608,9,4,5,15,42,57,63,43,62,47,0,0
103609,1,0,1,0,0,54,42,50,50,16,0,0
103611,1,0,1,4,4,51,70,29,28,40,0,0
103684,23,7,16,52,100,63,65,39,52,36,0,0
103799,16,7,9,38,44,58,67,52,59,39,0,0
103800,6,1,5,9,22,56,60,41,43,32,0,0
103801,34,18,16,34,87,67,61,47,50,47,0,0
103803,14,8,6,14,28,67,63,47,50,45,0,0
103804,3,1,2,2,14,58,55,38,56,57,0,0
103806,1,0,1,3,4,69,60,33,60,50,0,0
103808,1,0,1,0,1,75,20,25,14,50,0,0
103811,11,4,7,19,22,65,56,40,51,61,0,0
103813,9,4,5,11,17,68,59,45,49,46,0,0
103814,5,4,1,2,9,67,60,43,56,33,0,0
103818,21,10,11,74,45,60,67,47,52,37,0,0
103820,1,0,1,1,9,47,31,23,22,100,0,0
103821,1,0,1,3,2,69,53,35,55,0,0,0
103822,13,5,8,43,26,63,62,46,56,40,0,0
103823,7,2,5,10,34,54,62,44,56,34,0,0
103824,1,0,1,0,7,65,61,38,66,0,0,0
103826,1,0,1,1,4,65,48,23,50,33,0,0
103830,8,2,6,18,25,65,57,45,60,41,0,0
103858,3,1,2,2,9,61,49,40,44,36,0,0
103874,5,0,5,8,16,58,57,36,47,36,0,0
103906,11,4,7,25,54,60,67,45,57,40,0,0
103928,23,6,17,73,69,63,63,45,56,33,0,0
103947,11,5,6,39,24,59,66,47,46,37,0,0
104060,1,0,1,0,3,46,38,28,16,0,0,0
104074,1,0,1,1,1,55,69,50,57,33,0,0
104075,8,2,6,6,21,54,58,37,47,60,0,0
104091,4,1,3,5,17,51,60,43,40,43,0,0
104092,10,3,7,14,38,60,59,37,51,44,0,0
104096,21,5,16,67,52,57,59,42,40,42,0,0
104099,1,0,1,0,3,76,40,27,33,50,0,0
104103,1,0,1,0,2,54,60,39,50,0,0,0
104107,5,2,3,16,24,57,63,48,51,28,0,0
104108,2,0,2,0,10,52,56,43,57,40,0,0
104217,7,0,7,11,42,56,55,34,49,55,0,0
104218,9,2,7,34,19,58,67,46,59,37,0,0
104219,1,0,1,0,1,75,38,50,16,0,0,0
104223,4,0,4,5,8,64,43,37,45,57,0,0
104262,1,0,1,8,2,60,66,34,50,20,0,0
104264,3,0,3,3,4,62,51,41,33,100,0,0
104266,1,0,1,1,6,58,75,26,42,16,0,0
104322,3,2,1,5,9,67,61,45,50,57,0,0
104425,2,0,2,2,8,50,60,46,46,75,0,0
104440,4,0,4,6,29,43,59,26,36,100,0,0
104441,2,1,1,1,4,64,47,42,26,33,0,0
104443,1,0,1,0,1,71,46,62,42,14,0,0
104444,8,1,7,9,47,60,56,38,38,43,0,0
104461,1,0,1,3,4,62,57,17,50,0,0,0
104612,11,4,7,9,29,62,56,49,54,48,0,0
104619,6,1,5,2,9,72,52,38,38,48,0,0
104623,2,0,2,3,2,82,48,40,54,45,0,0
104626,1,0,1,1,4,57,65,51,25,40,0,0
104629,3,1,2,6,27,54,61,40,58,39,0,0
104631,8,2,6,12,19,62,62,49,49,24,0,0
104632,1,0,1,0,6,47,45,44,33,25,0,0
104634,8,2,6,19,37,55,67,43,60,31,0,0
104636,1,0,1,2,3,61,69,47,50,40,0,0
104655,5,0,5,2,19,62,50,37,45,30,0,0
104665,35,17,18,132,117,64,68,45,49,42,0,0
104666,19,6,13,39,81,60,63,41,57,42,0,0
104674,5,3,2,9,7,65,64,54,48,45,0,0
104675,6,3,3,6,19,69,62,47,50,57,0,0
104824,1,0,1,0,8,53,63,34,60,0,0,0
104837,2,0,2,0,10,57,56,21,37,0,0,0
104838,2,0,2,0,13,58,64,54,66,25,0,0
104846,12,4,8,35,54,59,62,41,54,40,0,0
104856,14,9,5,82,34,60,68,49,60,38,0,0
104857,7,3,4,52,39,53,70,50,57,32,0,0
104991,5,1,4,19,11,63,64,50,48,50,0,0
105022,1,0,1,2,4,73,46,26,25,100,0,0
105024,4,1,3,1,19,56,56,51,60,45,0,0
105025,18,5,13,16,41,65,55,46,53,33,0,0
105026,7,2,5,2,20,62,55,40,44,37,0,0
105029,8,1,7,5,35,53,53,42,41,34,0,0
105032,4,0,4,3,15,66,55,38,51,45,0,0
105035,16,7,9,91,49,54,68,44,60,42,0,0
105128,2,0,2,4,10,50,64,49,68,50,0,0
105129,3,0,3,0,10,72,51,30,39,36,0,0
105160,5,3,2,3,17,62,54,48,62,45,0,0
105161,5,1,4,3,23,59,44,40,47,71,0,0
105172,3,0,3,3,10,61,52,40,60,42,0,0
105175,4,1,3,2,9,62,69,48,22,75,0,0
105176,1,0,1,0,5,58,50,43,28,50,0,0
105177,2,0,2,3,9,56,56,32,10,100,0,0
105178,1,0,1,0,4,62,48,25,33,33,0,0
105197,4,2,2,4,5,67,61,38,50,50,0,0
105210,5,4,1,12,11,71,76,46,71,37,0,0
105230,15,6,9,29,56,60,57,45,53,56,0,0
105266,21,11,10,54,65,57,65,48,54,44,0,0
105282,1,0,1,0,5,50,28,36,22,21,0,0
105309,3,1,2,2,5,73,52,39,54,48,0,0
105324,3,1,2,1,14,54,53,43,34,40,0,0
105356,1,0,1,2,3,56,41,37,53,25,0,0
105358,3,0,3,5,10,61,49,45,39,22,0,0
105359,8,2,6,11,37,67,62,47,60,48,0,0
105363,1,0,1,0,2,41,57,44,42,100,0,0
105379,8,2,6,6,20,65,53,48,57,40,0,0
105390,1,0,1,1,2,50,53,45,61,50,0,0
105441,2,1,1,7,9,54,73,33,50,33,0,0
105442,10,3,7,13,29,54,62,45,56,51,0,0
105480,22,10,12,21,62,65,58,46,51,39,0,0
105481,4,0,4,7,9,61,50,36,40,30,0,0
105513,1,0,1,1,6,51,47,22,44,0,0,0
105517,4,1,3,10,14,59,62,40,43,44,0,0
105519,3,1,2,3,7,63,54,48,54,31,0,0
105521,2,0,2,3,2,63,50,37,30,100,0,0
105537,1,0,1,2,4,45,58,27,45,100,0,0
105541,3,0,3,3,11,63,63,48,50,35,0,0
105543,10,3,7,25,31,58,61,45,51,43,0,0
105551,1,0,1,0,2,57,33,29,20,60,0,0
105556,1,0,1,0,7,48,41,16,25,0,0,0
105620,2,0,2,3,15,49,63,37,63,0,0,0
105682,9,3,6,7,20,58,57,50,32,34,0,0
105787,4,1,3,1,9,69,54,46,50,33,0,0
105789,1,0,1,2,4,72,56,26,28,23,0,0
105791,1,0,1,0,5,53,58,35,53,50,0,0
105792,4,1,3,10,9,55,62,43,33,42,0,0
105793,6,1,5,13,24,61,59,45,57,33,207,173
105799,1,0,1,3,1,50,75,64,50,33,0,0
105800,24,12,12,111,77,58,69,45,60,40,0,0
105801,23,11,12,58,88,59,67,46,58,40,0,0
105811,4,0,4,1,22,50,42,26,27,26,0,0
105816,5,0,5,2,20,68,43,32,50,25,0,0
105817,1,0,1,0,1,60,50,43,42,0,0,0
105818,3,0,3,2,10,49,49,47,55,50,0,0
105819,5,0,5,2,15,70,47,22,50,28,0,0
105820,1,0,1,0,5,52,64,32,33,0,0,0
105911,2,0,2,3,7,52,45,28,45,0,0,0
105912,2,0,2,2,9,57,56,35,60,22,0,0
105913,1,0,1,1,0,59,44,40,16,12,0,0
106051,15,5,10,25,36,59,63,43,56,38,0,0
106054,3,0,3,7,24,62,66,34,47,42,0,0
106055,9,4,5,19,33,55,67,51,57,42,0,0
106057,4,1,3,13,16,50,67,44,53,33,0,0
106058,1,0,1,2,4,62,74,47,66,0,0,0
106061,1,0,1,0,2,61,40,41,61,50,0,0
106064,6,0,6,12,21,54,60,40,48,36,0,0
106066,3,1,2,2,7,54,59,38,25,33,0,0
106067,5,0,5,1,19,48,32,18,32,0,0,0
106069,1,0,1,0,1,80,46,30,66,21,0,0
106075,1,0,1,0,0,75,54,62,70,0,0,0
106079,5,0,5,8,17,61,63,37,25,23,0,0
106080,1,0,1,2,3,62,58,57,72,100,0,0
106082,8,3,5,24,18,64,68,49,50,29,0,0
106084,1,0,1,0,3,66,30,53,53,16,0,0
106088,35,17,18,74,126,61,61,48,53,43,0,0
106091,5,1,4,11,3,74,62,46,54,25,0,0
106093,1,0,1,0,5,61,43,26,40,66,0,0
106204,1,0,1,3,0,51,29,18,14,0,0,0
106244,1,0,1,0,2,68,55,31,37,100,0,0
106245,2,1,1,7,9,45,73,52,55,71,0,0
106247,1,0,1,0,5,44,50,10,25,0,0,0
106249,1,0,1,3,10,54,55,38,45,42,0,0
106251,5,1,4,10,25,62,62,47,65,27,0,0
106254,2,0,2,1,12,58,53,25,42,100,0,0
106255,1,0,1,0,6,47,52,24,45,33,0,0
106290,1,0,1,1,4,57,48,46,50,40,0,0
106292,2,0,2,1,12,68,56,35,60,33,0,0
106293,2,0,2,1,8,58,58,30,44,60,0,0
106295,3,1,2,2,7,61,57,41,59,43,0,0
106297,5,1,4,5,32,54,56,29,56,33,0,0
106301,5,0,5,8,21,57,57,43,56,21,0,0
106449,3,1,2,8,6,65,55,46,67,30,0,0
106450,1,0,1,0,3,67,37,21,40,0,0,0
106451,2,1,1,4,3,59,55,57,22,85,0,0
106452,10,4,6,47,21,60,65,43,51,40,0,0
106456,2,0,2,0,9,58,63,34,30,50,0,0
106457,2,1,1,2,7,62,53,36,55,40,0,0
106461,12,6,6,25,35,63,64,38,49,42,0,0
106463,4,2,2,12,7,66,64,52,68,33,0,0
106464,1,0,1,1,4,65,62,33,33,14,0,0
106467,4,1,3,12,23,45,71,37,60,35,0,0
106471,6,3,3,19,27,58,63,42,55,50,0,0
106577,2,0,2,1,9,50,58,29,37,60,0,0
106583,1,0,1,0,1,71,35,52,45,66,0,0
106588,1,0,1,3,7,49,51,53,42,100,0,0
106612,4,1,3,7,6,65,60,38,42,64,0,0
106685,6,1,5,6,14,64,60,45,53,26,0,0
106740,8,2,6,14,13,57,58,44,47,43,0,0
106749,3,0,3,11,13,63,57,45,50,66,0,0
106758,1,0,1,1,2,65,50,38,44,25,0,0
106759,1,0,1,0,5,58,27,15,0,0,0,0
106760,2,1,1,6,9,57,78,53,55,30,0,0
106761,2,0,2,6,11,55,69,45,62,44,0,0
106901,13,8,5,17,23,60,69,54,64,43,0,0
106905,6,2,4,19,21,66,63,45,59,37,0,0
106907,4,1,3,9,11,53,58,45,44,50,0,0
106911,2,0,2,1,6,70,45,32,21,55,0,0
106915,4,1,3,1,15,61,59,41,27,48,0,0
106954,6,1,5,2,17,59,55,37,55,25,0,0
106965,3,0,3,7,11,70,57,55,69,60,0,0
106995,2,0,2,6,11,55,64,33,33,0,0,0
106998,1,0,1,0,2,50,48,40,53,28,0,0
107009,1,0,1,1,12,46,60,39,50,0,0,0
107057,1,0,1,1,5,48,57,36,33,0,0,0
107061,4,0,4,12,21,48,67,48,51,50,0,0
107067,2,1,1,7,4,56,68,39,50,53,0,0
107071,1,0,1,0,2,64,57,11,28,40,0,0
107077,5,2,3,13,11,61,62,52,60,41,0,0
107233,3,0,3,12,9,50,63,45,61,60,0,0
107234,1,0,1,1,7,49,61,43,55,0,0,0
107238,1,0,1,0,2,62,47,63,55,0,0,0
107240,12,6,6,4,29,66,61,40,48,46,0,0
107242,1,0,1,0,3,54,67,46,50,25,0,0
107247,1,0,1,4,3,62,65,41,66,100,0,0
107263,2,0,2,5,10,52,68,27,63,0,0,0
107302,1,0,1,1,3,59,61,33,50,0,0,0
107303,1,0,1,0,4,65,48,18,0,66,0,0
107337,4,2,2,4,15,62,64,44,64,41,0,0
107352,1,0,1,1,6,55,61,32,54,20,0,0
107371,4,2,2,9,16,61,68,53,66,46,0,0
107380,2,0,2,1,5,56,48,41,41,38,0,0
107383,1,0,1,0,3,67,61,34,33,66,0,0
107384,2,1,1,1,3,63,51,48,57,50,0,0
107385,1,0,1,2,7,45,54,40,50,30,0,0
107387,2,0,2,3,8,56,47,29,33,0,0,0
107388,1,0,1,0,4,48,26,12,33,0,0,0
107509,2,0,2,1,13,44,46,24,36,100,0,0
107511,1,0,1,0,1,57,48,55,25,50,0,0
107527,5,2,3,4,7,59,54,45,47,44,0,0
107532,6,1,5,17,17,57,68,42,57,27,0,0
107533,1,0,1,0,3,61,53,15,25,100,0,0
107538,11,8,3,20,15,55,69,56,63,41,0,0
107543,1,0,1,7,2,61,68,50,40,20,0,0
107613,1,0,1,0,6,65,28,30,25,0,0,0
107695,1,0,1,0,1,56,44,42,28,0,0,0
107702,6,2,4,6,45,57,67,44,60,47,0,0
107707,4,2,2,0,8,66,62,51,66,42,0,0
107708,8,3,5,4,19,60,58,37,48,50,0,0
107720,7,2,5,12,27,55,62,40,48,36,0,0
107721,1,0,1,0,3,65,50,30,62,50,0,0
107722,1,0,1,1,3,55,45,10,12,100,0,0
107741,2,0,2,0,8,58,55,28,59,21,0,0
107748,1,0,1,1,2,43,64,37,28,75,0,0
107849,3,0,3,12,6,63,65,46,68,28,0,0
107864,1,0,1,0,2,52,42,17,0,0,0,0
107882,2,0,2,5,6,56,54,48,53,0,0,0
107888,1,0,1,0,1,64,38,29,40,16,0,0
107889,1,0,1,1,5,63,37,35,40,100,0,0
107894,1,0,1,0,0,66,26,15,30,100,0,0
107899,2,0,2,1,16,55,61,34,35,23,0,0
107901,2,0,2,2,11,62,51,31,36,71,0,0
107912,4,1,3,15,6,64,59,43,53,52,0,0
108024,2,1,1,0,2,65,63,50,33,38,0,0
108027,4,0,4,0,12,60,47,37,41,50,0,0
108029,1,0,1,2,6,46,54,32,44,0,0,0
108089,3,1,2,1,13,65,54,47,50,41,0,0
108091,3,1,2,5,17,69,58,33,36,40,0,0
108093,26,10,16,138,147,56,68,44,55,41,0,0
108095,1,0,1,0,6,56,58,33,44,25,0,0
108097,12,3,9,23,33,66,62,45,44,37,0,0
108098,1,0,1,1,8,55,60,28,54,20,0,0
108099,6,3,3,17,21,69,66,43,55,31,0,0
108101,4,2,2,5,7,58,60,51,53,48,0,0
108127,3,1,2,0,14,73,55,25,58,23,0,0
108173,4,3,1,3,15,60,64,52,41,60,0,0
108174,3,2,1,7,25,57,69,45,56,37,0,0
108182,5,1,4,1,13,71,50,40,34,33,0,0
108186,2,1,1,2,3,61,66,45,56,50,0,0
108208,8,1,7,0,27,61,50,37,48,46,0,0
108234,1,0,1,2,7,55,70,52,80,0,0,0
108237,1,0,1,0,9,54,50,30,54,0,0,0
108311,6,0,6,9,36,60,56,41,58,33,0,0
108322,1,0,1,0,1,61,55,47,55,14,0,0
108323,3,2,1,0,11,70,59,49,50,50,0,0
108324,19,10,9,43,67,62,63,45,50,47,0,0
108325,1,0,1,0,2,78,53,18,33,0,0,0
108326,2,1,1,0,13,56,63,49,36,43,0,0
108327,1,0,1,0,11,41,50,20,41,50,0,0
108328,1,0,1,1,17,47,51,36,46,60,0,0
108330,1,0,1,0,18,40,37,25,43,55,0,0
108336,2,0,2,5,15,60,59,37,70,45,0,0
108337,2,0,2,5,12,47,63,35,62,60,0,0
108379,1,0,1,2,2,46,44,9,22,100,0,0
108380,4,1,3,7,21,61,58,42,55,50,0,0
108381,2,0,2,3,10,49,46,30,31,66,0,0
108388,2,1,1,0,8,77,67,30,66,50,0,0
108391,1,0,1,0,2,59,55,52,60,0,0,0
108393,8,2,6,13,17,65,59,41,50,35,0,0
108496,5,1,4,20,11,60,62,42,55,14,0,0
108497,2,1,1,5,1,64,64,46,50,60,0,0
108499,4,1,3,6,12,60,63,37,65,31,0,0
108500,5,1,4,9,12,55,56,39,46,62,0,0
108501,5,1,4,12,8,61,59,45,62,50,0,0
108502,6,1,5,37,10,64,65,44,56,57,0,0
108503,1,0,1,5,3,59,61,40,72,13,0,0
108504,6,3,3,7,23,53,60,43,62,44,0,0
108508,3,1,2,1,5,71,60,53,57,35,0,0
108518,2,0,2,2,4,49,48,42,50,50,0,0
108591,9,4,5,32,29,56,69,42,58,41,0,0
108592,1,0,1,1,2,66,52,27,50,40,0,0
108594,3,1,2,16,12,54,69,44,75,56,0,0
108595,8,3,5,29,17,67,63,50,59,42,0,0
108597,7,2,5,17,19,59,62,42,48,37,0,0
108604,1,0,1,0,5,69,60,25,63,33,0,0
108605,1,0,1,1,5,58,68,42,62,0,0,0
108608,1,0,1,0,5,47,56,20,33,100,0,0
108622,3,1,2,10,18,62,61,40,58,40,0,0
108711,1,0,1,3,3,60,51,53,50,33,0,0
108728,1,0,1,3,11,56,63,21,37,20,0,0
108729,1,0,1,0,1,55,55,35,50,33,0,0
108730,2,1,1,1,3,70,64,51,66,41,0,0
108802,2,0,2,2,8,52,60,43,57,80,0,0
108803,1,0,1,0,4,42,43,22,14,0,0,0
108804,4,2,2,9,26,56,67,41,36,32,0,0
108815,3,0,3,2,7,44,64,33,44,66,0,0
108816,2,1,1,0,6,66,60,48,62,38,0,0
108817,2,1,1,0,18,55,64,40,37,46,0,0
108925,1,0,1,8,9,45,81,41,70,66,0,0
108926,2,0,2,0,3,57,22,25,20,0,0,0
108927,9,2,7,28,37,63,60,41,36,36,0,0
108932,2,0,2,1,1,58,60,36,27,100,0,0
108933,1,0,1,0,6,44,41,9,22,33,0,0
108973,1,0,1,0,7,55,40,12,33,0,0,0
109040,1,0,1,1,0,71,62,62,60,0,0,0
109042,1,0,1,0,4,60,34,29,33,0,0,0
109051,6,3,3,9,29,57,59,43,56,64,0,0
109054,1,0,1,3,3,54,60,51,66,50,0,0
109164,2,1,1,2,8,43,59,44,44,42,0,0
109170,1,0,1,2,3,57,64,51,66,16,0,0
109173,6,3,3,12,13,70,64,50,60,42,0,0
109174,2,1,1,0,3,71,50,48,53,40,0,0
109175,2,0,2,1,6,71,55,39,55,16,0,0
109185,1,0,1,0,5,53,45,33,57,0,0,0
109186,2,0,2,4,13,65,64,31,42,18,0,0
109187,2,0,2,1,2,50,61,44,57,33,0,0
109188,1,0,1,2,3,56,70,41,66,100,0,0
109189,1,0,1,0,2,59,66,48,70,0,0,0
109204,7,2,5,11,21,55,61,45,50,39,0,0
109276,1,0,1,3,4,60,65,25,45,15,0,0
109280,4,2,2,13,19,62,73,49,66,53,0,0
109282,2,0,2,0,6,52,41,27,21,20,0,0
109283,2,0,2,4,6,64,57,40,52,37,0,0
109284,2,0,2,1,10,62,49,35,35,25,0,0
109287,2,0,2,2,9,64,45,32,23,0,0,0
109289,1,0,1,4,2,64,54,15,54,50,0,0
109290,18,8,10,32,35,64,59,48,50,53,0,0
109301,17,8,9,20,66,60,60,43,51,44,0,0
109305,5,1,4,2,11,64,57,37,40,44,0,0
109308,4,1,3,0,16,50,63,39,44,42,0,0
109311,3,0,3,1,4,59,50,36,48,47,0,0
109314,4,2,2,1,7,67,56,52,36,36,0,0
109320,1,0,1,0,6,39,18,11,33,0,0,0
109335,7,2,5,23,20,57,66,48,45,36,0,0
109336,1,0,1,0,6,38,35,40,25,0,0,0
109337,1,0,1,0,2,55,0,0,0,0,0,0
109338,1,0,1,1,2,55,40,33,16,0,0,0
109339,2,0,2,6,6,59,62,33,52,57,0,0
109437,1,0,1,1,5,47,36,23,45,0,0,0
109467,4,1,3,9,27,54,72,45,56,42,0,0
109474,4,1,3,4,8,58,64,41,65,50,0,0
109486,1,0,1,1,6,54,44,28,33,20,0,0
109487,1,0,1,5,4,71,65,45,66,33,0,0
109495,2,0,2,1,9,55,55,44,61,35,0,0
109499,1,0,1,2,6,56,60,34,42,0,0,0
109509,4,0,4,10,13,54,65,39,53,30,0,0
109518,1,0,1,0,2,64,40,40,28,0,0,0
109543,1,0,1,0,3,56,38,37,37,0,0,0
109544,2,0,2,3,8,64,60,42,69,20,0,0
109545,1,0,1,1,2,54,50,36,37,100,0,0
109546,1,0,1,0,3,65,34,33,14,0,0,0
109547,2,0,2,4,7,64,66,47,54,20,0,0
109562,1,0,1,0,2,66,46,33,28,0,0,0
109567,1,0,1,0,5,61,52,33,58,37,0,0
109571,1,0,1,0,2,75,39,11,50,0,0,0
109713,7,4,3,17,34,61,61,47,58,69,0,0
109715,1,0,1,0,4,71,35,9,0,25,0,0
109721,8,3,5,11,32,62,57,39,53,59,0,0
109729,1,0,1,4,6,60,74,21,55,33,0,0
109732,1,0,1,2,2,67,30,27,40,0,0,0
109734,5,2,3,5,15,66,57,44,59,46,0,0
109738,2,0,2,1,5,49,48,33,33,0,0,0
109740,4,0,4,9,10,48,59,47,42,30,0,0
109741,1,0,1,0,8,36,53,34,16,25,0,0
109742,1,0,1,0,5,58,60,28,58,100,0,0
109743,1,0,1,1,4,69,59,31,50,25,0,0
109777,1,0,1,7,2,62,58,50,0,66,0,0
109778,1,0,1,1,4,60,59,35,50,50,0,0
109787,1,0,1,0,3,53,50,54,33,40,0,0
109911,1,0,1,6,3,45,73,39,54,33,0,0
109913,1,0,1,0,5,60,50,40,42,0,0,0
109914,1,0,1,1,1,62,58,45,50,0,0,0
109920,9,0,9,12,41,58,57,42,40,58,0,0
109926,1,0,1,0,6,54,51,41,60,0,0,0
109929,1,0,1,1,2,67,66,36,75,0,0,0
109930,1,0,1,0,6,38,43,30,54,0,0,0
109931,1,0,1,0,6,43,56,23,16,0,0,0
109942,1,0,1,1,4,56,70,23,28,11,0,0
109964,1,0,1,0,7,63,62,30,55,0,0,0
110053,1,0,1,1,4,55,44,30,14,50,0,0
110068,1,0,1,4,0,56,65,48,50,10,0,0
110074,2,0,2,0,9,50,48,23,35,16,0,0
110075,1,0,1,1,8,35,66,14,0,0,0,0
110076,1,0,1,2,2,52,47,21,14,50,0,0
110077,1,0,1,0,2,54,44,50,54,42,0,0
110082,8,1,7,6,31,62,53,41,55,39,0,0
110088,3,0,3,2,6,69,54,34,52,31,0,0
110089,1,0,1,3,3,39,50,51,62,0,0,0
110090,1,0,1,3,8,50,70,36,60,33,0,0
110092,2,0,2,6,7,45,43,39,31,42,0,0
110094,1,0,1,0,2,71,57,30,42,0,0,0
110140,3,0,3,2,6,65,42,40,42,33,0,0
110147,2,0,2,0,6,72,51,17,50,42,0,0
110207,1,0,1,2,7,54,69,40,50,28,0,0
110208,11,2,9,19,21,60,60,42,51,40,0,0
110209,1,0,1,0,3,39,35,34,40,50,0,0
110217,1,0,1,0,3,54,31,43,16,0,0,0
110219,1,0,1,0,8,64,33,23,33,0,0,0
110221,2,0,2,1,6,51,66,47,55,36,0,0
110271,5,1,4,10,17,61,56,44,51,32,0,0
110305,1,0,1,0,3,72,48,33,33,42,0,0
110314,1,0,1,0,8,43,65,33,50,25,0,0
110315,3,1,2,2,23,61,67,34,50,41,0,0
110331,14,2,12,14,31,61,54,42,48,40,0,0
110341,5,2,3,8,18,60,64,49,63,42,0,0
110342,2,1,1,2,3,62,64,67,71,23,0,0
110347,2,0,2,0,5,65,45,50,25,40,0,0
110383,1,0,1,1,2,70,47,35,16,0,0,0
110415,8,1,7,16,30,50,66,44,55,51,0,0
110450,2,0,2,0,6,56,48,45,38,44,0,0
110451,1,0,1,0,2,75,60,45,50,20,0,0
110468,1,0,1,1,5,67,64,31,66,25,0,0
110469,5,1,4,18,23,56,63,50,44,12,0,0
110471,1,0,1,1,8,43,47,24,50,25,0,0
110474,1,0,1,1,1,75,58,42,57,25,0,0
110478,18,5,13,13,44,63,54,45,43,51,0,0
110479,1,0,1,0,5,69,39,30,28,0,0,0
110495,1,0,1,1,2,63,48,44,44,0,0,0
110505,1,0,1,3,6,51,53,52,44,20,0,0
110506,5,1,4,9,13,62,61,46,52,28,0,0
110507,3,1,2,2,12,61,64,47,54,27,0,0
110601,4,1,3,5,12,54,63,44,66,27,0,0
110632,5,1,4,3,7,72,52,39,39,52,0,0
110637,1,0,1,0,1,51,42,48,65,62,0,0
110642,1,0,1,0,2,64,45,15,28,0,0,0
110644,1,0,1,0,4,56,67,41,25,0,0,0
110645,3,1,2,13,21,61,70,40,64,31,0,0
110646,18,8,10,69,61,58,67,52,64,37,0,0
110647,9,3,6,37,18,57,66,47,56,32,0,0
110649,7,0,7,4,30,54,54,41,38,35,0,0
110654,2,0,2,3,5,63,54,43,47,30,0,0
110660,1,0,1,1,2,53,52,40,14,50,0,0
110769,5,0,5,7,28,57,52,34,29,29,0,0
110771,1,0,1,3,1,56,57,64,60,0,0,0
110772,2,1,1,0,10,54,68,38,50,35,0,0
110775,1,0,1,0,2,69,39,50,46,25,0,0
110778,2,0,2,6,18,49,71,37,47,30,0,0
110784,1,0,1,0,2,67,47,58,55,0,0,0
110785,1,0,1,0,7,35,57,28,28,0,0,0
110786,1,0,1,1,4,49,50,31,12,33,0,0
110788,1,0,1,0,0,55,50,41,37,50,0,0
110790,1,0,1,0,1,60,29,31,33,0,0,0
110791,1,0,1,1,4,49,31,54,57,16,0,0
110795,3,0,3,3,7,66,57,45,56,42,0,0
110820,2,0,2,3,14,40,40,35,25,20,0,0
110821,1,0,1,0,3,60,50,50,33,0,0,0
110822,9,5,4,7,21,71,59,43,50,45,0,0
110871,2,0,2,0,6,52,35,17,33,0,0,0
110893,4,1,3,4,10,65,57,39,46,40,0,0
110906,3,0,3,0,9,66,50,52,45,34,0,0
110934,9,5,4,13,26,57,62,46,40,41,0,0
110937,4,1,3,7,8,70,63,53,38,34,0,0
110939,2,1,1,5,13,52,70,50,70,57,0,0
110940,3,1,2,19,9,55,66,37,42,36,0,0
110941,1,0,1,0,6,34,50,21,25,0,0,0
110942,1,0,1,4,2,64,48,40,28,100,0,0
110945,5,1,4,8,20,62,57,44,60,26,0,0
110950,2,0,2,8,13,59,59,39,56,38,0,0
110952,1,0,1,0,1,68,23,33,12,40,0,0
110956,1,0,1,0,4,41,33,23,20,0,0,0
110957,1,0,1,1,7,45,55,20,50,0,0,0
110958,3,0,3,8,26,60,63,30,60,35,0,0
110959,8,1,7,2,41,66,55,43,55,41,0,0
110962,4,1,3,4,8,65,61,51,42,42,0,0
110965,2,1,1,0,11,64,50,42,44,47,0,0
110971,2,1,1,5,7,69,60,50,25,45,0,0
110973,8,2,6,8,19,66,59,42,53,55,0,0
110974,2,0,2,0,14,51,34,15,36,0,0,0
110975,1,0,1,0,5,55,38,17,14,0,0,0
110976,1,0,1,0,5,64,54,31,54,50,0,0
110995,2,1,1,0,1,62,46,43,40,80,0,0
111055,1,0,1,0,7,55,66,21,66,0,0,0
111056,2,0,2,0,8,52,38,18,21,0,0,0
111097,3,1,2,1,11,64,55,44,58,50,0,0
111098,1,0,1,0,2,59,59,13,28,0,0,0
111102,1,0,1,0,1,61,28,46,28,0,0,0
111110,4,1,3,9,6,58,62,39,33,25,0,0
111111,11,3,8,19,29,60,53,47,44,45,0,0
111148,1,0,1,1,6,68,46,6,53,100,0,0
111149,1,0,1,1,7,56,52,22,16,0,0,0
111151,1,0,1,3,3,63,73,57,50,0,0,0
111155,1,0,1,0,3,59,40,23,25,33,0,0
111156,1,0,1,0,3,54,26,36,46,25,0,0
111157,1,0,1,1,3,57,45,20,16,0,0,0
111162,2,1,1,2,4,64,58,39,30,55,0,0
111167,2,0,2,6,10,57,69,31,52,50,0,0
111194,1,0,1,0,4,47,58,54,66,100,0,0
111226,4,1,3,2,30,64,60,45,59,45,0,0
111310,5,2,3,7,9,66,58,47,44,33,0,0
111311,1,0,1,0,4,58,27,7,0,0,0,0
111317,1,0,1,1,7,50,66,40,42,28,0,0
111322,1,0,1,1,2,46,62,40,69,50,0,0
111323,1,0,1,1,5,44,54,44,42,0,0,0
111345,1,0,1,0,0,61,38,23,37,0,0,0
111351,2,1,1,2,1,78,57,71,63,63,0,0
111355,4,1,3,7,17,53,60,43,45,37,0,0
111370,10,5,5,48,37,65,72,42,66,43,0,0
111498,3,1,2,10,8,61,58,48,47,35,0,0
111499,3,1,2,8,17,50,68,34,35,62,0,0
111500,3,1,2,2,10,56,64,48,52,31,185,147
111501,2,0,2,0,3,72,50,41,33,30,0,0
111502,1,0,1,0,10,60,52,31,64,50,0,0
111507,2,0,2,0,11,53,52,25,33,20,0,0
111512,3,0,3,0,5,75,50,32,45,33,0,0
111514,1,0,1,0,2,71,45,44,54,33,0,0
111524,1,0,1,4,4,53,60,50,66,20,0,0
111528,5,2,3,7,26,47,60,45,58,50,0,0
111530,1,0,1,0,2,55,56,20,28,33,0,0
111532,1,0,1,1,3,62,43,46,53,57,0,0
111536,3,0,3,3,6,56,49,46,35,10,0,0
111537,3,1,2,12,9,59,62,51,60,58,0,0
111539,1,0,1,3,4,62,66,30,55,14,0,0
111543,20,8,12,94,75,60,70,51,58,36,0,0
111577,2,0,2,3,5,60,58,36,50,45,0,0
111579,10,6,4,19,39,49,73,49,58,59,0,0
111581,7,4,3,21,29,47,67,49,55,47,0,0
111611,3,0,3,0,4,63,56,37,51,35,0,0
111612,1,0,1,1,0,77,61,23,60,100,0,0
111613,2,0,2,4,4,62,52,40,55,25,0,0
111614,4,2,2,5,13,55,61,53,55,56,0,0
111746,1,0,1,1,5,47,48,40,37,25,0,0
111752,5,3,2,12,16,56,67,45,51,45,0,0
111764,3,1,2,0,8,66,50,38,33,34,0,0
111767,2,1,1,2,8,61,55,42,46,27,0,0
111780,1,0,1,0,2,75,46,50,54,42,0,0
111782,1,0,1,2,7,60,76,38,33,0,0,0
111786,7,2,5,18,18,62,65,50,55,33,0,0
111787,2,0,2,0,5,39,46,40,45,20,0,0
111788,1,0,1,0,8,52,51,40,44,28,0,0
111908,1,0,1,0,10,48,52,29,37,50,0,0
111910,1,0,1,0,2,50,41,48,58,100,0,0
111955,1,0,1,0,5,54,60,42,33,0,0,0
111958,1,0,1,0,8,50,53,34,45,28,0,0
111961,1,0,1,0,4,57,40,25,45,0,0,0
111962,1,0,1,0,4,58,60,28,42,0,0,0
111963,2,1,1,6,6,72,59,54,66,85,0,0
111964,1,0,1,0,9,47,50,20,33,0,0,0
111965,4,0,4,4,19,64,59,34,56,31,0,0
111966,1,0,1,1,1,69,56,7,37,0,0,0
111967,1,0,1,1,9,29,60,33,0,0,0,0
111968,2,0,2,6,5,55,61,44,50,25,0,0
111969,2,1,1,1,6,52,54,58,50,30,0,0
111970,2,1,1,1,2,66,53,62,50,54,0,0
111973,25,10,15,45,79,56,64,45,56,42,0,0
111977,3,1,2,6,12,50,67,43,50,30,0,0
111980,2,1,1,0,4,64,56,50,50,54,0,0
111981,1,0,1,0,3,77,46,25,20,0,0,0
111982,7,2,5,2,25,60,56,40,35,62,0,0
111984,12,7,5,15,33,64,61,55,54,45,0,0
111985,1,0,1,0,2,56,52,42,33,60,0,0
111986,5,2,3,2,10,65,58,40,60,41,0,0
112007,1,0,1,0,4,36,35,29,14,0,0,0
112010,1,0,1,0,5,79,46,40,62,57,0,0
112012,1,0,1,0,7,57,57,28,28,50,0,0
112013,1,0,1,1,1,61,54,35,50,100,0,0
112015,3,0,3,2,8,57,57,42,45,18,0,0
112017,4,2,2,12,12,57,74,41,60,37,0,0
112018,4,1,3,7,13,52,67,50,45,29,0,0
112020,1,0,1,1,3,75,25,33,33,0,0,0
112021,1,0,1,0,5,33,46,30,16,0,0,0
112022,2,0,2,5,5,51,57,41,40,33,0,0
112067,1,0,1,0,3,60,44,37,37,0,0,0
112142,3,1,2,14,8,58,63,44,52,33,0,0
112143,5,2,3,7,19,51,66,45,45,46,0,0
112154,2,1,1,4,11,60,75,49,71,40,0,0
112179,4,2,2,4,23,68,64,31,65,41,0,0
112180,1,0,1,1,6,45,59,40,44,50,0,0
112181,1,0,1,0,3,73,63,36,80,40,0,0
112182,1,0,1,0,1,57,41,33,44,0,0,0
112186,2,0,2,0,10,60,62,42,65,36,0,0
112188,2,0,2,0,4,68,55,43,50,62,0,0
112190,1,0,1,5,1,68,45,44,37,33,0,0
112193,3,1,2,6,25,54,55,43,60,54,0,0
112196,1,0,1,0,8,62,55,30,16,66,0,0
112203,1,0,1,0,2,79,48,33,44,100,0,0
112213,4,0,4,1,12,56,46,36,35,25,0,0
112218,1,0,1,0,4,52,33,45,50,0,0,0
112219,1,0,1,0,4,54,0,0,0,0,0,0
112221,1,0,1,2,3,67,48,38,37,100,0,0
112307,1,0,1,0,2,80,52,46,68,22,0,0
112411,1,0,1,4,4,68,58,36,68,60,0,0
112412,1,0,1,0,11,30,25,0,14,0,0,0
112413,1,0,1,4,4,57,50,50,50,40,0,0
112414,1,0,1,0,5,66,45,36,64,0,0,0
112426,1,0,1,0,2,56,51,25,46,80,0,0
112430,3,1,2,2,8,52,68,42,50,38,0,0
112433,4,1,3,7,14,57,52,44,46,42,0,0
112456,1,0,1,2,6,41,55,36,16,62,0,0
112516,1,0,1,5,3,59,56,54,44,25,0,0
112541,1,0,1,0,2,46,50,53,55,0,0,0
112563,1,0,1,0,4,50,27,27,30,33,0,0
112564,1,0,1,0,5,60,35,7,25,0,0,0
112570,5,0,5,17,19,63,67,46,57,25,0,0
112574,1,0,1,4,6,57,58,34,50,14,0,0
112578,3,0,3,6,6,74,56,44,45,30,0,0
112584,4,2,2,4,16,72,61,33,58,48,0,0
112585,7,3,4,12,27,56,69,49,45,40,0,0
112586,1,0,1,1,2,51,41,6,14,0,0,0
112588,1,0,1,0,2,50,7,7,14,0,0,0
112613,2,1,1,0,1,80,50,36,50,44,0,0
112614,1,0,1,1,4,70,50,43,44,50,0,0
112659,1,0,1,1,4,50,56,52,42,0,0,0
112660,3,0,3,2,6,61,55,43,60,0,0,0
112819,1,0,1,0,3,64,56,55,16,50,0,0
112821,1,0,1,4,8,51,50,44,54,40,0,0
112823,1,0,1,1,13,50,62,41,50,60,0,0
112824,2,1,1,6,7,56,72,44,73,50,0,0
112825,2,1,1,5,6,62,60,44,42,42,0,0
112827,1,0,1,0,0,100,40,0,33,33,0,0
112832,3,0,3,11,16,48,67,44,57,14,0,0
112833,1,0,1,0,5,56,41,31,40,25,0,0
112921,2,0,2,2,8,53,72,52,69,38,0,0
112937,4,2,2,9,14,59,67,49,62,42,0,0
113031,1,0,1,3,2,50,64,46,66,0,0,0
113035,1,0,1,0,4,48,57,40,0,0,0,0
113043,1,0,1,2,7,55,64,33,33,0,0,0
113044,3,2,1,5,8,63,67,50,27,36,0,0
113046,4,3,1,22,25,56,74,47,60,37,0,0
113048,3,0,3,8,20,55,64,44,50,25,0,0
113064,2,1,1,8,10,48,66,45,11,40,0,0
113065,1,0,1,1,4,59,52,17,37,0,0,0
113067,1,0,1,2,1,60,53,20,53,33,0,0
113068,2,1,1,1,8,71,58,34,64,50,0,0
113070,1,0,1,0,2,78,48,27,16,100,0,0
113071,1,0,1,1,6,53,61,47,20,33,0,0
113072,1,0,1,1,7,59,66,45,78,50,0,0
113082,1,0,1,1,3,51,52,20,45,66,0,0
113224,2,0,2,6,2,58,52,40,62,25,0,0
113229,5,1,4,2,14,68,51,41,62,55,0,0
113232,6,3,3,12,31,58,63,45,58,44,0,0
113234,1,0,1,0,4,60,62,36,20,22,0,0
113253,1,0,1,2,5,46,70,50,50,100,0,0
113255,4,0,4,3,10,49,63,42,42,20,0,0
113277,1,0,1,1,2,58,57,53,69,16,0,0
113313,1,0,1,0,13,37,41,5,14,0,0,0
113380,1,0,1,2,4,54,52,48,14,62,0,0
113382,1,0,1,0,4,50,35,30,40,0,0,0
113383,4,2,2,12,6,67,72,37,63,40,0,0
113389,3,0,3,0,11,66,50,37,46,41,0,0
113393,1,0,1,0,1,65,48,50,42,0,0,0
113395,2,0,2,1,13,62,55,42,55,35,0,0
113398,2,1,1,2,5,66,57,37,63,12,0,0
113401,4,0,4,0,8,61,47,48,51,45,0,0
113412,1,0,1,0,7,55,35,18,33,0,0,0
113423,1,0,1,1,7,63,54,29,58,0,0,0
113424,1,0,1,4,5,50,58,37,55,0,0,0
113451,1,0,1,0,3,40,0,6,0,0,0,0
113556,1,0,1,0,7,52,52,26,0,100,0,0
113572,1,0,1,1,3,57,58,40,63,20,0,0
113582,2,0,2,8,17,44,71,38,60,0,0,0
113590,2,0,2,10,6,51,64,44,52,54,0,0
113726,1,0,1,4,10,59,71,25,61,37,0,0
113775,3,0,3,9,7,64,57,48,61,46,0,0
113786,3,0,3,1,7,63,60,38,38,40,0,0
113791,1,0,1,3,4,58,55,37,58,54,0,0
113792,1,0,1,0,4,62,39,41,28,0,0,0
113793,1,0,1,0,3,58,50,54,50,33,0,0
113794,1,0,1,0,0,70,45,46,37,50,0,0
113795,3,2,1,14,11,65,66,45,65,57,0,0
113955,1,0,1,1,6,53,51,41,58,0,0,0
113964,1,0,1,0,1,51,38,29,28,0,0,0
113965,1,0,1,0,4,59,22,33,25,0,0,0
113966,1,0,1,0,7,64,37,33,36,75,0,0
113975,1,0,1,0,3,67,47,36,16,16,0,0
113976,2,0,2,4,2,78,53,53,36,54,0,0
113977,1,0,1,0,5,46,60,34,54,50,0,0
113981,7,4,3,10,21,64,65,52,68,47,0,0
113982,2,0,2,3,6,66,53,45,46,75,0,0
113994,1,0,1,1,7,45,45,33,28,0,0,0
113995,1,0,1,0,7,65,23,27,25,0,0,0
114003,2,1,1,1,2,86,50,40,50,33,0,0
114004,3,0,3,4,14,71,56,48,64,50,0,0
114005,7,3,4,15,33,62,61,51,50,52,0,0
114021,2,1,1,7,8,46,67,46,53,22,0,0
114029,1,0,1,0,0,68,47,37,44,0,0,0
114054,1,0,1,0,3,59,72,52,71,0,0,0
114066,1,0,1,0,3,53,63,34,55,100,0,0
114165,1,0,1,1,7,42,25,6,14,0,0,0
114166,1,0,1,0,10,44,31,20,25,0,0,0
114168,1,0,1,2,8,44,42,25,33,100,0,0
114171,3,1,2,4,9,61,66,43,50,37,0,0
114173,2,1,1,2,3,56,69,44,58,38,0,0
114179,1,0,1,0,4,66,60,27,42,0,0,0
114180,1,0,1,0,1,62,58,48,50,25,0,0
114182,2,1,1,2,8,62,62,35,43,42,0,0
114183,1,0,1,4,7,61,65,52,60,75,0,0
114184,6,4,2,20,11,69,67,42,57,43,0,0
114185,2,1,1,4,11,50,56,53,20,38,0,0
114186,1,0,1,0,3,69,32,27,0,0,0,0
114189,2,0,2,0,8,53,42,33,30,0,0,0
114227,1,0,1,0,2,59,58,40,55,50,0,0
114264,1,0,1,2,3,56,54,25,33,66,0,0
114297,1,0,1,0,5,60,57,28,54,20,0,0
114353,1,0,1,0,1,66,37,41,0,0,0,0
114354,1,0,1,5,5,54,74,39,84,50,0,0
114355,1,0,1,0,2,46,42,16,30,42,0,0
114357,1,0,1,0,2,50,53,50,44,25,0,0
114360,2,0,2,3,2,72,47,46,50,0,0,0
114363,1,0,1,2,4,69,62,50,33,40,0,0
114368,1,0,1,0,9,26,0,10,0,0,0,0
114369,1,0,1,1,14,43,65,15,14,25,0,0
114370,1,0,1,1,4,67,48,25,33,30,0,0
114371,1,0,1,0,6,67,51,19,50,66,0,0
114372,3,2,1,6,15,61,66,39,30,56,0,0
114373,1,0,1,0,6,58,37,23,41,100,0,0
114375,1,0,1,0,7,55,50,18,0,0,0,0
114376,3,2,1,2,6,73,65,54,85,42,0,0
114377,2,1,1,0,12,55,53,40,55,56,0,0
114380,2,1,1,0,6,66,55,43,35,16,0,0
114381,7,4,3,26,22,60,63,54,51,48,0,0
114382,2,1,1,0,11,37,57,34,36,58,0,0
114385,1,0,1,0,2,65,42,26,40,0,0,0
114387,1,0,1,0,7,37,46,16,45,0,0,0
114395,1,0,1,1,7,60,51,20,25,22,0,0
114396,1,0,1,0,7,54,33,25,22,57,0,0
114397,1,0,1,0,4,50,66,36,0,50,0,0
114413,1,0,1,2,2,65,46,20,40,0,0,0
114541,1,0,1,4,5,42,62,39,28,100,0,0
114558,1,0,1,0,2,63,52,47,60,50,0,0
114559,1,0,1,0,1,50,16,33,0,0,0,0
114560,1,0,1,0,2,39,50,54,42,0,0,0
114562,2,0,2,0,7,54,48,30,47,20,0,0
114571,1,0,1,0,5,60,55,37,50,62,0,0
114572,1,0,1,4,7,38,68,16,25,60,0,0
114580,3,2,1,2,7,70,56,44,58,41,0,0
114581,1,0,1,0,3,61,63,45,62,0,0,0
114582,3,1,2,5,9,59,57,52,47,27,0,0
114583,1,0,1,0,7,52,31,23,25,0,0,0
114584,1,0,1,0,2,62,56,48,33,50,0,0
114585,1,0,1,0,6,67,57,41,44,66,0,0
114587,1,0,1,0,3,59,42,36,0,50,0,0
114708,1,0,1,1,5,50,38,33,28,0,0,0
114718,2,1,1,3,14,63,59,51,57,60,0,0
114751,1,0,1,0,11,53,52,41,63,0,0,0
114752,1,0,1,1,6,57,73,35,50,0,0,0
114753,3,0,3,1,14,55,35,15,14,44,0,0
114754,1,0,1,3,7,44,57,15,40,33,0,0
114755,3,1,2,0,19,63,52,22,41,50,0,0
114756,2,1,1,8,0,61,69,54,61,30,0,0
114757,1,0,1,3,8,65,66,36,76,100,0,0
114762,1,0,1,0,5,65,40,45,40,40,0,0
114768,1,0,1,0,5,75,55,37,42,100,0,0
114770,1,0,1,0,2,60,50,18,16,0,0,0
114771,1,0,1,0,5,57,30,20,33,50,0,0
114818,1,0,1,3,2,58,59,26,44,0,0,0
114823,3,0,3,2,7,53,59,40,40,44,0,0
114847,1,0,1,0,7,61,37,23,40,0,0,0
114900,5,3,2,10,11,63,70,49,35,47,0,0
114902,4,2,2,6,9,70,64,37,47,42,0,0
114903,4,2,2,17,17,54,69,41,44,36,0,0
114904,1,0,1,3,8,53,70,28,33,0,0,0
114905,1,0,1,3,10,55,58,28,61,0,0,0
114912,3,0,3,14,29,62,67,38,60,37,0,0
114913,1,0,1,6,1,66,79,41,0,22,0,0
114914,1,0,1,5,6,57,75,23,70,33,0,0
114971,1,0,1,0,3,60,47,21,0,0,0,0
114972,1,0,1,1,1,60,49,60,58,75,0,0
115061,1,0,1,1,5,46,35,6,25,0,0,0
115062,1,0,1,0,2,60,30,15,14,0,0,0
115067,5,3,2,10,13,58,67,49,53,58,0,0
115068,1,0,1,0,4,41,35,20,0,0,0,0
115069,3,2,1,4,5,56,54,59,47,42,0,0
115110,2,0,2,6,5,75,65,39,76,30,0,0
115220,9,6,3,41,37,50,75,54,65,45,0,0
115225,1,0,1,1,8,55,51,22,33,50,0,0
115228,4,2,2,7,19,63,59,47,30,53,0,0
115229,2,0,2,0,4,50,54,43,58,80,0,0
115230,3,1,2,4,9,58,60,40,47,31,0,0
115231,1,0,1,0,4,49,66,42,66,0,0,0
115232,1,0,1,4,3,67,57,31,33,0,0,0
115233,1,0,1,0,3,65,65,42,71,37,0,0
115234,1,0,1,4,9,52,75,33,0,50,0,0
115241,1,0,1,0,3,40,52,40,42,0,0,0
115247,2,0,2,3,6,65,69,31,50,25,0,0
115260,1,0,1,12,10,52,68,37,66,0,0,0
115261,2,0,2,0,11,55,52,20,36,33,0,0
115262,1,0,1,1,4,72,47,50,16,50,0,0
115266,1,0,1,0,0,62,56,40,60,0,0,0
115267,2,1,1,2,6,55,55,53,57,46,0,0
115269,1,0,1,0,5,19,14,37,50,0,0,0
115327,2,0,2,8,4,68,57,28,42,41,0,0
115334,1,0,1,6,3,58,70,42,50,20,0,0
115390,2,0,2,2,6,59,53,39,37,60,0,0
115438,1,0,1,0,8,44,23,12,25,0,0,0
115439,2,1,1,8,4,64,70,39,28,20,0,0
115440,2,1,1,26,7,58,89,64,100,0,0,0
115446,1,0,1,0,9,34,22,0,0,0,0,0
115448,2,1,1,0,14,64,65,30,66,45,0,0
115449,2,1,1,1,7,75,55,40,50,41,0,0
115468,1,0,1,1,5,55,57,35,50,25,0,0
115591,2,0,2,6,3,67,64,51,57,37,0,0
115596,2,1,1,2,2,72,51,43,50,85,0,0
115597,1,0,1,1,4,60,43,48,61,0,0,0
115598,1,0,1,1,8,48,47,27,25,20,0,0
115609,1,0,1,0,3,58,25,40,30,100,0,0
115610,1,0,1,1,1,61,43,31,64,0,0,0
115615,5,3,2,20,16,58,72,41,34,64,0,0
115617,1,0,1,1,4,44,30,25,28,0,0,0
115618,1,0,1,1,2,62,47,27,45,37,0,0
115619,1,0,1,0,5,47,26,19,41,25,0,0
115626,1,0,1,2,5,65,61,46,55,100,0,0
115642,3,2,1,12,5,57,68,46,50,57,0,0
115643,2,1,1,1,2,67,50,39,28,42,0,0
115739,1,0,1,2,4,57,51,44,60,27,0,0
115740,1,0,1,2,1,65,50,56,63,100,0,0
115744,3,1,2,4,11,63,55,50,63,45,0,0
115767,2,1,1,0,4,71,56,41,36,80,0,0
115768,9,7,2,7,13,70,68,59,65,50,0,0
115769,1,0,1,0,4,43,50,14,33,0,0,0
115770,1,0,1,1,2,56,40,42,33,50,0,0
115772,1,0,1,0,3,52,27,25,40,100,0,0
115773,1,0,1,0,2,63,9,58,14,0,0,0
115774,1,0,1,0,5,59,58,52,0,0,0,0
115775,2,1,1,0,9,56,50,40,35,80,0,0
115777,1,0,1,2,3,64,61,31,40,0,0,0
115779,1,0,1,2,7,60,46,54,16,13,0,0
115780,1,0,1,1,5,42,52,41,50,11,0,0
115855,3,0,3,3,9,52,52,39,62,20,0,0
115856,2,0,2,5,7,51,49,31,47,60,0,0
115923,1,0,1,3,3,61,66,52,60,25,0,0
115938,1,0,1,0,1,72,35,41,54,0,0,0
115975,1,0,1,0,3,61,56,36,44,0,0,0
115976,1,0,1,1,2,55,54,22,54,25,0,0
116034,2,1,1,4,5,64,62,54,75,38,0,0
116041,1,0,1,1,5,72,65,46,0,0,0,0
116088,1,0,1,2,3,64,44,37,37,0,0,0
116091,1,0,1,1,2,44,59,28,55,0,0,0
116097,4,3,1,1,12,76,63,35,57,51,0,0
116100,2,0,2,2,9,64,52,40,52,44,0,0
116101,3,1,2,0,18,57,56,36,53,38,0,0
116102,2,0,2,0,2,54,48,33,28,0,0,0
116103,2,0,2,3,8,42,44,39,56,57,0,0
116110,1,0,1,1,3,64,53,43,55,66,0,0
116115,2,0,2,1,5,65,51,19,31,50,0,0
116162,2,0,2,6,10,65,60,52,72,12,0,0
116163,2,0,2,3,8,75,55,29,43,33,0,0
116164,1,0,1,0,2,75,25,37,0,0,0,0
116241,1,0,1,2,7,58,44,9,42,75,0,0
116242,1,0,1,1,5,68,61,24,37,28,0,0
116243,3,1,2,1,19,60,62,34,54,42,0,0
116305,1,0,1,0,3,53,42,41,53,20,0,0
116308,1,0,1,0,4,65,50,35,28,25,0,0
116310,1,0,1,0,5,59,68,40,40,100,0,0
116314,1,0,1,1,4,58,43,30,50,40,0,0
116318,1,0,1,0,5,75,56,21,50,50,0,0
116324,2,1,1,1,2,64,58,37,35,30,0,0
116325,2,1,1,0,2,65,50,52,50,80,0,0
116330,1,0,1,0,5,61,55,47,33,100,0,0
116332,1,0,1,2,7,64,66,33,42,57,0,0
116335,1,0,1,0,4,57,50,26,37,0,0,0
116336,1,0,1,0,7,66,56,27,53,40,0,0
116396,3,0,3,4,11,55,55,42,52,30,0,0
116442,3,1,2,4,17,60,65,41,54,58,0,0
116474,1,0,1,3,4,61,66,38,55,0,0,0
116484,1,0,1,0,2,58,44,44,16,0,0,0
116485,1,0,1,1,15,35,50,16,0,0,0,0
116487,1,0,1,2,7,46,50,19,25,33,0,0
116494,2,0,2,2,6,54,45,44,30,0,0,0
116496,1,0,1,2,1,54,56,59,42,100,0,0
116497,2,0,2,2,11,67,62,44,41,71,0,0
116550,1,0,1,0,5,40,46,10,25,25,0,0
116559,1,0,1,0,6,61,42,25,45,0,0,0
116560,1,0,1,1,4,48,72,34,50,0,0,0
116562,2,1,1,0,6,56,56,53,55,35,0,0
116565,2,1,1,1,4,68,61,40,60,50,0,0
116568,1,0,1,0,2,52,31,17,14,50,0,0
