id_pnt,win_pnt,fin_pnt,sem_pnt,qtr_pnt,for_pnt,thr_pnt,sec_pnt,fir_pnt,qlf_pnt,q3_pnt,q2_pnt,q1_pnt
6003,8000,4150,2200,1200,,,,630,-1,,,
11001,120,85,55,30,,,16,1,7.25,3.75,2.25,1
5006,142000,83600,49000,29000,,,17000,10000,-1,,,
10001,50,35,22,12,,,5,1,,,,
5007,1206620,603310,301655,150825,75420,46250,28155,18100,-1,11275,5630,2820
5008,439640,219820,109210,54605,,30800,16795,9450,-1,,,
10002,200,140,90,50,30,15,7,1,3,,,
6004,93000,49500,26500,14100,,,7600,4025,-1,2150,1150,625
6005,29000,15600,8400,4500,,,,2400,-1,,,
11002,195,137,88,49,,,25,1,11.75,6.75,4,1
6006,16000,9000,4800,2600,,,1450,800,-1,450,250,150
6007,5500,3000,1600,900,,,,450,-1,,,
11003,80,56,36,20,,,10,1,4.5,3,2,1
5009,53700,31600,18550,11200,,,,2000,-1,,,
5010,44100,26000,15300,9000,,,5300,3120,-2,425,,
5011,13950,8200,4800,2900,,,,1700,-2,,,
6008,25650,13825,7450,4015,,,2165,1165,-1,630,340,185
6009,7530,4050,2180,1175,,,,630,-1,,,
6010,189000,102000,54300,29000,,,15600,8300,-1,4500,2400,1275
11004,300,210,135,75,,,42,1,18.5,10.5,5.75,1
6011,59000,31450,16900,9000,,,,4800,-1,,,
10003,40,28,18,10,,,3,1,1,,,
5012,71400,41400,24700,14500,,,8525,5000,-2,535,315,
5013,25200,14850,8750,5250,,,,1700,-2,,,
5014,147000,77350,40850,21350,,,11310,5950,-2,895,,465
5015,46200,24300,12800,6720,,,,2550,-2,,,
10004,50,35,22,12,,,5,1,2,,,
5016,118750,62500,33000,17250,,,9150,4800,-1,720,,375
5017,34530,18160,9560,5040,,,,3000,-1,,,
5018,187500,98600,52000,27200,,,14425,7580,-1,1130,,600
5019,59450,31500,16450,8670,,,,3000,-1,,,
10005,60,42,27,15,,,5,1,2,,,
10006,50,35,22,12,,,5,3,1,1,,
5020,128000,67500,35500,18600,,,9800,5150,-1,,,
5021,38000,20000,10530,5550,,,,3000,-1,,,
6012,27500,14750,7690,4065,,,2235,1300,-1,660,360,200
6013,8200,4400,2290,1250,,,,660,-1,,,
6014,94000,50300,26950,14400,,,7700,4124,-1,2210,1180,630
6015,31000,16500,8800,4720,,,,2525,-1,,,
10007,100,70,45,25,15,7,3,1,1,,,
5022,455000,228000,114000,60450,31650,17000,8700,4400,-1,2500,,1250
5023,118000,61400,32500,16500,,,8800,3500,-1,,,
6016,332000,163000,80000,39375,19350,9475,4650,2325,-1,1170,,585
6017,91000,45500,22500,11255,,,5650,2675,-1,,,
5024,533350,266675,134400,70930,37400,19730,10350,5560,-1,2500,,1250
5025,137700,72000,37940,20400,,,10900,3500,-1,,,
6018,405000,212000,110800,58000,30320,15850,8300,4330,-1,2270,,1185
6019,115000,60200,31400,16450,,,8600,4500,-1,,,
5026,46700,27500,16110,9500,,,5600,3300,-2,425,,
5027,15000,8800,5160,3110,,,,1700,-2,,,
6020,93000,47500,24300,12450,,6380,3270,1675,-1,860,,440
6021,29000,14920,7650,3930,,,,2010,-1,,,
5028,340000,170000,85000,44100,,22900,12650,6350,-2,2175,,1090
5029,85000,44200,23450,12020,,,6400,2975,-2,,,
10008,100,70,45,25,,15,7,1,3,,,
6022,189000,96000,49125,25050,,12775,6500,3325,-1,1700,,865
6023,57000,29000,14740,7520,,,3800,1950,-1,,,
5030,130200,68500,36000,19000,,10000,5250,2770,-2,515,,265
5031,39000,20500,10800,5700,,,3050,1930,-2,,,
10009,60,42,27,15,,5,3,1,1,,,
10010,300,210,135,75,,25,15,5,5,3,,1
5032,74300,43700,25700,15120,,,8900,5230,-2,560,330,
5033,26500,15600,9150,5150,,,,1700,-2,,,
6024,30500,16450,8840,4745,,,2550,1370,-1,735,395,215
6025,9150,4900,2625,1410,,,,760,-1,,,
6026,27000,14500,7500,4000,,,2200,1300,-1,650,350,200
6027,8000,4250,2250,1225,,,,650,-1,,,
5034,870000,440000,220000,116180,62020,36140,21795,13100,-1,6600,3300,1760
5035,275000,137500,68750,34685,,19580,9795,6565,-1,,,
5036,80500,47400,27850,16400,,9650,5670,3335,-2,420,240,
5037,27000,15950,9400,5650,,,3320,1700,-2,,,
10011,225,155,100,55,,20,10,5,5,,,
10012,45,31,20,11,,4,2,1,1,,,
10013,45,31,20,11,,,4,1,2,,,
4,300,210,135,75,0,25,15,5,10,5,0,1
5,250,175,110,60,0,25,15,5,10,5,0,1
6,250,175,110,60,0,25,15,5,10,0,0,0
7,225,155,100,55,0,20,10,5,10,0,0,0
8,200,140,90,50,0,0,15,5,5,0,0,0
9,175,120,75,40,0,0,15,5,5,0,0,0
10,100,70,45,23,0,0,10,1,3,0,0,0
11,90,63,40,21,0,0,9,1,3,0,0,0
12,80,56,36,19,0,0,8,1,3,0,0,0
13,70,49,31,16,0,0,7,1,3,0,0,0
14,60,42,27,14,0,0,6,1,3,0,0,0
15,55,38,24,13,0,0,5,1,2,0,0,0
16,50,35,22,12,0,0,5,1,2,0,0,0
17,24,16,8,4,0,0,1,0,0,0,0,0
18,18,12,6,3,0,0,1,0,0,0,0,0
19,12,8,4,2,0,0,1,0,0,0,0,0
20,400,280,155,100,0,50,25,5,50,0,0,0
21,250,200,0,0,0,0,0,0,100,0,0,0
200,650,456,292,162,90,56,32,2,26,21,12.5,2
201,485,340,218,121,0,0,0,67,0,0,0,0
202,325,228,146,81,0,0,45,1,20,0,0,0
203,325,228,146,81,45,28,16,1,11,6.25,0,1
204,300,210,135,75,0,0,0,1,19,0,0,0
205,300,210,135,75,0,0,42,1,18.5,10.5,5.75,1
206,300,210,135,75,0,42,25,1,10.5,5.75,0,1
207,275,193,124,69,0,0,0,1,17,0,0,0
208,275,193,124,69,0,0,38,1,17,9.5,5.25,1
209,275,193,124,69,0,38,23,1,9.5,5.25,0,1
210,220,154,99,55,0,0,0,1,13,0,0,0
211,220,154,99,55,0,0,29,1,13.25,7.75,4.5,1
212,220,154,99,55,0,29,15,1,7.75,4.5,0,1
213,195,137,88,49,0,0,0,1,11.75,0,0,0
214,195,137,88,49,0,0,25,1,11.75,6.75,4,1
215,195,137,88,49,0,25,14,1,6.75,4,0,1
216,145,103,66,37,0,0,0,1,9.5,0,0,0
217,145,103,66,37,0,0,19,1,8.5,4.5,2.75,1
218,145,103,66,37,0,19,10,1,4.5,2.75,0,1
219,120,85,55,30,0,0,0,1,7.5,0,0,0
5087,64800,33350,16750,7500,,,,2000,-1,3250,,500
5088,20500,11750,7000,3800,,,,2000,-1,,,
220,120,85,55,30,0,0,16,1,7.25,3.75,2.25,1
221,120,85,55,30,0,16,9,1,3.75,2.25,0,1
222,95,67,43,24,0,0,0,1,6.5,0,0,0
223,95,67,43,24,0,0,12,1,5.5,3.5,2,1
224,80,56,36,20,0,0,0,1,5,0,0,0
225,80,56,36,20,0,0,10,1,4.5,3,2,1
226,65,46,29,16,0,0,0,1,0,0,0,0
227,65,46,29,16,0,0,8,1,2.5,2,1.5,1
228,55,38.5,24.5,14.5,0,0,0,1,0,0,0,0
229,55,38.5,24.5,14.5,0,0,7,1,2.5,2,1.5,1
230,45,31.5,20,11.5,0,0,0,1,0,0,0,0
231,45,31.5,20,11.5,0,0,5.5,1,2.5,2,1.5,1
232,35,24.5,15.5,8.5,0,0,0,1,0,0,0,0
233,35,24.5,15.5,8.5,0,0,5,1,2.5,2,1.5,1
234,25,17,11.5,7,0,0,0,1,0,0,0,0
235,25,17,11.5,7,0,0,3.5,1,1.5,0.5,0,0.25
236,12,8,5,1,0,0,0,0,0,0,0,0
237,12,8,5,3,0,0,0,1,0,0,0,0
238,6,4,2,1.5,0,0,0,0,0,0,0,0
239,6,4,2,1.5,0,0,0,1,0.75,0,0,0
240,5,4,2,1,0,0,0,0,0,0,0,0
241,5,4,2,1.5,0,0,0,1,0,0,0,0
22,300,210,135,75,0,0,25,5,10,5,0,1
23,250,175,110,60,0,0,25,5,10,5,0,1
24,250,175,110,60,0,0,25,5,10,0,0,0
25,225,155,100,55,0,0,20,5,10,0,0,0
5000,57750,33960,20000,11750,,,6900,4070,-1,500,,
5001,18710,11010,6480,3900,,,,2000,-1,,,
10000,35,24,15,8,,,3,1,1,,,
5002,52000,30600,18000,10600,,,6225,3650,-1,500,,
5003,16350,9600,5650,3400,,,,2000,-1,,,
5004,58750,34570,20330,12000,,,7000,4150,-1,500,,
5005,19160,11260,6600,4000,,,,2000,-1,,,
6000,22000,12000,6300,3400,,,1825,1000,-1,550,300,175
6001,6500,3475,1850,1000,,,,550,-1,,,
243,525,369,235,,,,130,72,-1,,,
5038,96000,56500,33200,19550,,,11500,6755,-2,725,425,
5039,35500,20850,12280,7380,,,,1700,-2,,,
6028,31000,16000,8220,4230,,2180,1125,580,-1,,,
6029,9250,4760,2450,1260,,,,650,-1,,,
6030,27000,14500,8200,4500,,,2500,1400,-1,,,
6031,8000,4450,2400,1300,,,,725,-1,,,
5040,630000,315000,157500,81900,44100,25100,15440,9450,-3,6000,3000,1500
5041,218500,109250,56000,29100,,15450,8440,4950,-3,,,
6032,600000,300000,145690,73710,37480,20400,12350,7560,-3,4600,2300,1150
6033,203250,101630,50800,25400,,13100,6700,3920,-3,,,
5042,58700,34550,20300,11960,,,7025,4130,-2,425,,
5043,19800,11650,6900,4130,,,,1700,-2,,,
5044,74250,43700,25700,15115,,8900,5225,3075,-1,630,375,
5045,29600,17400,10250,6170,,,,2000,-1,,,
10014,200,140,90,50,,20,10,5,5,,,
10015,40,28,18,10,,4,2,1,1,,,
5046,104400,55000,28900,15220,,8000,4200,2220,-2,460,,240
5047,33900,17800,9400,4040,,,,2550,-2,,,
10016,50,35,22,12,,5,3,1,1,,,
10017,250,175,110,60,,25,15,5,5,3,,1
5048,110600,58200,30650,16100,,8500,4465,2350,-2,485,,255
5049,36350,19150,10050,5300,,,,2550,-2,,,
5050,59200,34800,20500,12050,,,7110,4180,-2,425,,
5051,20100,11850,6950,4170,,,,1700,-2,,,
5052,400000,200000,100000,52000,,27000,15000,7500,-1,2500,,1250
5053,99300,51650,27210,14100,,,7600,3500,-1,,,
5054,84000,49000,29100,17000,,10050,5900,3500,-1,700,425,
5055,34200,20000,11900,7100,,,,2000,-1,,,
6034,189000,95900,48600,24600,,12450,6300,3200,-1,1625,,825
6035,57500,29100,14725,7500,,,3800,1900,-1,,,
6036,95000,50650,27000,14410,,,7685,4100,-1,2185,1165,625
6037,29200,15650,8410,4500,,,,2400,-1,,,
5056,1100000,550000,270000,135000,70000,40000,25000,15000,-1,8000,5625,3000
5057,400000,200000,100000,50000,,25000,15000,10000,-1,,,
6038,22000,12000,6300,3400,,,,1825,-1,,,
5058,69200,40700,23900,14100,,,8300,4870,-1,520,305,
5059,23570,13850,8150,4915,,,,2000,-1,,,
6039,35000,19000,10300,5615,,,3050,1665,-1,900,,490
6040,10500,5700,3100,1685,,,,915,-1,,,
6041,27000,14500,7600,4100,,,2200,1300,-1,650,,350
5060,76500,45000,26500,15550,,,9150,5385,-1,575,340,
5061,26550,15650,9200,5545,,,,2000,-1,,,
5062,118000,62000,32600,17125,,9000,4750,2500,-1,520,,270
5063,37750,19870,10460,5500,,,,3000,-1,,,
6042,22000,12000,6495,3525,,,1915,1040,-1,565,,305
6043,6500,3525,1910,1040,,,,565,-1,,,
11005,95,67,43,24,,,12,1,,2,,1
6044,98500,53000,28300,15150,,,8100,4350,-1,2325,1250,670
5064,187500,98600,52000,27200,,,14425,7580,-1,1130,600,
5065,108600,57130,30150,15760,,,8350,4400,-2,660,345,
5066,32000,17000,8900,4700,,,,2550,-2,,,
10018,250,175,110,60,,,25,15,5,3,,1
6045,30500,16400,8750,4660,,,2485,1325,-1,700,375,200
6046,9100,4850,2600,1390,,,,740,-1,,,
5067,120750,71000,41800,24580,,,14460,8505,-2,910,535,
5068,45750,26900,15850,9510,,,,1700,-2,,,
5069,142000,83600,49000,29000,,,17000,10000,-1,1070,630,
5070,378000,189000,94500,47300,,23700,12500,6250,-2,2175,,1090
5071,110000,55500,32200,16100,,,,2975,-2,,,
6047,28000,14650,7700,4050,,,2200,1300,-1,650,350,200
6048,8250,4350,2350,1250,,,,650,-1,,,
6049,22900,12345,6650,3580,,,1925,1035,-1,555,300,175
6050,6750,3640,1960,1050,,,,565,-1,,,
6051,95500,51000,27300,14600,,,7820,4175,-1,2230,1195,640
6052,30000,16120,8620,4610,,,,2465,-1,,,
5072,59350,35000,20500,12100,,,7100,4180,-1,500,,
5073,19400,11400,6700,4040,,,,2000,-1,,,
5074,1220000,610000,305000,152500,76250,46760,28465,18300,-1,11400,5690,2850
5075,444500,222250,110420,55210,,31140,16980,9550,-1,,,
6053,196900,105800,56800,30485,,,16370,8790,-1,4720,2535,1360
6054,59000,31750,17050,9150,,,,4900,-1,,,
5076,16000,9300,5500,3300,,,,1950,-1,,,
5077,128000,67500,35500,18600,,,9800,5150,-1,780,,405
5078,36900,19400,10200,5390,,,,2930,-1,,,
6055,159000,84500,45150,24085,,,12850,6850,-1,3650,1950,1040
6056,49300,26280,14000,7480,,,,3990,-1,,,
6057,27970,15000,7820,4135,,,2275,1320,-1,675,365,200
6058,8340,4480,2330,1270,,,,675,-1,,,
5079,490000,245000,122500,65000,34000,18225,9300,4700,-1,2500,,1250
5080,125000,65000,35000,18000,,,10000,3500,-1,,,
199,700,492,314,174,96,62,38,2,31,25,15,2
242,350,246,157,87,48,31,19,1,-1,15.5,7.5,1
6059,95500,48900,25060,12860,,6575,3370,1725,-1,885,,455
6060,30000,15440,7920,4060,,,,2080,-1,,,
6061,196900,100000,51000,26050,,13285,6775,3455,-1,1765,,900
6062,59000,30000,15315,7800,,,3980,2030,-1,,,
6063,28000,15000,7730,4270,,,2260,1340,-1,,,
6064,8250,4400,2360,1260,,,,670,-1,,,
5081,940000,470000,235000,117500,66250,38600,23280,14000,-2,6900,3450,1840
5082,280000,140000,70000,35000,,20000,10000,6685,-2,,,
6065,940000,463500,223250,111625,59625,34740,20950,12600,-2,6900,3450,1840
6066,266000,133000,63000,31500,,17000,8000,5350,-2,,,
6067,28000,14750,8250,4550,,,2525,1400,-1,350,,200
6068,8250,4450,2400,1300,,,,725,-1,,,
5083,655000,327500,163750,85150,45850,26520,16050,9830,-3,6240,3120,1560
5084,220690,110340,56560,29390,,15600,8520,5000,-3,,,
6069,625000,312500,151500,76650,38970,21210,12840,7860,-3,4990,2495,1250
6070,205280,102650,51310,25650,,13230,6770,3960,-3,,,
5085,100000,53000,27500,14500,,7725,4030,2125,-2,440,,230
6071,196900,99850,50600,25650,,13000,6590,3340,-1,1700,,865
6072,59000,29940,15180,7700,,,3900,1970,-1,,,
5086,1200000,600000,280000,140000,72000,42000,26500,16500,-1,8000,5625,3000
6073,28000,15000,7900,4230,,,2275,1340,-1,680,,365
6074,8000,4380,2320,1260,,,,680,-1,,,
11006,120,85,55,30,,,16,1,3.75,2.25,,1
6075,8250,4380,2320,1260,,,,680,-1,,,
6076,100000,53650,28750,15400,,,8230,4400,-1,2360,1265,680
6077,31350,16680,8950,4790,,,,2560,-1,,,
6078,22925,12450,6765,3670,,,1995,1085,-1,590,,320
6079,6760,3670,1990,1080,,,,590,-1,,,
11007,95,67,43,24,,,12,1,3.5,2,,1
1,1000,700,450,250,150,75,35,5,15,8,4,0
2,500,350,225,125,75,35,15,5,15,8,0,1
3,500,350,225,125,0,75,35,5,15,8,0,1
11000,95,67,43,24,,,12,1,5.5,3.5,2,1
6002,27000,14280,7400,3900,,,2155,1260,-1,630,340,190
26,175,120,75,40,,,,20,10,5,,
10019,35,24,15,8,,,,4,2,1,,
5089,65850,35500,19750,11000,,,6450,3800,-1,500,,
5090,20250,11550,6700,3400,,,,2000,-1,,,
5091,68800,37350,20750,11500,,,6800,4000,-1,500,,
5092,1281000,640500,320250,160125,80060,49100,29890,19215,-1,11440,5710,2860
5093,446020,223010,110800,55400,,31245,17035,9585,-1,,,
6080,88265,47125,25240,13500,,,7230,3855,-1,2065,1105,595
244,275,190,125,70,,,35,1,15,10,5,1
6081,27730,14900,7970,4260,,,,2275,-1,,,
6082,23700,12775,6890,3715,,,2005,1075,-1,580,310,175
6083,6960,3740,2020,1085,,,,580,-1,,,
245,115,80,50,30,,,15,1,7,3,2,1
6084,25840,13520,7105,3740,,,2030,1205,-1,605,325,185
6085,7620,4020,2170,1160,,,,600,-1,,,
246,140,100,65,35,,,20,1,8,4,3,1
6086,21140,11395,6140,3310,,,1775,955,-1,515,280,165
6087,6240,3360,1810,970,,,,525,-1,,,
6088,182000,97800,52500,28175,,,15130,8120,-1,4365,2345,1260
6089,54540,29350,15760,8460,,,,4530,-1,,,
247,430,300,195,110,,,60,1,20,15,10,1
5094,61850,31500,15750,7000,,,,2000,-1,500,,
5095,67110,34250,17100,7800,,,,2500,-1,500,,
5096,21000,12000,7280,4050,,,,2000,-1,,,
5097,58820,30000,16700,9300,,,5500,3250,-2,425,,
5098,17300,9900,5700,2900,,,,1700,-2,,,
5099,73000,39550,21850,12050,,,7050,4150,-1,500,,
5100,21500,12300,7350,4180,,,,2000,-1,,,
5101,66450,34000,17100,7750,,,,2000,-1,500,,
5102,20800,11900,7230,4000,,,,2000,-1,,,
5103,156550,77750,38800,19400,,,10150,5300,-1,780,,405
5104,44250,23100,12200,5500,,,,3000,-1,,,
5105,300000,153000,78000,36000,,,19000,9500,-1,1650,870,
5106,89500,47100,24800,13020,,,,3000,-1,,,
5107,500000,250000,125000,66000,33000,19000,9000,4500,-1,2000,,1000
5108,170000,100000,45000,19000,,,10600,3500,-1,,,
5109,533350,266675,134400,67000,35000,18500,9600,5160,-1,2000,,1000
5110,185000,106000,49000,20400,,,10900,3500,-1,,,
6090,231080,124790,67020,36050,,,19410,10170,-1,5320,2885,1570
6091,73950,38820,20800,11090,,,,5920,-1,,,
248,300,215,140,75,,,40,1,15,10,5,1
6092,25845,13855,7230,3825,,,2105,1220,-1,630,340,185
6093,7710,4140,2150,1170,,,,625,-1,,,
6094,222000,117000,61700,32545,,,17165,9050,-1,4775,2520,1330
6095,70000,36920,19480,10280,,,,5420,-1,,,
198,1000,700,450,250,140,90,60,2,31,25,15,2
249,465,325,210,115,65,40,25,1,15,10,,1
6096,306890,150670,73950,36400,17890,8755,4300,2145,-1,1080,,545
6097,84120,42060,20800,10405,,,5220,2475,-1,,,
6098,492950,246485,124210,65540,34550,18240,9570,5140,-1,2310,,1160
6099,127280,66550,35070,18860,,,10080,3240,-1,,,
250,500,350,225,125,70,45,30,1,20,10,,1
6100,88260,45180,23150,11885,,6075,3120,1595,-1,815,,425
6101,27730,14270,7320,3750,,,,1920,-1,,,
251,275,190,125,70,,35,20,1,10,5,,1
5111,340000,170000,85000,42000,,21250,11800,5930,-2,1700,,850
5112,111000,63500,29500,12020,,,6400,2975,-2,,,
252,430,300,195,110,,60,35,1,15,10,,1
5113,55820,30000,16700,9300,,,5500,3250,-2,425,,
6102,181980,92410,47130,24075,,12275,6265,3195,-1,1635,,830
6103,54540,27730,14155,7210,,,3680,1880,-1,,,
6104,28180,15190,8170,4385,,,2360,1270,-1,680,370,195
6105,8460,4530,2425,1300,,,,700,-1,,,
253,165,115,75,40,,,20,1,,5,3,1
5114,1000000,500000,250000,125000,66250,39400,23760,14290,-2,7200,3600,1920
5115,290000,145000,72500,36250,,20000,10000,6700,-2,,,
6106,28650,14790,7600,3910,,2010,1035,540,-1,280,,145
6107,8550,4400,2260,1160,,,,600,-1,,,
254,140,100,65,35,,20,10,1,4,3,,1
6108,25870,13630,7620,4205,,,2340,1290,-1,325,,190
6109,7620,4110,2220,1200,,,,665,-1,,,
255,140,100,65,35,,,20,1,4,3,,1
5116,700000,350000,175000,88550,47250,27050,16325,10000,-3,6300,3150,1575
5117,222900,111440,57130,29680,,15760,8610,5050,-3,,,
5118,73000,42800,25200,14800,,,8720,5130,-1,555,320,
5119,25150,14750,8700,5230,,,,2000,-1,,,
5120,133250,65950,32750,16300,,,8600,4550,-2,660,,345
5121,37500,19750,10400,4700,,,,2550,-2,,,
5122,110500,58100,30600,16000,,8400,4450,2300,-2,485,,255
5123,37500,19500,10400,5400,,,,2550,-2,,,
5124,130000,75000,34200,14100,,,7600,3500,-1,,,
5125,400000,200000,100000,49000,,25000,14000,7000,-1,2000,,1000
6110,181980,92300,46770,23710,,12020,6090,3090,-1,1570,,800
6111,54540,27670,14030,7120,,,3600,1820,-1,,,
5126,1400000,700000,300000,150000,75000,43000,27500,17500,-1,8000,5625,3000
10020,200,140,90,50,,15,5,0,5,,,
10021,40,28,18,10,,3,1,0,1,,,
6112,20550,11218,5890,3180,,,,1705,-1,,,
256,115,80,50,30,,,,1,,,,
6113,32340,17560,9520,5185,,,2820,1540,-1,830,,455
6114,9700,5270,2870,1555,,,,845,-1,,,
6115,25855,13845,7300,3910,,,2105,1240,-1,630,,335
6116,7620,4050,2140,1160,,,,630,-1,,,
6117,92410,49570,26570,14230,,,7610,4070,-1,2180,1165,630
6118,28980,15420,8270,4430,,,,2370,-1,,,
6119,21165,11395,6140,3310,,,1775,955,-1,550,,300
6120,6250,3390,1840,1000,,,,550,-1,,,
257,115,80,50,30,,,15,1,,2,,1
5127,145000,72000,35750,17700,,9350,4950,2600,-1,565,,300
6121,28161,15150,8080,4300,,,2295,1225,-1,655,350,185
6122,8410,4480,2400,1280,,,,680,-1,,,
6123,1000000,500000,250000,,,,130000,100000,-1,,,
6124,250000,125000,62500,,,,,,-1,,,
258,750,525,335,,,,185,105,,,,
5128,600000,300000,,,,,,100000,-1,,,
10022,50,40,,,,,,20,,,,
5129,73900,39800,22050,12280,,,7230,4290,-1,500,,
5130,22000,12600,7650,4450,,,,2000,-1,,,
27,175,120,75,40,,,15,0,5,,,
10023,35,24,15,8,,,3,0,1,,,
5131,171000,92400,51300,28600,,,16750,9750,-1,1160,660,
5132,55000,34000,20000,12500,,,,2000,-1,,,
10024,50,35,22,12,,,5,0,2,,,
28,175,120,75,40,,,15,0,0,,,
5133,22000,12600,7640,4440,,,,2000,-1,,,
5134,73700,39650,22000,12250,,,7220,4275,-1,500,,
6125,95500,50500,26700,14130,,,7470,3950,-1,2090,1105,585
6126,30000,15900,8430,4460,,,,2360,-1,,,
5135,73500,39500,21750,12200,,,7200,4250,-1,500,,
5136,22000,12600,7600,4370,,,,2000,-1,,,
5137,77300,41500,22850,12800,,,7600,4500,-1,500,,
5138,23000,13050,8200,4800,,,,2000,-1,,,
5139,65800,37350,20750,11500,,,6800,4000,-1,500,,
5140,85650,46275,25700,14300,,,8370,4900,-2,580,330,
5141,26500,15550,9450,5800,,,,1700,-2,,,
29,200,140,90,50,,,15,0,5,,,
10025,40,28,18,10,,,3,0,1,,,
5142,74000,39850,22100,12300,,,7250,4300,-1,500,,
5143,22000,12600,7700,4500,,,,2000,-1,,,
30,300,210,135,75,,,25,0,10,5,,
10026,60,42,27,15,,,5,0,2,,,
5144,171000,84700,42000,20900,,,11000,5850,-2,845,,445
5145,49500,26850,14300,6900,,,,2550,-2,,,
31,250,175,110,60,,,25,0,10,5,,1
5146,163750,81000,40250,20000,,,10575,5590,-1,810,,425
5147,47000,25500,13000,6000,,,,3000,-1,,,
5148,59100,31000,17450,9200,,,5850,3470,-2,500,,
5149,18500,10300,5800,3100,,,,1700,-2,,,
6127,414000,211000,107500,54780,,27900,14220,7245,-1,3690,,1880
6128,124200,63310,32250,16430,,,8370,4270,-1,,,
259,465,325,210,115,,65,40,1,15,10,,1
6129,29000,15200,7965,4170,,,2270,1340,-1,680,365,210
6130,8500,4480,2420,1290,,,,670,-1,,,
6131,250000,130000,69760,37550,,,20200,10650,-1,5600,3010,1640
6132,80000,40420,21650,11550,,,,6160,-1,,,
6133,28700,15390,8030,4245,,,2335,1355,-1,690,,375
5150,590000,295000,147500,73500,38570,20400,10580,5800,-1,2000,,1000
5151,205000,116000,53750,22500,,,12000,3500,-1,,,
32,500,350,225,125,75,35,15,5,5,3,,1
5152,555000,277500,138750,73000,37000,20000,9900,5000,-1,2000,,1000
5153,195000,112000,50000,21100,,,11000,3500,-1,,,
6134,15420,8340,4472,2408,,,1297,698,-2,376,203,109
6135,4550,2450,1320,,711,,,383,-2,,,
5154,360000,180000,90000,46000,,24200,15000,7000,-2,1700,,850
5155,136300,71700,37700,19900,,10450,5500,2900,-2,540,,275
5156,41500,21800,11500,6070,,,3250,2050,-2,,,
6136,28000,15000,7730,4270,,,2260,1340,-1,650,350,200
5157,115500,62400,34660,19340,,,11300,6600,-2,785,445,
5158,37500,22300,13400,7900,,,,1700,-2,,,
33,225,155,100,55,,,20,0,10,,,
34,225,155,100,55,,20,10,0,5,,,
10027,45,31,20,11,,,4,1,,,,
5159,84500,49750,29200,17200,,10100,5900,3500,-2,760,445,
5160,28500,17000,10000,6100,,,3550,1700,-2,,,
5161,67750,36500,20200,11250,,,6650,3950,-2,500,,
5162,20500,12000,7350,4000,,,,1700,-2,,,
5163,1000000,530000,265000,132500,66250,39400,23760,14290,-2,7500,3750,2000
5164,300000,150000,75000,37500,,20000,10000,6700,-2,,,
5165,750000,375000,187500,93750,50000,28125,17000,10250,-3,6500,3250,1625
5166,230000,115000,57500,30000,,16000,9000,5250,-3,,,
5167,54250,28750,16000,9000,,,5400,3075,-2,500,,
5168,15000,9000,4650,2860,,,,1700,-2,,,
5169,65000,35500,20000,10525,,,6500,3700,-2,500,,
5170,19500,11000,6100,3450,,,,1700,-2,,,
5171,64000,34000,19000,10500,,,6385,3600,-1,500,,
5172,18600,10500,5800,3000,,,,2000,-1,,,
5173,118000,60000,30000,15000,,,8000,4170,-2,575,,300
5174,30500,15300,8400,5300,,,,2550,-2,,,
6137,14779,7967,4292,2310,,,1242,668,-2,358,194,113
5175,83500,45100,25050,14000,,,8160,4760,-1,565,,320
5176,25300,14900,8800,5360,,,,2000,-1,,,
5177,117000,58000,28800,14330,,,7550,4000,-2,580,,300
5178,30500,15500,8500,5350,,,,2550,-2,,,
5179,420000,210000,105000,51000,,26200,17250,8500,-1,2000,,1000
5180,79000,44000,23750,13500,,,7650,4600,-1,500,,
5181,22700,13000,7900,4550,,,,2000,-1,,,
5182,80650,43500,24200,13500,,,7900,4600,-1,550,310,
5183,24400,14300,8650,5000,,,,2000,-1,,,
5184,94000,52000,29000,17450,,11000,6000,3500,-1,775,430,
5185,36500,21500,13000,7550,,,,2000,-1,,,
6138,28000,15000,8025,4300,,,2300,1315,-1,670,,360
5186,1500000,750000,320000,160000,80000,46000,30000,18500,-1,8000,5625,3000
5187,420000,210000,105000,50000,,25000,15000,10000,-1,,,
5188,94000,51000,28025,16000,,,10425,5500,-1,625,,355
5189,28000,17000,10000,6000,,,,2000,-1,,,
5190,85000,46400,26000,15000,,,9000,5000,-1,565,,320
5191,135000,69000,37000,20000,,11000,5300,2825,-1,810,,425
5192,139000,68800,34150,17000,,,8975,4750,-2,690,,360
5193,39500,20500,11200,5400,,,,2550,-2,,,
5194,145200,78475,43600,24300,,,14200,8300,-2,985,560,
35,250,175,110,60,,,25,0,10,,,
5195,46500,27300,17550,10800,,,,1700,-2,,,
5196,116000,66400,30300,12550,,,6650,3100,-2,,,
6139,35000,18900,10075,5375,,,2865,1530,-1,820,440,235
6140,10500,5600,2990,1590,,,,850,-1,,,
5197,625000,315000,,,,,,100000,-1,,,
5198,100000,25000,,,,,,15000,-1,,,
6141,375000,187500,93750,,,,,,-1,,,
6142,1340000,715000,,,,,,100000,-1,,,
300,6,4,3,2,,,1,,,,,
301,25,17,12,7,,,4,1,1,,,
302,35,25,16,9,,,5,1,3,2,1,
303,45,32,20,12,,,6,1,3,2,1,
304,55,39,25,15,,,7,1,3,2,1,
305,65,45,29,16,,,8,1,3,2,1,
306,70,50,35,18,,,9,1,3,2,1,
307,75,55,40,20,,,10,1,3,2,1,
36,250,150,90,45,,,20,0,12,,,
5199,78500,42500,22100,12700,,,7600,4550,-1,525,,
5200,25000,12700,7350,3550,,,,2100,-1,,,
5202,25000,12600,7200,3450,,,,2100,-1,,,
5201,78000,42000,22000,12550,,,7550,4490,-1,520,,
5203,77200,40500,21500,11675,,,7000,4250,-1,525,,
5204,183000,96250,50900,27650,,,16400,9750,-1,1230,615,
5205,59000,30100,17400,8500,,,,4940,-1,,,
5206,73000,37000,19500,10600,,,6350,3960,-1,400,,
5207,23000,11900,6600,3150,,,,1950,-1,,,
41,100,60,35,18,,,8,0,5,,,
42,90,55,33,17,,,8,0,5,,,
44,55,38,24,13,,,5,0,2,,,
6143,98500,52500,28100,15100,,,8000,4300,-1,2300,1230,660
6144,31000,16500,9000,4750,,,,2550,-1,,,
308,470,320,200,120,,,60,1,20,12,8,1
309,280,200,130,70,,,30,1,16,10,6,1
6145,37000,19000,10200,5340,,,2950,1725,-1,860,460,265
6146,11000,5750,3100,1650,,,,860,-1,,,
5208,2000000,1000000,365000,182250,88000,51000,31000,19400,-1,11440,5710,2860
5209,450000,225000,112000,55400,,31245,17035,9585,-1,,,
45,2000,1200,720,360,180,90,45,10,25,14,8,0
310,2000,1400,900,500,280,160,100,5,60,50,40,2
46,75,45,27,13,,,5,0,3,,,
47,110,65,40,20,,,9,0,5,,,
5210,82000,44000,23000,13000,,,7500,4700,-1,635,,
5211,25650,13050,7550,3650,,,,2150,-1,,,
5212,73000,37000,19500,10600,,,6350,3960,-2,400,,
5213,23000,11900,6600,3150,,,,1950,-2,,,
5214,79000,41500,22000,12000,,,7050,4340,-1,550,,
5215,25500,13000,7500,3600,,,,2200,-1,,,
5216,90000,47600,25100,13650,,,8000,5000,-1,625,,
5217,29000,15000,8600,4150,,,,2450,-1,,,
5218,277000,125000,59000,28500,,,14550,8000,-2,900,,500
5219,66500,34400,18300,10000,,,,5500,-2,,,
37,500,300,180,90,,,45,0,20,10,,0
5220,93900,49000,26250,14400,,,8450,5200,-1,650,330,
5221,30730,15800,8500,4600,,,,2570,-1,,,
6147,107000,56000,30000,15925,,,8590,4580,-1,2460,1320,700
6148,34000,17800,9400,4950,,,,2650,-1,,,
5222,88500,47000,25900,14450,,,8450,4900,-2,400,200,
5223,30000,15200,8200,4450,,,,2500,-2,,,
5224,300000,126000,55500,25750,,,12250,6400,-1,900,,450
5225,63600,32700,17500,9500,,,,5300,-1,,,
311,800,550,350,200,,110,60,1,30,20,,1
6149,350000,175000,87500,40000,,20000,10275,5400,-1,2900,,1500
6150,100000,50000,25000,12500,,,6250,3170,-1,,,
48,80,48,29,15,,,6,0,5,,,
5226,25300,13000,7000,3900,,,,2200,-1,,,
5227,383000,180000,85000,40000,,,20500,11000,-1,1650,,870
5228,94000,48500,26000,14050,,,,7800,-1,,,
49,1000,600,360,180,90,45,25,10,12,7,,0
5229,605500,295500,148100,75500,39800,21300,11500,7050,-1,2100,,1075
5230,225000,117000,54000,23000,,,12650,4000,-1,,,
6151,700000,350000,150000,64700,32000,18740,11150,7050,-1,2100,,1050
6152,237000,118500,51000,22000,,,11500,4000,-1,,,
312,1000,700,450,250,140,80,50,5,30,20,,1
5231,71700,37700,20000,10850,,,6400,3850,-2,500,,
5232,22750,11450,6200,3440,,,,1940,-2,,,
50,1000,600,360,180,,90,45,10,25,14,,0
5233,434000,203000,103450,53000,,27500,14500,7650,-2,1800,,900
5234,166500,69000,30000,13750,,,6400,3300,-2,,,
6153,112303,57669,30959,8380,,,4629,2707,-1,1350,722,416
6154,17262,9023,4865,2589,,,,1350,-1,,,
313,470,320,200,120,,60,40,1,12,8,,1
6155,187815,97418,50464,17936,,9195,4634,2377,-1,1210,,629
6156,41134,21293,10888,5589,,,,2867,-1,,,
51,500,300,180,90,,45,20,0,10,4,,0
5235,286000,144000,73000,37000,,19000,10000,6000,-2,600,,300
5236,73000,39000,21000,12300,,,7500,4550,-2,,,
6157,27677,14213,7630,3994,,,2207,1290,-2,643,344,198
6158,8228,4301,2319,1234,,,,643,-2,,,
5237,75500,39700,21060,11425,,,6740,4055,-2,500,,
5238,585000,270000,131500,66000,,33750,17500,9150,-2,2400,,1200
5239,218000,89000,38700,16800,,,7650,4000,-2,,,
314,1000,700,450,250,,140,80,5,30,20,,1
6159,620000,310000,135500,57500,,27500,15150,7825,-2,2170,,1050
6160,196000,98000,39000,15500,,,8455,4200,-2,,,
5240,1060000,530000,265000,132500,68400,40600,24500,15000,-2,7850,3950,2080
5241,312000,156000,78000,39000,,21200,10600,7100,-2,,,
52,125,75,45,25,,,10,0,5,,,
5242,115150,62250,33600,18250,,,10800,6550,-2,650,375,
5243,37750,19000,10250,5600,,,,3140,-2,,,
38,250,150,90,45,,20,10,0,5,,,
5244,84300,48000,27700,16300,,9500,5775,3515,-2,650,375,
5245,31000,16500,9000,5300,,,3200,1950,-2,,,
5246,850000,425000,212500,106250,53250,29250,17750,10750,-3,6700,3350,1675
315,280,200,130,70,,30,15,1,10,6,,1
6161,37000,19000,10000,5000,,2600,1350,700,-1,360,,190
6162,11000,5800,3000,1585,,,,810,-1,,,
5247,80000,42000,22300,12125,,,7100,4350,-1,500,300,
5248,25700,13250,7200,4000,,,,2250,-1,,,
5249,228000,104000,48500,23200,,11250,6000,3500,-2,650,,340
5250,68000,32250,15500,7500,,,,3750,-2,,,
5251,100000,52650,28425,16330,,,9590,5680,-1,640,350,
5252,31900,16050,8470,4650,,,,2640,-1,,,
6163,107000,55500,28750,14825,,7600,3830,1965,-1,1000,,520
6164,34000,17600,9000,4620,,,,2370,-1,,,
5253,443500,222000,113725,59200,,31000,16250,8500,-1,2000,,1000
5254,175000,76100,33825,15375,,,7500,3750,-1,,,
5255,1600000,800000,350000,175000,85000,48000,31000,19000,-1,8000,5625,3000
5256,94000,51500,28750,17000,,10100,6000,3550,-1,800,440,
53,250,150,90,45,,20,5,0,5,,,
5257,38250,19500,10500,5750,,,,3260,-1,,,
5258,100100,52700,28450,16350,,,9600,5690,-1,645,355,
5259,32000,16100,8500,4670,,,,2650,-1,,,
5260,154000,81000,43750,25150,,,14760,8750,-1,1000,,550
5261,50000,25150,13300,7300,,,,4130,-1,,,
5262,500000,230000,110000,52300,,,26700,14500,-1,1700,,900
5263,122000,83000,33350,18100,,,,10000,-1,,,
5264,616500,302000,151800,77750,,40330,21000,11000,-1,2650,,1350
5265,252250,105100,44750,19450,,,8800,4000,-1,,,
6165,100000,50000,31300,15660,,,,7850,-1,,,
6166,775500,387750,169445,74450,,37225,19950,11817,-1,2610,,1350
6167,266000,133000,53000,22260,,,9350,4250,-1,,,
5266,93000,49000,26000,15000,,,8550,5175,-2,450,225,
5267,30850,15450,8350,4650,,,,2620,-2,,,
5268,170000,91000,50000,28000,,,16630,9700,-1,1150,650,
5269,57700,29750,15850,8600,,,,4800,-1,,,
5270,118500,62300,33000,17925,,,10600,6350,-1,800,400,
5271,86500,45950,25350,14100,,,8250,4790,-2,390,,190
5272,29000,14700,8000,4300,,,,2420,-2,,,
5273,103400,54300,28800,15600,,,9200,5500,-2,550,250,
5274,33200,16720,9050,5020,,,,2820,-2,,,
5275,291700,134000,64100,30500,,,15550,8400,-2,1000,,550
5276,71500,37000,19500,10600,,,,5850,-2,,,
5277,323000,149250,71000,33750,,,17250,9310,-2,1050,,600
5278,79000,40800,21600,11700,,,,6470,-2,,,
5279,450000,212500,105500,55000,,28900,15200,8000,-2,1725,,875
6168,157427,83908,44911,24133,,,12786,6872,-1,3676,1966,1055
6169,49546,26371,14384,7592,,,,4076,-1,,,
6170,1550000,780000,,,,,,100000,-1,,,
6171,200000,100000,50000,,,,,32500,-1,,,
316,600,420,250,,,,,160,,,,
54,500,400,,,,,,200,,,,
5280,770000,380000,,,,,,120000,-1,,,
5281,125000,30000,,,,,,22500,-1,,,
5282,185850,97350,52520,30090,,,17670,10480,-1,1650,795,
5283,56250,29500,16000,9160,,,,5380,-1,,,
55,250,150,90,45,,,20,0,12,6,,
5284,68450,35980,19450,11140,,,6555,3885,-1,650,315,
5285,21650,11360,6150,3500,,,,2070,-1,,,
5286,63800,33600,18200,10370,,,6110,3620,-1,615,295,
5287,20430,10740,5820,3330,,,,1950,-1,,,
5288,67260,35400,19180,10935,,,6435,3820,-1,615,295,
5289,64250,33780,18245,10450,,,6150,3635,-1,600,290,
5290,19500,10250,5530,3170,,,,1870,-1,,,
5291,2100000,1050000,400000,200000,89000,52000,31500,19500,-1,,,
5292,450000,225000,112000,55400,,31245,17035,9585,-1,,,
6172,98500,53100,28650,15450,,,8325,4500,-1,1900,825,350
5293,81770,36900,17400,8410,,,,4300,-2,,,
5294,75700,39780,21525,12325,,,7260,4300,-1,740,360,
5295,24350,12800,6930,3970,,,,2330,-1,,,
5296,90925,47900,25900,14830,,,8710,5160,-1,850,405,
5297,29200,15300,8300,4750,,,,2800,-1,,,
5298,75700,39780,21525,12325,,,7260,4300,-1,740,360,
6173,107000,57150,30625,16425,,,8800,4800,-1,2460,1320,700
5299,92400,48700,26350,15050,,,8850,5250,-2,825,400,
5300,28325,14870,8050,4600,,,,2710,-2,,,
5301,261500,121600,57800,27300,,,13980,7545,-1,900,,450
5302,76950,35750,17000,8030,,,,4100,-1,,,
5303,81400,42850,23200,13280,,,7800,4625,-1,760,370,
5304,26040,13690,7410,4250,,,,2500,-1,,,
5305,113450,53320,25180,11850,,,,6070,-1,,,
5306,227000,106500,50150,23700,,,12135,6550,-1,785,,390
5307,66900,31070,14780,6980,,,,3560,-1,,,
317,900,620,395,225,,125,70,1,30,20,,1
5308,198400,96820,48530,24730,,,13040,6980,-1,,,
5309,133500,62440,31800,16300,,,8460,4460,-2,,,
5310,72150,37900,20500,11740,,,6910,4100,-2,650,315,
5311,21650,11360,6150,3500,,,,2070,-2,,,
56,80,48,29,15,,,7,0,3,,,
5312,89660,45150,22880,11600,,,5950,3130,-2,,,
5313,68450,35980,19450,11140,,,6555,3885,-2,650,315,
5314,67430,35400,19160,10970,,,6460,3835,-2,610,295,
5315,20490,10750,5820,3330,,,,1960,-2,,,
5316,177850,82100,39980,20060,,,10260,5320,-2,,,
6174,26756,13740,7376,3862,,,2133,1247,-2,622,333,192
6175,7955,4158,2242,1193,,,,622,-2,,,
5317,1120000,560000,280000,140000,70000,42000,25000,15000,-2,8000,4000,2000
5318,320000,160000,80000,40000,,22000,11000,7500,-2,,,
57,250,150,90,45,,20,10,0,5,3,,
5319,79260,45130,26045,15330,,8935,5430,3305,-2,1025,500,
5320,29300,15600,8510,5010,,,3025,1840,-2,,,
5321,113600,59900,32430,18500,,,10880,6450,-2,1110,535,
5322,36450,19120,10350,5930,,,,3480,-2,,,
5323,69350,36550,19775,11300,,,6640,3940,-2,660,320,
5324,22220,11670,6320,3610,,,,2130,-2,,,
5325,1000000,500000,250000,125000,62500,31250,18750,11250,-3,7000,3500,1750
5326,240000,120000,60000,30000,,16000,9000,5250,-3,,,
6176,37000,19000,10400,5625,,,3100,1825,-1,850,,440
318,280,200,130,70,,,30,1,10,6,,1
5327,95845,50500,27300,15630,,,9180,5440,-1,850,405,
5328,71280,32500,15150,7250,,,,3520,-2,,,
5329,111950,58850,31860,18230,,,10720,6360,-1,1000,470,
5330,34000,17850,9650,5530,,,,3250,-1,,,
5331,261500,121600,57800,27300,,13980,7545,3955,-1,775,,400
5332,138300,69250,35470,18460,,,9670,5070,-1,,,
319,900,620,395,225,,125,70,1,30,20,12,1
6177,350000,175000,87500,40000,,20000,10275,5400,-1,2000,1000,475
5333,93630,51300,28635,16930,,10060,5980,3535,-1,1100,535,
5334,36500,19150,10350,5930,,,,3470,-1,,,
5335,1700000,850000,400000,200000,100000,50000,31000,19000,-1,8000,5625,3000
5336,66580,34975,18920,10830,,,6375,3785,-2,600,290,
5337,20220,10620,5750,3280,,,,1940,-2,,,
5338,153500,80700,43700,25000,,,14700,8715,-1,1380,660,
5339,46750,24500,13300,,,,7600,4470,-1,,,
5340,99725,52500,28430,16280,,,9555,5670,-1,,,
5341,29900,15700,8500,4870,,,,2860,-1,,,
5342,147200,67700,32400,15360,,,,7860,-1,,,
6178,100000,50000,25000,12500,,,,6250,-1,,,
6179,775500,387750,169445,74450,,37225,19950,10340,-1,2610,,1350
5343,191000,93600,47030,24100,,,12500,6500,-1,,,
5344,95845,50500,27300,15630,,,9180,5440,-2,850,405,
5345,29200,15300,8300,4750,,,,2800,-2,,,
5346,181750,95200,51360,29430,,,17280,10240,-1,1600,765,
5347,54700,28700,15550,8900,,,,5230,-1,,,
6180,157427,85026,45787,24773,,,13265,7192,-1,3676,1966,1055
5348,103900,54800,29675,16920,,,9950,5900,-2,920,435,
5349,31500,16550,8950,5140,,,,3015,-2,,,
5350,113600,59900,32430,18500,,,10880,6450,-1,1110,535,
5351,36450,19120,10350,5930,,,,3480,-1,,,
5352,86270,39630,18960,9020,,,,4600,-2,,,
5353,95240,44000,20930,9950,,,,5080,-2,,,
320,375,255,165,75,,,,,,,,
6181,210000,120000,50000,35000,,,,,-1,,,
5354,133200,62900,31240,16280,,,,8550,-2,,,
58,1500,400,,,,,,200,,,,
5355,1630000,380000,,,,,,120000,-1,,,
5356,125000,30000,,,,,,22500,-1,,,
5357,176340,92360,49850,28550,,,16770,9935,-1,1650,795,
6182,103000,55000,29500,15675,,,8500,4650,-1,2000,900,400
6183,32000,17000,9250,4850,,,,2600,-1,,,
60,2000,1200,720,360,180,90,45,10,25,16,8,0
5358,2200000,1100000,420000,210000,93000,54500,32000,20000,-1,11440,5710,2860
5359,454500,227250,113000,56000,,31500,17200,9600,-1,,,
5360,76500,40300,21800,12435,,,7325,4340,-1,740,360,
5361,24500,12870,6980,3990,,,,2340,-1,,,
5362,72600,38200,20700,11800,,,6940,4120,-2,670,320,
5363,22000,11600,6300,3600,,,,2100,-2,,,
5364,68850,36250,19640,11190,,,6595,3905,-1,670,320,
5365,22000,11600,6300,3600,,,,2100,-1,,,
59,80,48,29,15,,,6,0,3,,,
5366,92000,48300,26150,14920,,,8790,5210,-1,885,425,
5367,29400,15450,8370,4790,,,,2800,-1,,,
5368,85700,45100,24450,13930,,,8200,4865,-1,785,375,
5369,26000,13700,7410,4240,,,,2490,-1,,,
5370,279500,126150,59550,28760,,,14680,8075,-2,910,,505
5371,82500,37230,17560,8480,,,,4340,-2,,,
5372,93450,49180,26650,15190,,,8940,5310,-2,855,410,
5373,28400,14900,8090,4630,,,,2710,-2,,,
5374,82800,43600,23600,13460,,,7930,4700,-1,800,390,
5375,26500,13940,7550,4320,,,,2520,-1,,,
5376,264000,122000,59000,27500,,,14050,7585,-1,900,,470
5377,78000,35800,17400,8050,,,,4130,-1,,,
6184,360000,180000,90000,41450,,20550,10575,5500,-1,3000,,1550
6185,103000,51550,25750,13000,,,6500,3250,-1,,,
6186,37000,19100,10400,5625,,,3100,1825,-1,850,,440
5378,386000,181500,85000,40525,,,20670,11370,-1,1280,,700
5379,114500,54000,25550,11950,,,,6110,-1,,,
6187,111000,60700,32500,17300,,,9525,5200,-1,2530,1365,750
6188,35500,18500,9600,5100,,,,2720,-1,,,
61,1000,600,360,180,90,45,25,10,16,8,,0
5380,611000,298200,149450,76195,40160,21495,11605,7115,-1,2120,,1085
5381,200200,97700,48970,24960,,,13160,7040,-1,,,
5382,80650,42450,23000,13100,,,7715,4580,-1,740,,360
5383,438000,205000,104400,53500,,27750,14635,7715,-2,1820,,900
5384,134500,63400,32000,16400,,,8540,4550,-2,,,
6189,111000,57350,29205,15200,,7850,4000,2025,-1,1035,,535
6190,35500,19000,9500,4900,,,,2500,-1,,,
5385,290000,145750,73850,37450,,19230,10110,6075,-2,610,,300
5386,90750,45700,23160,11750,,,6020,3170,-2,,,
5387,66500,35000,19000,10800,,,6360,3775,-2,610,290,
5388,20200,10650,5760,3290,,,,1930,-2,,,
5389,22000,11600,6300,3600,,,,2100,-2,,,
5390,68850,36250,19640,11190,,,6595,3905,-2,670,320,
5391,590000,275000,133000,67000,,34000,17600,9175,-2,2400,,1200
5392,180000,83000,40000,20100,,,10300,5360,-2,,,
5393,1200000,600000,300000,150000,75000,42000,25000,15000,-2,8000,4000,2500
5394,330000,165000,82500,42000,,22000,12000,7500,-2,,,
5395,114750,60400,32750,18650,,,11000,6505,-2,1110,535,
5396,36750,19300,10460,6000,,,,3500,-2,,,
5397,77500,44100,25500,15000,,8730,5300,3230,-2,1010,490,
5398,28600,15250,8300,4900,,,2960,1800,-2,,,
5399,71000,37400,20270,11550,,,6800,4030,-2,685,330,
5400,22750,11960,6500,3720,,,,2170,-2,,,
6191,103000,54000,29000,15300,,,8250,4450,-1,2500,1325,700
5401,1100000,550000,275000,137500,68750,34375,20125,11500,-3,7000,3500,1750
5402,250000,125000,62500,31250,,16000,9000,5250,-3,,,
5403,230000,104850,48850,23300,,11340,6045,3515,-2,650,,340
5404,72000,33000,15500,7400,,,,3600,-2,,,
5405,96800,50900,27600,15730,,,9265,5500,-1,885,425,
5406,113000,59400,32200,18350,,,10800,6410,-1,1030,500,
5407,34300,18000,9770,5590,,,,3280,-1,,,
62,1000,600,360,180,,90,45,10,25,16,,
5408,450000,224000,114825,59700,,31280,16375,8570,-1,2000,,1000
5409,140000,70000,35500,18470,,,9690,5090,-1,,,
5410,496000,243200,122400,62240,,32320,17040,9200,-1,2120,,1080
5411,153600,75200,37720,19360,,,10000,5290,-1,,,
5412,74630,42500,24520,14435,,8410,5110,3115,-1,920,440,
5413,30650,16100,8730,4990,,,,2920,-1,,,
5414,1800000,900000,450000,225000,110000,55000,31000,19000,-1,8000,5625,3000
5415,67650,35600,19300,11000,,,6465,3845,-2,620,300,
5416,20550,10800,5860,3350,,,,1960,-2,,,
5417,155000,81500,44150,25180,,,14820,8800,-1,1420,680,
5418,47050,24700,13400,7670,,,,4500,-1,,,
5419,107000,56300,30500,17400,,,10235,6075,-1,980,470,
5420,32500,17100,9250,5300,,,,3100,-1,,,
5421,505000,234000,110000,52520,,,26810,14710,-1,1700,,900
5422,148500,68000,33000,15500,,,,7920,-1,,,
5423,295000,133000,63000,30400,,,15500,8525,-1,960,,530
5424,87150,39320,18540,8960,,,,4600,-1,,,
6192,103000,51550,32350,16250,,,,8100,-1,,,
5425,620000,304000,153000,77800,,40400,21300,11500,-1,2650,,1350
5426,192000,94000,47150,24200,,,12510,6600,-1,,,
5427,96800,50900,27600,15730,,,9265,5500,-2,885,425,
5428,29400,15450,8370,4790,,,,2800,-2,,,
5429,132160,69525,37675,21480,,,12640,7505,-1,1210,580,
5430,40140,21100,11450,6540,,,,3830,-1,,,
5431,104850,55200,29900,17045,,,10030,5955,-2,960,460,
5432,31850,16740,9070,5190,,,,3040,-2,,,
5433,114750,60400,32750,18650,,,11000,6505,-1,1110,535,
5434,36750,19300,10460,6000,,,,3500,-1,,,
6193,118500,64300,34700,18600,,,10050,5550,-1,2725,1510,855
6194,37200,19600,10550,5735,,,,3025,-1,,,
6195,1750000,890000,485000,,,340000,225000,110000,-1,,,
5435,325000,151000,72000,34000,,,17500,9350,-2,1070,,600
5436,96500,44500,21000,10000,,,,5130,-2,,,
5437,318000,143500,67700,32700,,,16700,9180,-2,1030,,575
5438,93900,42350,20000,9650,,,,4930,-2,,,
5439,454000,214400,106500,55500,,29155,15320,8040,-2,1825,,925
63,110,60,30,,,,,15,,,,
64,1500,400,,,,,,200,,,,
5440,1630000,380000,,,,,,120000,-1,,,
5441,287500,30000,,,,,,22500,-1,,,
5442,74370,39165,21215,12090,,,7120,4220,-1,720,345,0
5443,23800,12520,6780,3890,,,,2270,-1,,,
5444,175380,92360,50030,28500,,,16795,9950,-1,1690,810,0
5445,56160,29520,16000,9160,,,,5360,-1,,,
5446,71900,37860,20510,11685,,,6885,4080,-1,660,315,0
5447,21800,11480,6220,3560,,,,2090,-1,,,
5448,78360,41290,22365,12740,,,7510,4450,-1,720,345,0
6196,110000,57800,31000,16000,,,8800,4700,-1,2650,1400,750
6197,34000,18000,9750,5000,,,,2700,-1,,,
6198,107000,57000,30510,16375,,,8800,4800,-1,2030,920,415
6199,33000,17600,9600,4900,,,,2650,-1,,,
5449,2300000,1150000,437000,218500,109250,54625,33300,20000,-1,11440,5710,2860
5450,454500,227250,113000,56000,,31500,17200,9600,-1,,,
5451,71900,37860,20510,11685,,,6885,4080,-2,660,315,0
5452,21800,11480,6220,3560,,,,2090,-2,,,
5453,68220,35920,19460,11085,,,6530,3870,-2,660,315,0
6200,107000,57000,30500,16375,,,8800,4800,-1,2550,1375,750
5454,85800,45190,24480,13940,,,8220,4870,-1,785,375,0
5455,26070,13700,7430,4250,,,,2490,-1,,,
5456,29120,15310,8300,4750,,,,2780,-1,,,
5457,95860,50485,27350,15580,,,9180,5440,-1,875,420,0
5458,290550,131000,62050,29940,,,15265,8395,-2,945,,525
5459,85840,38730,18260,8830,,,,4530,-2,,,
5460,92560,48750,26410,15045,,,8865,5250,-2,845,410,0
5461,28120,14780,8010,4580,,,,2690,-2,,,
5462,82900,43665,23650,13475,,,7945,4705,-1,800,380,0
5463,26550,13960,7560,4330,,,,2530,-1,,,
5464,277915,125300,59350,28640,,,14600,8030,-1,905,,500
5465,82100,37040,17460,8440,,,,4340,-1,,,
5466,409170,184470,87380,42165,,,21500,11825,-1,1330,,735
5467,120850,54540,25720,12430,,,,6380,-1,,,
5468,75780,39900,21620,12320,,,7255,4300,-1,730,350,0
5469,24270,12760,6910,3960,,,,2320,-1,,,
6201,385000,192000,96100,44250,,22000,11300,5800,-1,3200,,1650
6202,110000,55000,27525,13850,,,7000,3500,-1,,,
6203,446778,242815,130148,32461,,,17872,10030,-1,4842,2599,1422
6204,67476,35561,18237,9118,,,,4742,-1,,,
5470,1000000,500000,200000,100000,43250,23291,12725,7709,-1,2296,,1175
5471,241000,121000,55000,27041,,,14259,7632,-1,,,
5472,659775,321990,161375,82270,43370,23210,12530,7680,-1,2290,,1170
5473,216190,105500,52880,26950,,,14210,7610,-1,,,
6205,712000,352000,164000,79000,39000,21000,12725,7700,-1,2280,,1140
6206,241010,121000,55000,25965,,,12750,6000,-1,,,
6207,115000,59000,30000,15500,,8110,4100,2075,-1,1150,,570
6208,37000,19500,10000,5000,,,,2600,-1,,,
5474,79880,42070,22790,12980,,,7650,4530,-1,730,350,0
5475,460260,225680,113580,57755,,30000,15810,8535,-2,1965,,1000
5476,142500,69780,35000,17970,,,9290,4900,-2,,,
5477,301150,151630,76870,38960,,20000,10530,6320,-2,630,,315
5478,94400,47550,24090,12210,,,6260,3300,-2,,,
5479,66250,34890,18900,10765,,,6345,3760,-2,605,290,0
5480,20120,10580,5730,3280,,,,1920,-2,,,
5481,585800,287225,144560,73510,,38170,20125,10865,-2,2505,,1275
5482,181400,88800,44550,22860,,,11820,6240,-2,,,
6209,115000,62500,33500,17800,,,9800,5500,-1,2655,1425,780
6210,631000,313000,149500,70000,,33000,17500,8750,-2,2375,,1140
6211,199000,100000,45000,18975,,,9500,5000,-2,,,
5483,1250000,625000,310000,155000,80000,47000,28000,18000,-2,9000,4500,2500
5484,340000,170000,85000,43000,,23000,12000,8000,-2,,,
5485,119800,63105,34185,19475,,,11475,6800,-2,1095,525,0
5486,36400,19140,10370,5930,,,,3480,-2,,,
5487,78935,44945,25940,15265,,8900,5410,3290,-2,1030,495,0
5488,29200,15540,8470,4990,,,3010,1830,-2,,,
5489,72950,38400,20805,11850,,,6985,4140,-2,665,320,0
5490,22150,11650,6310,3610,,,,2110,-2,,,
6212,107000,57000,35500,16000,,,8400,4500,-1,2550,1350,750
5491,1150000,575000,287500,145000,75000,38875,23125,14500,-3,8500,4250,2125
5492,260000,130000,65000,32500,,16650,9350,5450,-3,,,
5493,64700,34080,18460,10515,,,6200,3670,-2,590,285,
5494,19660,10330,5600,3200,,,,1880,-2,,,
5495,68220,35920,19460,11085,,,6530,3870,-1,660,315,
5496,216560,97635,46250,22315,,,11380,6260,-2,705,,390
5497,63980,28860,13600,6570,,,,3380,-2,,,
5498,86270,45435,24610,14020,,,8265,4895,-1,790,380,
5499,26210,13780,7470,4270,,,,2500,-1,,,
321,470,320,200,120,,,60,1,12,8,,1
6213,96000,53000,28500,15500,,,8750,4600,-1,2525,,1250
6214,31000,15500,8000,4325,,,,2350,-1,,,
5500,100650,53000,28715,16360,,,9640,5710,-1,920,445,0
5501,30580,16070,8710,4980,,,,2920,-1,,,
5502,252600,113880,53940,26030,,,13270,7300,-1,820,,455
5503,74620,33670,15880,7670,,,,3940,-1,,,
65,750,450,270,135,,70,35,5,,,,
5504,522550,256220,128960,65575,,34050,17950,9695,-1,2145,,1095
5505,155490,76120,38180,19600,,,,10130,-1,,,
322,685,470,260,175,,95,55,1,,,,
6215,385000,193000,96500,47000,,22750,11500,5950,-1,2750,1450,900
5506,535600,262610,132165,67205,,34900,18400,9935,-1,2290,,1165
5507,165860,81200,40730,20910,,,10800,5700,-1,,,
5508,73930,42090,24295,14300,,8335,5065,3080,-1,915,440,0
5509,30330,15950,8640,4940,,,,2900,-1,,,
5510,1900000,950000,475000,237500,120000,65000,37000,23000,-1,8638,5775,3000
5511,420000,210000,105000,50000,,26000,16000,11000,-1,,,
6216,385000,192000,96100,45750,,22060,11300,6100,-1,2050,,0
5512,70365,37060,20070,11445,,6740,,3990,-1,680,325,0
5513,22530,11850,6420,3670,,,,2150,-1,,,
5514,99465,52390,28380,16170,,,9525,5645,-1,910,435,0
5515,30220,15890,8610,4930,,,,2880,-1,,,
5516,153440,80815,43780,24940,,,14700,8705,-1,1400,675,0
5517,46620,24500,13280,7600,,,,4450,-1,,,
5518,530570,239200,113310,54675,,,27880,15330,-1,1725,,955
5519,156740,70720,33350,16120,,,,8270,-1,,,
5520,308130,138920,65800,31750,,,16190,8905,-1,1000,,555
5521,91030,41100,19370,9360,,,,4800,-1,,,
6217,110000,59850,31600,16800,,,,9150,-1,,,
6218,848000,424000,185290,81400,,40700,21815,12925,-1,2854,,1475
6219,290800,145446,57980,24340,,,10224,4640,-1,,,
5522,669450,328260,165210,84000,,43625,23000,12420,-1,2860,,1460
5523,207320,101500,50910,26130,,,13510,7120,-1,,,
5524,87870,46280,25070,14280,,,8415,4985,-2,805,385,0
5525,26700,14030,7610,4350,,,,2550,-2,,,
5526,121520,64000,34670,19750,,,11640,6895,-1,1110,530,0
5527,36950,19410,10520,6020,,,,3520,-1,,,
5528,342850,154570,73220,35330,,,18010,9910,-2,1115,,615
5529,101280,45700,21540,10410,,,,5350,-2,,,
5530,337900,152350,72160,34820,,,17755,9765,-2,1100,,605
5531,99820,45040,21240,10260,,,,5270,-2,,,
6220,122000,66250,35735,19150,,,10350,5700,-1,2810,1575,890
6221,38300,20200,10900,5900,,,,3100,-1,,,
260,160,117,85,44,,,22,1,6,4,,1
5532,479000,234865,118210,60110,,31215,16460,8885,-2,1965,,1000
6222,162987,87021,46487,24944,,,13393,7299,-1,3812,2027,1134
6223,51022,27212,14881,7582,,,,4110,-1,,,
6224,112080,56040,30051,8703,,,4802,3114,-1,1801,,1050
6225,17256,9004,4802,2550,,,,1351,-1,,,
6226,40000,20000,10425,5500,,,3100,1800,-1,950,700,500
6227,11500,6000,3200,1700,,,,900,-1,,,
6228,117000,62300,32830,17650,,,9340,5200,-1,2730,1450,805
6229,36500,19490,10650,5425,,,,2940,-1,,,
5533,180600,95130,51530,29360,,,17300,10250,-1,1745,835,0
5534,57850,30400,16480,9430,,,,5520,-1,,,
5535,69500,36650,19835,11300,,,6660,3945,-1,635,305,0
5536,21120,11100,6020,3440,,,,2020,-1,,,
5537,78800,41540,22500,12810,,,7550,4470,-1,720,345,0
5538,23950,12590,6820,3900,,,,2290,-1,,,
5539,78250,41200,22320,12720,,,7495,4440,-1,715,340,0
5540,23770,12500,6770,3870,,,,2270,-1,,,
6230,40000,20000,10725,5800,,,3200,2075,-1,1200,,700
6231,94355,50242,26815,14395,,,7726,4911,-2,2202,1169,653
5541,2430000,1215000,500000,250000,125000,71000,45500,27600,-1,13120,6560,3280
5542,475000,237500,118750,60000,,33500,19500,12500,-1,,,
6232,29435,15710,8589,4375,,,,2371,-2,,,
5543,98700,52000,28160,16050,,,9460,5600,-1,905,435,0
5544,30000,15770,8550,4890,,,,2860,-1,,,
5545,74000,39000,21130,12040,,,7100,4200,-2,675,325,0
5546,22500,11830,6400,3660,,,,2150,-2,,,
5547,74000,39000,21130,12040,,,7100,4200,-1,675,325,0
5548,22500,11830,6400,3660,,,,2150,-1,,,
6233,426000,213000,106435,49040,,24300,12480,6415,-1,3560,,1840
6234,122000,61600,30490,15340,,,7780,3840,-1,,,
6235,20000,11000,6000,4000,,,2000,1050,-1,600,,400
6236,5500,2700,1400,750,,,,450,-1,,,
6237,69039,36376,18640,9320,,,,4850,-1,,,
6238,442198,240644,128910,33225,,,18382,10183,-1,5005,2727,1726
5549,305000,137550,65150,31440,,,16030,8820,-2,995,,550
5550,90150,40660,19170,9270,,,,4750,-2,,,
5551,82300,43310,23475,13375,,,7880,4670,-1,750,360,0
5552,25000,13140,7120,4070,,,,2390,-1,,,
5553,95350,50200,27200,15500,,,9130,5410,-2,870,420,0
5554,29000,15230,8250,4720,,,,2760,-2,,,
5555,291800,131560,62320,30070,,,15330,8435,-1,950,,525
5556,86200,38900,18340,8860,,,,4550,-1,,,
5557,84550,44525,24120,13740,,,8100,4800,-1,815,390,0
5558,27070,14230,7710,4410,,,,2580,-1,,,
5559,429600,193700,91750,44275,,,22575,12415,-1,1400,,770
5560,126900,57300,27000,13050,,,,6700,-1,,,
5561,78000,41100,22280,12690,,,7475,4430,-1,750,360,0
6239,40000,20000,10725,5775,,,3200,2000,-1,950,,500
5562,1000000,500000,225000,104000,52000,26000,16000,11000,-1,2515,,1285
5563,245000,125492,63220,32220,,,16993,9102,-1,,,
5564,719160,350970,175900,89670,47270,25300,13660,8370,-1,2500,,1275
5565,235640,115000,57640,29370,,,15490,8290,-1,,,
6240,724000,353200,177000,90250,47575,25450,13750,8425,-1,2515,,1285
6241,245000,122997,58000,29547,,,14090,8140,-1,,,
6242,125000,65000,32825,16990,,8645,4480,2275,-1,1300,,700
6243,40000,21137,10830,5420,,,,2810,-1,,,
5566,501700,246000,123800,62950,,32700,17235,9305,-2,2140,,1090
5567,155400,76060,38150,19580,,,10120,5340,-2,,,
6244,100806,55000,29464,15565,,,8629,4770,-2,2359,1282,806
6245,32258,17046,8742,4371,,,,2282,-2,,,
6246,32258,16129,8407,4435,,,2500,1452,-2,766,565,403
6247,9274,4839,2581,1371,,,,726,-2,,,
6248,643000,315000,158500,80700,,39000,20750,9630,-2,2555,,1250
6249,203000,102034,50110,24000,,,12000,6300,-2,,,
5568,389300,177500,82700,39460,,19200,10230,5955,-2,1100,,570
5569,121460,54810,25850,12500,,,,6390,-2,,,
5570,638500,313070,157570,80120,,41610,21935,11845,-2,2730,,1390
5571,197730,96800,48560,24920,,,12880,6800,-2,,,
6250,343548,171774,85835,39548,,19597,10065,5173,-2,2871,,1484
6251,98387,49677,24589,12371,,,6274,3097,-2,,,
6252,94355,50242,26815,14395,,,7726,4214,-2,2202,1169,649
5572,1500000,750000,375000,190000,100000,60000,35000,21000,-2,10000,5000,2500
5573,360000,180000,90000,50000,,28000,15000,8000,-2,,,
5574,123400,65000,35210,20060,,,11820,7005,-2,1130,540,0
5575,37500,19710,10680,6110,,,,3580,-2,,,
5576,86300,49140,28360,16700,,9730,5910,3595,-2,1130,540,0
5577,31900,17000,9270,5460,,,3300,2000,-2,,,
6253,40000,20000,10565,5300,,2750,1420,750,-1,500,,300
5578,70250,37000,20040,11400,,,6730,3990,-2,675,325,0
5579,84550,44540,24125,13745,,,8100,4800,-2,775,370,0
5580,25700,13500,7320,4190,,,,2450,-2,,,
6254,32258,16129,8649,4677,,,2581,1673,-2,968,,565
6255,117000,62300,33250,17850,,,9550,4590,-1,2720,1450,805
5581,1600000,800000,400000,205000,105000,63000,38000,23500,-3,12000,6000,3000
5582,300000,150000,75000,37500,,20000,12000,7750,-3,,,
5583,78300,41240,22340,12730,,,7500,4445,-2,715,340,0
5584,23800,12500,6780,3880,,,,2270,-2,,,
5585,251200,114510,53340,25460,,12390,6600,3840,-2,710,,370
5586,78360,35360,16680,8060,,,,4120,-2,,,
5587,115200,60700,32860,18720,,,11030,6535,-1,1055,505,0
5588,35000,18400,9970,5700,,,,3340,-1,,,
6256,11500,6000,3200,,,,,1700,-1,,,
5589,295200,134600,62700,29925,,14560,7765,4510,-1,835,,435
5590,92100,41560,19600,9470,,,,4840,-1,,,
5591,547300,268350,135060,68680,,35660,18800,10155,-1,2340,,1190
5592,169500,83000,41620,21360,,,11040,5820,-1,,,
6257,125000,68200,36535,19300,,,10700,5915,-1,2925,1590,1000
6258,40000,21138,10840,5420,,,,2830,-1,,,
6259,426000,213000,104700,49040,,23730,12200,6400,-1,2670,,1620
5593,583800,286240,144060,73255,,38040,20055,10830,-1,2500,,1270
5594,180800,88500,44400,22780,,,11780,6210,-1,,,
5595,76900,43775,25265,14870,,8665,5270,3205,-1,950,455,0
5596,31550,16590,8990,5140,,,,3010,-1,,,
5597,2600000,1300000,650000,325000,165000,93000,53000,32000,-1,12028,7911,4100
5598,460000,230000,115000,58000,,30000,18750,12500,-1,,,
6260,117000,62300,33250,17850,,,9580,5225,-1,2730,1450,805
6261,112080,56040,30051,8666,,,4802,3001,-1,1426,,750
6262,112467,56233,29312,8253,,,4652,2701,-1,1426,1050,750
6263,17258,9004,4802,2552,,,,1352,-1,,,
5599,102450,54000,29230,16650,,,9810,5815,-1,935,450,0
5600,31100,16360,8870,5070,,,,2970,-1,,,
5601,158000,83240,45100,25700,,,15135,8970,-1,1445,690,0
5602,48000,25200,13670,7830,,,,4590,-1,,,
5603,312000,140700,66650,32160,,,16400,9020,-1,1020,,565
5604,92200,41600,19610,9480,,,,4870,-1,,,
5605,557100,251165,118975,57410,,,29270,16100,-1,1815,,1000
5606,164580,74250,35000,16920,,,,8690,-1,,,
5607,729725,357800,180075,91570,,47550,25070,13535,-1,3120,,1590
5608,226000,110600,55500,28480,,,14720,7770,-1,,,
6264,426000,213000,106425,49050,,24300,12480,6415,-1,3565,,1840
6265,122000,66200,35100,18650,,,,10150,-1,,,
6266,860000,430365,210000,100900,,48550,23500,13500,-1,3600,,2100
6267,291000,146000,65000,30000,,,14000,6500,-1,,,
5609,95700,50400,27300,15550,,,9165,5430,-2,875,420,0
5610,29100,15290,8280,4740,,,,2780,-2,,,
5611,90500,47670,25820,14710,,,8670,5135,-2,830,400,0
5612,27500,14450,7830,4480,,,,2620,-2,,,
5613,134800,71000,38460,21910,,,12910,7650,-1,1235,590,0
5614,40960,21530,11670,6670,,,,3910,-1,,,
5615,348000,156800,74300,35850,,,18275,10050,-2,1130,,625
5616,102780,46370,21860,10570,,,,5430,-2,,,
5617,360000,162300,76860,37100,,,18920,10400,-2,1175,,650
5618,106350,47980,22620,10940,,,,5610,-2,,,
5619,522100,256000,128850,65520,,34020,17940,9685,-2,2150,,1090
6268,132470,70728,37780,20303,,,10886,6912,-1,3099,1647,922
6269,41468,22116,12090,6162,,,,3342,-1,,,
5620,82040,43210,23405,13335,,,7860,4655,-1,750,360,0
5621,24920,13100,7100,4060,,,,2380,-1,,,
5622,72490,38180,20680,11785,,,6940,4115,-1,665,320,0
5623,22020,11580,6270,3590,,,,2100,-1,,,
5624,188600,99325,53800,30655,,,18060,10700,-1,1820,870,0
5625,60400,31750,17210,9840,,,,5770,-1,,,
323,470,305,185,100,,,55,1,25,18,13,1
6270,196670,104890,56298,21780,,,11681,6371,-1,3327,1770,1003
6271,44835,23597,12979,6607,,,,3581,-1,,,
324,280,180,110,60,,,30,1,18,12,,1
325,280,180,110,60,,,30,1,18,14,10,1
6272,111163,55323,29730,8934,,,4928,3199,-1,1852,,1081
6273,17724,9222,4951,2623,,,,1383,-1,,,
6274,43000,21400,11300,5900,,,3310,1925,-1,1005,730,530
6275,12300,6400,3435,1820,,,,960,-1,,,
326,2000,1300,780,430,240,130,70,10,40,30,20,2
327,150,90,55,28,,,14,1,6,4,1,0
328,140,85,50,25,,,13,1,6,4,1,0
329,130,80,48,24,,,12,1,5,3,1,0
330,115,70,42,21,,,10,1,5,3,1,0
331,100,60,36,18,,,9,1,5,3,1,0
332,80,48,29,15,,,8,1,5,3,1,0
333,60,36,22,11,,,6,1,2,0,0,0
334,50,30,18,9,,,5,1,1,0,0,0
335,10,6,4,3,,,1,0,1,0,0,0
336,12,7,4,2,,,1,0,0,0,0,0
6276,120000,64000,33865,18220,,,9700,5385,-1,2210,1010,635
6277,38000,20000,11000,5600,,,,3035,-1,,,
5626,2650000,1325000,540000,270000,135000,75000,50000,30000,-1,14400,7200,3600
5627,520000,260000,130000,65000,,36000,21000,13500,-1,,,
5628,82500,43450,23535,13410,,,7900,4680,-1,755,360,0
5629,25060,13200,7140,4090,,,,2390,-1,,,
5630,77315,40720,22060,12565,,,7405,4385,-2,710,340,0
5631,23500,12350,6690,3830,,,,2240,-2,,,
5632,77315,40720,22060,12565,,,7405,4385,-1,710,430,0
5633,23500,12350,6690,3830,,,,2240,-1,,,
5634,330750,149135,70640,34085,,,17380,9560,-2,1075,,595
5635,97720,44090,20790,10050,,,,5160,-2,,,
5636,84060,44270,23980,13665,,,8050,4770,-1,810,390,0
5637,26920,14150,7670,4380,,,,2570,-1,,,
5638,103100,54300,29410,16755,,,9875,5850,-1,945,450,0
5639,31320,16460,8920,5100,,,,2990,-1,,,
6278,96774,51613,27702,14887,,,7984,5073,-2,2298,1210,685
6279,30645,16129,8871,4516,,,,2448,-2,,,
6280,43000,21400,11500,6200,,,3420,2200,-1,1285,,750
6281,441000,220200,110100,50700,,25135,12900,6630,-1,3700,,1900
6282,126000,63750,31665,15880,,,8020,3980,-1,,,
6284,71820,37801,20791,10584,,,,5736,-1,,,
6283,471841,251648,135064,34891,,,18712,11888,-1,5387,2835,1607
6285,43000,21400,11500,6175,,,3400,2100,-1,1020,,600
5640,316400,142650,67570,32605,,,16625,9150,-1,1030,,570
5641,93460,42180,19890,9610,,,,4920,-1,,,
5642,99545,52430,28400,16180,,,9535,5650,-2,910,435,0
5643,30240,15900,8610,4930,,,,2890,-2,,,
5644,81500,42920,23250,13245,,,7805,4625,-1,785,380,0
5645,26100,13720,7440,4250,,,,2490,-1,,,
5646,465830,210020,99480,48005,,,24475,13460,-1,1515,,835
5647,137620,62090,29280,14150,,,,7270,-1,,,
5648,85900,45245,24510,13965,,,8230,4875,-1,785,380,0
5649,1000000,500000,225000,104000,52000,28000,16000,11000,-1,2800,,1400
5650,258000,126000,63100,32220,,,17000,9100,-1,,,
5651,787000,384065,192485,98130,51730,27685,14945,9165,-1,2730,,1395
5652,257860,125850,63070,32140,,,16950,9070,-1,,,
337,1000,650,390,215,120,65,35,10,30,20,,2
338,470,305,185,100,,55,30,1,,,,
6286,120000,64000,31510,16200,,8400,4300,2200,-1,,,
6287,111389,55435,29270,8502,,,4770,2774,-1,1448,1052,764
5653,549000,269150,135480,68890,,35775,18860,10185,-2,2345,,1195
5654,170000,83240,41750,21430,,,11080,5840,-2,,,
5655,422100,192450,89650,42785,,20820,11095,6455,-2,1195,,620
5656,131700,59430,28020,13550,,,,6930,-2,,,
5657,698720,342600,172425,87680,,45530,24005,12960,-2,2985,,1520
5658,216380,105940,53140,27270,,,14100,7440,-2,,,
339,1000,650,390,215,,120,65,10,30,20,,2
6288,698720,342600,172425,87680,,45530,21600,10140,-2,2790,,1350
6289,216380,105943,53140,27270,,,13800,7101,-2,,,
340,900,585,350,190,,105,60,1,30,20,,1
6290,387130,193190,96595,44500,,22060,11323,5820,-2,3239,,1666
6291,110770,55948,22694,13940,,,7040,3489,-2,,,
6292,34677,17258,9113,4758,,,2669,1552,-2,810,589,427
6293,9919,5161,2770,1468,,,,774,-2,,,
5659,1650000,825000,412500,220000,125000,72000,42000,24000,-2,11000,5500,2750
5660,400000,200000,100000,55000,,31000,17000,8500,-2,,,
5661,128860,67865,36765,20945,,,12340,7310,-2,1180,565,0
5662,39150,20580,11150,6380,,,,3740,-2,,,
5663,90100,51300,29610,17430,,10160,6175,3755,-2,1180,565,0
5664,33310,17730,9670,5700,,,3440,2090,-2,,,
341,470,305,185,100,,55,30,1,25,13,,1
6294,120000,64000,31510,16200,,8400,4300,2200,-1,1000,,600
6295,34677,17258,9274,5000,,,2758,1790,-2,1036,,605
6296,120000,64000,34400,18430,,,9870,4740,-1,2825,1500,850
5665,73350,38630,20930,11920,,,7025,4160,-2,710,340,0
5666,1760000,880000,440000,226000,117000,71000,43000,27000,-3,13500,6750,3375
5667,325000,163000,81500,41000,,21500,13000,8500,-3,,,
5668,272300,124160,57840,27605,,13430,7160,4165,-2,770,,400
5669,84970,38340,18080,8740,,,,4470,-2,,,
5670,120270,63350,34310,19550,,,11520,6820,-1,1100,530,0
5671,36540,19200,10400,5960,,,,3490,-1,,,
6297,34677,17258,9274,4980,,,2742,1694,-2,823,,484
342,160,95,57,29,,,1,0,6,4,,1
5672,316400,142650,67570,32605,,16625,9150,5325,-1,850,,440
343,470,305,185,100,,,55,1,25,13,,1
6298,120000,64000,35000,20000,,,10000,6550,-1,3025,,1690
5673,598900,293650,147800,75155,,39025,20575,11110,-1,2560,,1305
5674,185470,90800,45550,23380,,,12080,6370,-1,,,
5675,638850,313240,157645,80165,,41625,21945,11850,-1,2730,,1390
5676,197830,96860,48580,24940,,,12890,6800,-1,,,
6299,467300,227000,113770,54170,,26090,13370,7215,-1,2930,,1775
6300,133700,67530,33430,16830,,,8530,4210,-1,,,
6301,441000,214400,107400,51130,,24630,12620,6810,-1,2770,,1675
6302,126000,63750,31565,15890,,,8070,3980,-1,,,
5677,80280,45705,26380,15525,,9050,5500,3350,-1,990,475,0
5678,32940,17320,9380,5370,,,,3140,-1,,,
5679,3000000,1450000,730000,370250,187300,105090,60420,35754,-1,13351,8781,4551
5680,520000,250000,124450,62060,,32163,20063,13375,-1,,,
6303,918000,459633,224260,107750,,51850,25100,14410,-1,3845,,2245
6304,311000,155910,69400,32050,,,14950,6950,-1,,,
5681,165000,86910,47080,26820,,,15805,9365,-1,1510,725,0
5682,50130,26350,14280,8170,,,,4790,-1,,,
5683,106970,56340,30520,17390,,,10245,6070,-1,980,470,0
5684,32500,17080,9260,5300,,,,3100,-1,,,
5685,604000,272345,129000,62245,,,31740,17455,-1,1965,,1085
5686,178450,80510,37960,18350,,,,9420,-1,,,
5687,296850,133830,63395,30580,,,15600,8580,-1,965,,535
5688,87700,39550,18650,9020,,,,4630,-1,,,
5689,798540,391540,197060,100205,,52035,27435,14810,-1,3415,,1740
5690,247290,121070,60730,31170,,,16110,8500,-1,,,
5691,140750,74130,40155,22880,,,13480,7985,-1,1285,615,0
5692,42760,22480,12190,6980,,,,4080,-1,,,
5693,94500,49770,26960,15360,,,9050,5360,-2,865,415,0
5694,28710,15090,8180,4680,,,,2740,-2,,,
5695,390325,175975,83355,40225,,,20510,11280,-2,1270,,700
5696,115300,52000,24530,11860,,,,6090,-2,,,
5697,352355,158860,75250,36310,,,18515,10180,-2,1145,,635
5698,104090,46960,22140,10700,,,,5500,-2,,,
6305,120000,64000,34350,18460,,,9900,6290,-1,2850,1500,850
344,160,95,57,29,,,15,1,6,4,,1
5699,571355,280145,141000,71700,,37230,19630,10600,-2,2345,,1195
5700,73400,38650,20940,11930,,,7030,4165,-1,670,320,0
5701,22300,11720,6350,3630,,,,2130,-1,,,
5702,80000,42100,22800,12990,,,7655,4535,-1,730,350,0
5703,24280,12760,6920,3960,,,,2320,-1,,,
5704,195000,102675,55615,31690,,,18670,11060,-1,1880,900,0
5705,62430,32820,17790,10180,,,,5960,-1,,,
5706,84500,44500,24100,13730,,,8090,4795,-1,775,370,0
5707,25670,13500,7310,4180,,,,2450,-1,,,
6306,195026,104014,55827,22141,,,11874,6477,-1,3381,1799,1020
6307,45576,23987,13194,6716,,,,3640,-1,,,
6308,124000,66400,35455,19050,,,10220,5580,-1,2920,1555,860
6309,39000,20650,11360,5785,,,,3140,-1,,,
5708,3100000,1550000,650000,340000,175000,97500,60000,34500,-1,16000,8000,4000
5709,575000,285000,142500,71000,,39000,23000,14800,-1,,,
5710,80000,42100,22800,12990,,,7655,4535,-2,730,350,0
5711,24280,12760,6920,3960,,,,2320,-2,,,
5712,358540,161650,76570,36950,,,18840,10360,-2,1165,,645
5713,105920,47790,22530,10890,,,,5590,-2,,,
5714,80850,42600,23075,13145,,,7745,4590,-1,740,355,0
5715,24570,12920,7000,4000,,,,2350,-1,,,
5716,106565,56125,30400,17320,,,10205,6050,-1,975,465,0
5717,32370,17020,9220,5280,,,,3090,-1,,,
5718,343000,154620,73240,35340,,,18020,9910,-1,1115,,615
5719,101310,45710,21550,10420,,,,5350,-1,,,
5720,84250,44370,24000,13700,,,8070,4780,-1,810,390,0
5721,26980,14180,7680,4400,,,,2580,-1,,,
5722,102900,54200,29360,16730,,,9855,5840,-2,940,450,0
5723,31260,16430,8910,5100,,,,2980,-2,,,
6310,100000,53548,28601,15375,,,8258,5242,-2,2339,1250,694
6311,31452,16653,9161,4665,,,,2532,-2,,,
6312,456000,227860,113850,52430,,26000,13340,7474,-1,3820,,1965
6313,130300,65920,32740,16420,,,8290,4115,-1,,,
5724,505000,227640,107830,52030,,,26530,14590,-1,1640,,910
5725,149170,67300,31730,15340,,,,7870,-1,,,
5726,91050,47950,25975,14800,,,8720,5165,-1,835,400,0
5727,27660,14540,7880,4510,,,,2640,-1,,,
6314,124000,66400,35465,19065,,,10240,6500,-1,2900,1550,860
5728,900400,439420,220230,112270,59185,31670,17100,10485,-1,3125,,1600
5729,295000,143980,72170,36770,,,19390,10380,-1,,,
5730,88800,46750,25330,14435,,,8505,5040,-1,810,390,0
5731,628100,308000,155000,78820,,40930,21580,11650,-2,2685,,1370
5732,194500,95230,47770,24520,,,12670,6690,-2,,,
5733,457550,208600,97170,46375,,22565,12025,7000,-2,1295,,670
5734,142750,64420,30380,14680,,,,7510,-2,,,
6315,124000,66000,32525,16725,,8670,4440,2280,-1,1035,,620
6316,799450,392000,197280,100315,,52090,24715,11600,-2,3190,,1550
6317,247560,121200,60800,31200,,,15780,8125,-2,,,
5735,799450,392000,197280,100315,,52090,27460,14830,-2,3420,,1740
5736,247560,121200,60800,31200,,,16130,8510,-2,,,
5737,1800000,900000,450000,250000,145000,85000,50000,27000,-2,12000,6000,3000
5738,450000,225000,112500,61000,,33000,18000,9000,-2,,,
6318,400250,199750,99870,46000,,22800,11710,6020,-2,3350,,1720
6319,114520,57840,28630,14410,,,7280,3605,-2,,,
5739,97700,51450,27870,15880,,,9360,5540,-2,900,430,0
5740,29680,15600,8450,4830,,,,2830,-2,,,
5741,104600,55080,29835,17000,,,10015,5935,-2,955,460,0
5742,31770,16700,9050,5180,,,,3030,-2,,,
5743,381760,172100,81530,39340,,,20060,11035,-2,1240,,685
5744,112780,50880,23990,11600,,,,5950,-2,,,
5745,79345,45170,26070,15345,,8945,5435,3310,-2,980,470,0
5746,32560,17110,9270,5300,,,,3110,-2,,,
6320,124000,66000,33005,16725,,8700,4550,3000,-1,1245,,750
5747,1880000,940000,470000,241000,127000,77000,47000,29000,-3,14500,7250,3625
5748,340000,170000,85000,43000,,22500,13750,9000,-3,,,
5749,124325,65480,35470,20210,,,11910,7055,-1,1135,545,0
5750,37770,19860,10760,6160,,,,3600,-1,,,
5751,311775,140560,66580,32130,,,16380,9010,-2,1015,,560
5752,92100,41560,19600,9470,,,,4860,-2,,,
6321,456000,227640,111940,52430,,25380,13050,6845,-1,3075,,1860
6322,130500,65930,32520,16425,,,8320,4115,-1,,,
6323,124000,66100,36135,20650,,,10330,6765,-1,3120,,1750
5753,685200,336000,169100,85985,,44650,23540,12710,-1,2930,,1490
5754,212200,103890,52110,26750,,,13830,7290,-1,,,
5755,343000,154620,73240,35340,,18020,9910,5770,-1,920,,480
5756,3300000,1600000,805000,410975,213575,120200,68600,39500,-1,15000,10000,5000
5757,570000,275000,133150,67675,,35025,21700,14200,-1,,,
5758,83000,47245,27270,16050,,9355,5685,3460,-1,1025,490,0
5759,34050,17900,9700,5550,,,,3250,-1,,,
5760,731000,358375,180370,91715,,47625,25110,13555,-1,3125,,1590
5761,226350,110820,55580,28530,,,14750,7780,-1,,,
6324,128250,68385,36185,19470,,,10366,5755,-1,2360,1080,675
6325,40600,21380,11760,5985,,,,3240,-1,,,
6326,495000,240500,120500,57380,,27640,14160,7640,-1,3105,,1880
6327,141600,71530,35410,17825,,,9035,4460,-1,,,
6328,195092,104470,55798,22146,,,11894,7550,-1,3369,1800,1000
6329,45302,23988,13196,6720,,,,3646,-1,,,
6330,456000,227700,113860,52430,,26000,13335,6855,-1,3825,,1970
6331,130300,65930,32520,16425,,,8320,4115,-1,,,
5762,187350,98670,53450,30450,,,17945,10630,-1,1715,825,0
5763,56920,29920,16210,9280,,,,5430,-1,,,
5764,170600,89840,48670,27725,,,16335,9680,-1,1560,750,0
5765,51820,27240,14760,8450,,,,4950,-1,,,
5766,110575,58240,31550,17970,,,10590,6275,-1,1010,485,0
5767,33600,17660,9570,5470,,,,3210,-1,,,
5768,654725,295180,139820,67470,,,34400,18920,-1,2130,,1175
5769,193420,87270,41150,19890,,,,10210,-1,,,
5770,306200,138000,65400,31555,,,16100,8850,-1,1000,,550
5771,90460,40810,19240,9300,,,,4780,-1,,,
5772,913600,448000,225460,114645,,59535,31390,16945,-1,3905,,1990
5773,282930,138520,69480,35660,,,18430,9730,-1,,,
5774,127000,66900,36240,20650,,,12165,7210,-1,1160,,555
5775,38600,20290,10990,6290,,,,3680,-1,,,
5776,423000,190800,90350,43600,,,22230,12225,-2,1375,,760
5777,125000,56390,26590,12850,,,,6600,-2,,,
6332,973505,487161,237689,114182,,54953,26603,15280,-1,4071,,2366
6333,329354,165268,73577,33959,,,15850,7360,-1,,,
6334,131230,70080,37430,20120,,,10790,6846,-1,3075,1636,910
6335,41050,21930,11985,6100,,,,3310,-1,,,
5778,653700,320500,161320,82030,,42600,22460,12125,-2,2685,,1370
5779,381925,172200,81560,39360,,,20065,11035,-2,1245,,685
5780,112830,50900,24000,11600,,,,5960,-2,,,
6336,6000,3400,2000,1000,,,,,-1,,,
6337,20000,11000,6500,4000,,,2075,1100,-1,700,,500
66,35,20,10,4,,,1,0,,,,
67,20,12,6,3,,,1,0,,,,
68,10,6,4,2,,,1,0,,,,
5781,75700,39870,21600,12300,,,7250,4295,-1,1935,,970
5782,23000,12090,6550,3750,,,,2200,-1,,,
5783,72000,37900,20545,11705,,,6900,4085,-1,1840,,920
5784,21850,11500,6230,3570,,,,2090,-1,,,
5785,201165,105940,57380,32700,,,19265,11415,-1,5135,,2570
5786,64420,33860,18350,10500,,,,6150,-1,,,
5787,3400000,1700000,750000,375000,193000,108000,67000,38500,-1,18000,9000,4500
5788,635000,315000,157500,78500,,43000,25500,16500,-1,,,
5789,82450,43430,23525,13400,,,7900,4680,-1,2105,,1055
5790,25070,13170,7140,4080,,,,2390,-1,,,
6338,193210,103850,55306,22483,,,12077,6587,-1,3435,1830,1025
6339,45990,24518,13419,6830,,,,3702,-1,,,
6340,128800,68585,36600,19660,,,10540,5750,-1,3010,1600,885
6341,40200,21465,11735,5970,,,,3230,-1,,,
5791,82450,43430,23525,13400,,,7900,4680,-2,2105,,1055
5792,25070,13170,7140,4080,,,,2390,-2,,,
5793,109950,57910,31370,17875,,,10530,6240,-1,2810,,1405
5794,33400,17560,9520,5440,,,,3190,-1,,,
5795,93120,49045,26570,15135,,,8920,5285,-1,2380,,1190
5796,28290,14870,8060,4610,,,,2700,-1,,,
5797,363400,170665,84750,42370,,,21470,11300,-2,1880,,1035
5798,107100,50600,24420,12700,,,,6650,-2,,,
6342,128450,68585,36635,19690,,,10560,6700,-1,3010,1600,890
6343,40170,21465,11730,5965,,,,3240,-1,,,
6344,111164,55324,29730,8898,,,4899,3026,-1,1470,,865
5799,303300,142450,70735,35365,,,17920,9430,-1,1570,,865
5800,89400,42240,20390,10600,,,,5550,-1,,,
5801,106175,55920,30290,17260,,,10170,6025,-2,2710,,1355
5802,32250,16960,9190,5260,,,,3080,-2,,,
5803,86950,45780,24800,14130,,,8325,4930,-1,2220,,1110
5804,27830,14630,7930,4540,,,,2660,-1,,,
5805,77600,40870,22140,12615,,,7435,4400,-1,1980,,990
5806,23600,12400,6720,3840,,,,2250,-1,,,
5807,511750,240340,119340,59670,,,30235,15910,-1,2655,,1460
5808,150800,71270,34390,17890,,,,9370,-1,,,
5809,321625,151050,75000,37500,,,19000,10000,-1,1665,,915
5810,94800,44800,21620,11240,,,,5890,-1,,,
6345,465480,254124,136138,35723,,,19809,10950,-1,5408,2951,1854
6346,74042,39184,20087,10042,,,,5223,-1,,,
6347,518500,259300,129520,59730,,29580,15185,7800,-1,4340,,2230
6348,148300,75010,37130,18700,,,9470,4680,-1,,,
5811,1028300,501815,251500,128215,67590,36170,19530,11970,-1,3565,,1825
5812,336920,164420,82410,82410,,,22140,11860,-1,,,
5813,91630,48260,26140,14890,,,8775,5200,-1,2340,,1170
5814,27840,14630,7930,4540,,,,2660,-1,,,
5815,717315,351715,177015,90010,,46740,24640,13305,-2,3065,,1565
5816,222150,108750,54550,28000,,,14470,7640,-2,,,
6349,128100,68180,33600,17280,,8955,4585,2355,-1,1070,,640
6350,40300,21340,11740,5975,,,,3245,-1,,,
5817,460000,218750,104150,52075,,26060,13935,7950,-2,1590,,810
5818,143000,68000,33520,17200,,,,8960,-2,,,
5819,75880,39965,21650,12335,,,7265,4305,-2,1940,,970
5820,23050,12120,6570,3760,,,,2200,-2,,,
5821,912900,447630,225300,114560,,59490,31365,16935,-2,3900,,1990
5822,282720,138400,69430,35630,,,18420,9720,-2,,,
6351,104477,55792,29799,16018,,,8590,5451,-2,2448,1301,724
6352,32680,17459,9541,4855,,,,2637,-2,,,
6353,912900,447630,225300,114560,,59490,28220,13250,-2,3644,,1770
6354,282720,138400,69433,35630,,,18025,9280,-2,,,
5823,2000000,1000000,500000,294000,173000,102000,60000,30000,-2,14000,7000,3500
5824,500000,250000,125000,68000,,37000,19000,9500,-2,,,
5825,88900,46820,25360,14450,,,8515,5045,-2,2270,,1135
5826,27000,14200,7690,4400,,,,2580,-2,,,
6355,432100,215950,107860,49680,,24630,12645,6500,-2,3620,,1860
6356,123700,62470,30920,15565,,,7860,3895,-2,,,
5827,107900,56830,30790,17540,,,10335,6120,-2,2755,,1380
5828,32800,17230,9340,5340,,,,3130,-2,,,
5829,100800,53085,28755,16380,,,9650,5720,-2,2575,,1290
5830,30620,16100,8720,4990,,,,2920,-2,,,
5831,410200,192650,95665,47830,,,24235,12755,-2,2125,,1170
5832,120900,57130,27570,14340,,,,7510,-2,,,
5833,386925,181720,90235,45115,,,22860,12030,-2,2005,,1105
5834,114070,53900,26000,13520,,,,7080,-2,,,
5835,86850,49430,28530,16795,,9790,5950,3620,-2,1630,,815
5836,35630,18730,10150,5800,,,,3400,-2,,,
6357,146200,77850,41555,22310,,,11930,5735,-1,3400,1815,1005
6358,45620,24340,13310,6780,,,,3675,-1,,,
6359,132550,70550,35280,17880,,9300,4865,3205,-1,1330,,800
6360,41700,22070,12140,6185,,,,3356,-1,,,
5837,2000000,1000000,500000,250000,132000,80000,50000,30000,-3,15000,7500,3750
5838,350000,175000,88000,44000,,23250,14250,9250,-3,,,
6361,128100,68280,37330,21330,,,10670,6990,-1,3225,,1810
5839,316000,148400,73690,36845,,,18670,9825,-2,1640,,900
5840,93140,44010,21240,11040,,,,5780,-2,,,
5841,348200,165555,78835,39420,,19725,10550,6015,-1,1205,,615
5842,108250,51470,25370,13020,,,,6780,-1,,,
5843,782525,383690,193100,98195,,50990,26885,14515,-1,3345,,1705
5844,242330,118640,59510,30540,,,15790,8330,-1,,,
6362,497700,241840,121150,57690,,27790,14240,7680,-1,3120,,1890
6363,142375,71920,35604,17920,,,9090,4490,-1,,,
5845,128200,67515,36570,20835,,,12280,7275,-1,3275,,1635
5846,38940,20470,11090,6350,,,,3720,-1,,,
5847,834700,409270,205980,104740,,54390,28675,15480,-1,3570,,1820
5848,258500,126550,63470,32580,,,16840,8890,-1,,,
6364,515000,247320,123665,58390,,29320,15205,12205,-1,3230,,1960
6365,147700,74600,36670,18590,,,9415,4650,-1,,,
5849,85625,48750,28135,16560,,9660,5865,3570,-1,1605,,800
5850,35150,18470,10000,5730,,,,3350,-1,,,
5851,3500000,1750000,875000,450000,235000,140000,77188,43313,-1,16350,10900,5606
5852,625000,310000,150000,75000,,40000,24500,15141,-1,,,
6366,130300,69380,37020,19885,,,10665,5820,-1,3045,1620,895
6367,40650,21700,11865,6035,,,,3270,-1,,,
5853,163485,86100,46645,26575,,,15660,9275,-1,4175,,2090
5854,49660,26110,14150,8090,,,,4740,-1,,,
5855,148860,78400,42470,24200,,,14255,8445,-1,3800,,1900
5856,45220,23770,12880,7370,,,,4320,-1,,,
5857,114000,60090,32550,18545,,,10930,6475,-1,2915,,1460
5858,34660,18220,9870,5650,,,,3310,-1,,,
5859,663575,311650,154750,77375,,,39205,20635,-1,3440,,1890
5860,195590,92420,44600,23190,,,,12140,-1,,,
5861,310330,145750,72370,36185,,,18335,9650,-1,1610,,885
5862,91470,43220,20860,10850,,,,5680,-1,,,
6368,193850,103504,55287,22518,,,12077,7662,-1,3442,1830,1018
6369,45940,24548,13414,6822,,,,3705,-1,,,
6370,471700,235520,117770,54230,,26900,13790,7090,-1,3955,,2040
6371,135000,68200,33635,16990,,,8600,4255,-1,,,
6372,1111945,556440,271490,130420,,62768,30386,17453,-1,4650,,2702
6373,376191,188770,84040,38789,,,18104,8407,-1,,,
5863,1043375,511600,257475,130925,,67990,35845,19350,-1,4460,,2275
5864,323100,158190,79350,40730,,,21050,11110,-1,,,
5865,126850,66815,36190,20620,,,12150,7200,-1,3240,,1620
5866,38540,20260,10980,6280,,,,3680,-1,,,
5867,387100,181800,90270,45135,,,22870,12035,-2,2005,,1105
5868,114100,53900,26020,13530,,,,7080,-2,,,
5869,428800,201380,100000,50000,,,25335,13335,-2,2220,,1220
5870,126400,59720,28820,14980,,,,7850,-2,,,
6374,141700,75660,40410,21722,,,11650,7390,-1,3320,1765,980
6375,44320,23680,12940,6580,,,,3570,-1,,,
5871,746550,366035,184230,93680,,48645,25650,13845,-2,3065,,1560
5872,209665,110420,59810,34080,,,20080,11895,-1,5355,,2675
5873,67140,35300,19130,10940,,,,6410,-1,,,
5874,79780,42020,22765,12970,,,7640,4525,-1,2040,,1020
5875,24240,12740,6910,3950,,,,2310,-1,,,
5876,77980,41070,22245,12675,,,7470,4425,-1,1990,,995
5877,23690,12450,6750,3860,,,,2260,-1,,,
6376,191418,102887,54793,22877,,,12289,6703,-1,3494,1862,1043
6377,46796,24950,13654,6951,,,,3767,-1,,,
6378,163260,81251,43663,13121,,,7238,4698,-1,2720,,1588
6379,26031,13544,7271,3852,,,,2031,-1,,,
6380,132740,70870,37825,20315,,,10900,5970,-1,3110,1650,915
6381,41520,22180,12120,6165,,,,3340,-1,,,
5878,80250,42265,22895,13040,,,7685,4555,-1,2050,,1025
5879,24380,12820,6940,3970,,,,2330,-1,,,
5880,3700000,1850000,820000,410000,220000,130000,80000,50000,-1,25000,12500,6250
5881,660000,330000,165000,82500,,45000,27000,17250,-1,,,
6382,132740,70880,37850,20350,,,10915,6925,-1,3110,1650,920
5882,85945,45265,24520,13970,,,8230,4875,-1,2195,,1100
5883,26110,13730,7440,4260,,,,2490,-1,,,
5884,85945,45265,24520,13970,,,8230,4875,-2,2195,,1100
5885,26110,13730,7440,4260,,,,2490,-2,,,
5886,371620,182185,91680,46620,,,24210,12770,-2,2825,,1440
5887,111890,54780,27480,14100,,,,7290,-2,,,
5888,114595,60355,32695,18630,,,10975,6505,-1,2925,,1465
5889,34810,18300,9920,5670,,,,3320,-1,,,
5890,97470,51335,27810,15840,,,9335,5530,-1,2490,,1240
5891,29610,15570,8430,4830,,,,2830,-1,,,
5892,314880,154370,77680,39500,,,20515,10820,-1,2395,,1220
5893,94800,46410,23280,11950,,,,6180,-1,,,
5894,110655,58280,31570,17985,,,10600,6280,-2,2825,,1410
5895,33620,17670,9580,5480,,,,3210,-2,,,
5896,90605,47715,25845,14725,,,8675,5140,-1,2315,,1160
5897,29010,15250,8260,4730,,,,2770,-1,,,
5898,523330,256565,129100,65655,,,34100,17980,-1,3980,,2030
5899,157570,77140,38690,19860,,,,10270,-1,,,
5900,321290,157510,79260,40305,,,20930,11040,-1,2445,,1250
5901,96730,47360,23760,12190,,,,6300,-1,,,
5902,81220,42775,23175,13200,,,7780,4610,-1,2075,,1040
5903,24680,12970,7030,4020,,,,2350,-1,,,
6383,487245,243621,121690,56115,,27790,14265,7335,-1,4080,,2099
6384,139300,70480,34880,17560,,,8900,4395,-1,,,
5904,1175505,573680,287515,146575,77265,41350,22325,13690,-1,4075,,2085
5905,385170,187970,94220,48010,,,25320,13550,-1,,,
6385,132380,70460,34723,17858,,9254,4738,2434,-1,1106,,661
6386,41650,22055,12133,6175,,,,3354,-1,,,
5906,95495,50295,27245,15520,,,9145,5420,-1,2440,,1220
5907,820035,402080,202365,102900,,53435,28170,15210,-2,3505,,1785
5908,253950,124330,62360,32010,,,16550,8730,-2,,,
5909,464260,227585,114540,58245,,30250,15955,8615,-2,1910,,975
5910,150780,73820,37030,19000,,,,9830,-2,,,
6387,107036,57157,30563,16411,,,8798,5585,-2,2508,1333,742
6388,33482,17885,9774,4974,,,,2702,-2,,,
5911,78270,41225,22330,12720,,,7495,4440,-2,2000,,1000
5912,23780,12500,6770,3880,,,,2270,-2,,,
5913,1043680,511740,257555,130965,,68010,35855,19360,-2,4460,,2270
5914,323200,158240,79360,40740,,,21060,11110,-2,,,
6389,1043680,511740,257555,130965,,68010,32260,15146,-2,4166,,2022
6390,323200,158240,79360,40740,,,20606,10610,-2,,,
5915,2100000,1060000,530000,340000,200000,118000,70000,35000,-2,18000,9000,5000
5916,540000,270000,132000,72000,,39000,21000,10500,-2,,,
6391,461355,230565,115170,53055,,26302,13501,6939,-2,3860,,1987
6392,132074,66710,33020,16620,,,8395,4160,-2,,,
5917,112460,59230,32085,18280,,,10770,6380,-2,2870,,1440
5918,34160,17960,9730,5570,,,,3260,-2,,,
5920,105045,55325,29970,17075,,,10060,5960,-2,2680,,1340
5919,31910,16780,9090,5200,,,,3050,-2,,,
5921,395690,193985,97610,49640,,,25780,13595,-2,3010,,1535
5922,119140,58330,29260,15020,,,,7760,-2,,,
5923,78270,41225,22330,12720,,,7495,4440,-1,2000,,1000
5924,23780,12500,6770,3880,,,,2270,-1,,,
6393,153515,81745,43628,23420,,,12530,6023,-1,3569,1903,1056
6394,47890,25560,13975,7118,,,,3858,-1,,,
5925,113330,59690,32335,18420,,,10855,6430,-2,2895,,1445
5926,34430,18100,9810,5610,,,,3290,-2,,,
5927,2200000,1100000,550000,275000,147000,90000,57000,35000,-3,17500,8750,4375
5928,400000,200000,100000,50000,,26500,16500,10750,-3,,,
6395,140400,74726,37370,18940,,9850,5155,3395,-1,1876,,1130
6396,44168,23370,12860,6550,,,,3550,-1,,,
5929,323145,158420,79715,40540,,,21055,11105,-2,2460,,1250
5930,97290,47630,23890,12260,,,,6340,-2,,,
5931,355460,174265,87685,44595,,23160,12215,6600,-1,1355,,690
5932,107020,52400,26280,13490,,,,6970,-1,,,
5933,113640,59850,32420,18470,,,10885,6450,-1,2905,,1450
5934,34520,18150,9840,5630,,,,3290,-1,,,
5935,894585,438635,220760,112255,,58295,30730,16595,-1,3820,,1950
5936,277030,135630,68030,34920,,,18050,9520,-1,,,
5937,954225,467880,235480,119740,,62180,32780,17700,-1,4080,,2075
5938,295500,144670,72570,37250,,,19250,10160,-1,,,
6397,132380,70550,38575,22045,,,11025,7225,-1,3335,,1870
6398,41650,22050,12130,6170,,,,3350,-1,,,
6399,501975,243920,122190,58185,,28030,14360,7745,-1,3150,,1905
6400,143600,72534,35910,18075,,,9170,4530,-1,,,
6401,522450,260970,128330,60105,,29100,14965,7850,-1,3275,,1987
6402,149635,75575,37278,18830,,,9545,4715,-1,,,
5939,89280,50830,29340,17270,,10065,6120,3720,-1,1675,,830
5940,36630,19260,10440,5970,,,,3500,-1,,,
5941,3700000,1825000,920000,470000,253625,144000,86000,50000,-1,27000,15700,8000
5942,675000,340000,160000,82000,,44000,26500,16500,-1,,,
6403,132300,71090,37322,20085,,,10690,5915,-1,2440,1114,700
6404,41588,22180,12120,6165,,,,3340,-1,,,
5943,178480,94000,50920,29010,,,17090,10125,-1,4560,,2280
5944,54220,28505,15450,8840,,,,5175,-1,,,
6405,194860,104040,55575,22635,,,12140,7702,-1,3460,1839,1023
6406,46180,24672,13485,6858,,,,3724,-1,,,
6407,43000,21400,11300,5900,,,3310,1925,-1,1020,,600
5945,183435,96610,52335,29815,,,17570,10410,-1,4685,,2340
5946,55730,29300,15880,9080,,,,5320,-1,,,
5947,118910,62625,33925,19330,,,11390,6745,-1,3035,,1520
5948,36125,18990,10290,5890,,,,3450,-1,,,
5949,1192780,584845,294345,149675,,77720,40975,22125,-1,5100,,2595
5950,369380,180840,90710,46560,,,24070,12700,-1,,,
5951,652370,319825,160930,81845,,,42505,22415,-1,4960,,2530
5952,196420,96160,48230,24755,,,,12800,-1,,,
5953,336900,165170,83110,42265,,,21950,11575,-1,2560,,1310
5954,101440,49660,24910,12785,,,,6610,-1,,,
6408,1271525,636300,310455,149138,,71774,34744,19960,-1,5315,,3090
6409,430180,215865,96100,44354,,,20700,9615,-1,,,
5955,132990,70045,37945,21620,,,12735,7545,-1,3395,,1700
5956,40400,21240,11510,6580,,,,3860,-1,,,
6410,147500,78800,42080,22620,,,12130,7700,-1,3460,1841,1020
6411,46150,24650,13470,6860,,,,3720,-1,,,
5957,395850,194070,97650,49665,,,25790,13600,-2,3010,,1535
5958,119190,58350,29270,15020,,,,7770,-2,,,
5959,438505,214980,108175,55010,,,28570,15070,-2,3335,,1700
5960,132030,64640,32420,16640,,,,8600,-2,,,
5961,853430,418450,210610,107095,,55610,29320,15830,-2,3505,,1785
7000,83650,44055,23865,13595,,,8010,4745,-1,2135,,1070
7001,25410,13360,7240,4140,,,,2430,-1,,,
7002,218180,114900,62240,35460,,,20895,12380,-1,5570,,2785
7003,69870,36730,19900,11390,,,,6670,-1,,,
7004,89435,47105,25515,14535,,,8565,5075,-1,2285,,1145
7005,27170,14280,7740,4430,,,,2590,-1,,,
6412,190732,101475,54200,23265,,,12477,6813,-1,3560,1890,1050
6413,47545,25410,13880,7062,,,,3839,-1,,,
6414,137125,73201,39132,20970,,,11245,6140,-1,3210,1705,945
6415,42850,22900,12510,6365,,,,3460,-1,,,
5962,4000000,2000000,880000,440000,240000,142500,90000,60000,-1,30000,15000,7500
5963,700000,350000,175000,90000,,49000,29500,18500,-1,,,
6416,24000,13500,7300,4875,,,2325,1225,-1,610,,425
6417,6700,3300,1700,910,,,,550,-1,,,
7006,89435,47105,25515,14535,,,8565,5075,-2,2285,,1145
7007,27170,14280,7740,4430,,,,2590,-2,,,
6418,137125,73065,39080,21010,,,11265,7150,-1,3210,1705,950
7008,401580,196875,99065,50380,,,26165,13800,-2,3050,,1555
7009,120910,59200,29690,15240,,,,7880,-2,,,
7010,119250,62805,34020,19385,,,11420,6765,-1,3045,,1520
7011,36230,19040,10320,5910,,,,3460,-1,,,
7012,101360,53385,28915,16475,,,9710,5750,-1,2590,,1295
7013,30790,16190,8770,5020,,,,2940,-1,,,
6419,591750,295900,147750,68125,,33750,17325,8900,-1,4955,,2550
6420,169280,85600,42360,21325,,,10805,5335,-1,,,
6421,651347,347060,185631,46623,,,24998,15867,-1,7123,3784,2108
6422,95088,50817,27761,14125,,,,7678,-1,,,
7014,365560,179215,90180,45860,,,23820,12560,-1,2780,,1420
7015,110070,53890,27030,13870,,,,7170,-1,,,
7016,94280,49650,26895,15325,,,9030,5350,-1,2410,,1205
7017,30190,15870,8600,4920,,,,2880,-1,,,
7018,115150,60645,32850,18715,,,11030,6535,-2,2940,,1470
7019,34980,18390,9960,5700,,,,3340,-2,,,
7020,565530,277255,139510,70950,,,36845,19435,-1,4300,,2195
7021,170270,83360,41810,21460,,,,11090,-1,,,
7022,354130,173610,87360,44420,,,23070,12170,-1,2690,,1375
7023,106620,52200,26180,13440,,,,6950,-1,,,
7024,92085,48500,26275,14970,,,8820,5225,-1,2350,,1175
7025,27980,14710,7970,4560,,,,2670,-1,,,
7026,1340860,654380,327965,167195,88135,47170,25465,15610,-1,4650,,2380
7027,439350,214410,107470,54760,,,28880,15460,-1,,,
6423,137125,72841,35890,18387,,9568,4898,2516,-1,1150,,700
7028,99375,52340,28350,16155,,,9515,5640,-1,2535,,1270
7029,85000,44770,24250,13815,,,8140,4825,-2,2170,,1085
7030,27220,14310,7750,4440,,,,2600,-2,,,
7031,935385,458640,230830,117375,,60945,32135,17350,-2,4000,,2040
7032,289670,141820,71130,36510,,,18870,9960,-2,,,
7033,501700,245940,123780,62945,,32690,17240,9310,-2,2060,,1050
7034,162940,79770,40020,20540,,,,10620,-2,,,
7035,76020,40040,21690,12355,,,7280,4320,-2,1940,,970
7036,23090,12140,6580,3760,,,,2200,-2,,,
6424,113060,60375,32246,17334,,,9295,5899,-2,2650,1408,783
6425,35368,18895,10325,5253,,,,2854,-2,,,
7037,1190490,583725,293780,149390,,77575,40900,22080,-2,5090,,2595
7038,368670,180490,90540,46470,,,24020,12670,-2,,,
6426,1190490,583725,293780,149390,,77575,36775,17275,-2,4775,,2325
6427,368670,180490,90540,46470,,,23500,12100,-2,,,
6428,507100,253425,126590,58313,,28910,14840,7627,-2,4245,,2184
6429,145167,73322,36293,18269,,,9227,4572,-2,,,
7039,2200000,1120000,560000,380000,222000,130000,79000,40000,-2,21000,11000,6000
7040,560000,280000,139000,76000,,41000,22000,11000,-2,,,
7041,117030,61635,33390,19020,,,11210,6640,-2,2990,,1495
7042,35550,18690,10130,5800,,,,3390,-2,,,
7043,109310,57570,31185,17770,,,10470,6200,-2,2790,,1400
7044,33210,17460,9460,5410,,,,3170,-2,,,
7045,427590,209630,105480,53645,,,27860,14690,-2,3250,,1660
7046,128740,63030,31620,16230,,,,8390,-2,,,
7047,117930,62115,33650,19170,,,11295,6690,-2,3010,,1505
7048,35830,18830,10210,5840,,,,3420,-2,,,
6430,163085,86840,46345,24880,,,13311,6398,-1,3791,2021,1122
6431,50876,27155,14845,7562,,,,4098,-1,,,
6432,158770,84505,42260,21415,,11140,5825,3840,-2,2125,,1278
6433,49950,26435,14539,7410,,,,4020,-2,,,
7049,2250000,1125000,562000,281000,163000,100000,63000,39000,-3,19500,9750,4875
7050,450000,225000,112000,56000,,29000,17750,11500,-3,,,
7051,349200,171195,86145,43810,,,22750,12000,-2,2655,,1355
7052,105140,51470,25820,13250,,,,6850,-2,,,
7053,384120,188315,94755,48195,,25025,13200,7130,-1,1460,,745
7054,115650,56620,28400,14580,,,,7540,-1,,,
7055,127635,67220,36415,20745,,,12225,7240,-1,3260,,1630
7056,38780,20380,11050,6320,,,,3700,-1,,,
6434,136695,72835,39820,22760,,,11380,7460,-1,3445,,1930
6435,163265,81251,43663,13068,,,7195,4444,-1,2160,,1270
7057,1020425,500340,251815,128050,,66490,35055,18930,-1,4360,,2220
7058,316000,154710,77600,39830,,,20590,10860,-1,,,
6436,519480,252425,126450,60210,,29010,14860,8015,-1,3260,,1970
6437,148605,75060,37160,18705,,,9490,4690,-1,,,
7059,1088450,533690,268600,136580,,70925,37395,20190,-1,4650,,2370
7060,337070,165020,82770,42480,,,21960,11590,-1,,,
6438,530000,262364,130300,61000,,29530,15180,8100,-1,3300,,2000
6439,151840,76685,37830,19105,,,9680,4785,-1,,,
7061,92905,52895,30530,17970,,10470,6365,3875,-1,1745,,870
7062,38120,20040,10860,6210,,,,3640,-1,,,
6440,136580,72790,38531,20735,,,11040,6107,-1,2520,1200,720
7063,3800000,1850000,925000,475000,266000,156000,93000,54000,-1,30000,16000,8000
7064,700000,350000,155400,85275,,46500,27875,16500,-1,,,
7065,209645,110415,59810,34080,,,20080,11895,-1,5355,,2675
7066,63690,33480,18140,10380,,,,6080,-1,,,
6441,137125,73063,39080,21010,,,11265,7150,-1,3447,,1750
6442,1525245,763255,372400,178895,,86095,41680,23945,-1,6375,,3705
6443,516020,258935,115275,53200,,,24830,11530,-1,,,
6444,503725,251860,125805,58015,,28730,14745,7585,-1,4215,,2170
6445,144010,72865,36060,18155,,,9200,4545,-1,,,
7067,190885,100535,54460,31030,,,18275,10830,-1,4875,,2440
7068,57990,30490,16520,9450,,,,5540,-1,,,
7069,130885,68930,37340,21270,,,12535,7425,-1,3340,,1670
7070,39760,20900,11330,6480,,,,3800,-1,,,
7071,733320,359510,180900,92000,,,47780,25200,-1,5575,,2845
7072,220790,108100,54220,27830,,,,14380,-1,,,
7073,384120,188315,94755,48195,,,25025,13200,-1,2920,,1490
7074,1360560,667115,335750,170725,,88655,46745,25235,-1,5815,,2965
7075,421340,206280,103470,53110,,,27450,14480,-1,,,
7076,152785,80465,43590,24835,,,14630,8670,-1,3900,,1950
7077,46420,24400,13220,7570,,,,4430,-1,,,
6446,162010,86515,46210,24840,,,13320,8455,-1,3795,2020,1120
6447,50680,27075,14795,7529,,,,4090,-1,,,
7078,473865,232315,116895,59450,,,30875,16280,-2,3600,,1840
7079,142670,69850,35040,17980,,,,9300,-2,,,
7080,427765,209715,105525,53665,,,27870,14700,-2,3255,,1660
7081,128800,63060,31630,16230,,,,8390,-2,,,
7082,973480,477315,240235,122160,,63435,33445,18060,-2,4000,,2035
6448,16129,8871,4839,3226,,,1613,847,-2,524,,323
6449,4839,2742,1613,806,,,,,-2,,,
7083,219755,118320,64975,36670,,,20655,12110,-1,6310,,3170
7084,74270,38070,20630,11800,,,,6910,-1,,,
7085,90990,49205,27175,15435,,,8880,5320,-1,2575,,1285
7086,29860,15300,8290,4740,,,,2780,-1,,,
70,125,75,45,25,,10,5,0,,,,
71,110,65,40,20,,9,5,0,,,,
72,100,60,35,18,,8,5,0,,,,
73,90,55,33,17,,8,5,0,,,,
74,80,48,29,15,,7,3,0,,,,
75,5,3,1,,,,,,,,,
76,3,1,,,,,,,,,,
6450,6150,3200,1718,910,,,,480,-1,,,
6451,188280,100580,53665,23685,,,12705,6940,-1,3625,1925,1065
6452,48330,25820,14110,7180,,,,3900,-1,,,
345,470,305,185,100,,,55,1,18,13,,1
6453,141875,75570,40322,21660,,,11620,6345,-1,3500,,1828
6454,44200,23615,12905,6565,,,,3570,-1,,,
346,160,95,57,29,,15,8,1,,4,,1
7087,4100000,2050000,920000,460000,260000,155000,105000,75000,-1,40000,25000,15000
7088,750000,375000,190000,10000,,55000,32500,21000,-1,,,
6455,141500,75555,40360,21700,,,11640,7385,-1,3325,1770,980
7089,90390,48870,26990,15335,,,8815,5285,-2,2555,,1280
7090,29650,15200,8240,4710,,,,2760,-2,,,
6456,158895,84850,45320,24360,,,13065,8290,-1,3720,1980,1100
6457,49700,26546,14510,7385,,,,4010,-1,,,
7091,405030,203420,102635,53940,,,26960,14915,-2,5735,,2870
7092,127270,62300,31250,16030,,,,8280,-2,,,
7093,101830,55065,30410,17275,,,9940,5950,-1,2880,,1440
7094,33400,17120,9280,5310,,,,3110,-1,,,
7095,119800,64780,35780,20330,,,11690,7000,-1,3390,,1695
7096,39300,20140,10920,6240,,,,3660,-1,,,
7097,369000,185325,93515,49140,,,24560,13590,-1,5225,,2610
7098,115940,56750,28460,14600,,,,7550,-1,,,
7099,97490,52495,28820,16270,,,9165,5370,-1,2800,,1405
7100,32950,16870,9150,5230,,,,3070,-1,,,
7101,115235,62310,34415,19555,,,11245,6735,-2,3260,,1625
7102,37820,19380,10500,6000,,,,3520,-2,,,
6458,520615,260310,130030,59960,,29695,15240,7835,-1,4360,,2245
6459,148845,75310,37275,18765,,,9510,4695,-1,,,
7103,565635,283880,143240,75170,,,37620,20815,-1,8005,,4005
7104,177600,86930,43600,22370,,,,11560,-1,,,
7105,367630,184640,93160,48955,,,24470,13540,-1,5210,,2600
7106,115510,56540,28350,14550,,,,7520,-1,,,
7107,94830,51280,28320,16090,,,9250,5545,-1,2685,,1340
7108,31100,15940,8640,4940,,,,2900,-1,,,
6460,1354010,686000,354000,182000,91205,48775,26430,16425,-1,6790,,3395
6461,457290,223170,111860,57000,,,30060,16090,-1,,,
6462,141420,75120,37020,19031,,9860,5050,2595,-1,1180,,710
7109,100600,54395,30040,17065,,,9820,5880,-1,2845,,1420
7110,33000,16920,9180,5240,,,,3070,-1,,,
7111,87745,47245,25935,14640,,,8250,4835,-2,2520,,1265
7112,958055,484950,248745,128200,,64225,33635,18955,-2,7255,,3630
7113,284860,139020,69680,35510,,,18730,10020,-2,,,
7114,503015,253000,128000,67000,,33580,17685,9920,-2,3735,,1865
7115,169300,82880,41560,21330,,,,11020,-2,,,
6463,153276,81851,43717,23500,,,12602,7998,-1,3592,1909,1062
6464,47945,25614,13998,7122,,,,3869,-1,,,
7116,1202520,608700,312215,160920,,80620,42220,23790,-2,9105,,4550
7117,357540,174490,87460,44560,,,23510,12580,-2,,,
6465,1202520,608700,312215,160920,,80620,42220,19805,-2,6265,,3250
6466,357540,174485,87460,44560,,,23510,13650,-2,,,
6467,523858,261802,130774,60240,,29866,15330,7879,-2,4385,,2256
6468,149964,75744,37491,18872,,,9532,4724,-2,,,
7118,2300000,1180000,590000,415000,243000,143000,87000,46000,-2,24000,12250,7000
7119,580000,290000,146000,79500,,42500,23000,11500,-2,,,
7120,117050,63290,34955,19865,,,11420,6840,-2,3310,,1655
7121,38410,19680,10660,6110,,,,3570,-2,,,
7122,109590,59255,32730,18590,,,10695,6405,-2,3100,,1550
7123,35960,18430,9990,5720,,,,3340,-2,,,
6469,20000,11000,6500,4000,,,2325,1175,-1,,,
7124,429955,215940,108965,57260,,,28620,15830,-2,6090,,3045
7125,135090,66130,33170,17020,,,,8790,-2,,,
6470,176215,93830,50080,26885,,,14385,6915,-1,4095,2185,1210
6471,54975,29343,16040,8170,,,,4425,-1,,,
7126,76840,41540,22950,13035,,,7490,4490,-2,2175,,1090
7127,25200,12910,7000,4000,,,,2350,-2,,,
7128,117925,63765,35215,20010,,,11505,6890,-2,3335,,1670
7129,38690,19830,10740,6150,,,,3600,-2,,,
6472,173680,92540,46275,23455,,12200,6380,4205,-1,2325,,1400
6473,54695,28950,15925,8109,,,,4400,-1,,,
7130,2350000,1175000,588000,294000,176000,111000,72000,45000,-3,22500,13250,7000
7131,540000,270000,135000,67000,,32000,19000,12000,-3,,,
7132,354845,178220,89925,47260,,,23620,13065,-2,5025,,2515
7133,111490,54570,27370,14040,,,,7260,-2,,,
7134,365390,183780,92980,48670,,24400,12845,7205,-1,2710,,1355
7135,123000,60200,30190,15500,,,,8000,-1,,,
7136,131430,71065,39250,22305,,,12825,7680,-1,3715,,1860
7137,43120,22100,11970,6860,,,,4010,-1,,,
7138,1049040,531010,272365,140385,,70325,36830,20755,-1,7945,,3970
7139,311910,152210,76300,38870,,,20500,10980,-1,,,
6474,151070,80500,44000,25150,,,12575,8245,-1,3810,,2135
6475,47360,25303,13825,7035,,,,3825,-1,,,
6476,521530,253420,126950,60455,,29120,14920,8045,-1,3270,,1980
6477,149190,75360,37315,18780,,,9530,4710,-1,,,
7140,1114225,564005,289290,149100,,74695,39120,22045,-1,8435,,4220
7141,331300,161680,81040,41280,,,21780,11660,-1,,,
7142,96505,56000,32350,18740,,10740,6500,3950,-1,1840,,920
7143,40600,20800,11280,6450,,,,3780,-1,,,
7144,3850000,1900000,960000,500000,280000,163000,100000,58000,-1,32000,18000,11000
7145,740000,370000,175000,91000,,50000,30000,17000,-1,,,
6478,544500,269576,133850,62660,,30330,15600,8300,-1,5100,,3090
6479,155980,78780,38860,19630,,,9950,4920,-1,,,
6480,43000,21400,11300,5900,,,3310,1920,-1,810,590,430
6481,267900,143060,76410,41075,,,22025,13980,-1,6275,3335,1855
6482,83800,44770,24465,12445,,,,6765,-1,,,
7146,203410,109990,60740,34520,,,19845,11890,-1,5750,,2875
7147,66740,34200,18540,10600,,,,6210,-1,,,
6483,111164,55324,29730,8898,,,4899,3026,-1,1020,,600
6484,141500,75555,40360,21700,,,11640,7385,-1,3518,,1836
7148,191030,102210,56455,31570,,,18445,11050,-1,5345,,2670
7149,62010,31780,17220,9860,,,,5770,-1,,,
7150,160550,86810,47940,27235,,,15665,9385,-1,4540,,2270
7151,52670,27000,14630,8370,,,,4900,-1,,,
7152,733990,364615,183975,94680,,,48325,26735,-1,10280,,5140
7153,228110,111660,56010,28740,,,,14840,-1,,,
7154,391430,196590,99195,52125,,,26055,14415,-1,5545,,2770
7155,123000,60200,30190,15500,,,,8000,-1,,,
6485,1523265,762265,371915,178665,,85980,41625,23915,-1,6365,,3700
6486,515355,258600,115125,53130,,,24800,11515,-1,,,
7156,1374995,696000,357000,184000,,92175,48275,27205,-1,10405,,5205
7157,408840,199520,100000,50950,,,26870,14390,-1,,,
7158,144830,78310,43250,24575,,,14130,8465,-1,4095,,2045
7159,78310,43250,24575,14130,,,,8465,-1,,,
6487,111164,55324,29730,8898,,,4899,3026,-1,900,750,600
6488,180520,96400,51490,27680,,,14840,9420,-1,4230,2250,1250
6489,56465,30165,16485,8390,,,,4555,-1,,,
7160,474295,238205,120190,63160,,,31570,17465,-2,6715,,3360
7161,149010,72950,36590,18770,,,,9700,-2,,,
7162,430125,216025,109000,57280,,,28630,15840,-2,6090,,3045
7163,135160,66160,33180,17010,,,,8800,-2,,,
7164,995720,503730,259730,133985,,67025,35285,19800,-2,7445,,3725
7165,227930,126160,71030,40425,,,23190,13560,-1,6625,,3445
7166,76870,39400,21350,12220,,,,7150,-1,,,
6490,175200,88402,46800,11271,,,6450,4205,-1,4251,,2930
6491,25580,13600,7400,4100,,,,2470,-1,,,
6492,266000,142000,75050,40600,,,22050,12000,-1,6500,3400,1900
6493,84000,44800,25000,12900,,,,7000,-1,,,
6494,43000,21410,11400,6100,,,3570,2300,-1,1080,940,800
6495,13580,7200,4000,2300,,,,1520,-1,,,
7167,91625,50710,28540,16250,,,9320,5450,-1,2665,,1385
7168,30900,15840,8580,4910,,,,2880,-1,,,
7169,4120000,2065000,1040000,525000,300000,180000,128000,90000,-1,50000,32500,20000
7170,760000,380000,200000,110000,,62000,38000,25000,-1,,,
6496,43000,21400,11600,6275,,,3600,2300,-1,1685,,1100
6497,146500,78160,41675,22400,,,12000,6550,-1,3605,,1880
6498,46000,24200,13200,6800,,,,3700,-1,,,
6499,24000,13500,7530,4875,,2580,1575,1130,-1,450,,
6500,8000,4000,2000,1000,,,,700,-1,,,
7171,91010,50380,28360,16140,,,9260,5415,-2,2645,,1375
7172,30690,15730,8520,4870,,,,2860,-2,,,
7173,406840,204200,103675,54985,,,28080,15510,-2,7070,,3925
7174,130680,63980,32080,16470,,,,8500,-2,,,
7175,120635,66770,37590,21390,,,12275,7175,-1,3505,,1825
7176,40690,20860,11300,6470,,,,3780,-1,,,
7177,102535,56760,31950,18180,,,10435,6100,-1,2980,,1550
7178,34580,17720,9600,5490,,,,3220,-1,,,
6501,146500,78160,41680,22410,,,12000,7610,-1,3720,,1850
7179,355530,178455,90600,48050,,,24540,13555,-1,6175,,3430
7180,114200,55900,28040,14390,,,,7430,-1,,,
7181,116030,64225,36165,20575,,,11805,6900,-2,3375,,1755
7182,39130,20050,10870,6220,,,,3640,-2,,,
7183,97585,53615,29980,16990,,,9670,5570,-1,2995,,1590
7184,34100,17480,9470,5420,,,,3170,-1,,,
6502,696860,372200,198830,50100,,,26840,17055,-1,7650,4070,2280
6503,102210,54640,27323,13660,,,6830,4402,-1,,,
6504,605000,304005,151515,69775,,34500,17800,9100,-1,5080,,2620
6505,172000,87000,43500,21700,,,11000,5500,-1,,,
7185,565705,284485,143880,76025,,,38835,21525,-1,9810,,5450
7186,181360,88780,44530,22850,,,,11800,-1,,,
7187,372785,187110,94995,50375,,,25730,14210,-1,6480,,3600
7188,119750,58620,29410,15080,,,,7790,-1,,,
7189,101285,56065,31560,17960,,,10305,6030,-1,2945,,1530
7190,34160,17500,9480,5430,,,,3180,-1,,,
6506,34677,17258,9355,5060,,,2903,1855,-2,1359,,887
6507,10952,5806,3226,1855,,,,1226,-2,,,
6508,20161,11290,6480,4032,,,2540,1855,-2,871,758,645
6509,7258,4032,2605,1597,,,,1226,-2,,,
6510,25000,14000,8700,5000,,,3150,2300,-1,1685,,1100
6511,9000,5040,3230,1980,,,,1520,-1,,,
6512,25000,14000,8035,5000,,,3150,2300,-1,1080,940,800
6513,9000,5000,3230,1980,,,,1520,-1,,,
6514,285000,152999,75000,43000,,22000,14200,11000,-1,3575,,2265
6515,85000,45000,25000,15000,,,9860,4500,-1,,,
7191,285000,185015,124000,98500,,73250,43450,24560,-1,12595,,6655
7192,80000,68000,55000,41000,,,24320,12910,-1,,,
6516,48000,43000,40000,36000,34000,32000,18000,11000,-1,,,
347,160,95,75,57,40,30,20,2,,,,
6517,37000,35000,33000,32000,,,26000,17000,-1,,,
7193,3000000,1500000,800000,425000,250000,163000,100000,61000,-1,,,
7194,400000,240000,130000,91000,,,50000,30000,-1,,,
6518,25000,14000,8401,5006,,,3430,2600,-1,2251,,1630
77,1000,600,360,180,,90,45,10,25,16,8,0
7195,205200,150000,100000,75000,,61000,57490,21190,-2,10870,5470,3000
7196,58860,49000,39000,30000,,,20990,11140,-2,,,
7197,79330,64075,45985,31285,,,24690,13640,-2,6215,,3450
7198,30530,24270,19150,13570,,,,7480,-2,,,
7199,1600000,850000,425250,283500,189000,126000,84000,60000,-2,25600,16000,10000
7200,319652,188030,110606,65062,,38272,23920,14950,-2,,,
6519,20161,11290,6214,4153,,,3347,2621,-2,1613,,
6520,7258,4032,2524,1588,,,,1250,-2,,,
7201,92870,75005,53830,36620,,,28905,15970,-1,7275,,4040
7202,35750,28410,22410,15880,,,,8750,-1,,,
7203,24880,19790,13195,9240,,,7425,5415,-2,2645,,1375
7204,8840,6450,5120,3790,,,,2850,-2,,,
7205,13320,11130,9070,7425,,,6600,5415,-2,2645,,1375
7206,6030,5000,4000,3210,,,,2630,-2,,,
7207,30160,24000,16000,11200,,,9000,6565,-2,3210,,1670
7208,10710,7820,6210,4590,,,,3460,-2,,,
7209,105240,85000,61000,41500,,,32755,18095,-2,8245,,4580
7210,40500,32190,25400,18000,,,,9920,-2,,,
7211,13410,11210,9135,7480,,,6650,5455,-1,2665,,1385
7212,6080,5040,4030,3230,,,,2650,,,,
7213,225210,150000,100000,78000,,56000,36000,22275,-2,10865,,6160
7214,91665,69000,48000,32000,,,21870,11550,-2,,,
6521,20161,11290,7016,4032,,,2540,1855,-1,1359,,887
6522,7258,4032,2606,1598,,,,1226,-1,,,
6523,50000,30000,16230,13300,,,10700,9600,-1,4740,,2400
6524,18000,10000,7200,6000,,,,4800,-1,,,
348,470,305,185,120,,55,30,1,25,13,,1
6525,68570,50130,26745,12675,,6480,4100,2500,-1,1925,,1000
6526,20890,13370,8350,4310,,,2670,2020,-1,,,
7215,30840,22780,16390,11110,,,7445,5000,-1,2555,,1505
7216,10080,7370,5600,4010,,,,2930,-1,,,
7217,27960,20000,14000,9700,,,5700,3200,-2,1750,,1000
7218,8900,6880,5050,3440,,,,2350,-2,,,
7219,19500,13255,10000,7400,,5500,4000,2500,-1,,,
7220,7200,5760,4560,3360,,,2160,1200,-1,,,
78,80,48,29,15,,,7,0,4,2,,0
79,100,60,35,18,,,8,0,5,1,,0
80,125,75,45,25,,,10,0,5,1,,0
6527,50000,33520,18610,8770,,5500,4250,3000,-1,,,
349,470,305,185,100,,55,30,1,,,,
6528,20890,13370,8350,4310,,,2670,2020,,,,
350,470,305,185,100,,,55,1,,,,
6529,50000,33520,18610,8770,,,5500,3000,,,,
6530,205190,150000,80000,37910,,19355,13745,9000,-2,5746,,3000
6531,62520,40000,25000,12903,,,8000,6040,-2,,,
7221,2750000,1500000,850000,525000,320000,215000,150000,100000,-1,52500,35000,25000
7222,600000,340000,200000,110000,,65000,45000,30000,-1,,,
7223,24770,18310,13730,9385,,,6410,4575,-1,2345,,1295
7224,8630,6330,4810,3440,,,,2520,-1,,,
7225,21655,16000,12000,8200,,,5500,4000,-2,2050,,1130
7226,7550,5530,4200,3010,,,,2200,-2,,,
7227,24110,17810,13350,9125,,,6235,4450,-1,3360,2280,1260
7228,8400,6140,4680,3350,,,,2450,-1,,,
81,100,60,35,18,,,8,0,5,2,,0
6532,68570,51000,32400,15500,,,8200,6650,-1,5000,,2565
6533,25230,17750,10000,5500,,,,3500,-1,,,
351,280,180,110,60,,30,16,1,12,1,,
6534,28500,20850,11100,5250,,2700,1900,1400,-1,1211,,
6535,8000,5000,3000,1500,,,1300,1000,-1,,,
7229,89265,66000,47000,32000,,,20000,11500,-2,5300,,2800
7230,29100,22500,16500,11250,,,,7700,-2,,,
7231,24400,18030,13510,9240,,,6310,4505,-1,3470,2310,1275
7232,8510,6230,4730,3390,,,,2480,-1,,,
82,125,75,45,25,,,10,0,5,2,,0
83,50,30,15,7,,,4,0,2,1,,0
6536,68570,51000,32400,15500,,,8200,6650,-1,3295,2350,1800
6537,23548,13224,8145,4677,,,2963,2157,-2,1575,,1024
6538,8306,4838,3064,1854,,,,1412,-2,,,
7233,27615,20400,15300,10450,,,7140,5100,-2,2615,,1440
7234,9630,7060,5360,3840,,,,2800,-2,,,
7235,69520,51340,36940,25045,,,16780,11270,-1,5760,,3395
7236,22720,16610,12630,9040,,,,6610,-1,,,
6539,221500,164000,87000,41500,,21000,13300,10750,-1,6300,,3250
6540,67000,43990,27500,13800,,,8700,6500,-1,,,
6541,29200,16398,10100,5800,,,3675,2675,-1,1950,,1270
6542,10300,6000,3800,2300,,,,1750,-1,,,
39,500,300,180,90,,,45,0,20,10,4,0
7237,88940,65760,46830,31880,,,19925,11460,-1,7900,5280,
7238,31440,23660,17030,11200,,,,7060,-1,,,
7239,149490,110530,78710,53590,,33495,19260,13300,-1,8875,,4690
7240,52850,39780,28620,18840,,,,11860,-1,,,
84,90,55,33,17,,,8,0,5,2,,0
7241,300110,165000,93000,61000,40000,26000,16000,10000,-1,5890,,3100
7242,81000,51000,38000,27000,,,18000,12000,-1,,,
7243,40100,28750,20465,13650,,,8770,5275,-2,2580,,1340
7244,14970,10730,7060,4590,,,,2690,-2,,,
6543,68570,50130,26745,12670,,6480,4100,3330,-1,2000,,1020
7245,251085,150000,85000,46500,,29000,18100,12000,-2,6100,,3250
7246,50000,35000,24000,16250,,,11000,7500,-2,,,
6544,29200,16398,10100,5800,,,4000,2770,-1,2305,,1700
7247,178985,111600,69840,42180,,24900,14700,8700,-2,3960,,2100
7248,58500,39300,26100,17100,,,,10800,-2,,,
7249,100225,58885,34710,19840,,,11480,6710,-2,3280,,1705
7250,34510,18590,10560,6030,,,,3550,-2,,,
6545,55300,41141,26130,12500,,,6612,5362,-2,4032,,2068
6546,20346,14314,8064,4436,,,,2824,-2,,,
6547,315160,188280,106690,58370,,34048,20000,12655,-2,4025,,2600
6548,62761,43940,30120,20400,,,13810,9410,-2,,,
7251,315160,188280,106690,58370,,36400,22720,15060,-2,7655,,4080
7252,62760,43940,30120,20400,,,13810,9410,-2,,,
7253,245085,145000,82300,45100,,28200,18000,12000,-2,6100,,3250
6549,178630,132258,70161,33468,,16935,10726,8670,-2,5080,,2620
6550,54032,35476,22178,11130,,,7016,5242,-2,,,
7254,41145,29500,21000,14000,,,9000,5415,-2,2645,,1375
7255,15360,11000,7250,4710,,,,2760,-2,,,
7256,47080,33760,24030,16020,,,10300,6195,-2,3025,,1575
7257,17570,12590,8290,5390,,,,3160,-2,,,
7258,78795,46290,27290,15595,,,9025,5275,-2,2580,,1340
7259,27140,14620,8300,4740,,,,2790,-2,,,
7260,1400000,750000,375000,255000,170000,113000,84000,60000,-2,25600,16000,10000
7261,244925,144074,84749,49853,,29325,17250,11500,-2,,,
7262,53280,38200,27195,18130,,,11660,7010,-2,3425,,1780
7263,19880,14240,9390,6090,,,,3580,-2,,,
6551,29200,19018,10000,5000,,3000,2195,1800,-1,1500,,
7264,113785,84075,59860,40765,,,25480,14650,-2,6750,,3565
7265,40200,30240,21760,14340,,,9020,5000,-2,,,
6552,29800,16398,10100,5800,,,3675,2675,-1,1950,,1270
7266,70620,50630,36040,24030,,,15450,9295,-2,4540,,2360
7267,26370,18880,12440,8080,,,,4740,-2,,,
7268,53680,38485,27400,18265,,,11740,7065,-2,3450,,1795
7269,20050,14350,9460,6145,,,,3600,-2,,,
7270,1700000,900000,465000,300000,181000,115000,75000,48000,-3,25500,15500,8500
7271,480000,240000,120000,60000,,30000,19000,12000,-3,,,
6553,23548,13224,8144,4677,,,3653,2682,-2,1955,,
6554,23548,13224,8144,4677,,,3556,2758,-2,1863,,1370
7272,45795,32835,23375,15580,,,10015,6030,-1,2945,,1530
7273,17100,12240,8070,5240,,,,3070,-1,,,
7274,96035,71000,50600,34500,,,21730,12650,-2,5850,,3100
7275,33180,24970,17960,11820,,,,7450,-2,,,
352,280,180,110,60,,,30,1,18,1,,
6555,29200,16398,10100,5800,,,4530,3325,-1,2425,,
7276,58705,42095,29965,19975,,,12840,7730,-1,3775,,1960
7277,21920,15690,10340,6720,,,,3940,-1,,,
6556,23548,13224,8144,4677,,,3225,2234,-2,1863,,1370
7278,54535,39100,27840,18555,,,11930,7175,-1,3505,,1825
7279,20360,14580,9610,6240,,,,3660,-1,,,
7280,350755,178500,91500,48000,,24400,13300,7520,-1,3685,,1970
7281,118700,60000,30500,15970,,,,8250,-1,,,
6557,68570,51000,32400,15500,,,8200,7200,-1,6145,,3700
7282,370290,211000,121250,74000,,45000,26770,15845,-1,8350,,4445
7283,68440,47910,32840,22240,,,15050,10270,-1,,,
7284,654815,354720,197710,116655,,68325,41500,23650,-1,12595,,6655
7285,159030,102000,63960,40710,,,23260,12910,-1,,,
6558,255220,188945,100250,47820,,24200,15330,12385,-1,7258,,3745
6559,77200,50700,31700,,,15900,10020,7490,-1,,,
7286,2500000,1250000,675000,425000,265000,180000,115000,75000,-1,42000,32000,20000
7287,660000,330000,164000,93000,,54000,34000,20000,-1,,,
7298,47080,33760,24030,16020,,,10300,6195,-1,3025,,1575
7299,17570,12590,8290,5390,,,,3160,-1,,,
6560,23548,13224,8145,4676,,,2990,2450,-2,1575,,1024
353,470,305,185,100,,,55,1,25,13,,1
7300,92515,54355,32050,18310,,,10595,6195,-1,3025,,1575
7301,31860,17170,9760,5570,,,,3270,-1,,,
6561,1209730,640000,335000,175000,92000,51895,29045,18155,-1,9110,,4785
6562,414500,220000,117240,59470,,,31500,16870,-1,,,
7302,68380,49025,34900,23260,,,14960,9000,-1,4395,,2285
7303,25530,18280,12050,7820,,,,4590,-1,,,
7304,49885,35770,25465,16975,,,10915,6565,-2,3205,,1665
7305,18620,13340,8780,5710,,,,3350,-2,,,
6563,23548,13224,8145,4677,,,2693,2157,-2,1950,,1270
7306,336030,187000,106000,60000,,36000,22000,13700,-2,7625,,4500
7307,70000,50000,34000,23300,,,15250,9400,-2,,,
7308,84720,60740,43240,28830,,,18530,11150,-1,5445,,2830
7309,31640,22650,14930,9700,,,,5680,-1,,,
7310,220550,148720,98365,60890,,,32885,18160,-2,8280,,4595
7311,77290,53870,35130,19290,,,,9950,-2,,,
7312,98030,57595,33950,19400,,,11230,6565,-2,3205,,1665
7313,33760,18190,10330,5900,,,,3470,-2,,,
6564,108000,66800,39000,18685,,,10000,6750,-1,5020,,2585
6565,36200,22000,12500,6500,,,,3900,-1,,,
6566,31000,18037,10100,5800,,,3675,2675,-1,1950,,1270
6567,10800,6300,3800,2300,,,,1750,-1,,,
7314,87370,48365,27220,15490,,,8890,5200,-1,2540,,1320
7315,23370,13210,7630,4320,,,2540,1520,-1,,,
85,80,50,30,16,,7,4,0,2,1,,
86,50,30,17,9,,,4,0,3,1,,0
87,80,50,30,16,,,7,0,4,2,,0
7316,2875000,1575000,895000,538500,328000,221000,154000,103000,-1,53500,35500,25250
7317,675000,360000,205000,113000,,65250,45100,30050,-1,,,
7318,46175,32320,21410,14275,,,9235,5035,-1,2520,,1260
7319,16370,11760,7560,5030,,,,2940,-1,,,
7320,45865,32110,21265,14180,,,9170,5005,-2,2500,,1250
7321,16260,11670,7510,5000,,,,2920,-2,,,
6568,108000,66800,39000,18500,,,9500,6200,-1,3345,2375,1800
7322,109565,81290,57725,38875,,,24745,14135,-2,7070,,3535
7323,40050,30630,21210,14130,,,,8250,-2,,,
7324,107770,62865,36960,21415,,,12435,7600,-1,3800,,2070
7325,37440,20040,11740,6560,,,,3870,-1,,,
7326,91600,53435,31410,18205,,,10570,6460,-1,3230,,1760
7327,31830,17030,9970,5580,,,,3290,-1,,,
6569,104180,64800,37500,17500,,,9000,6200,-1,3000,2000,1500
7328,317400,169985,90650,48570,,,25900,13760,-1,7285,,4000
7329,102210,54390,27520,13760,,,,6960,-1,,,
7330,114875,80410,53255,35510,,,22975,12530,-1,6265,,3130
7331,40720,29240,18800,12530,,,,7310,-1,,,
7332,90330,52690,30980,17950,,,10425,6370,-1,3185,,1735
7333,31380,16790,9840,5510,,,,3240,-1,,,
7334,58470,40930,27110,18070,,,11695,6380,-2,3190,,1595
7335,20730,15880,9570,6380,,,,3720,-2,,,
88,250,150,90,45,,,20,0,12,6,3,0
90,25,16,8,3,,,1,0,,,,
91,15,8,4,2,,,1,0,,,,
7336,523740,282300,149870,76570,,,40875,21800,-1,11170,,6270
7337,171670,91560,46320,23160,,,,11720,-1,,,
7338,314455,169500,89985,45975,,,24540,13090,-1,6705,,3765
7339,103080,54970,27810,13920,,,,7030,-1,,,
7340,51045,35735,23660,15780,,,10210,5570,-1,2785,,1390
7341,18100,13000,8340,5570,,,,3250,-1,,,
6570,380000,224000,115289,53000,,26515,15080,10820,-1,6350,,3300
6571,111000,62400,34300,17300,,,9800,6570,-1,,,
7342,1231245,646110,343985,179940,94575,54400,30130,18200,-1,9205,,5025
7343,426010,225980,120520,61100,,,32630,17580,-1,,,
89,100,60,36,20,,,9,0,5,2,,0
6572,25000,14545,8145,4677,,,2963,2158,-2,1573,,1025
6573,8710,5080,3064,1854,,,,1410,-2,,,
92,125,75,45,25,,,11,0,5,2,,0
93,90,55,33,18,,,8,0,5,2,,0
7344,103070,73885,52595,35060,,,22540,13560,-1,5760,,3395
7345,38470,27550,18160,11800,,,,6910,-1,,,
7346,90495,52790,31035,17985,,,10440,6380,-1,3190,,1740
7347,31440,16820,9860,5510,,,,3250,-1,,,
7348,78630,45770,26735,15115,,,8805,5275,-2,2815,,1565
7349,28250,15110,8860,4950,,,,2920,-2,,,
354,120,72,43,22,,,11,1,5,3,1,
355,110,66,40,20,,,10,1,5,3,1,
356,96,58,35,18,,,9,1,5,3,1,
357,78,47,28,14,,,8,1,2,1,,
358,65,40,25,13,,,7,,2,1,,
6574,33200,19750,11000,6200,,,3800,2725,-1,1950,,1270
6575,12000,6700,3950,2350,,,,1800,-1,,,
6576,158800,98190,49600,19400,,9900,5420,3980,-1,2400,,1230
6577,42650,25900,14720,7650,,,,4600,-1,,,
7350,836355,456720,249740,136225,,72865,39070,21650,-2,9205,,5025
7351,256610,139390,76560,42240,,,23230,17580,-2,,,
359,65,40,25,13,,7,3,1,2,,,
360,65,40,25,13,,,7,,1,,,
7352,467150,249140,129245,67480,,35555,19465,10380,-2,5450,,3115
7353,163500,87200,44120,22060,,,,11420,-2,,,
7354,81310,47430,27885,16160,,,9380,5730,-2,2870,,1565
6578,31000,18037,10100,5800,,,3675,2675,-1,2000,,1300
6579,93823,58032,33879,17806,,,9081,6540,-2,5367,,3226
6580,31452,19113,10863,5645,,,,3387,-2,,,
6581,319570,173600,95350,52610,,,28930,13528,-2,,,
6582,1041570,568790,311025,169650,,90745,45095,22000,-2,8054,,4220
7355,1041570,568790,311025,169650,,90745,48655,26960,-2,13810,,7235
7356,319570,173600,95350,52610,,,28930,15780,-2,,,
7357,836355,456720,249740,136225,,72865,39070,21650,-2,11090,,5810
7358,252980,135180,72800,40570,,,21830,11580,-2,,,
6583,332260,195813,100806,46322,,23170,13176,9456,-2,5548,,2888
6584,97016,54540,29984,15120,,,8564,5742,-2,,,
6585,33200,19750,11000,6200,,,4100,2835,-1,2360,,1750
6586,26770,15922,8871,5000,,,3311,2286,-2,1904,,1410
6587,9680,5400,3185,1895,,,,1450,-2,,,
7359,2200000,1100000,600000,380000,220000,125800,86000,62000,-2,31000,20000,14000
7360,580000,290000,146000,79500,,42000,25000,15500,-2,,,
7361,98580,57505,33805,19595,,,11375,6950,-2,3475,,1895
7362,34250,18320,10750,6000,,,,3540,-2,,,
7363,105290,61420,36105,20920,,,12150,7425,-2,3710,,2025
7364,36580,19570,11480,6410,,,,3780,-2,,,
7365,399170,214775,114465,58485,,,31215,16650,-2,8530,,4785
7366,131110,69930,35370,17690,,,,9160,-2,,,
7367,134835,78650,46240,26795,,,15560,9505,-2,4755,,2595
7368,46860,25070,14690,8210,,,,4840,-2,,,
7369,106075,61875,36370,21080,,,12240,7480,-2,3740,,2040
7370,36850,19710,11560,6460,,,,3810,-2,,,
6588,93823,58032,33880,16060,,,8262,5390,-2,4362,,2240
6589,33200,19750,11000,6200,,,3800,2725,-1,2000,,1000
6590,26770,15922,8871,5000,,,3737,2750,-2,2016,,
6591,116340,71960,36200,17775,,9200,5860,4610,-1,4074,,2180
6592,39000,23700,13470,7000,,,,4200,-1,,,
7371,2000000,1050000,535000,310000,190000,120000,78000,50000,-3,32000,19000,11000
7372,540000,270000,135000,67000,,33000,20000,12500,-3,,,
6593,26770,15922,8870,5000,,,3065,2200,-2,1613,,1047
6594,33200,19750,11000,6200,,,3800,2725,-1,2000,,1300
7373,331125,178170,94925,48550,,,25900,13800,-2,7080,,4000
7374,108770,58000,29340,14670,,,,7600,-2,,,
7375,342800,182825,94840,49515,,26095,14280,7620,-1,4000,,2285
7376,119980,63990,32370,16190,,,,8380,-1,,,
7377,125040,72935,42885,24850,,,14430,8815,-1,4410,,2405
7378,43440,23250,13630,7610,,,,4490,-1,,,
7379,915295,499830,273320,149085,,79745,42760,23690,-1,12135,,6355
7380,280830,152550,83790,46230,,,25420,13870,-1,,,
6595,116340,71960,42010,22080,,,11260,8110,-1,6655,,4000
7381,970020,529710,289655,157995,,84510,45315,25110,-1,12860,,6735
7382,297620,161670,88800,48990,,,26940,14700,-1,,,
6596,439700,259100,133400,61300,,30660,17445,12515,-1,7345,,3820
6597,128400,72170,39680,20010,,,11330,7600,-1,,,
6598,412000,242800,125000,57440,,28730,16340,11725,-1,6880,,3580
6599,120300,67630,37180,18750,,,10620,7120,-1,,,
7383,100475,57660,33115,19125,,10925,6420,3905,-1,2070,,1145
7384,39530,20700,11690,6780,,,,4000,-1,,,
7385,2600000,1300000,705000,445000,278000,188000,121000,80000,-1,44000,33600,21100
7386,688000,344000,172000,97500,,56400,35800,21300,-1,,,
7387,93000,54300,31925,18495,,,10740,6565,-1,3280,,1790
7388,32340,17300,10150,5670,,,,3340,-1,,,
7389,170035,99185,58310,33790,,,19620,11990,-1,5995,,3270
7390,59090,31610,18530,10360,,,,6100,-1,,,
7391,144415,84245,49535,28700,,,16660,10185,-1,5090,,2775
7392,50180,26850,15740,8800,,,,5180,-1,,,
6600,116340,71960,42010,20505,,,11185,8080,-1,5410,,2785
7393,355310,191180,101890,52060,,,27785,14820,-1,7595,,4260
7394,116710,62240,31490,15750,,,,8150,-1,,,
7406,365275,182825,94840,49515,,,26095,15235,-1,7810,,4380
7395,93090,54300,31925,18495,,,10740,6565,-1,3280,,1790
6601,93823,58032,33880,16540,,,9019,6522,-2,4362,,2240
94,110,65,40,22,,,10,0,5,2,,
7396,399320,214855,114505,58505,,,31230,16655,-2,8535,,4790
7397,131170,69950,35390,17700,,,,9160,-2,,,
7398,439305,236375,125970,64360,,,34355,18325,-2,9390,,5270
7399,144300,76950,38930,19470,,,,10080,-2,,,
7401,282960,147840,78140,43300,,,23760,13200,-2,,,
7402,94560,55035,32150,18175,,,10655,6340,-1,3385,,1815
7403,33580,17550,9260,5140,,,2820,1570,-1,,,
7404,97760,57025,33525,19425,,,11280,6895,-1,3445,,1880
7405,33960,18170,10660,5950,,,,3510,-1,,,
95,75,50,30,16,,,7,0,4,2,,0
6602,120150,74161,43323,20465,,,11145,7500,-1,5590,,2860
6603,40100,24300,13900,7200,,,5775,4350,-1,,,
6604,34228,20226,11275,6418,,,3922,2804,-1,2075,,1340
6605,12447,7000,4020,2400,,,,1848,-1,,,
7407,2975000,1625000,925000,555250,338250,227925,158850,103000,-1,55150,36575,26000
7408,695000,370000,210000,116500,,67520,46500,30975,-1,,,
7409,85605,49940,29355,17010,,,9880,6035,-2,3020,,1645
7410,29740,15910,9330,5220,,,,3070,-2,,,
7411,112125,65405,38450,22280,,,12940,7905,-1,3955,,2155
7412,38960,20850,12230,6830,,,,4020,-1,,,
6606,34228,20226,11275,6418,,,3920,2804,-1,2075,,1340
6607,29760,17590,9810,5580,,,3410,2438,-2,1804,,1164
6608,10820,6090,3504,2086,,,,1606,-2,,,
96,75,50,30,16,,,8,0,4,2,,0
7413,387940,208730,111245,56835,,,30345,16180,-2,8295,,4650
7414,127440,67960,34380,17190,,,,8900,-2,,,
7415,95305,55595,32680,18940,,,11000,6720,-1,3360,,1830
7416,33110,17720,10400,5800,,,,3420,-1,,,
6609,120150,74161,43323,21075,,,11500,8310,-1,5590,,2860
6610,40100,24300,13900,7200,,,,4350,-1,,,
361,70,42,25,13,,,7,1,4,2,,
7417,376620,202640,108000,55170,,,29455,15710,-1,8050,,4515
7418,123710,65980,33380,16690,,,,8640,-1,,,
7419,107610,62770,36905,21385,,,12420,7585,-2,3795,,2070
7420,37390,20000,11730,6560,,,,3860,-2,,,
7421,209445,122175,71830,41615,,,24165,14770,-1,7385,,4030
7422,72780,38940,22820,12750,,,,7520,-1,,,
6611,454500,267690,138000,63350,,31650,17930,12848,-1,7650,,4000
6612,133840,75288,40432,20914,,,11850,7900,-1,,,
7423,533990,287320,153125,78235,,,41765,22270,-1,11415,,6405
7424,175400,93550,47340,23660,,,,12250,-1,,,
7425,1262220,662360,352635,184465,96955,55770,30885,18660,-1,9440,,5150
7426,436730,231660,123550,62630,,,33460,18020,-1,,,
97,175,100,60,32,,,15,0,6,3,,0
6613,120150,74155,37330,18200,,9340,5120,3740,-1,2240,,1170
7427,892590,487420,266530,145380,,77760,41700,23100,-2,11830,,6200
7428,282870,152140,81140,41140,,,21980,11830,-2,,,
7429,477795,254825,132190,69020,,36365,19910,10615,-2,5575,,3185
7430,167240,89190,45120,22560,,,,11680,-2,,,
6614,120150,74161,43323,22800,,,11600,8320,-2,6830,,4090
6615,40100,24300,13900,7200,,,,4350,-2,,,
7431,1105265,580000,308790,161525,84900,48835,27045,16340,-2,8265,,4510
7432,382420,202850,108190,54840,,,29300,15780,-2,,,
6616,521754,272200,143490,73930,39130,22700,12652,7828,-2,5982,,3110
6617,182170,96430,51790,25900,,,13840,7590,-2,,,
6618,29760,17590,9810,5580,,,3670,2546,-2,2090,,1578
6619,34228,20226,11275,6417,,,4220,2930,-1,2400,,1815
7433,2300000,1150000,630000,400000,240000,142000,97000,69000,-2,34000,22000,16000
7434,590000,295000,148000,80000,,43000,27000,17000,-2,,,
7435,102460,59760,35135,20360,,,11825,7225,-2,3610,,1970
7436,35600,19040,11160,6240,,,,3680,-2,,,
7437,109270,63740,37475,21715,,,12610,7705,-2,3850,,2100
7438,37960,20310,11910,6660,,,,3920,-2,,,
7439,477795,220880,117715,60145,,,32105,17120,-2,8775,,4925
7440,134840,71910,36380,18190,,,,9420,-2,,,
6620,104478,64500,37672,17796,,,9156,5974,-2,4860,,2488
6621,34870,21130,12090,6260,,,,3780,-2,,,
7445,139270,81240,47760,27680,,,16070,9820,-2,4910,,2675
7446,48380,25890,15180,8480,,,,5000,-2,,,
7441,110070,64205,37750,21870,,,12700,7760,-2,3880,,2120
7442,38250,20460,12000,6700,,,,3950,-2,,,
6622,120150,74161,43323,20465,,,10530,6870,-1,5590,,2860
6623,29760,17590,9810,5580,,,4417,3056,-1,2252,,
7443,2350000,1175000,600000,340000,207000,131000,85000,55000,-3,36000,21750,12750
7444,600000,300000,150000,75000,,36250,22000,13750,-3,,,
7447,342500,184285,98215,20180,,,26790,14285,-2,7320,,4105
7448,112500,59990,30350,15180,,,,7860,-2,,,
6624,34228,20226,11275,6418,,,4770,3515,-1,2590,,
7449,353445,188505,97785,51055,,,26905,14725,-1,4125,,2355
7450,123770,65980,33380,16690,,,,8640,-1,,,
7451,129660,75630,44465,25765,,,14960,9145,-1,4570,,2495
7452,45050,24100,14120,7900,,,,4655,-1,,,
7453,1019335,556630,304375,166020,,88805,47620,26380,-1,13515,,7080
7454,312740,169880,93310,51470,,,28310,15450,-1,,,
6625,120150,74161,43323,22800,,,11600,8320,-1,6830,,4090
7455,104460,59945,34430,19885,,11355,6675,4060,-1,2150,,1190
7456,41100,21520,12160,7060,,,,4150,-1,,,
7457,3000000,1500000,775000,455000,284000,191000,123000,81500,-1,45000,34500,22000
7458,700000,350000,180000,100000,,58000,36800,22000,-1,,,
7459,175340,102285,60130,34840,,,20230,12365,-1,6180,,3375
7460,60920,32600,19120,10680,,,,6290,-1,,,
7461,149330,87110,51215,29675,,,17230,10530,-1,5265,,2870
7462,51880,27750,16270,9100,,,,5360,-1,,,
7463,154815,90310,53100,30765,,,17865,10915,-1,5460,,2975
7464,53780,28780,16860,9430,,,,5560,-1,,,
7465,679550,365640,194860,99560,,,53145,28345,-1,14525,,8150
7466,223210,119050,60240,30110,,,,15590,-1,,,
6626,1324000,780000,402000,185018,,92500,52000,32325,-1,22132,,11660
6627,390218,218001,117500,60900,,,34500,23000,-1,,,
7467,347390,186920,99615,50895,,,27170,14490,-1,7425,,4165
7468,114100,60860,30800,15390,,,,7970,-1,,,
7469,450650,242480,129225,66025,,,35245,18795,-1,9635,,5405
7470,148020,78950,39940,19970,,,,10340,-1,,,
7471,410660,220950,117760,60165,,,32115,17130,-1,8780,,4925
7472,134890,71940,36400,18200,,,,9420,-1,,,
7473,273850,148760,81720,45080,,,24780,11830,-2,,,
100,2000,1300,800,400,200,100,50,10,30,16,8,0
101,1000,650,400,200,100,50,30,10,20,10,,0
102,1000,650,400,200,,100,50,10,30,16,,0
103,500,330,200,100,,50,25,0,16,8,,0
104,500,330,200,100,,,50,0,25,13,,0
105,250,165,100,50,,25,13,0,8,4,,0
106,250,165,100,50,,,25,0,13,7,,0
110,175,90,50,25,,,13,0,6,3,,0
111,125,64,35,16,,,8,0,5,3,,0
112,100,50,25,14,,,7,0,4,2,,0
113,75,44,22,12,,,6,0,4,2,,0
114,50,25,14,8,,,4,0,3,1,,0
7474,95340,55665,32800,18700,,,11000,6640,-1,3600,,2000
7475,34600,18000,9500,5310,,,2900,1620,-1,,,
362,500,325,195,108,,60,32,1,25,13,,1
6628,220000,135000,79000,38000,,20400,14000,12200,-1,10300,,5200
6629,73000,45039,26100,13320,,,10518,8000,-1,,,
363,250,163,98,54,,,30,1,18,12,,1
7476,100000,57845,34000,20000,,,11600,7200,-1,3650,,2050
7477,35000,18800,11000,6100,,,,3600,-1,,,
6630,35250,20830,11610,6608,,,4040,2890,-1,2140,,1380
6631,12820,7210,4140,2470,,,,1900,-1,,,
7478,100665,58720,34510,19995,,,11610,7095,-1,3550,,1935
7479,100640,58705,34510,19995,,,11610,7095,-1,3550,,1935
364,125,81,49,27,,,15,1,4,1,,0
365,500,325,195,108,,,60,1,25,13,,1
6632,142000,87655,51205,24200,,,13170,8860,-1,6603,,3380
6633,47390,28720,16430,8510,,,,5140,-1,,,
7480,3150000,1725000,990000,600000,375000,255000,180000,120000,-1,65000,44100,31250
7481,730000,400000,227500,128000,,75000,53000,36000,-1,,,
6634,36250,20830,11610,6608,,,4040,2890,-1,2140,,1380
6635,123480,76225,44525,21660,,,11823,8542,-2,5739,,2935
6636,41210,24970,14280,7400,,,,4470,-2,,,
7482,88125,51400,30220,17510,,,10165,6215,-2,3105,,1695
7483,30610,16380,9600,5370,,,,3160,-2,,,
6637,142000,87665,51205,24910,,,13590,9820,-1,6603,,3380
7484,85535,49900,29335,16995,,,9870,6030,-1,3015,,1645
7485,29720,15900,9320,5210,,,,3070,-1,,,
7486,114970,67070,39435,22850,,,13270,8110,-1,4055,,2210
7487,39950,21380,12530,7000,,,,4130,-1,,,
7488,110115,64240,37765,21885,,,12705,7765,-2,3885,,2120
7489,38260,20470,12000,6710,,,,3950,-2,,,
6638,523485,308320,158944,72965,,36454,20650,14800,-1,8800,,4610
6639,154160,86710,46570,24090,,,13650,9100,-1,,,
7490,399215,214795,114490,58495,,,31225,16655,-2,8535,,4790
7491,131140,69940,35390,17690,,,,9160,-2,,,
7492,100635,58700,34510,19995,,,11610,7095,-1,3550,,1935
7493,34960,18710,10970,6130,,,,3610,-1,,,
7494,97745,57015,33520,19425,,,11280,6890,-1,3445,,1880
7495,392775,211330,112625,57540,,,30715,16380,-1,8395,,4710
7496,129010,68800,34810,17410,,,,9010,-1,,,
7497,212300,123840,72810,42190,,,24500,14970,-1,7485,,4085
7498,73770,39470,23140,12930,,,,7620,-1,,,
7499,139190,81195,47740,26665,,,16065,9815,-1,4910,,2675
7500,48360,25880,15170,8480,,,,5000,-1,,,
370,100,65,39,21,,,12,1,5,3,,
371,100,65,39,21,,12,7,1,5,3,,
372,75,49,29,16,,,9,1,3,2,,
373,75,49,29,16,,9,5,1,3,2,,
374,50,33,20,11,,,6,1,2,1,,
375,50,33,20,11,,6,3,1,2,1,,
376,35,23,14,8,,,4,0,1,,,
377,35,23,14,8,,4,2,1,1,,,
378,15,10,6,3,,,1,0,,,,
7501,412555,221975,118300,60440,,,32265,17210,-1,8820,,4945
7502,135510,72270,36570,18280,,,,9460,-1,,,
7503,550140,296000,157755,80600,,,43025,22945,-1,11760,,6595
7504,180700,96370,48760,24380,,,,12620,-1,,,
7505,1100000,585000,325000,185000,101000,59100,42000,30050,-1,14400,,7800
7506,447300,236800,127170,63600,,,34100,18640,-1,,,
7507,1100000,585000,325000,185000,101000,59100,34500,23250,-1,13500,,7000
6640,142000,87665,44286,22146,,11190,6940,5540,-1,3536,,1768
7508,919075,501880,274425,149685,,80065,42935,23785,-2,12185,,6380
7509,281960,153170,84140,46420,,,25510,13930,-2,,,
7510,488390,260475,135125,70550,,37175,20350,10855,-2,5700,,3255
7511,170940,91170,46130,23060,,,,11940,-2,,,
6641,123480,76225,44526,23435,,,11925,8550,-1,7010,,4200
6642,41210,24970,14280,7400,,,,4470,-1,,,
6643,30650,18110,10100,5750,,,3512,2512,-2,1860,,1200
6644,11150,6270,3600,2150,,,,1652,-2,,,
7512,963225,512260,284590,161995,88440,51665,30225,20360,-2,11820,,6130
7513,391680,207660,111360,55690,,,29860,16320,-2,,,
6645,699690,365015,192405,99160,52480,30435,16965,10495,-2,8030,,4175
6646,244310,129320,69460,34740,,,18560,10180,-2,,,
6647,123480,76225,44526,23435,,,11925,8550,-2,7010,,4200
6648,35250,20830,11610,6608,,,4350,3020,-1,2470,,1870
7514,2400000,1200000,650000,415000,250000,158000,110000,73000,-2,41000,28000,20000
7515,590000,295000,148000,80000,,43500,27500,17500,-2,,,
7516,104985,61235,36000,20860,,,12110,7400,-2,3700,,2020
7517,36470,19510,11440,6390,,,,3770,-2,,,
7518,111785,65205,38335,22215,,,12900,7880,-2,3940,,2150
7519,38840,20780,12180,6810,,,,4010,-2,,,
7520,421790,226945,120960,61800,,,32990,17595,-2,9015,,5060
7521,138550,73900,37390,18690,,,,9680,-2,,,
366,500,325,195,108,,,60,1,25,1,,
6649,123480,76225,44526,23445,,,12625,8825,-2,4345,,
7522,141795,82715,48620,28175,,,16360,9995,-2,5000,,2725
7523,49260,26360,15450,8630,,,,5090,-2,,,
7524,112555,65660,38610,22370,,,12990,7940,-2,3970,,2165
7525,39110,20930,12270,6860,,,,4040,-2,,,
7526,2700000,1400000,715000,375000,226000,143000,93000,60000,-3,40000,25000,15000
7527,650000,330000,167000,84000,,42000,25000,15750,-3,,,
7528,353750,190345,101460,51835,,,27670,14760,-2,7565,,4245
7529,116220,61980,31360,15680,,,,8120,-2,,,
379,125,81,49,27,,,15,1,6,4,,1
380,125,81,49,27,,,15,1,6,1,,
7530,368585,196580,101975,53240,,28055,15360,8190,-1,4300,,2455
6650,142000,87655,51204,26955,,,13710,9830,-1,8060,,4835
7531,1049460,573090,313395,170940,,91435,49030,27165,-1,13915,,7290
7532,322000,174920,96090,53010,,,29140,15910,-1,,,
7533,107060,61435,35280,20375,,11640,6840,4160,-1,2205,,1215
7534,42120,22050,12470,7220,,,,4260,-1,,,
7535,3600000,1800000,1000000,530000,325000,215000,140000,100000,-1,52000,38000,25000
7536,750000,375000,190000,110000,,63000,40000,25000,-1,,,
7537,178195,103950,61115,35415,,,20565,12565,-1,6285,,3425
7538,61920,33130,19420,10850,,,,6400,-1,,,
7539,152240,88795,52195,30245,,,17560,10730,-1,5365,,2925
7540,52880,28290,16590,9270,,,,5460,-1,,,
7541,340010,182950,97510,49820,,,26595,14185,-1,7270,,4080
7542,111690,59570,30140,15070,,,,7800,-1,,,
7543,695750,374340,199495,101925,,,54405,29015,-1,14870,,8340
7544,228510,121870,61660,30830,,,,15960,-1,,,
6651,525115,309280,159439,73193,,36568,20714,14846,-1,8828,,4624
6652,154640,86980,46715,24165,,,13693,9128,-1,,,
7545,157695,91985,54075,31335,,,18195,11120,-1,,,
7546,54780,29310,17180,9600,,,,5660,-1,,,
7547,461920,248540,132470,67680,,,36130,19270,-2,9875,,5540
7548,151740,80930,40950,20470,,,,10600,-2,,,
7549,446045,239990,127900,65345,,,34880,18605,-2,9535,,5350
7550,146500,78135,39530,19765,,,,10230,-2,,,
7551,310900,162490,85870,47580,,,26110,14500,-2,,,
6653,36300,21484,11970,6815,,,4160,2975,-1,2200,,1420
6654,13200,7430,4260,2540,,,,1960,-1,,,
6655,192475,120735,69650,35000,,17750,12300,10660,-1,8900,,4585
6656,75820,48590,26830,14000,,,,9530,-1,,,
7552,96985,56580,33055,18685,,,10955,6580,-1,3480,,1865
7553,35570,18510,9770,5450,,,2980,1660,-1,,,
7554,103455,60350,35480,20555,,,11935,7295,-1,3650,,1990
7555,35980,19330,11310,6270,,,,3700,-1,,,
7556,103525,60350,35480,20555,,,11935,7295,-1,3650,,1990
6657,164000,101000,59100,27940,,,15170,10190,-1,7625,,3900
6658,54300,33000,19160,9840,,,,6000,-1,,,
7557,3500000,1900000,1100000,665000,420000,290000,200000,132000,-1,72000,49000,35000
7558,810000,440000,250000,142000,,82000,58000,40000,-1,,,
7559,90680,52890,31090,18015,,,10460,6390,-2,3200,,1745
7560,31530,16940,9910,5500,,,,3240,-2,,,
6659,142610,87825,51305,24950,,,13651,9829,-2,6630,,3390
6660,47220,28700,16660,8550,,,,5220,-2,,,
7561,449160,241650,128785,65795,,,35120,18730,-2,9600,,5385
7562,147520,78670,39800,19910,,,,10300,-2,,,
7563,516165,277715,148005,75615,,,40365,21525,-1,11030,,6190
7564,169540,90410,45750,22880,,,,11840,-1,,,
6661,164000,101000,59000,28695,,,15700,11300,-1,7625,,3900
6662,597000,351801,181400,83470,,41600,23500,16900,-1,10074,,5270
6663,175900,98950,53140,27480,,,15570,10380,-1,,,
7565,100160,58420,34345,19900,,,11555,7060,-1,3535,,1925
7566,34830,18710,10950,6070,,,,3580,-1,,,
7567,112660,65730,38640,22385,,,13000,7945,-2,3975,,2165
7568,39190,21050,12320,6830,,,,4030,-2,,,
7569,448090,241100,128490,65645,,,35040,18690,-1,9580,,5375
7570,147190,78490,39710,19860,,,,10280,-1,,,
7571,483515,260150,138645,70830,,,37810,20165,-1,10335,,5800
7572,158810,84690,42850,21430,,,,11090,-1,,,
7573,605530,325780,173620,88700,,,47350,25250,-1,12940,,7260
7574,198880,106060,53660,26840,,,,13890,-1,,,
7575,1201125,638750,354850,202000,110250,64500,37650,25375,-1,14730,,7640
7576,457150,242020,129970,65000,,,34850,19050,-1,,,
6664,1124380,597890,332160,189075,103225,60400,35260,23760,-1,13795,,7155
6665,457150,242020,129970,65000,,,34850,19050,-1,,,
