TOUR,DATE_GAME,ID1,ID2,ROUND,DRAW,RESULT,COMPLETE,LIVE,TIME_GAME,RESERVE_INT,RESERVE_CHAR
20330,"03/31/25 12:00:00",61667,1837,4,4,,,,,,
20330,,27482,3700,4,5,"bye",,,,,
20330,"03/31/25 12:00:00",12190,24721,4,6,,,,,,
20330,"03/31/25 12:00:00",71221,13674,4,7,,,,,,
20330,"03/31/25 12:00:00",24084,66828,4,8,,,,,,
20330,,42229,3700,4,9,,,,,,
20330,,64891,3700,4,10,,,,,,
20330,"03/31/25 12:00:00",24249,674,4,11,,,,,,
20330,,3700,67546,4,12,"bye",,,,,
20330,"03/31/25 12:00:00",52140,13447,4,13,,,,,,
20330,"03/31/25 12:00:00",92184,55290,4,14,,,,,,
20330,,1092,3700,4,15,,,,,,
20330,,3700,27358,4,16,"bye",,,,,
20330,,52721,3700,5,1,,,,,,
20330,,3700,3700,5,2,,,,,,
20330,,27482,3700,5,3,,,,,,
20330,,3700,3700,5,4,,,,,,
20330,,3700,3700,5,5,,,,,,
20330,,3700,67546,5,6,,,,,,
20330,,3700,3700,5,7,,,,,,
20330,,3700,27358,5,8,,,,,,
20330,,3700,3700,9,1,,,,,,
20330,,3700,3700,9,2,,,,,,
20330,,3700,3700,9,3,,,,,,
20330,,3700,3700,9,4,,,,,,
20330,,3700,3700,10,1,,,,,,
20330,,3700,3700,10,2,,,,,,
20330,,3700,3700,12,1,,,,,,
20526,,118490,118491,4,1,,,,,,
20526,,118170,118492,4,2,,,,,,
20526,,39803,108364,4,3,,,,,,
20526,,101316,117771,4,4,,,,,,
20526,,108421,118493,4,5,,,,,,
20526,,118494,47239,4,6,,,,,,
20526,,105823,109810,4,7,,,,,,
20526,,118227,97008,4,8,,,,,,
20526,,3699,3699,9,1,,,,,,
20526,,3699,3699,9,2,,,,,,
20526,,3699,3699,9,3,,,,,,
20526,,3699,3699,9,4,,,,,,
20526,,3699,3699,10,1,,,,,,
20526,,3699,3699,10,2,,,,,,
20526,,3699,3699,12,1,,,,,,
20587,,102099,110422,12,1,"4-6 7-6(5) 10-6",,,,,
20332,,94721,114334,4,1,,,,,,
20332,,118495,117109,4,2,,,,,,
20332,,115728,88327,4,3,,,,,,
20332,,118496,118497,4,4,,,,,,
20332,,118498,70756,4,5,,,,,,
20332,,115727,48539,4,6,,,,,,
20332,,113218,88877,4,7,,,,,,
20332,,118499,118500,4,8,,,,,,
20332,,3699,3699,9,1,,,,,,
20332,,3699,3699,9,2,,,,,,
20332,,3699,3699,9,3,,,,,,
20332,,3699,3699,9,4,,,,,,
20332,,3699,3699,10,1,,,,,,
20332,,3699,3699,10,2,,,,,,
20332,,3699,3699,12,1,,,,,,
20527,,55228,106416,4,1,,,,,,
20527,,118501,38168,4,2,,,,,,
20527,,105759,27486,4,3,,,,,,
20527,,118502,118503,4,4,,,,,,
20527,,118504,118372,4,5,,,,,,
20527,,118368,118505,4,6,,,,,,
20527,,74296,118506,4,7,,,,,,
20527,,101107,106107,4,8,,,,,,
20527,,3699,3699,9,1,,,,,,
20527,,3699,3699,9,2,,,,,,
20527,,3699,3699,9,3,,,,,,
20527,,3699,3699,9,4,,,,,,
20527,,3699,3699,10,1,,,,,,
20527,,3699,3699,10,2,,,,,,
20527,,3699,3699,12,1,,,,,,
20524,"03/29/25 17:04:00",18648,58609,10,1,"4-6 7-5 6-3",,,,,
20332,,33860,3700,4,1,"bye",,,,,
20332,"03/31/25 12:00:00",14432,66499,4,2,,,,,,
20332,,3700,3700,4,3,,,,,,
20332,"03/31/25 12:00:00",45553,72578,4,4,,,,,,
20332,,28108,3700,4,5,"bye",,,,,
20332,"03/31/25 12:00:00",28267,18477,4,6,,,,,,
20332,"03/31/25 12:00:00",34605,59166,4,7,,,,,,
20332,,3700,31358,4,8,,,,,,
20332,"03/31/25 12:00:00",21506,51046,4,9,,,,,,
20332,"03/31/25 12:00:00",29732,55252,4,10,,,,,,
20332,"03/31/25 12:00:00",4067,84235,4,11,,,,,,
20332,,3700,31446,4,12,"bye",,,,,
20332,"03/31/25 12:00:00",76127,56195,4,13,,,,,,
20332,,3700,46747,4,14,,,,,,
20332,"03/31/25 12:00:00",42971,30550,4,15,,,,,,
20332,,3700,31392,4,16,"bye",,,,,
20332,,33860,3700,5,1,,,,,,
20332,,3700,3700,5,2,,,,,,
20332,,28108,3700,5,3,,,,,,
20332,,3700,3700,5,4,,,,,,
20332,,3700,3700,5,5,,,,,,
20332,,3700,31446,5,6,,,,,,
20332,,3700,3700,5,7,,,,,,
20332,,3700,31392,5,8,,,,,,
20332,,3700,3700,9,1,,,,,,
20332,,3700,3700,9,2,,,,,,
20332,,3700,3700,9,3,,,,,,
20332,,3700,3700,9,4,,,,,,
20332,,3700,3700,10,1,,,,,,
20332,,3700,3700,10,2,,,,,,
20332,,3700,3700,12,1,,,,,,
20330,,79810,104898,4,1,,,,,,
20330,,118162,117341,4,2,,,,,,
20330,,112789,55058,4,3,,,,,,
20330,,118508,57343,4,4,,,,,,
20330,,90021,118509,4,5,,,,,,
20330,,116637,42754,4,6,,,,,,
20330,,80916,97319,4,7,,,,,,
20330,,108368,116686,4,8,,,,,,
20330,,3699,3699,9,1,,,,,,
20330,,3699,3699,9,2,,,,,,
20330,,3699,3699,9,3,,,,,,
20330,,3699,3699,9,4,,,,,,
20330,,3699,3699,10,1,,,,,,
20330,,3699,3699,10,2,,,,,,
20330,,3699,3699,12,1,,,,,,
20588,,64238,3700,1,1,"bye",,,,,
20588,,101866,43855,1,2,"6-0 6-1",,,,,
20588,,60923,93519,1,3,"6-3 6-1",,,,,
20588,,118510,43239,1,4,"6-1 6-1",,,,,
20588,,38587,110305,1,5,"6-3 6-4",,,,,
20588,,79105,109917,1,7,"6-4 6-2",,,,,
20588,,93501,81596,1,8,"6-0 6-2",,,,,
20588,,91450,110454,1,9,,,,,,
20588,,103109,60922,1,10,,,,,,
20588,,87431,93389,1,11,,,,,,
20588,,72352,92864,1,12,,,,,,
20588,,80640,118511,1,13,,,,,,
20588,,109308,29866,1,14,,,,,,
20588,,88756,89965,1,15,,,,,,
20588,,112219,100228,1,16,,,,,,
20588,,64238,101866,3,1,,,,,,
20588,,60923,118510,3,2,,,,,,
20588,,38587,91714,3,3,,,,,,
20588,,79105,93501,3,4,,,,,,
20588,,3700,3700,3,5,,,,,,
20588,,3700,3700,3,6,,,,,,
20588,,3700,3700,3,7,,,,,,
20588,,3700,3700,3,8,,,,,,
20590,,56891,3700,1,1,"bye",,,,,
20590,,66852,117100,1,2,"6-1 6-1",,,,,
20590,,66217,3700,1,4,"bye",,,,,
20590,,88378,3700,1,5,"bye",,,,,
20590,,107882,62750,1,6,"6-1 6-2",,,,,
20590,,91723,74540,1,7,"6-2 6-0",,,,,
20590,,111498,3700,1,8,"bye",,,,,
20590,,30099,3700,1,9,"bye",,,,,
20590,,116696,104076,1,10,,,,,,
20590,,88217,103602,1,11,"6-1 7-5",,,,,
20590,,81817,3700,1,12,"bye",,,,,
20590,,85193,3700,1,13,"bye",,,,,
20590,,114005,102455,1,14,,,,,,
20590,,105172,3700,1,15,"bye",,,,,
20590,,88360,3700,1,16,"bye",,,,,
20590,,52335,3700,1,17,"bye",,,,,
20590,,90068,9844,1,18,,,,,,
20590,,34680,34288,1,19,,,,,,
20590,,116706,101053,1,20,,,,,,
20590,,71357,3700,1,21,"bye",,,,,
20590,,95141,89253,1,22,"6-3 6-7(4) 10-4",,,,,
20590,,62702,99984,1,23,"6-2 6-0",,,,,
20590,,87316,27779,1,24,,,,,,
20590,,94958,3700,1,25,"bye",,,,,
20590,,116433,91532,1,27,,,,,,
20590,,91976,86372,1,28,"6-2 6-2",,,,,
20590,,86813,3700,1,29,"bye",,,,,
20590,,876,88928,1,30,"6-1 7-5",,,,,
20590,,100218,111614,1,31,,,,,,
20590,,112221,44807,1,32,,,,,,
20590,,56891,66852,2,1,,,,,,
20590,,107885,66217,2,2,,,,,,
20590,,88378,107882,2,3,,,,,,
20590,,91723,111498,2,4,,,,,,
20590,,30099,3700,2,5,,,,,,
20590,,88217,81817,2,6,,,,,,
20590,,85193,3700,2,7,,,,,,
20590,,105172,88360,2,8,,,,,,
20590,,52335,3700,2,9,,,,,,
20590,,3700,3700,2,10,,,,,,
20590,,71357,95141,2,11,,,,,,
20590,,62702,3700,2,12,,,,,,
20590,,94958,115976,2,13,,,,,,
20590,,3700,91976,2,14,,,,,,
20590,,86813,876,2,15,,,,,,
20590,,3700,3700,2,16,,,,,,
20590,,3700,3700,3,1,,,,,,
20590,,3700,3700,3,2,,,,,,
20590,,3700,3700,3,3,,,,,,
20590,,3700,3700,3,4,,,,,,
20590,,3700,3700,3,5,,,,,,
20590,,3700,3700,3,6,,,,,,
20590,,3700,3700,3,7,,,,,,
20590,,3700,3700,3,8,,,,,,
20593,,101308,77191,1,2,"6-2 3-6 10-6",,,,,
20593,,73730,118512,1,3,"6-0 6-0",,,,,
20593,,59990,36274,1,4,"1-6 6-3 10-4",,,,,
20593,,51568,97181,1,5,"6-2 6-1",,,,,
20593,,53539,27478,1,6,"3-6 6-4 10-4",,,,,
20593,,50141,36636,1,7,"3-6 6-3 10-6",,,,,
20593,,83790,33694,1,8,"7-5 6-3",,,,,
20593,,56611,38846,1,10,"3-6 6-4 10-4",,,,,
20593,,97989,117896,1,11,"6-1 6-0",,,,,
20593,,26143,102814,1,12,"6-1 6-2",,,,,
20593,,68624,65283,1,13,"6-0 6-2",,,,,
20593,,98883,108186,1,14,"6-4 6-1",,,,,
20593,,40737,32723,1,15,"w/o",,,,,
20593,,68389,101308,3,1,,,,,,
20593,,73730,59990,3,2,,,,,,
20593,,51568,53539,3,3,,,,,,
20593,,50141,83790,3,4,,,,,,
20593,,23087,56611,3,5,,,,,,
20593,,97989,26143,3,6,,,,,,
20593,,68624,98883,3,7,,,,,,
20593,,40737,103327,3,8,,,,,,
20594,,44250,99263,1,1,,,,,,
20594,,101306,118514,1,2,,,,,,
20594,,87296,62181,1,3,,,,,,
20594,,101563,86614,1,4,,,,,,
20594,,83520,102453,1,5,,,,,,
20594,,82589,115588,1,6,,,,,,
20594,,70455,67852,1,7,,,,,,
20594,,63476,115220,1,8,,,,,,
20594,,85842,95486,1,9,,,,,,
20594,,66365,118337,1,10,,,,,,
20594,,30468,90037,1,11,,,,,,
20594,,106997,67017,1,12,,,,,,
20594,,94966,81367,1,13,,,,,,
20594,,94326,117910,1,14,,,,,,
20594,,68307,61386,1,15,,,,,,
20594,,106740,55653,1,16,,,,,,
20594,,87513,118515,1,17,,,,,,
20594,,25911,90933,1,18,,,,,,
20594,,31667,100953,1,19,,,,,,
20594,,108095,69687,1,20,,,,,,
20594,,76650,111980,1,21,,,,,,
20594,,110093,87768,1,22,,,,,,
20594,,66358,118152,1,23,,,,,,
20594,,94144,92055,1,24,,,,,,
20594,,68530,14715,1,25,,,,,,
20594,,14534,68416,1,26,,,,,,
20594,,67380,85678,1,27,,,,,,
20594,,96819,60303,1,28,,,,,,
20594,,23830,106998,1,29,,,,,,
20594,,109739,114900,1,30,,,,,,
20594,,103596,33581,1,31,,,,,,
20594,,106995,96299,1,32,,,,,,
20594,,3700,3700,2,1,,,,,,
20594,,3700,3700,2,2,,,,,,
20594,,3700,3700,2,3,,,,,,
20594,,3700,3700,2,4,,,,,,
20594,,3700,3700,2,5,,,,,,
20594,,3700,3700,2,6,,,,,,
20594,,3700,3700,2,7,,,,,,
20594,,3700,3700,2,8,,,,,,
20594,,3700,3700,2,9,,,,,,
20594,,3700,3700,2,10,,,,,,
20594,,3700,3700,2,11,,,,,,
20594,,3700,3700,2,12,,,,,,
20594,,3700,3700,2,13,,,,,,
20594,,3700,3700,2,14,,,,,,
20594,,3700,3700,2,15,,,,,,
20594,,3700,3700,2,16,,,,,,
20594,,3700,3700,3,1,,,,,,
20594,,3700,3700,3,2,,,,,,
20594,,3700,3700,3,3,,,,,,
20594,,3700,3700,3,4,,,,,,
20594,,3700,3700,3,5,,,,,,
20594,,3700,3700,3,6,,,,,,
20594,,3700,3700,3,7,,,,,,
20594,,3700,3700,3,8,,,,,,
20617,,5069,83428,1,1,,,,,,
20617,,40645,49239,1,2,,,,,,
20617,,36171,101547,1,3,,,,,,
20617,,70867,106901,1,4,,,,,,
20617,,38549,91185,1,5,,,,,,
20617,,98907,83678,1,6,,,,,,
20617,,68533,23073,1,7,,,,,,
20617,,44233,85840,1,8,,,,,,
20617,,43243,40200,1,9,,,,,,
20617,,91841,98903,1,10,,,,,,
20617,,88219,101410,1,11,,,,,,
20617,,115744,92737,1,12,,,,,,
20330,"03/30/25 14:00:00",35323,51417,1,6,,,,,,
20330,"03/30/25 12:30:00",55257,36042,1,7,,,,,,
20330,"03/30/25 12:30:00",72640,10828,1,8,,,,,,
20330,,3700,97365,3,1,,,,,,
20330,,9675,83554,3,2,,,,,,
20330,,3700,3700,3,3,,,,,,
20330,,3700,3700,3,4,,,,,,
20525,"03/30/25 16:30:00",47021,34539,1,1,,,,,,
20525,"03/30/25 15:00:00",23147,41083,1,2,,,,,,
20525,"03/30/25 16:00:00",48442,31335,1,3,,,,,,
20525,"03/30/25 16:00:00",23816,86348,1,4,,,,,,
20525,,23298,100931,1,5,,,,,,
20525,"03/30/25 16:30:00",30931,58606,1,6,,,,,,
20525,"03/30/25 15:00:00",29579,85862,1,7,,,,,,
20525,"03/30/25 15:00:00",77306,17928,1,8,,,,,,
20525,"03/30/25 16:00:00",83223,44979,1,9,,,,,,
20525,"03/30/25 16:00:00",91846,55634,1,10,,,,,,
20525,"03/30/25 16:00:00",84561,19857,1,11,,,,,,
20525,"03/30/25 16:00:00",44990,68981,1,12,,,,,,
20525,,3700,3700,3,1,,,,,,
20525,,3700,3700,3,2,,,,,,
20525,,3700,3700,3,3,,,,,,
20525,,3700,3700,3,4,,,,,,
20525,,3700,3700,3,5,,,,,,
20525,,3700,3700,3,6,,,,,,
20526,"03/30/25 17:00:00",63737,40795,1,1,,,,,,
20526,"03/30/25 15:30:00",30814,28904,1,2,,,,,,
20526,"03/30/25 17:00:00",21524,90774,1,3,,,,,,
20526,"03/30/25 17:00:00",80500,86545,1,4,,,,,,
20526,"03/30/25 15:30:00",24647,79692,1,5,,,,,,
20526,"03/30/25 15:30:00",114185,20463,1,6,,,,,,
20526,"03/30/25 13:10:00",84377,51966,1,7,,,,,,
20526,"03/30/25 13:35:00",17972,85899,1,8,,,,,,
20526,"03/30/25 14:30:00",8721,60139,1,9,,,,,,
20526,"03/30/25 14:20:00",118340,69015,1,10,,,,,,
20526,"03/30/25 14:30:00",79813,92649,1,11,,,,,,
20526,"03/30/25 14:30:00",96517,86156,1,12,,,,,,
20526,,3700,3700,3,1,,,,,,
20526,,3700,3700,3,2,,,,,,
20526,,3700,3700,3,3,,,,,,
20526,,3700,3700,3,4,,,,,,
20526,,3700,3700,3,5,,,,,,
20526,,3700,3700,3,6,,,,,,
20331,"03/29/25 19:00:00",34103,62166,1,6,"6-3 2-6 6-3",,,,,
20332,"03/30/25 15:30:00",28898,12653,1,1,,,,,,
20332,"03/30/25 17:00:00",95687,26922,1,2,,,,,,
20332,"03/30/25 14:00:00",18720,57769,1,3,,,,,,
20332,"03/30/25 14:00:00",25533,60625,1,4,,,,,,
20332,"03/30/25 15:30:00",52934,95483,1,5,,,,,,
20332,"03/30/25 15:30:00",59092,34298,1,6,,,,,,
20332,"03/30/25 17:00:00",60140,18524,1,7,,,,,,
20332,"03/30/25 17:00:00",83794,14727,1,8,,,,,,
20332,,3700,3700,3,1,,,,,,
20332,,3700,3700,3,2,,,,,,
20332,,3700,3700,3,3,,,,,,
20332,,3700,3700,3,4,,,,,,
20526,"03/31/25 12:00:00",61857,76009,4,1,,,,,,
20526,,96765,3700,4,2,,,,,,
20526,,3700,28895,4,3,,,,,,
20526,"03/31/25 12:00:00",32764,56641,4,4,,,,,,
20526,"03/31/25 12:00:00",63299,11981,4,5,,,,,,
20526,,3700,111954,4,6,,,,,,
20526,"03/31/25 12:00:00",50118,83555,4,7,,,,,,
20526,"03/31/25 12:00:00",29462,50382,4,8,,,,,,
20526,,9305,3700,4,9,,,,,,
20526,,3700,46422,4,10,,,,,,
20526,,74153,3700,4,11,,,,,,
20526,,29457,47543,4,12,,,,,,
20526,"03/31/25 12:00:00",28774,58432,4,13,,,,,,
20526,"03/31/25 12:00:00",95464,20104,4,14,,,,,,
20526,"03/31/25 12:00:00",38936,97984,4,15,,,,,,
20526,,84120,20654,4,16,,,,,,
20526,,3700,3700,5,1,,,,,,
20527,,9403,12498,4,12,,,,,,
20527,"03/31/25 16:00:00",58609,24841,4,13,,,,,,
20527,,3700,118507,4,14,,,,,,
20527,,3700,7732,4,15,,,,,,
20527,,3700,14898,4,16,,,,,,
20527,,3700,3700,5,1,,,,,,
20527,,3700,3700,5,2,,,,,,
20527,,3700,3700,5,3,,,,,,
20527,,3700,3700,5,4,,,,,,
20527,,3700,3700,5,5,,,,,,
20527,,3700,3700,5,6,,,,,,
20527,,3700,3700,5,7,,,,,,
20527,,3700,3700,5,8,,,,,,
20527,,3700,3700,9,1,,,,,,
20527,,3700,3700,9,2,,,,,,
20527,,3700,3700,9,3,,,,,,
20527,,3700,3700,9,4,,,,,,
20527,,3700,3700,10,1,,,,,,
20527,,3700,3700,10,2,,,,,,
20527,,3700,3700,12,1,,,,,,
20528,"03/30/25 23:30:00",47324,79683,1,1,,,,,,
20528,,60496,62404,1,2,,,,,,
20528,"03/30/25 22:00:00",82262,36612,1,3,,,,,,
20528,"03/30/25 22:00:00",90506,30944,1,4,,,,,,
20528,,64258,60341,1,5,,,,,,
20528,"03/30/25 20:30:00",84849,50128,1,6,,,,,,
20528,"03/30/25 22:30:00",46749,52188,1,7,,,,,,
20528,"03/30/25 23:30:00",116041,42150,1,8,,,,,,
20528,"03/30/25 19:00:00",74151,93641,1,9,,,,,,
20528,"03/30/25 20:30:00",99285,43645,1,10,,,,,,
20528,"03/30/25 19:00:00",62722,50848,1,11,,,,,,
20528,"03/30/25 19:00:00",98292,20702,1,12,,,,,,
20528,,3700,3700,3,1,,,,,,
20528,,3700,3700,3,2,,,,,,
20528,,3700,3700,3,3,,,,,,
20528,,3700,3700,3,4,,,,,,
20528,,3700,3700,3,5,,,,,,
20528,,3700,3700,3,6,,,,,,
20528,"03/31/25 19:00:00",52394,26221,4,1,,,,,,
20528,"03/31/25 19:00:00",22323,99691,4,2,,,,,,
20528,"03/31/25 19:00:00",89396,46407,4,3,,,,,,
20528,"03/31/25 19:00:00",87283,34968,4,4,,,,,,
20528,"03/31/25 19:00:00",35297,28685,4,5,,,,,,
20528,"03/31/25 19:00:00",30626,16998,4,6,,,,,,
20528,,3700,76333,4,7,,,,,,
20528,,3700,28932,4,8,,,,,,
20528,,36617,23142,4,9,,,,,,
20528,,3700,54207,4,10,,,,,,
20528,,92349,20465,4,11,,,,,,
20528,,63018,29906,4,12,,,,,,
20528,,44555,3700,4,13,,,,,,
20528,,81980,3700,4,14,,,,,,
20528,,11522,3700,4,15,,,,,,
20528,,56274,39043,4,16,,,,,,
20528,,3700,3700,5,1,,,,,,
20528,,3700,3700,5,2,,,,,,
20528,,3700,3700,5,3,,,,,,
20528,,3700,3700,5,4,,,,,,
20528,,3700,3700,5,5,,,,,,
20528,,3700,3700,5,6,,,,,,
20528,,3700,3700,5,7,,,,,,
20528,,3700,3700,5,8,,,,,,
20528,,3700,3700,9,1,,,,,,
20528,,3700,3700,9,2,,,,,,
20528,,3700,3700,9,3,,,,,,
20528,,3700,3700,9,4,,,,,,
20528,,3700,3700,10,1,,,,,,
20528,,3700,3700,10,2,,,,,,
20528,,3700,3700,12,1,,,,,,
20527,"03/30/25 20:30:00",89099,34423,1,1,,,,,,
20527,"03/30/25 20:30:00",42123,75578,1,2,,,,,,
20527,"03/30/25 17:30:00",36257,65383,1,3,,,,,,
20527,"03/30/25 17:30:00",109290,36772,1,4,,,,,,
20527,"03/30/25 16:00:00",51081,91265,1,5,,,,,,
20617,,65698,115739,1,13,,,,,,
20617,,103100,52530,1,14,,,,,,
20617,,46998,26093,1,15,,,,,,
20617,,118516,72017,1,16,,,,,,
20617,,3700,3700,3,1,,,,,,
20617,,3700,3700,3,2,,,,,,
20617,,3700,3700,3,3,,,,,,
20617,,3700,3700,3,4,,,,,,
20617,,3700,3700,3,5,,,,,,
20617,,3700,3700,3,6,,,,,,
20617,,3700,3700,3,7,,,,,,
20617,,3700,3700,3,8,,,,,,
20618,,71622,3700,1,1,"bye",,,,,
20618,,117758,83928,1,2,,,,,,
20618,,116888,59154,1,3,"6-1 6-4",,,,,
20618,,101054,3700,1,4,"bye",,,,,
20618,,89235,3700,1,5,"bye",,,,,
20618,,47973,111164,1,6,,,,,,
20618,,113791,95329,1,7,,,,,,
20618,,84941,3700,1,9,"bye",,,,,
20618,,101305,101144,1,10,"w/o",,,,,
20618,,66518,87751,1,11,"w/o",,,,,
20618,,68190,115058,1,12,"w/o",,,,,
20618,,38079,3700,1,13,"bye",,,,,
20618,,116326,99960,1,14,,,,,,
20618,,102798,117254,1,15,,,,,,
20618,,41298,96091,1,16,,,,,,
20618,,54965,3700,1,17,"bye",,,,,
20618,,100231,116725,1,18,,,,,,
20618,,116903,102643,1,19,"w/o",,,,,
20618,,118517,80942,1,20,,,,,,
20618,,90391,3700,1,21,"bye",,,,,
20618,,104850,113982,1,22,,,,,,
20618,,112829,105806,1,23,,,,,,
20618,,101419,96544,1,24,,,,,,
20618,,95667,3700,1,25,"bye",,,,,
20618,,92069,97756,1,26,,,,,,
20618,,118518,59841,1,27,,,,,,
20618,,109287,92341,1,28,,,,,,
20618,,40029,3700,1,29,"bye",,,,,
20618,,94336,99585,1,30,,,,,,
20618,,49076,100979,1,31,,,,,,
20618,,65902,96543,1,32,,,,,,
20618,,71622,3700,2,1,,,,,,
20618,,116888,101054,2,2,,,,,,
20618,,89235,3700,2,3,,,,,,
20618,,3700,115746,2,4,,,,,,
20618,,84941,101305,2,5,,,,,,
20618,,66518,68190,2,6,,,,,,
20618,,38079,3700,2,7,,,,,,
20618,,3700,3700,2,8,,,,,,
20618,,54965,3700,2,9,,,,,,
20618,,116903,3700,2,10,,,,,,
20618,,90391,3700,2,11,,,,,,
20618,,3700,3700,2,12,,,,,,
20618,,95667,3700,2,13,,,,,,
20618,,3700,3700,2,14,,,,,,
20618,,40029,3700,2,15,,,,,,
20618,,3700,3700,2,16,,,,,,
20618,,3700,3700,3,1,,,,,,
20618,,3700,3700,3,2,,,,,,
20618,,3700,3700,3,3,,,,,,
20618,,3700,3700,3,4,,,,,,
20618,,3700,3700,3,5,,,,,,
20618,,3700,3700,3,6,,,,,,
20618,,3700,3700,3,7,,,,,,
20618,,3700,3700,3,8,,,,,,
20330,"03/30/25 12:30:00",14716,36594,1,1,,,,,,
20330,"03/30/25 11:00:00",97365,27205,1,2,"6-2 6-0",,,,,
20330,"03/30/25 11:00:00",9675,94493,1,3,"6-2 3-6 6-4",,,,,
20330,"03/30/25 11:00:00",83554,26218,1,4,"6-4 7-6(6)",,,,,
20330,"03/30/25 14:00:00",44595,53726,1,5,,,,,,
20526,,3700,3700,5,2,,,,,,
20526,,3700,3700,5,3,,,,,,
20526,,3700,3700,5,4,,,,,,
20526,,3700,3700,5,5,,,,,,
20526,,3700,3700,5,6,,,,,,
20526,,3700,3700,5,7,,,,,,
20526,,3700,3700,5,8,,,,,,
20526,,3700,3700,9,1,,,,,,
20526,,3700,3700,9,2,,,,,,
20526,,3700,3700,9,3,,,,,,
20526,,3700,3700,9,4,,,,,,
20526,,3700,3700,10,1,,,,,,
20526,,3700,3700,10,2,,,,,,
20526,,3700,3700,12,1,,,,,,
20528,,114210,118519,4,1,,,,,,
20528,,118520,117646,4,2,,,,,,
20528,,118521,99965,4,3,,,,,,
20528,,95517,118522,4,4,,,,,,
20528,,116001,118523,4,5,,,,,,
20528,,118322,72123,4,6,,,,,,
20528,,118524,118525,4,7,,,,,,
20528,,118526,116764,4,8,,,,,,
20528,,3699,3699,9,1,,,,,,
20528,,3699,3699,9,2,,,,,,
20528,,3699,3699,9,3,,,,,,
20528,,3699,3699,9,4,,,,,,
20528,,3699,3699,10,1,,,,,,
20528,,3699,3699,10,2,,,,,,
20528,,3699,3699,12,1,,,,,,
20525,,29180,6691,4,1,,,,,,
20525,,91448,51853,4,2,,,,,,
20525,,3700,38973,4,3,,,,,,
20525,,17264,29665,4,4,,,,,,
20525,,81189,3700,4,5,,,,,,
20525,"03/31/25 11:00:00",46748,32887,4,6,,,,,,
20525,"03/31/25 11:00:00",100194,83314,4,7,,,,,,
20525,"03/31/25 11:00:00",23100,87766,4,8,,,,,,
20525,,26421,18771,4,9,,,,,,
20525,,3700,31290,4,10,,,,,,
20525,,76010,3700,4,11,,,,,,
20525,,79113,6101,4,12,,,,,,
20525,"03/31/25 11:00:00",79088,48013,4,13,,,,,,
20525,,87277,3700,4,14,,,,,,
20525,,3700,38273,4,15,,,,,,
20525,,48396,27547,4,16,,,,,,
20525,,3700,3700,5,1,,,,,,
20525,,3700,3700,5,2,,,,,,
20525,,3700,3700,5,3,,,,,,
20525,,3700,3700,5,4,,,,,,
20525,,3700,3700,5,5,,,,,,
20525,,3700,3700,5,6,,,,,,
20525,,3700,3700,5,7,,,,,,
20525,,3700,3700,5,8,,,,,,
20525,,3700,3700,9,1,,,,,,
20525,,3700,3700,9,2,,,,,,
20525,,3700,3700,9,3,,,,,,
20525,,3700,3700,9,4,,,,,,
20525,,3700,3700,10,1,,,,,,
20525,,3700,3700,10,2,,,,,,
20525,,3700,3700,12,1,,,,,,
20577,"03/30/25 00:25:00",79066,79067,10,2,"6-2 6-3",,,,,
20331,"03/30/25 01:15:00",17123,73399,1,3,"5-7 3-1 ret.",,,,,
20527,"03/31/25 16:00:00",30849,81995,4,1,,,,,,
20527,"03/31/25 16:00:00",12534,50000,4,2,,,,,,
20527,"03/31/25 16:00:00",69729,44217,4,3,,,,,,
20527,"03/31/25 16:00:00",35296,23301,4,4,,,,,,
20527,"03/31/25 16:00:00",26153,77659,4,5,,,,,,
20527,,3700,64916,4,6,,,,,,
20527,,18348,3700,4,7,,,,,,
20527,,3700,73983,4,8,,,,,,
20527,,66379,92294,4,9,,,,,,
20527,,29905,61966,4,10,,,,,,
20527,,89131,81784,4,11,,,,,,
20527,"03/30/25 17:30:00",88550,67172,1,6,,,,,,
20527,"03/30/25 16:00:00",65733,91347,1,7,,,,,,
20527,"03/30/25 16:00:00",30367,32811,1,8,,,,,,
20527,"03/30/25 20:30:00",63847,85002,1,9,,,,,,
20527,"03/30/25 19:00:00",91266,51086,1,10,,,,,,
20527,"03/30/25 19:00:00",82696,49212,1,11,,,,,,
20527,"03/30/25 19:00:00",37728,13804,1,12,,,,,,
20527,,3700,3700,3,1,,,,,,
20527,,3700,3700,3,2,,,,,,
20527,,3700,3700,3,3,,,,,,
20527,,3700,3700,3,4,,,,,,
20527,,3700,3700,3,5,,,,,,
20527,,3700,3700,3,6,,,,,,
20573,,118309,117859,10,2,"7-6(4) 4-6 13-11",,,,,
20577,,118459,115833,12,1,"6-2 6-7(4) 10-1",,,,,
20593,,68389,45254,1,1,"6-4 6-3",,,,,
20593,,23087,118513,1,9,"6-2 6-3",,,,,
20593,,103327,104631,1,16,"6-3 6-2",,,,,
20583,,26059,59993,12,1,"6-4 3-6 6-1",,,,,
20588,,91714,83139,1,6,"6-0 6-1",,,,,
20618,,115746,110651,1,8,"6-2 6-0",,,,,
20590,,107885,95379,1,3,"6-0 6-4",,,,,
20590,,115976,37567,1,26,"6-0 6-0",,,,,
20329,"03/17/25 20:00:00",42229,17123,1,1,"6-2 3-6 6-3",,,,,
20329,"03/17/25 20:00:00",82269,7806,1,2,"3-6 6-4 6-2",,,,,
20329,"03/18/25 00:00:00",61971,26925,1,3,"6-3 6-4",,,,,
20329,"03/18/25 00:00:00",73742,14856,1,4,"7-6(5) 6-4",,,,,
20329,"03/17/25 18:00:00",67535,71221,1,5,"6-3 7-6(4)",,,,,
20329,"03/17/25 18:00:00",88766,55252,1,6,"3-6 6-4 6-3",,,,,
20329,"03/17/25 19:30:00",24721,53532,1,7,"7-5 6-0",,,,,
20329,"03/17/25 21:20:00",12653,21464,1,8,"6-4 5-7 6-3",,,,,
20329,"03/17/25 18:00:00",68090,103054,1,9,"6-4 6-3",,,,,
20329,"03/17/25 18:00:00",56195,16996,1,10,"6-3 6-7(2) 6-1",,,,,
20329,"03/18/25 00:00:00",68627,32729,1,11,"6-1 6-7(3) 6-3",,,,,
20329,"03/17/25 23:40:00",47566,72574,1,12,"4-6 6-2 6-2",,,,,
20329,"03/18/25 00:00:00",46747,34349,1,13,"6-2 6-4",,,,,
20329,"03/17/25 23:45:00",29180,35957,1,14,"6-7(6) 7-6(5) 6-3",,,,,
20329,"03/17/25 23:45:00",47752,9043,1,15,"6-1 6-4",,,,,
20329,"03/17/25 23:45:00",67986,20465,1,16,"6-3 6-7(5) 6-1",,,,,
20329,"03/17/25 23:45:00",11517,35376,1,17,"7-5 7-5",,,,,
20329,"03/17/25 22:00:00",93550,28898,1,18,"6-4 6-7(5) 6-2",,,,,
20329,"03/17/25 20:00:00",64891,37085,1,19,"6-3 7-6(5)",,,,,
20329,"03/17/25 18:00:00",52394,12190,1,20,"6-4 6-3",,,,,
20329,"03/17/25 21:30:00",47557,60625,1,21,"7-6(6) 6-2",,,,,
20329,"03/17/25 19:30:00",92243,20648,1,22,"6-7(8) 6-0 6-3",,,,,
20329,"03/17/25 19:30:00",45553,39043,1,23,"4-6 6-2 6-1",,,,,
20329,"03/17/25 18:00:00",18094,14716,1,24,"6-1 6-7(4) 3-2 ret.",,,,,
20329,"03/18/25 19:30:00",82269,42229,3,1,"7-6(2) 3-6 6-2",,,,,
20329,"03/18/25 21:30:00",61971,73742,3,2,"7-6(4) 7-5",,,,,
20329,"03/18/25 18:00:00",88766,67535,3,3,"6-4 6-4",,,,,
20329,"03/18/25 19:30:00",24721,12653,3,4,"6-2 6-3",,,,,
20329,"03/18/25 18:00:00",68090,56195,3,5,"6-2 6-4",,,,,
20329,"03/18/25 21:30:00",47566,68627,3,6,"6-4 2-6 7-5",,,,,
20329,"03/18/25 21:30:00",29180,46747,3,7,"7-5 6-2",,,,,
20329,"03/18/25 21:00:00",67986,47752,3,8,"6-3 6-4",,,,,
20329,"03/18/25 19:30:00",93550,11517,3,9,"7-5 7-6(5)",,,,,
20329,"03/18/25 18:00:00",52394,64891,3,10,"6-3 6-3",,,,,
20329,"03/18/25 19:30:00",47557,92243,3,11,"6-4 1-6 7-6(4)",,,,,
20329,"03/18/25 18:00:00",18094,45553,3,12,"6-2 6-2",,,,,
20578,"03/23/25 14:40:00",73197,102002,1,15,"6-3 6-3",,,,,
20580,,118328,113993,1,3,"6-3 5-7 10-5",,,,,
20584,,115220,106998,1,8,"6-1 6-1",,,,,
20584,,62001,23830,1,28,"7-6(1) 6-2",,,,,
20329,"03/23/25 02:10:00",108310,106718,4,1,"6-4 6-2",,,,,
20329,"03/22/25 21:00:00",68173,77075,4,2,"6-4 7-6(6)",,,,,
20329,"03/20/25 23:35:00",116686,118288,4,3,"6-4 6-2",,,,,
20329,"03/21/25 01:05:00",35651,48539,4,4,"6-3 6-3",,,,,
20329,"03/22/25 19:30:00",85486,114613,4,5,"6-2 6-4",,,,,
20329,"03/21/25 21:00:00",116142,118289,4,6,"3-6 6-2 10-6",,,,,
20329,"03/22/25 00:00:00",116629,118291,4,8,"3-6 6-3 10-5",,,,,
20329,,114614,91045,4,9,"7-6(2) 6-0",,,,,
20329,,117870,57343,4,10,"6-7(3) 6-4 10-7",,,,,
20329,,118292,62208,4,11,"6-4 3-6 10-7",,,,,
20329,,112789,79810,4,12,"7-6(5) 3-6 10-7",,,,,
20329,"03/23/25 01:45:00",114334,73049,4,13,"4-6 7-5 10-6",,,,,
20329,"03/22/25 18:00:00",95279,118293,4,15,"7-6(3) 6-3",,,,,
20329,"03/24/25 21:00:00",108310,68173,5,1,"6-4 3-6 10-7",,,,,
20329,"03/22/25 18:00:00",35651,116686,5,2,"6-3 7-6(6)",,,,,
20329,"03/25/25 00:15:00",116142,85486,5,3,"6-3 6-7(5) 10-6",,,,,
20329,,116629,94721,5,4,"6-3 6-3",,,,,
20329,"03/23/25 21:00:00",114614,117870,5,5,"7-5 6-4",,,,,
20329,"03/25/25 01:30:00",118292,112789,5,6,"7-6(4) 6-2",,,,,
20329,"03/24/25 00:25:00",110661,114334,5,7,"7-6(4) 6-4",,,,,
20329,"03/25/25 00:30:00",110057,95279,5,8,"7-6(5) 6-4",,,,,
20329,"03/26/25 21:30:00",108310,35651,9,1,"4-6 7-5 10-8",,,,,
20585,,90388,41298,1,7,"w/o",,,,,
20585,,95864,94117,1,25,"6-1 6-0",,,,,
20586,,114354,60922,1,16,"6-3 1-6 14-12",,,,,
20587,,100218,72581,1,10,"6-1 3-6 10-7",,,,,
20587,,103575,86373,1,16,"6-1 6-0",,,,,
20587,,111757,70226,1,22,"6-2 4-6 12-10",,,,,
20587,,107885,95141,1,27,"3-6 6-3 10-8",,,,,
20587,,83308,84238,1,32,"6-2 7-6(3)",,,,,
20522,"03/26/25 16:30:00",48539,86527,4,1,"6-2 6-4",,,,,
20522,"03/26/25 13:40:00",117633,118359,4,2,"6-4 7-5",,,,,
20522,,97319,47239,4,3,"6-3 7-6(5)",,,,,
20522,"03/25/25 21:05:00",118360,93029,4,4,"6-3 2-6 13-11",,,,,
20522,"03/26/25 12:05:00",118361,39803,4,5,"6-2 4-6 10-5",,,,,
20522,"03/26/25 12:05:00",70756,80916,4,6,"6-7(5) 7-6(2) 10-7",,,,,
20522,,92158,111727,4,7,"5-7 6-3 10-4",,,,,
20522,"03/26/25 14:20:00",115907,118362,4,8,"7-5 6-1",,,,,
20522,"03/27/25 14:00:00",48539,117633,9,1,"6-3 7-6(2)",,,,,
20522,,97319,118360,9,2,"6-4 3-6 11-9",,,,,
20522,"03/27/25 16:50:00",118361,70756,9,3,"4-6 6-4 12-10",,,,,
20522,"03/27/25 17:20:00",115907,92158,9,4,"2-6 7-5 10-5",,,,,
20522,"03/28/25 13:05:00",48539,97319,10,1,"7-6(5) 6-3",,,,,
20522,"03/28/25 17:40:00",118361,115907,10,2,"6-2 6-1",,,,,
20522,"03/30/25 12:30:00",48539,118361,12,1,,,,,,
20523,"03/26/25 18:00:00",116637,118363,4,1,"6-4 7-6(3)",,,,,
20329,"03/26/25 23:00:00",116629,116142,9,2,"6-4 3-6 10-7",,,,,
20329,"03/26/25 20:00:00",114614,118292,9,3,"7-6(1) 3-6 10-8",,,,,
20329,"03/26/25 02:30:00",110057,110661,9,4,"w/o",,,,,
20329,"03/27/25 21:30:00",108310,116629,10,1,"2-6 7-6(4) 10-5",,,,,
20329,"03/27/25 20:00:00",114614,110057,10,2,"7-6(7) 7-6(5)",,,,,
20329,,108310,114614,12,1,"7-6(3) 6-3",,,,,
20523,"03/26/25 18:05:00",41732,58879,4,2,"6-2 6-2",,,,,
20523,"03/26/25 17:00:00",91749,93819,4,3,"w/o",,,,,
20523,"03/26/25 13:30:00",113953,118364,4,4,"6-4 6-4",,,,,
20523,"03/25/25 14:35:00",118365,86031,4,5,"6-2 3-6 10-7",,,,,
20523,"03/25/25 19:15:00",90021,56688,4,6,"4-6 7-6(4) 10-6",,,,,
20523,"03/26/25 12:10:00",114000,40307,4,7,"6-3 6-4",,,,,
20523,"03/26/25 12:10:00",112794,103552,4,8,"1-6 6-3 10-8",,,,,
20523,"03/27/25 19:55:00",116637,41732,9,1,"7-6(3) 6-1",,,,,
20523,,91749,113953,9,2,"6-3 7-6(7)",,,,,
20523,"03/27/25 16:30:00",118365,90021,9,3,"7-6(4) ret.",,,,,
20523,"03/27/25 16:15:00",114000,112794,9,4,"2-6 6-4 11-9",,,,,
20523,"03/28/25 20:10:00",116637,91749,10,1,"6-4 7-6(5)",,,,,
20523,"03/28/25 13:34:00",114000,118365,10,2,"6-3 7-6(7)",,,,,
20523,"03/29/25 16:50:00",114000,116637,12,1,"6-4 6-4",,,,,
20524,"03/23/25 16:05:00",13804,80960,1,8,"6-3 6-1",,,,,
20580,,111782,89463,1,11,"4-6 6-3 10-6",,,,,
20582,,88063,117104,1,15,"7-6(5) 6-1",,,,,
20584,,70455,90932,1,17,"6-2 6-3",,,,,
20586,"03/23/25 14:00:00",111955,90927,1,15,"6-3 2-6 10-5",,,,,
20522,"03/23/25 18:15:00",9675,20104,1,2,"6-3 6-3",,,,,
20524,"03/23/25 18:08:00",67172,66526,1,4,"7-5 7-6(1)",,,,,
20574,,63256,86623,1,3,"1-6 6-2 14-12",,,,,
20574,,88874,80009,1,11,"6-2 6-1",,,,,
20574,,34539,117755,1,17,"6-0 6-3",,,,,
20574,,94535,109501,1,23,"6-0 6-2",,,,,
20578,,93046,81783,1,2,"6-3 3-3 ret.",,,,,
20582,,103109,105791,1,27,"7-6(5) 6-3",,,,,
20584,,90783,106740,1,2,"7-6(5) 6-2",,,,,
20521,"03/23/25 21:00:00",20702,44252,1,8,"6-1 6-4",,,,,
20574,,92244,100931,1,10,"7-6(7) 6-3",,,,,
20578,"03/23/25 20:45:00",85198,116903,1,13,"6-2 6-1",,,,,
20580,,50850,100837,1,16,"6-1 6-2",,,,,
20580,,31600,83535,1,21,"6-4 3-6 10-3",,,,,
20580,,111752,17960,1,29,"6-3 3-6 10-7",,,,,
20584,,99263,106995,1,19,"6-2 6-3",,,,,
20524,"03/23/25 22:17:00",9403,85594,1,5,"6-4 6-4",,,,,
20521,"03/24/25 00:00:00",84849,74151,1,4,"4-6 6-4 6-3",,,,,
20579,,111172,118204,4,1,"1-6 7-6(3) 10-5",,,,,
20579,,118379,93629,4,2,"7-6(2) 7-6(2)",,,,,
20579,,118203,118380,4,3,"3-6 6-3 10-3",,,,,
20579,,117979,118381,4,4,"6-3 6-4",,,,,
20579,,118383,118382,4,5,"6-3 6-0",,,,,
20579,,118384,113843,4,6,"6-4 6-4",,,,,
20579,,112855,117978,4,7,"6-3 6-3",,,,,
20579,,73466,82312,4,8,"6-3 6-0",,,,,
20579,,118379,111172,9,1,"7-6(3) 7-5",,,,,
20579,,117979,118203,9,2,"6-2 7-5",,,,,
20579,,118384,118383,9,3,"6-3 6-3",,,,,
20579,,73466,112855,9,4,"w/o",,,,,
20579,"03/24/25 06:05:00",19877,99740,3,5,"7-6(1) 6-3",,,,,
20577,,57933,80195,1,1,"6-2 6-2",,,,,
20577,,76232,93288,1,2,"6-1 6-4",,,,,
20577,,95954,80958,1,3,"7-5 6-1",,,,,
20577,,50134,88336,1,4,"6-2 7-5",,,,,
20577,,87771,118366,1,5,"6-0 6-3",,,,,
20577,,40177,31500,1,6,"7-5 7-6(4)",,,,,
20579,,117979,118379,10,1,"6-3 6-3",,,,,
20579,,73466,118384,10,2,"7-6(4) 6-3",,,,,
20579,,73466,117979,12,1,"2-6 6-2 10-4",,,,,
20583,,116745,118386,4,1,"6-2 6-3",,,,,
20583,,76084,40998,4,2,"7-6(7) 6-4",,,,,
20583,,109564,117967,4,3,"6-1 6-2",,,,,
20583,,118387,118198,4,4,"6-3 6-3",,,,,
20583,,114610,118388,4,5,"6-2 6-2",,,,,
20583,,74312,102124,4,6,"6-4 7-5",,,,,
20583,,114604,118389,4,7,"6-1 6-2",,,,,
20583,,92022,109949,4,8,"6-1 6-3",,,,,
20583,,76084,116745,9,1,"6-2 6-4",,,,,
20583,,109564,118387,9,2,"6-4 6-1",,,,,
20583,,74312,114610,9,3,"6-4 6-2",,,,,
20583,,92022,114604,9,4,"6-4 6-2",,,,,
20583,,109564,76084,10,1,"6-1 6-2",,,,,
20583,,92022,74312,10,2,"6-7(3) 6-4 10-7",,,,,
20583,,109564,92022,12,1,"6-4 6-7(2) 10-5",,,,,
20575,"03/24/25 09:20:00",42692,103100,2,2,"1-6 7-5 10-7",,,,,
20584,"03/26/25 13:15:00",74880,44250,4,1,"6-3 6-3",,,,,
20584,"03/26/25 12:10:00",62180,86070,4,2,"6-2 6-1",,,,,
20584,"03/25/25 13:15:00",86599,30468,4,3,"6-2 6-2",,,,,
20584,"03/26/25 10:35:00",87625,88601,4,4,"6-3 4-6 6-4",,,,,
20584,"03/26/25 15:05:00",23259,67017,4,5,"6-0 6-1",,,,,
20584,,87792,92055,4,6,"6-7(4) 6-3 6-4",,,,,
20584,"03/25/25 13:10:00",44573,110788,4,7,"6-4 6-4",,,,,
20584,"03/25/25 13:05:00",22056,93880,4,8,"5-1 ret.",,,,,
20584,"03/26/25 16:35:00",96297,29829,4,9,"7-5 6-0",,,,,
20584,"03/26/25 15:05:00",41058,84227,4,10,"7-6(4) 6-2",,,,,
20584,"03/26/25 15:35:00",28993,96299,4,11,"7-6(4) 6-3",,,,,
20584,"03/26/25 17:15:00",85844,86614,4,12,"4-6 6-1 6-2",,,,,
20584,"03/25/25 15:40:00",56211,90933,4,13,"6-2 6-0",,,,,
20584,,55653,85596,4,14,"6-2 6-4",,,,,
20584,"03/26/25 13:40:00",103055,50119,4,15,"7-6(3) 6-4",,,,,
20584,"03/26/25 13:40:00",49987,110778,4,16,"6-1 6-0",,,,,
20584,"03/27/25 12:15:00",74880,62180,5,1,"4-6 7-6(2) 6-2",,,,,
20584,"03/27/25 10:35:00",86599,87625,5,2,"6-3 6-4",,,,,
20584,,23259,87792,5,3,"6-2 6-0",,,,,
20584,"03/27/25 10:35:00",44573,22056,5,4,"6-3 6-4",,,,,
20584,"03/27/25 15:10:00",41058,96297,5,5,"7-6(4) 6-3",,,,,
20584,"03/27/25 13:35:00",28993,85844,5,6,"7-6(0) 7-5",,,,,
20584,"03/27/25 12:00:00",55653,56211,5,7,"w/o",,,,,
20584,"03/27/25 12:25:00",49987,103055,5,8,"6-2 6-0",,,,,
20584,"03/28/25 11:10:00",74880,86599,9,1,"6-3 6-7(4) 6-3",,,,,
20584,"03/28/25 14:05:00",23259,44573,9,2,"6-4 6-3",,,,,
20584,"03/28/25 13:40:00",41058,28993,9,3,"6-3 7-5",,,,,
20584,"03/28/25 11:35:00",49987,55653,9,4,"1-6 6-1 6-4",,,,,
20584,"03/29/25 11:40:00",74880,23259,10,1,"6-1 6-3",,,,,
20584,"03/29/25 13:10:00",49987,41058,10,2,"6-3 6-0",,,,,
20577,,36612,61228,1,7,"6-1 6-2",,,,,
20584,"03/30/25 13:10:00",74880,49987,12,1,,,,,,
20575,"03/26/25 11:05:00",28992,19871,4,1,"6-3 4-6 6-1",,,,,
20575,"03/26/25 09:50:00",33947,46998,4,2,"6-3 6-2",,,,,
20575,"03/26/25 09:25:00",85841,43243,4,3,"6-4 6-3",,,,,
20575,"03/26/25 10:05:00",83312,40645,4,4,"7-6(4) 7-5",,,,,
20575,"03/26/25 08:10:00",86083,88219,4,5,"6-4 6-3",,,,,
20575,,42692,118116,4,6,"7-6(3) 6-2",,,,,
20575,"03/26/25 06:55:00",59591,49239,4,7,"6-0 6-3",,,,,
20575,"03/26/25 06:40:00",99846,23471,4,8,"7-6(1) 7-6(2)",,,,,
20575,"03/26/25 06:45:00",95883,61984,4,9,"6-2 6-2",,,,,
20575,,85840,32349,4,10,"7-6(7) 2-1 ret.",,,,,
20575,"03/26/25 09:00:00",68301,68533,4,11,"6-2 6-4",,,,,
20575,"03/25/25 06:45:00",73055,40054,4,12,"7-6(5) 7-5",,,,,
20575,"03/26/25 06:55:00",100693,58726,4,13,"6-2 3-6 7-6(2)",,,,,
20575,"03/25/25 11:40:00",38549,100198,4,14,"6-3 6-1",,,,,
20575,"03/25/25 10:55:00",38550,90178,4,15,"7-5 6-2",,,,,
20575,"03/26/25 10:30:00",50146,50519,4,16,"6-4 6-1",,,,,
20575,"03/27/25 07:40:00",28992,33947,5,1,"6-0 6-1",,,,,
20575,"03/27/25 09:30:00",85841,83312,5,2,"7-5 4-6 6-3",,,,,
20575,"03/27/25 09:00:00",86083,42692,5,3,"6-3 6-2",,,,,
20575,"03/27/25 07:35:00",99846,59591,5,4,"7-5 6-1",,,,,
20575,"03/27/25 07:36:00",95883,85840,5,5,"6-4 6-4",,,,,
20575,"03/27/25 07:40:00",73055,68301,5,6,"6-4 4-6 7-5",,,,,
20575,"03/27/25 09:40:00",100693,38549,5,7,"4-6 6-4 6-1",,,,,
20575,"03/27/25 11:05:00",38550,50146,5,8,"7-6(5) 6-4",,,,,
20575,"03/28/25 07:40:00",28992,85841,9,1,"6-2 6-4",,,,,
20575,"03/28/25 07:35:00",86083,99846,9,2,"6-4 6-4",,,,,
20575,"03/28/25 07:40:00",95883,73055,9,3,"6-2 2-6 6-2",,,,,
20575,"03/28/25 07:32:00",100693,38550,9,4,"7-6(5) 1-6 6-4",,,,,
20575,"03/29/25 07:40:00",28992,86083,10,1,"6-4 6-4",,,,,
20575,"03/29/25 07:40:00",95883,100693,10,2,"6-2 6-0",,,,,
20575,"03/30/25 07:45:00",95883,28992,12,1,"6-1 6-3",,,,,
20575,,107742,117986,4,1,"7-6(2) 4-6 10-7",,,,,
20575,,118390,118391,4,2,"7-6(6) 7-5",,,,,
20575,,114855,115503,4,3,"6-3 6-1",,,,,
20575,,118392,117984,4,4,"6-3 6-2",,,,,
20575,,118393,118210,4,5,"7-5 6-3",,,,,
20575,,105468,102730,4,6,"4-6 6-1 10-8",,,,,
20575,,118394,99164,4,7,"6-4 3-6 13-11",,,,,
20575,,88129,118396,4,8,"6-1 6-2",,,,,
20575,,107742,118390,9,1,"6-0 6-1",,,,,
20575,,118392,114855,9,2,"6-4 6-4",,,,,
20575,,105468,118393,9,3,"6-4 6-4",,,,,
20575,,88129,118394,9,4,"7-6(2) 6-2",,,,,
20575,,118392,107742,10,1,"7-5 6-3",,,,,
20575,,88129,105468,10,2,"6-3 7-6(2)",,,,,
20575,,88129,118392,12,1,"6-3 4-6 16-14",,,,,
20523,"03/24/25 12:00:00",79113,86349,1,5,"6-2 7-5",,,,,
20585,,95667,109280,2,6,"6-1 6-1",,,,,
20578,"03/26/25 15:35:00",44538,37105,4,1,"4-4 ret.",,,,,
20578,"03/26/25 12:40:00",91863,37929,4,2,"6-3 7-6(5)",,,,,
20578,"03/26/25 14:20:00",65558,73197,4,3,"6-4 6-4",,,,,
20578,"03/25/25 21:00:00",33166,22428,4,4,"6-3 6-4",,,,,
20578,"03/25/25 12:40:00",48872,36042,4,5,"7-5 6-7(8) 6-3",,,,,
20577,,81809,76042,1,8,"7-6(4) 6-3",,,,,
20577,,68091,72609,1,10,"6-2 6-2",,,,,
20577,,90506,118181,1,11,"6-3 6-4",,,,,
20577,,14884,118367,1,12,"6-2 6-1",,,,,
20577,,87622,69556,1,13,"6-3 6-3",,,,,
20577,,69550,59135,1,14,"6-1 6-1",,,,,
20577,,88665,91148,1,15,"6-1 6-0",,,,,
20577,"03/25/25 20:15:00",76232,57933,3,1,"7-6(7) 6-2",,,,,
20577,"03/25/25 20:10:00",36612,81809,3,4,"6-3 7-6(2)",,,,,
20577,"03/25/25 22:35:00",68091,13758,3,5,"3-6 6-4 10-7",,,,,
20577,"03/25/25 20:10:00",90506,14884,3,6,"6-1 6-4",,,,,
20577,,69550,87622,3,7,"7-5 1-6 10-5",,,,,
20577,"03/25/25 22:30:00",88665,34756,3,8,"6-3 6-4",,,,,
20575,,88219,87511,2,15,"6-2 3-6 10-7",,,,,
20524,"03/26/25 19:30:00",104066,118368,4,1,"6-2 6-1",,,,,
20524,"03/24/25 23:45:00",74296,90374,4,2,"7-6(7) 6-2",,,,,
20524,"03/26/25 22:35:00",116302,118369,4,3,"6-2 7-5",,,,,
20524,,118370,116300,4,4,"4-6 6-3 10-5",,,,,
20524,"03/24/25 23:35:00",88789,118371,4,5,"6-2 6-4",,,,,
20578,"03/25/25 15:40:00",56612,84373,4,6,"7-5 6-4",,,,,
20578,"03/26/25 18:20:00",20655,85198,4,7,"6-3 7-6(4)",,,,,
20578,"03/25/25 13:30:00",89701,40795,4,8,"6-2 3-6 6-3",,,,,
20578,"03/25/25 12:40:00",63016,36842,4,9,"6-3 6-2",,,,,
20578,"03/25/25 20:50:00",76022,20651,4,10,"6-3 7-5",,,,,
20578,"03/26/25 12:35:00",65506,115440,4,11,"6-3 7-5",,,,,
20578,"03/25/25 18:00:00",36470,59165,4,12,"6-1 6-3",,,,,
20578,"03/26/25 12:40:00",56817,59762,4,14,"1-6 7-6(5) 7-5",,,,,
20578,"03/25/25 20:55:00",40605,70265,4,15,"6-2 6-2",,,,,
20578,"03/26/25 20:20:00",55828,52968,4,16,"7-5 6-1",,,,,
20578,"03/27/25 16:00:00",91863,44538,5,1,"7-6(5) 6-7(6) 6-3",,,,,
20578,"03/27/25 19:20:00",65558,33166,5,2,"6-2 6-4",,,,,
20578,"03/27/25 13:05:00",56612,48872,5,3,"6-4 6-4",,,,,
20576,"03/26/25 21:10:00",90203,13722,4,1,"6-3 7-6(5)",,,,,
20576,,92294,107385,4,3,"7-6(6) 6-2",,,,,
20576,,58723,86164,4,5,"6-0 6-0",,,,,
20576,"03/26/25 19:05:00",99990,75230,4,6,"4-6 6-2 6-3",,,,,
20576,"03/26/25 16:00:00",86275,70491,4,7,"7-6(2) 7-6(10)",,,,,
20576,"03/26/25 16:00:00",90029,11881,4,8,"1-6 3-2 ret.",,,,,
20576,"03/26/25 16:00:00",29905,91721,4,9,"6-4 6-7(5) 6-2",,,,,
20576,"03/26/25 18:00:00",98610,103814,4,10,"4-6 7-6(3) 6-3",,,,,
20576,,34423,98925,4,11,"5-7 6-4 6-2",,,,,
20576,,65129,80962,4,12,"6-3 6-2",,,,,
20576,,75042,34829,4,13,"6-0 6-2",,,,,
20576,,38876,89085,4,16,"7-6(4) 5-7 6-4",,,,,
20576,"03/27/25 18:20:00",90203,98385,5,1,"2-6 7-6(1) 6-2",,,,,
20576,"03/27/25 16:05:00",92294,55868,5,2,"6-2 6-2",,,,,
20576,"03/27/25 21:25:00",58723,99990,5,3,"7-6(5) 6-2",,,,,
20576,"03/27/25 21:40:00",29905,98610,5,5,"6-1 7-5",,,,,
20576,"03/27/25 16:06:00",65129,34423,5,6,"6-2 6-4",,,,,
20576,"03/27/25 17:50:00",38959,75042,5,7,"6-2 6-3",,,,,
20576,"03/28/25 17:00:00",90203,92294,9,1,"6-3 6-0",,,,,
20576,"03/28/25 17:10:00",58723,86275,9,2,"6-4 6-1",,,,,
20576,"03/28/25 19:00:00",38876,38959,9,4,"6-4 6-3",,,,,
20576,"03/29/25 16:10:00",90203,58723,10,1,"6-3 7-5",,,,,
20576,"03/29/25 18:20:00",29905,38876,10,2,"6-0 6-3",,,,,
20524,"03/26/25 18:05:00",106107,91835,4,6,"7-6(3) 6-3",,,,,
20524,"03/26/25 19:40:00",118373,118372,4,7,"6-4 7-6(4)",,,,,
20524,,104066,74296,9,1,"6-3 6-4",,,,,
20524,"03/27/25 21:50:00",116302,118370,9,2,"6-4 6-3",,,,,
20524,"03/27/25 23:35:00",106107,88789,9,3,"6-4 6-3",,,,,
20524,"03/27/25 18:05:00",118374,118373,9,4,"0-6 6-2 10-2",,,,,
20524,,106107,118374,10,2,"6-1 6-2",,,,,
20524,"03/29/25 21:55:00",104066,106107,12,1,,,,,,
20521,,112811,111496,4,1,"6-3 6-4",,,,,
20521,"03/26/25 22:00:00",36797,116764,4,3,"6-3 6-4",,,,,
20521,,118375,118481,4,4,"7-6(7) 6-7(6) 10-8",,,,,
20521,"03/27/25 00:35:00",114210,117243,4,5,"6-4 6-4",,,,,
20521,"03/27/25 04:30:00",101517,109127,4,6,"7-5 3-6 12-10",,,,,
20521,"03/25/25 20:03:00",118103,118377,4,7,"7-6(2) 7-6(4)",,,,,
20521,"03/27/25 00:00:00",118378,117241,4,8,"6-4 6-3",,,,,
20521,"03/27/25 23:32:00",36797,118375,9,2,"7-6(1) 6-7(8) 11-9",,,,,
20578,"03/27/25 19:30:00",20655,89701,5,4,"6-4 6-2",,,,,
20578,"03/27/25 15:05:00",36470,65506,5,6,"6-2 5-7 6-3",,,,,
20578,"03/27/25 17:25:00",40605,55828,5,8,"6-2 3-6 6-2",,,,,
20578,"03/28/25 17:10:00",91863,65558,9,1,"5-7 6-3 4-1 ret.",,,,,
20578,"03/28/25 20:00:00",20655,56612,9,2,"6-0 6-2",,,,,
20578,"03/28/25 18:10:00",63016,36470,9,3,"6-2 6-4",,,,,
20578,"03/28/25 16:05:00",40605,56817,9,4,"6-4 6-3",,,,,
20578,"03/29/25 16:35:00",91863,20655,10,1,"6-3 6-7(6) 6-3",,,,,
20578,"03/29/25 19:00:00",40605,63016,10,2,"7-6(2) 6-2",,,,,
20578,"03/30/25 17:00:00",91863,40605,12,1,,,,,,
20575,"03/24/25 11:15:00",83678,23073,2,12,"6-3 7-5",,,,,
20585,,84941,106464,2,11,"6-3 7-5",,,,,
20586,,88890,93291,3,7,"6-0 6-2",,,,,
20587,"03/26/25 13:20:00",69015,87755,4,1,"6-1 6-2",,,,,
20587,"03/26/25 18:00:00",68405,83308,4,3,"6-3 6-2",,,,,
20587,"03/26/25 12:20:00",47528,78285,4,4,"6-4 6-0",,,,,
20587,"03/26/25 10:10:00",86924,100215,4,5,"6-4 3-6 6-1",,,,,
20587,"03/26/25 13:10:00",103575,96765,4,6,"4-6 7-6(5) 6-3",,,,,
20587,"03/26/25 12:40:00",100234,30099,4,7,"6-1 6-2",,,,,
20587,,27779,81601,4,8,"6-4 6-1",,,,,
20587,"03/26/25 10:05:00",70459,96547,4,9,"7-5 6-4",,,,,
20587,,10500,114902,4,10,"6-4 6-1",,,,,
20587,"03/26/25 16:41:00",62996,101053,4,11,"7-5 6-2",,,,,
20587,,91530,72640,4,12,"6-1 6-3",,,,,
20587,"03/26/25 12:38:00",43553,94534,4,13,"5-7 7-5 7-5",,,,,
20576,"03/30/25 17:00:00",90203,29905,12,1,,,,,,
20576,,55868,74894,4,4,"6-2 6-4",,,,,
20576,,82245,65733,4,15,"7-6(0) 2-6 6-3",,,,,
20573,"03/26/25 18:10:00",31320,29617,4,1,"6-3 6-4",,,,,
20573,"03/26/25 18:25:00",40369,76325,4,2,"6-4 6-4",,,,,
20573,,92054,99450,4,3,"6-4 6-0",,,,,
20573,"03/26/25 19:10:00",83697,91821,4,6,"6-4 3-6 5-2 ret.",,,,,
20573,,71792,42150,4,7,"6-4 1-6 6-3",,,,,
20573,"03/26/25 19:25:00",30230,65073,4,8,"7-5 6-7(5) 6-4",,,,,
20573,"03/26/25 19:40:00",50386,99285,4,9,"6-3 6-4",,,,,
20573,"03/26/25 20:20:00",99316,69339,4,10,"7-5 6-3",,,,,
20573,"03/26/25 22:30:00",79683,62193,4,11,"6-3 6-2",,,,,
20573,"03/26/25 22:00:00",54206,72574,4,12,"7-6(6) 6-4",,,,,
20573,"03/26/25 22:45:00",82604,44217,4,13,"4-6 6-4 6-4",,,,,
20573,"03/26/25 21:50:00",93848,63847,4,14,"3-6 7-5 6-1",,,,,
20521,"03/27/25 22:00:00",118378,118103,9,4,"7-6(4) 6-4",,,,,
20521,"03/29/25 04:10:00",36797,110804,10,1,"6-4 4-6 10-6",,,,,
20521,"03/29/25 04:10:00",118378,114210,10,2,"6-3 6-7(2) 10-7",,,,,
20521,"03/30/25 01:05:00",36797,118378,12,1,"6-4 4-6 10-3",,,,,
20579,"03/26/25 07:50:00",45175,85308,4,1,"6-4 7-6(4)",,,,,
20579,"03/26/25 06:05:00",45942,26935,4,2,"6-2 6-1",,,,,
20579,"03/26/25 06:10:00",66045,88903,4,3,"6-2 4-6 7-6(6)",,,,,
20579,,31327,26942,4,5,"7-6(5) 6-1",,,,,
20579,"03/25/25 08:00:00",91677,113385,4,6,"6-3 7-6(4)",,,,,
20579,"03/26/25 07:35:00",99988,74723,4,7,"6-3 6-4",,,,,
20579,"03/26/25 10:05:00",67838,21332,4,8,"6-2 6-3",,,,,
20579,"03/26/25 08:59:00",71836,61997,4,9,"4-1 ret.",,,,,
20579,"03/26/25 09:32:00",58441,63240,4,10,"7-5 7-5",,,,,
20579,"03/26/25 10:05:00",90073,99983,4,11,"4-6 6-4 7-5",,,,,
20579,"03/26/25 07:36:00",25539,32243,4,12,"6-4 6-1",,,,,
20579,"03/25/25 06:10:00",95918,84710,4,13,"4-6 6-4 6-2",,,,,
20579,"03/26/25 09:10:00",28073,29151,4,14,"6-3 6-3",,,,,
20579,"03/26/25 06:10:00",19877,55824,4,15,"6-2 6-2",,,,,
20587,"03/26/25 15:35:00",88378,86790,4,15,"2-6 6-2 6-4",,,,,
20587,"03/26/25 12:20:00",86619,66852,4,16,"6-3 7-5",,,,,
20587,"03/27/25 12:15:00",100202,69015,5,1,"4-6 6-2 6-3",,,,,
20587,"03/27/25 10:05:00",103575,86924,5,3,"4-6 6-3 6-2",,,,,
20587,"03/27/25 10:05:00",100234,27779,5,4,"6-2 7-6(9)",,,,,
20587,,70459,10500,5,5,"6-4 1-6 6-3",,,,,
20587,,91530,62996,5,6,"6-1 6-3",,,,,
20587,,43553,83921,5,7,"3-6 6-2 6-3",,,,,
20587,"03/27/25 12:38:00",86619,88378,5,8,"6-1 6-4",,,,,
20587,"03/28/25 10:35:00",47528,100202,9,1,"6-3 6-2",,,,,
20587,"03/28/25 10:35:00",103575,100234,9,2,"0-6 6-1 6-1",,,,,
20587,"03/28/25 10:45:00",91530,70459,9,3,"6-4 6-3",,,,,
20587,"03/28/25 10:35:00",43553,86619,9,4,"6-2 3-6 6-1",,,,,
20587,"03/29/25 10:40:00",103575,47528,10,1,"6-4 2-6 7-5",,,,,
20587,"03/29/25 10:35:00",43553,91530,10,2,"1-6 7-6(5) 6-2",,,,,
20587,"03/30/25 10:35:00",103575,43553,12,1,,,,,,
20584,,118397,118243,4,1,"6-7(3) 7-5 10-4",,,,,
20584,,118398,116221,4,2,"7-5 4-6 10-7",,,,,
20584,,118400,118399,4,3,"6-3 6-3",,,,,
20584,,69402,118402,4,5,"6-1 6-4",,,,,
20584,,115323,115533,4,6,"3-6 6-3 10-8",,,,,
20584,,115511,118404,4,8,"3-6 7-5 10-5",,,,,
20584,,118247,118400,9,2,"3-1 ret.",,,,,
20584,,115511,118403,9,4,"7-5 7-6(1)",,,,,
20584,,118247,118398,10,1,"7-5 7-5",,,,,
20587,,110422,102382,4,2,"6-3 6-3",,,,,
20587,,118219,117540,4,3,"6-4 6-2",,,,,
20587,,118406,118407,4,4,"6-1 4-6 10-7",,,,,
20587,,118216,118408,4,5,"6-1 6-3",,,,,
20573,,58591,82696,4,16,"7-5 6-2",,,,,
20573,"03/27/25 18:50:00",40369,31320,5,1,"4-6 7-5 6-4",,,,,
20573,"03/27/25 16:37:00",92054,46749,5,2,"6-2 6-2",,,,,
20573,"03/27/25 16:35:00",22323,83697,5,3,"6-2 6-0",,,,,
20573,"03/27/25 18:20:00",30230,71792,5,4,"6-2 4-6 6-2",,,,,
20573,"03/27/25 16:40:00",50386,99316,5,5,"6-2 6-2",,,,,
20573,"03/27/25 19:30:00",54206,79683,5,6,"6-0 6-3",,,,,
20573,"03/27/25 18:00:00",93848,82604,5,7,"6-0 6-2",,,,,
20573,"03/27/25 16:35:00",58591,99308,5,8,"6-1 6-4",,,,,
20579,,23335,70909,4,16,"6-4 3-6 6-1",,,,,
20579,"03/27/25 06:05:00",45175,45942,5,1,"6-2 6-3",,,,,
20579,"03/27/25 06:20:00",85193,66045,5,2,"w/o",,,,,
20579,"03/27/25 07:40:00",67838,99988,5,4,"6-2 6-1",,,,,
20579,"03/27/25 08:50:00",58441,71836,5,5,"6-3 6-4",,,,,
20579,"03/27/25 08:05:00",25539,90073,5,6,"6-2 4-6 6-3",,,,,
20579,"03/27/25 06:05:00",95918,28073,5,7,"6-4 6-2",,,,,
20579,,19877,23335,5,8,"6-4 5-7 6-0",,,,,
20579,"03/28/25 06:05:00",45175,85193,9,1,"7-5 6-0",,,,,
20587,,102099,106547,4,6,"1-6 6-2 10-3",,,,,
20587,,118410,118409,4,7,"7-6(4) 6-4",,,,,
20587,,110422,112860,9,1,"6-1 6-3",,,,,
20587,,102099,118216,9,3,"6-1 1-6 10-7",,,,,
20587,,118411,118410,9,4,"6-4 7-6(2)",,,,,
20587,,110422,118406,10,1,"7-6(4) 6-4",,,,,
20587,,102099,118411,10,2,"7-5 6-4",,,,,
20587,,88217,113775,2,6,"6-4 6-2",,,,,
20574,"03/26/25 13:30:00",33904,59499,4,1,"6-2 6-2",,,,,
20574,"03/26/25 13:30:00",34539,75660,4,2,"6-7(4) 7-5 6-0",,,,,
20574,"03/26/25 15:35:00",15000,86348,4,3,"4-6 7-5 6-3",,,,,
20574,"03/25/25 16:00:00",99142,83555,4,5,"7-6(2) 6-4",,,,,
20574,,44979,109916,4,6,"6-0 6-2",,,,,
20574,"03/26/25 15:25:00",98265,59723,4,7,"6-2 6-2",,,,,
20574,"03/26/25 12:10:00",71614,79634,4,8,"6-4 6-2",,,,,
20574,"03/25/25 16:05:00",44209,58606,4,10,"6-2 6-3",,,,,
20574,"03/26/25 14:55:00",29462,44990,4,12,"7-6(0) 6-4",,,,,
20574,"03/26/25 12:05:00",51846,23816,4,13,"6-2 6-2",,,,,
20574,"03/26/25 12:05:00",47259,99145,4,15,"6-1 3-0 ret.",,,,,
20574,"03/26/25 12:05:00",42963,68297,4,16,"6-7(5) 7-5 7-6(3)",,,,,
20574,"03/27/25 13:10:00",33904,34539,5,1,"2-6 6-4 6-3",,,,,
20574,"03/27/25 13:05:00",99142,44979,5,3,"6-4 6-4",,,,,
20574,"03/27/25 16:00:00",71614,98265,5,4,"6-3 6-3",,,,,
20574,"03/27/25 14:05:00",44209,88200,5,5,"6-4 3-6 7-5",,,,,
20574,"03/27/25 13:05:00",92236,29462,5,6,"6-2 7-6(2)",,,,,
20574,"03/27/25 15:10:00",41484,51846,5,7,"7-6(2) 6-4",,,,,
20574,"03/27/25 18:05:00",42963,47259,5,8,"6-4 7-6(5)",,,,,
20574,,99142,71614,9,2,"w/o",,,,,
20574,"03/28/25 13:05:00",44209,92236,9,3,"6-3 2-6 6-4",,,,,
20574,"03/28/25 14:47:00",41484,42963,9,4,"6-1 7-5",,,,,
20574,"03/29/25 13:05:00",33904,99142,10,1,"6-0 7-5",,,,,
20574,"03/29/25 15:05:00",41484,44209,10,2,"6-2 6-3",,,,,
20574,"03/30/25 13:00:00",41484,33904,12,1,"6-1 6-3",,,,,
20580,"03/26/25 17:20:00",97066,91183,4,2,"6-2 6-2",,,,,
20580,"03/26/25 15:35:00",37062,100617,4,3,"6-3 6-7(8) 6-1",,,,,
20580,"03/26/25 17:30:00",41680,37210,4,4,"6-2 6-3",,,,,
20580,"03/26/25 15:35:00",62990,95336,4,5,"7-6(4) 6-3",,,,,
20580,"03/26/25 15:05:00",101731,86305,4,6,"6-4 7-5",,,,,
20580,,72585,94514,4,7,"2-6 6-1 6-4",,,,,
20580,"03/26/25 13:15:00",65267,49061,4,8,"6-4 7-6(6)",,,,,
20580,"03/26/25 11:05:00",81115,85879,4,9,"6-7(4) 6-3 6-3",,,,,
20580,,70323,77559,4,10,"7-6(2) 6-1",,,,,
20580,"03/26/25 14:00:00",85764,59003,4,11,"6-4 6-3",,,,,
20580,"03/26/25 14:20:00",30104,45050,4,12,"7-5 6-1",,,,,
20580,"03/26/25 13:40:00",89402,91447,4,13,"6-4 6-4",,,,,
20580,"03/26/25 11:03:00",75750,56642,4,14,"6-1 6-1",,,,,
20580,,30801,74365,4,16,"6-1 6-4",,,,,
20580,"03/27/25 11:05:00",36062,97066,5,1,"6-4 7-5",,,,,
20580,"03/27/25 12:51:00",41680,37062,5,2,"7-6(2) 6-3",,,,,
20580,"03/27/25 11:05:00",62990,101731,5,3,"7-6(5) 6-4",,,,,
20580,"03/27/25 13:05:00",65267,72585,5,4,"6-1 6-0",,,,,
20580,,70323,81115,5,5,"6-4 6-2",,,,,
20580,"03/27/25 13:30:00",30104,85764,5,6,"6-3 6-3",,,,,
20580,,30801,41289,5,8,"1-6 6-1 6-3",,,,,
20580,"03/28/25 11:05:00",36062,41680,9,1,"6-3 7-6(6)",,,,,
20580,"03/28/25 11:05:00",62990,65267,9,2,"6-3 6-4",,,,,
20580,,70323,30104,9,3,"w/o",,,,,
20580,,30801,89402,9,4,"6-4 6-2",,,,,
20580,"03/29/25 11:05:00",62990,36062,10,1,"6-7(4) 6-4 6-4",,,,,
20580,"03/29/25 11:04:00",70323,30801,10,2,"6-4 3-6 6-4",,,,,
20580,"03/30/25 11:05:00",62990,70323,12,1,"6-7(3) 6-3 7-5",,,,,
20586,"03/26/25 13:30:00",60139,73540,4,1,"6-1 6-3",,,,,
20586,"03/26/25 12:05:00",96296,111780,4,2,"2-6 6-3 6-1",,,,,
20586,"03/26/25 12:10:00",30971,84559,4,5,"6-0 ret.",,,,,
20586,"03/25/25 13:30:00",66034,80018,4,6,"6-3 6-0",,,,,
20586,"03/25/25 12:05:00",51420,50756,4,7,"6-3 6-2",,,,,
20586,,18016,111955,4,8,"6-2 6-2",,,,,
20586,"03/25/25 12:10:00",46167,85680,4,9,"6-1 6-0",,,,,
20586,"03/26/25 13:40:00",68635,31517,4,10,"3-6 6-3 6-3",,,,,
20586,"03/25/25 17:05:00",88054,30814,4,11,"6-2 6-2",,,,,
20586,"03/25/25 15:50:00",51062,38463,4,12,"6-4 6-4",,,,,
20586,"03/25/25 13:30:00",71631,100194,4,13,"6-0 6-2",,,,,
20586,"03/26/25 12:10:00",114185,88890,4,14,"7-5 6-7(6) 6-3",,,,,
20586,,88756,97187,4,15,"6-3 6-2",,,,,
20586,"03/27/25 14:20:00",60139,96296,5,1,"6-0 6-1",,,,,
20586,"03/27/25 12:00:00",90774,95668,5,2,"6-1 2-1 ret.",,,,,
20586,"03/27/25 15:30:00",18016,51420,5,4,"6-1 6-3",,,,,
20586,"03/27/25 13:17:00",88054,51062,5,6,"6-2 6-2",,,,,
20586,"03/27/25 15:50:00",71631,114185,5,7,"6-3 7-6(5)",,,,,
20586,"03/27/25 17:50:00",37047,88756,5,8,"6-1 6-4",,,,,
20586,"03/28/25 15:05:00",90774,60139,9,1,"3-6 6-4 3-1 ret.",,,,,
20586,"03/28/25 14:30:00",18016,30971,9,2,"6-2 6-2",,,,,
20586,"03/28/25 12:35:00",71631,37047,9,4,"4-6 6-2 7-5",,,,,
20586,"03/29/25 15:45:00",88054,71631,10,2,"6-4 6-3",,,,,
20586,"03/30/25 12:30:00",18016,88054,12,1,"6-1 6-3",,,,,
20574,,97958,88874,2,6,"6-3 6-2",,,,,
20574,,94535,52322,2,12,"6-4 6-2",,,,,
20580,,72585,118329,2,5,"6-2 6-2",,,,,
20580,,85879,110077,2,12,"6-2 6-3",,,,,
20587,,114902,105266,2,4,"7-6(4) 3-1 ret.",,,,,
20582,"03/26/25 13:40:00",61537,67230,4,1,"6-3 6-4",,,,,
20582,"03/25/25 13:30:00",61691,62434,4,2,"7-6(4) 7-5",,,,,
20573,"03/28/25 17:00:00",92054,40369,9,1,"6-3 6-2",,,,,
20573,"03/28/25 19:28:00",54206,50386,9,3,"6-2 6-1",,,,,
20573,"03/28/25 17:00:00",58591,93848,9,4,"6-2 7-6(7)",,,,,
20573,"03/29/25 17:40:00",22323,92054,10,1,"6-1 6-3",,,,,
20573,"03/29/25 17:04:00",58591,54206,10,2,"6-4 6-3",,,,,
20573,"03/30/25 17:00:00",22323,58591,12,1,,,,,,
20580,"03/26/25 12:30:00",36062,97967,4,1,"6-4 6-0",,,,,
20582,"03/26/25 10:35:00",71182,68796,4,10,"6-4 5-7 6-3",,,,,
20573,,97879,111711,4,1,"6-1 6-2",,,,,
20573,,113868,91268,4,2,"6-2 6-3",,,,,
20573,,99379,118467,4,4,"2-6 6-4 10-7",,,,,
20573,,118307,118303,4,5,"5-7 7-5 10-5",,,,,
20579,"03/28/25 09:25:00",67838,91677,9,2,"6-2 6-4",,,,,
20579,"03/28/25 07:38:00",58441,25539,9,3,"7-5 6-3",,,,,
20579,"03/29/25 06:05:00",67838,45175,10,1,"6-4 6-4",,,,,
20579,"03/29/25 06:00:00",19877,58441,10,2,"7-6(2) 3-6 6-4",,,,,
20579,"03/30/25 06:05:00",67838,19877,12,1,"6-2 1-6 6-4",,,,,
20583,"03/25/25 06:10:00",45979,53539,4,1,"6-2 6-0",,,,,
20583,"03/25/25 04:10:00",29257,98883,4,2,"6-3 6-0",,,,,
20583,,28763,56611,4,3,"7-5 6-0",,,,,
20583,"03/26/25 07:40:00",53207,94076,4,4,"6-1 6-3",,,,,
20583,,101445,84556,4,5,"7-6(7) 7-6(5)",,,,,
20583,"03/26/25 04:05:00",26960,62046,4,6,"6-3 4-6 6-2",,,,,
20583,"03/25/25 07:30:00",26059,51087,4,8,"6-3 6-2",,,,,
20583,"03/26/25 04:05:00",59993,26143,4,9,"7-5 6-1",,,,,
20583,"03/25/25 04:05:00",102813,17788,4,11,"7-6(3) 6-4",,,,,
20583,"03/26/25 05:21:00",29943,109474,4,12,"6-3 6-0",,,,,
20582,"03/26/25 13:40:00",37276,97791,4,3,"6-4 3-6 6-2",,,,,
20582,,78053,99980,4,4,"5-7 6-4 6-3",,,,,
20582,"03/26/25 13:30:00",45938,38728,4,5,"6-3 6-2",,,,,
20582,"03/26/25 14:50:00",59353,62419,4,6,"6-4 6-7(5) 7-5",,,,,
20582,,90037,64037,4,7,"6-3 6-1",,,,,
20582,"03/26/25 13:40:00",68702,38840,4,8,"7-5 6-7(2) 6-1",,,,,
20582,"03/26/25 10:35:00",23993,88897,4,9,"6-2 6-3",,,,,
20582,,89700,92570,4,11,"6-3 7-5",,,,,
20582,"03/25/25 12:32:00",40382,85282,4,12,"6-1 7-5",,,,,
20582,"03/25/25 12:25:00",54812,30692,4,13,"6-3 3-6 6-3",,,,,
20582,"03/26/25 12:20:00",99982,81136,4,14,"6-2 6-2",,,,,
20582,"03/26/25 10:35:00",38587,112660,4,15,"6-4 3-6 6-3",,,,,
20582,"03/27/25 13:15:00",61537,61691,5,1,"6-1 6-2",,,,,
20582,"03/27/25 12:30:00",45938,59353,5,3,"6-2 7-6(2)",,,,,
20582,"03/27/25 14:05:00",71182,23993,5,5,"6-4 6-3",,,,,
20582,"03/27/25 10:35:00",89700,40382,5,6,"6-3 6-7(5) 6-3",,,,,
20582,,99982,54812,5,7,"7-6(3) 6-4",,,,,
20582,"03/27/25 15:05:00",54996,38587,5,8,"7-6(5) 6-4",,,,,
20582,"03/28/25 10:40:00",45938,68702,9,2,"3-6 6-3 7-5",,,,,
20582,"03/28/25 10:40:00",71182,89700,9,3,"3-6 6-3 6-3",,,,,
20582,"03/28/25 10:35:00",54996,99982,9,4,"6-2 5-7 7-6(6)",,,,,
20582,"03/29/25 11:10:00",54996,71182,10,2,"6-3 6-2",,,,,
20582,"03/30/25 11:00:00",61537,54996,12,1,"7-6(3) 6-3",,,,,
20574,,118227,118412,4,1,"6-3 7-5",,,,,
20574,,77590,66586,4,3,"6-3 0-6 10-5",,,,,
20574,,118414,115716,4,4,"6-4 6-3",,,,,
20574,,118416,118415,4,5,"6-2 6-1",,,,,
20574,,111249,118417,4,7,"6-1 6-4",,,,,
20574,,40124,118418,4,8,"6-0 6-1",,,,,
20574,,118227,114219,9,1,"w/o",,,,,
20574,,118414,77590,9,2,"6-1 7-5",,,,,
20574,,94457,118416,9,3,"6-4 6-1",,,,,
20574,,40124,111249,9,4,"6-4 6-2",,,,,
20574,,118414,118227,10,1,"7-6(1) 6-1",,,,,
20574,,40124,94457,10,2,"7-5 4-6 10-4",,,,,
20574,,118414,40124,12,1,"7-5 4-6 10-8",,,,,
20578,,117596,3699,4,1,"bye",,,,,
20578,,117576,93334,4,2,"6-1 6-3",,,,,
20578,,118419,109381,4,3,"6-4 7-6(1)",,,,,
20578,,99074,98128,4,4,"6-1 7-6(9)",,,,,
20578,,88519,46324,4,6,"2-6 7-6(5) 11-9",,,,,
20329,,24008,3700,4,1,"bye",,,,,
20329,"03/20/25 21:10:00",22433,18736,4,3,"3-6 6-4 7-5",,,,,
20329,,3700,71174,4,4,"bye",,,,,
20329,,83135,3700,4,5,"bye",,,,,
20329,"03/20/25 22:00:00",68627,37532,4,6,"6-3 6-0",,,,,
20329,,3700,29939,4,8,"bye",,,,,
20329,,69471,3700,4,9,"bye",,,,,
20329,"03/20/25 19:00:00",28087,26381,4,10,"6-3 7-6(4)",,,,,
20329,"03/21/25 00:00:00",73956,39310,4,11,"7-6(3) 4-6 6-3",,,,,
20329,,3700,58327,4,12,"bye",,,,,
20329,,34233,3700,4,13,"bye",,,,,
20329,"03/20/25 23:55:00",28900,40609,4,14,"6-3 3-6 6-3",,,,,
20329,"03/21/25 01:55:00",86691,1837,4,15,"6-4 3-6 6-1",,,,,
20329,,3700,63017,4,16,"bye",,,,,
20329,,29932,3700,4,17,"bye",,,,,
20329,"03/20/25 23:50:00",31392,66828,4,18,"7-5 7-5",,,,,
20329,"03/20/25 18:00:00",52394,67546,4,19,"6-1 3-6 6-3",,,,,
20329,,3700,33502,4,20,"bye",,,,,
20329,,47752,3700,4,21,"bye",,,,,
20329,"03/20/25 21:00:00",76127,27358,4,22,"6-4 6-1",,,,,
20329,"03/20/25 20:30:00",71166,29732,4,23,"6-4 6-3",,,,,
20329,,3700,87562,4,24,"bye",,,,,
20329,,39309,3700,4,25,"bye",,,,,
20329,"03/20/25 21:00:00",61667,27851,4,26,"6-4 6-2",,,,,
20578,,118420,115139,4,7,"6-2 7-6(5)",,,,,
20578,,118421,109962,4,8,"6-3 6-2",,,,,
20578,,99074,118419,9,2,"4-6 6-4 10-4",,,,,
20578,,118421,118420,9,4,"6-2 6-2",,,,,
20578,,117596,99074,10,1,"5-7 6-3 10-7",,,,,
20578,,88519,118421,10,2,"6-3 6-4",,,,,
20578,,117596,88519,12,1,"w/o",,,,,
20580,,90116,116214,4,2,"6-2 4-6 10-7",,,,,
20580,,118423,65409,4,3,"6-2 6-2",,,,,
20580,,99702,118424,4,4,"6-2 7-6(5)",,,,,
20580,,118425,105942,4,5,"6-4 5-7 10-4",,,,,
20580,,118426,114871,4,6,"6-3 3-6 10-7",,,,,
20580,,114656,118427,4,7,"6-3 7-6(4)",,,,,
20580,,93662,57842,4,8,"7-6(8) 6-4",,,,,
20580,,118422,90116,9,1,"6-2 6-3",,,,,
20580,,99702,118423,9,2,"6-4 6-4",,,,,
20580,,118425,118426,9,3,"7-5 4-6 10-7",,,,,
20580,,118422,99702,10,1,"3-6 6-4 10-4",,,,,
20580,,93662,118425,10,2,"3-6 6-3 10-7",,,,,
20580,,93662,118422,12,1,"7-6(5) 4-6 10-7",,,,,
20582,,118480,113288,4,1,"w/o",,,,,
20582,,111457,118428,4,2,"6-4 6-4",,,,,
20582,,118065,100059,4,3,"6-2 6-2",,,,,
20582,,118430,118429,4,5,"w/o",,,,,
20582,,118431,97673,4,6,"6-0 6-3",,,,,
20582,,116930,118434,4,8,"6-4 ret.",,,,,
20582,,118480,111457,9,1,"6-1 3-6 11-9",,,,,
20582,,93129,118065,9,2,"7-5 6-3",,,,,
20582,,118431,118430,9,3,"w/o",,,,,
20582,,116930,118433,9,4,"w/o",,,,,
20582,,118431,116930,10,2,"7-5 3-6 10-6",,,,,
20585,,118435,118436,4,1,"6-4 6-1",,,,,
20585,,118437,104191,4,2,"3-6 6-4 10-7",,,,,
20573,,118309,118468,4,6,"7-6(4) 6-2",,,,,
20329,,3700,38911,4,28,"bye",,,,,
20329,,29812,3700,4,29,"bye",,,,,
20329,"03/20/25 19:30:00",46747,24225,4,30,"6-4 3-1 ret.",,,,,
20329,"03/20/25 18:00:00",37741,31446,4,31,"7-6(2) 7-5",,,,,
20329,,3700,29372,4,32,"bye",,,,,
20329,,22807,3700,4,33,"bye",,,,,
20329,"03/20/25 01:30:00",31358,28170,4,34,"6-3 7-6(5)",,,,,
20329,,3700,61838,4,36,"bye",,,,,
20329,,42451,3700,4,37,"bye",,,,,
20329,"03/20/25 02:30:00",71083,29180,4,38,"7-6(2) 3-6 6-2",,,,,
20329,"03/19/25 19:30:00",47557,72578,4,39,"7-6(5) 6-2",,,,,
20329,,3700,30470,4,40,"bye",,,,,
20329,,63572,3700,4,41,"bye",,,,,
20329,"03/19/25 19:30:00",67986,82269,4,43,"6-0 6-2",,,,,
20329,,3700,40434,4,44,"bye",,,,,
20329,,92985,3700,4,45,"bye",,,,,
20329,"03/19/25 22:00:00",42229,47566,4,46,"2-6 7-6(5) 6-4",,,,,
20329,"03/19/25 18:00:00",58149,79060,4,47,"7-5 3-6 7-5",,,,,
20329,,3700,5992,4,48,"bye",,,,,
20329,,33648,3700,4,49,"bye",,,,,
20329,"03/19/25 23:15:00",34337,39152,4,50,"6-4 6-4",,,,,
20329,"03/19/25 22:30:00",36263,88766,4,51,"7-6(5) 6-4",,,,,
20329,,3700,30087,4,52,"bye",,,,,
20329,,52279,3700,4,53,"bye",,,,,
20329,"03/20/25 01:00:00",28108,93550,4,54,"6-4 6-4",,,,,
20329,"03/19/25 18:00:00",24245,52721,4,55,"6-3 6-4",,,,,
20329,,3700,29935,4,56,"bye",,,,,
20329,,11953,3700,4,57,"bye",,,,,
20329,"03/19/25 19:30:00",95698,61971,4,58,"7-6(4) 7-6(2)",,,,,
20329,,3700,25543,4,60,"bye",,,,,
20329,,56846,3700,4,61,"bye",,,,,
20329,"03/19/25 22:40:00",21506,24721,4,62,"6-3 3-6 7-6(5)",,,,,
20329,"03/19/25 18:00:00",11226,28267,4,63,"2-6 6-4 6-2",,,,,
20329,,3700,68074,4,64,"bye",,,,,
20329,"03/22/25 19:00:00",24008,68090,5,1,"6-2 6-4",,,,,
20329,"03/22/25 19:30:00",22433,71174,5,2,"7-6(4) 7-6(1)",,,,,
20329,"03/23/25 02:00:00",29939,36519,5,4,"7-5 7-6(5)",,,,,
20329,"03/22/25 23:20:00",28087,69471,5,5,"4-6 6-3 7-6(5)",,,,,
20329,"03/22/25 21:45:00",86691,63017,5,8,"7-6(2) 7-6(3)",,,,,
20329,"03/22/25 19:30:00",29932,31392,5,9,"7-6(2) 6-3",,,,,
20329,"03/22/25 19:30:00",33502,52394,5,10,"6-3 6-7(1) 7-6(3)",,,,,
20329,"03/22/25 18:00:00",47752,76127,5,11,"6-4 6-4",,,,,
20329,"03/22/25 18:00:00",71166,87562,5,12,"7-6(3) 2-6 7-6(5)",,,,,
20329,"03/23/25 03:35:00",39309,61667,5,13,"6-4 6-4",,,,,
20329,"03/22/25 22:30:00",91521,38911,5,14,"6-4 6-3",,,,,
20329,"03/23/25 01:00:00",29812,46747,5,15,"4-6 6-3 6-3",,,,,
20329,"03/23/25 01:30:00",37741,29372,5,16,"7-5 6-4",,,,,
20329,"03/21/25 21:00:00",5917,61838,5,18,"6-1 3-6 7-6(8)",,,,,
20329,"03/22/25 02:30:00",42451,71083,5,19,"6-4 6-2",,,,,
20329,"03/21/25 21:00:00",30470,47557,5,20,"4-6 7-5 6-3",,,,,
20329,"03/21/25 18:00:00",63572,25171,5,21,"3-6 7-6(4) 7-5",,,,,
20329,"03/21/25 21:00:00",42229,92985,5,23,"6-7(3) 7-5 6-3",,,,,
20329,"03/21/25 18:00:00",33648,34337,5,25,"3-6 6-4 6-4",,,,,
20329,"03/21/25 23:30:00",30087,36263,5,26,"5-7 6-3 7-5",,,,,
20329,"03/22/25 03:30:00",52279,28108,5,27,"6-1 6-2",,,,,
20329,"03/22/25 03:00:00",29935,24245,5,28,"5-7 7-5 6-4",,,,,
20329,"03/21/25 18:00:00",11953,95698,5,29,"6-1 6-4",,,,,
20329,"03/21/25 19:30:00",25543,22434,5,30,"7-6(3) 6-0",,,,,
20585,,113151,118438,4,3,"7-6(2) 6-3",,,,,
20329,"03/22/25 03:30:00",11226,68074,5,32,"5-7 6-4 6-3",,,,,
20329,"03/24/25 19:00:00",24008,22433,6,1,"7-5 6-4",,,,,
20329,"03/24/25 21:00:00",83135,29939,6,2,"7-6(11) 5-7 6-2",,,,,
20329,"03/24/25 18:00:00",58327,28087,6,3,"7-6(1) 6-3",,,,,
20329,"03/24/25 19:30:00",86691,28900,6,4,"6-4 6-4",,,,,
20329,"03/24/25 18:00:00",47752,71166,6,6,"7-6(6) 4-6 6-4",,,,,
20329,"03/25/25 02:05:00",39309,91521,6,7,"5-7 7-5 6-3",,,,,
20329,"03/25/25 01:50:00",29812,37741,6,8,"6-4 6-4",,,,,
20329,"03/23/25 23:30:00",5917,31358,6,9,"7-5 5-7 7-6(1)",,,,,
20329,"03/23/25 21:00:00",42451,30470,6,10,"7-6(4) 6-3",,,,,
20329,"03/23/25 19:30:00",63572,40434,6,11,"4-6 6-2 6-3",,,,,
20329,"03/23/25 22:00:00",5992,42229,6,12,"6-1 7-6(1)",,,,,
20329,"03/24/25 02:45:00",33648,30087,6,13,"6-4 7-6(4)",,,,,
20329,"03/24/25 04:55:00",52279,29935,6,14,"6-2 7-6(4)",,,,,
20329,"03/23/25 18:00:00",11953,25543,6,15,"6-7(3) 6-4 7-5",,,,,
20329,"03/23/25 21:30:00",56846,11226,6,16,"6-3 6-7(5) 6-3",,,,,
20329,"03/26/25 22:00:00",83135,24008,7,1,"3-6 6-3 6-4",,,,,
20329,"03/26/25 02:00:00",86691,58327,7,2,"w/o",,,,,
20329,"03/26/25 02:30:00",29932,47752,7,3,"6-3 7-5",,,,,
20329,"03/26/25 01:30:00",29812,39309,7,4,"6-3 7-6(7)",,,,,
20329,"03/25/25 19:00:00",42451,5917,7,5,"6-4 2-6 6-4",,,,,
20329,"03/26/25 01:40:00",5992,63572,7,6,"6-2 6-2",,,,,
20329,"03/25/25 20:00:00",52279,33648,7,7,"6-4 6-2",,,,,
20329,"03/27/25 20:00:00",86691,83135,9,1,"7-6(5) 6-1",,,,,
20329,"03/27/25 23:30:00",5992,42451,9,3,"6-3 7-6(4)",,,,,
20329,"03/27/25 00:30:00",11953,52279,9,4,"6-7(6) 6-4 7-6(3)",,,,,
20329,"03/29/25 02:15:00",86691,29932,10,1,"7-6(4) 4-6 7-6(4)",,,,,
20329,"03/28/25 22:00:00",5992,11953,10,2,"6-2 6-3",,,,,
20329,"03/30/25 22:00:00",86691,5992,12,1,,,,,,
20583,"03/26/25 07:00:00",21177,115642,4,13,"6-2 6-2",,,,,
20583,"03/26/25 06:15:00",73730,68389,4,15,"6-4 6-0",,,,,
20583,,23090,109948,4,16,"6-3 6-1",,,,,
20583,"03/27/25 04:03:00",45979,29257,5,1,"7-5 6-2",,,,,
20583,"03/27/25 04:05:00",53207,28763,5,2,"6-3 6-0",,,,,
20583,,26960,101445,5,3,"7-6(2) 7-5",,,,,
20583,"03/27/25 06:30:00",26059,77191,5,4,"6-3 6-1",,,,,
20583,"03/27/25 06:00:00",102813,29943,5,6,"6-2 6-4",,,,,
20583,"03/27/25 04:05:00",21177,46164,5,7,"3-6 7-5 7-6(6)",,,,,
20583,"03/28/25 05:10:00",45979,53207,9,1,"6-1 6-2",,,,,
20583,"03/28/25 05:05:00",26059,26960,9,2,"6-2 6-2",,,,,
20583,"03/28/25 05:05:00",59993,102813,9,3,"6-2 7-5",,,,,
20583,"03/28/25 07:05:00",21177,73730,9,4,"6-2 6-4",,,,,
20585,,116778,90666,4,4,"7-5 6-1",,,,,
20585,,107950,118234,4,6,"6-3 4-6 10-3",,,,,
20585,,118236,118442,4,8,"6-4 0-6 10-7",,,,,
20585,,118435,118437,9,1,"6-3 7-5",,,,,
20573,,118304,109870,4,7,"6-2 6-1",,,,,
20573,,117859,118469,4,8,"6-4 6-3",,,,,
20573,,97879,113868,9,1,"6-4 6-3",,,,,
20573,,99379,118070,9,2,"w/o",,,,,
20573,,117859,118304,9,4,"7-6(5) 4-6 10-6",,,,,
20573,,99379,97879,10,1,"w/o",,,,,
20573,,118309,99379,12,1,"4-6 6-3 10-5",,,,,
20576,,99056,118470,4,1,"6-3 6-2",,,,,
20576,,118471,118472,4,2,"w/o",,,,,
20576,,100336,118473,4,3,"6-2 6-4",,,,,
20576,,107320,118474,4,4,"w/o",,,,,
20576,,110174,118475,4,5,"6-2 6-4",,,,,
20583,"03/29/25 08:05:00",26059,45979,10,1,"7-6(4) 6-1",,,,,
20583,"03/29/25 08:05:00",59993,21177,10,2,"6-0 4-6 6-2",,,,,
20583,,28763,36274,3,1,"6-2 6-1",,,,,
20583,,53539,83790,3,6,"0-6 6-2 10-6",,,,,
20585,,116778,113151,9,2,"w/o",,,,,
20585,,118439,107950,9,3,"6-2 6-2",,,,,
20585,,118236,118441,9,4,"6-2 6-2",,,,,
20585,,118435,116778,10,1,"w/o",,,,,
20585,,118236,118439,10,2,"6-4 6-2",,,,,
20585,,3699,118236,12,1,,,,,,
20586,,118443,114469,4,1,"6-0 6-4",,,,,
20586,,113930,106141,4,3,"w/o",,,,,
20586,,118445,95090,4,5,"7-6(0) 6-2",,,,,
20586,,118447,118446,4,6,"4-6 7-5 10-6",,,,,
20586,,118448,118449,4,7,"w/o",,,,,
20586,,110980,118451,4,8,"6-1 6-4",,,,,
20586,,98808,118443,9,1,"6-3 6-3",,,,,
20586,,113930,79580,9,2,"6-1 6-2",,,,,
20586,,118445,118447,9,3,"6-3 7-5",,,,,
20586,,118448,110980,9,4,"7-6(0) 6-3",,,,,
20586,,113930,98808,10,1,"6-4 3-6 12-10",,,,,
20586,,118445,113930,12,1,"6-1 6-4",,,,,
20522,"03/24/25 16:05:00",27205,63737,4,6,"6-3 6-4",,,,,
20581,,113042,94319,1,10,"6-2 6-3",,,,,
20584,,88601,94326,2,3,"6-1 6-3",,,,,
20584,,62181,87513,2,11,"1-6 6-4 10-6",,,,,
20586,"03/24/25 15:50:00",100194,73339,3,5,"6-3 1-6 10-5",,,,,
20587,,67863,110331,2,15,"7-5 7-5",,,,,
20581,"03/26/25 15:35:00",85851,91861,4,1,"6-3 6-2",,,,,
20581,"03/26/25 15:35:00",45509,50863,4,2,"4-6 6-3 6-4",,,,,
20581,,86473,118452,4,3,"6-1 4-6 7-6(3)",,,,,
20581,"03/26/25 16:20:00",55634,49285,4,5,"7-5 2-6 6-3",,,,,
20581,"03/26/25 14:25:00",32910,100982,4,6,"6-2 6-3",,,,,
20581,"03/26/25 12:06:00",77835,99455,4,7,"6-2 6-3",,,,,
20581,"03/26/25 14:33:00",77866,96300,4,8,"6-2 6-3",,,,,
20581,,103193,81114,4,9,"7-6(5) 3-6 6-1",,,,,
20581,"03/26/25 15:05:00",109734,93023,4,11,"7-6(6) 6-4",,,,,
20581,"03/26/25 17:35:00",57304,76801,4,12,"7-5 6-1",,,,,
20581,"03/26/25 13:30:00",83306,92077,4,13,"6-3 6-0",,,,,
20581,"03/26/25 15:35:00",82116,83525,4,14,"6-4 7-5",,,,,
20581,"03/26/25 12:05:00",84195,86916,4,15,"6-4 7-5",,,,,
20581,"03/26/25 12:20:00",30856,36258,4,16,"6-2 6-2",,,,,
20581,"03/27/25 12:05:00",85851,45509,5,1,"6-2 6-2",,,,,
20581,"03/27/25 12:05:00",86473,27110,5,2,"3-6 6-3 6-3",,,,,
20581,"03/27/25 13:30:00",32910,55634,5,3,"7-6(2) 6-4",,,,,
20581,"03/27/25 12:05:00",77866,77835,5,4,"6-2 6-3",,,,,
20581,"03/27/25 15:38:00",103193,81781,5,5,"5-1 ret.",,,,,
20581,"03/27/25 14:35:00",30856,84195,5,8,"6-4 6-4",,,,,
20581,"03/28/25 12:05:00",85851,86473,9,1,"6-1 6-2",,,,,
20581,"03/28/25 12:02:00",57304,103193,9,3,"6-3 6-1",,,,,
20581,"03/28/25 13:40:00",82116,30856,9,4,"6-3 7-6(4)",,,,,
20581,"03/29/25 12:05:00",85851,32910,10,1,"6-2 6-1",,,,,
20581,"03/29/25 12:08:00",82116,57304,10,2,"6-4 3-6 6-3",,,,,
20581,"03/30/25 12:06:00",85851,82116,12,1,"6-3 7-6(4)",,,,,
20585,"03/26/25 11:05:00",84323,59850,4,1,"6-4 6-4",,,,,
20585,,95667,67236,4,2,"6-2 6-1",,,,,
20585,"03/25/25 13:05:00",95646,47778,4,3,"6-4 6-4",,,,,
20585,"03/26/25 11:10:00",45300,63231,4,4,"2-6 6-4 6-2",,,,,
20585,"03/26/25 15:35:00",98533,27539,4,6,"6-4 6-0",,,,,
20585,"03/26/25 11:05:00",96302,37720,4,8,"5-7 7-6(3) 7-5",,,,,
20585,,38250,68639,4,9,"6-4 2-0 ret.",,,,,
20585,"03/26/25 11:05:00",49240,66500,4,11,"6-0 7-5",,,,,
20585,"03/26/25 12:50:00",80497,71976,4,12,"4-6 6-2 6-2",,,,,
20585,"03/26/25 13:15:00",54365,81605,4,13,"3-0 ret.",,,,,
20585,"03/25/25 13:00:00",71795,86692,4,14,"2-6 6-3 6-4",,,,,
20585,"03/26/25 16:25:00",85513,105541,4,15,"6-2 6-2",,,,,
20585,"03/26/25 14:00:00",36114,108932,4,16,"6-2 6-1",,,,,
20585,"03/27/25 11:32:00",84323,95667,5,1,"6-2 6-2",,,,,
20585,"03/27/25 11:40:00",45300,95646,5,2,"6-3 7-5",,,,,
20585,"03/27/25 13:45:00",95864,96302,5,4,"6-2 6-4",,,,,
20585,"03/27/25 11:35:00",84941,38250,5,5,"5-7 6-3 7-5",,,,,
20585,"03/27/25 11:35:00",49240,80497,5,6,"4-6 6-4 7-6(2)",,,,,
20585,"03/27/25 13:00:00",54365,71795,5,7,"3-6 6-3 6-3",,,,,
20585,"03/28/25 12:05:00",84323,45300,9,1,"6-3 5-7 6-2",,,,,
20585,"03/28/25 12:05:00",54208,95864,9,2,"6-1 6-2",,,,,
20585,"03/28/25 12:10:00",84941,49240,9,3,"6-3 6-2",,,,,
20585,"03/28/25 12:05:00",54365,85513,9,4,"6-3 7-5",,,,,
20585,"03/29/25 12:10:00",54365,84941,10,2,"4-6 6-2 6-4",,,,,
20585,"03/30/25 12:05:00",84323,54365,12,1,,,,,,
20581,,66363,98667,1,2,"6-3 6-4",,,,,
20585,"03/24/25 16:20:00",71622,96543,3,2,"6-4 6-2",,,,,
20585,"03/24/25 17:30:00",95864,115746,3,7,"6-4 6-1",,,,,
20581,,118258,109833,4,1,"6-3 6-2",,,,,
20576,,99109,118476,4,6,"6-7(5) 7-6(5) 10-5",,,,,
20576,,118477,116273,4,7,"6-4 6-4",,,,,
20576,,115714,114505,4,8,"7-5 6-2",,,,,
20576,,99056,118471,9,1,"6-2 7-6(5)",,,,,
20576,,100336,107320,9,2,"6-2 7-6(6)",,,,,
20576,,115714,118477,9,4,"5-7 6-4 10-7",,,,,
20576,,100336,99056,10,1,"7-5 7-6(2)",,,,,
20576,,99109,115714,10,2,"6-2 6-4",,,,,
20576,,100336,99109,12,1,"7-6(4) 6-2",,,,,
20573,,46749,64915,4,4,"6-2 6-2",,,,,
20574,"03/26/25 12:05:00",88200,13209,4,9,"1-6 7-5 6-2",,,,,
20581,"03/26/25 12:15:00",27110,64266,4,4,"3-6 6-4 6-2",,,,,
20573,,54206,118130,1,1,"6-0 6-3",,,,,
20573,,85010,74862,1,2,"6-2 6-2",,,,,
20573,,116110,107533,1,3,"6-3 6-1",,,,,
20573,,109290,118129,1,4,"3-6 6-3 10-3",,,,,
20573,,92223,98539,1,6,"6-4 6-4",,,,,
20573,,74707,57025,1,7,"6-1 6-1",,,,,
20573,,29617,91265,1,8,"6-4 6-2",,,,,
20573,,71408,3663,1,9,"6-1 6-0",,,,,
20573,,88767,52353,1,10,"6-0 6-1",,,,,
20573,,90066,95175,1,11,"6-2 6-0",,,,,
20573,,30894,65285,1,13,"w/o",,,,,
20573,,78937,29771,1,14,"6-1 6-1",,,,,
20573,,91258,118135,1,15,"6-2 6-2",,,,,
20573,,76325,64241,1,16,"6-0 6-1",,,,,
20573,,88550,82700,1,17,"6-4 7-5",,,,,
20573,,100612,70924,1,19,"w/o",,,,,
20573,,65073,90224,1,20,"6-0 6-0",,,,,
20573,,95901,50902,1,21,"6-4 5-7 10-7",,,,,
20573,,98698,89103,1,22,"w/o",,,,,
20573,,115774,109295,1,23,"w/o",,,,,
20573,,52357,103288,1,24,"6-3 4-1 ret.",,,,,
20573,,39710,64275,1,26,"7-6(3) 6-3",,,,,
20573,,118128,118479,1,27,"w/o",,,,,
20581,,118454,118466,4,2,"6-2 6-2",,,,,
20581,,81315,118456,4,4,"6-4 7-6(2)",,,,,
20581,,95986,118457,4,5,"6-3 6-4",,,,,
20581,,118109,116349,4,6,"6-3 5-7 10-8",,,,,
20581,,109836,100762,4,8,"6-2 6-4",,,,,
20581,,118258,118454,9,1,"6-4 6-3",,,,,
20581,,118109,95986,9,3,"6-2 7-5",,,,,
20581,,69075,109836,9,4,"w/o",,,,,
20581,,81315,118258,10,1,"4-6 6-2 12-10",,,,,
20581,,81315,69075,12,1,"7-5 7-6(5)",,,,,
20582,,87295,101986,2,10,"6-1 6-0",,,,,
20582,,95476,93892,2,12,"7-6(2) 7-5",,,,,
20524,"03/24/25 17:05:00",69729,92755,3,1,"7-6(4) 6-7(5) 6-4",,,,,
20581,,108311,88579,1,7,"7-5 5-7 10-7",,,,,
20581,,115855,118358,1,14,"6-2 6-7(1) 10-8",,,,,
20581,,70449,95474,1,23,"5-7 6-2 10-2",,,,,
20329,"03/24/25 19:30:00",29932,33502,6,5,"7-5 6-3",,,,,
20581,,87740,96771,1,26,"3-6 6-4 10-2",,,,,
20521,"03/25/25 01:05:00",56274,44555,4,7,"6-1 6-3",,,,,
20577,"03/26/25 20:10:00",77192,114182,4,1,"7-5 6-2",,,,,
20577,"03/26/25 23:50:00",69550,58981,4,2,"3-6 6-1 6-3",,,,,
20577,"03/27/25 00:33:00",14884,65731,4,3,"6-4 6-7(3) 6-2",,,,,
20577,"03/26/25 20:05:00",92243,60951,4,4,"6-1 6-0",,,,,
20577,"03/26/25 21:32:00",95954,68091,4,6,"6-4 2-6 7-6(6)",,,,,
20577,"03/27/25 01:00:00",81809,20900,4,7,"6-2 6-3",,,,,
20577,"03/26/25 21:30:00",67703,76232,4,8,"6-2 6-4",,,,,
20577,"03/26/25 23:02:00",53159,88665,4,9,"7-5 6-3",,,,,
20577,"03/26/25 22:05:00",33775,90506,4,10,"6-4 6-4",,,,,
20577,"03/25/25 23:42:00",71628,58999,4,11,"6-3 6-4",,,,,
20577,"03/26/25 20:05:00",79066,92353,4,13,"6-0 6-2",,,,,
20577,"03/26/25 00:25:00",30978,110315,4,14,"6-3 7-6(7)",,,,,
20577,"03/25/25 23:40:00",83105,39438,4,16,"7-6(4) 7-6(4)",,,,,
20577,"03/27/25 20:15:00",69550,77192,5,1,"w/o",,,,,
20577,"03/27/25 21:40:00",92243,14884,5,2,"6-1 6-4",,,,,
20577,"03/27/25 20:10:00",67703,81809,5,4,"5-7 6-3 6-3",,,,,
20577,"03/27/25 21:30:00",53159,33775,5,5,"4-6 6-0 6-3",,,,,
20577,"03/27/25 22:45:00",79067,71628,5,6,"3-6 6-3 6-4",,,,,
20577,"03/27/25 20:10:00",79066,30978,5,7,"6-4 6-3",,,,,
20577,"03/27/25 23:40:00",29800,83105,5,8,"7-6(0) 6-4",,,,,
20577,"03/28/25 22:05:00",92243,69550,9,1,"6-1 6-3",,,,,
20577,"03/28/25 23:31:00",67703,47324,9,2,"6-2 7-5",,,,,
20577,"03/29/25 01:05:00",79067,53159,9,3,"6-2 6-3",,,,,
20577,"03/29/25 03:35:00",79066,29800,9,4,"6-4 7-5",,,,,
20577,"03/29/25 22:35:00",67703,92243,10,1,"6-2 6-3",,,,,
20577,"03/30/25 22:30:00",67703,79066,12,1,,,,,,
20583,"03/25/25 05:45:00",77191,45254,4,7,"1-6 6-3 6-3",,,,,
20573,,91259,112015,1,28,"7-6(5) 7-6(3)",,,,,
20573,,99308,90875,1,29,"6-0 6-3",,,,,
20573,,75551,110739,1,30,"5-7 6-2 10-8",,,,,
20573,,99312,91266,1,32,"6-0 6-1",,,,,
20573,,54206,85010,2,1,"6-1 6-0",,,,,
20573,,109290,116110,2,2,"6-1 4-6 10-2",,,,,
20573,,99316,92223,2,3,"6-2 6-7(4) 10-6",,,,,
20573,,71408,88767,2,5,"7-5 6-4",,,,,
20573,,40369,90066,2,6,"6-2 6-1",,,,,
20573,,30894,78937,2,7,"6-0 6-2",,,,,
20573,,76325,91258,2,8,"6-4 2-6 10-8",,,,,
20573,,88550,88225,2,9,"6-2 6-3",,,,,
20575,"03/25/25 06:45:00",59591,42692,3,1,"1-6 6-4 10-4",,,,,
20577,,13758,103159,1,9,"6-2 6-4",,,,,
20577,,34756,65257,1,16,"6-3 7-5",,,,,
20577,,118459,110911,4,1,"6-3 6-2",,,,,
20577,,118301,118460,4,2,"6-3 6-1",,,,,
20577,,118080,118463,4,4,"7-6(4) 4-6 10-8",,,,,
20577,,88207,118464,4,6,"4-6 6-1 10-5",,,,,
20577,,91273,104374,4,7,"6-1 6-3",,,,,
20577,,118465,118300,4,8,"6-1 6-3",,,,,
20577,,118459,118301,9,1,"7-6(2) 6-3",,,,,
20577,,118462,118080,9,2,"6-3 7-5",,,,,
20577,,91273,118465,9,4,"6-4 7-6(6)",,,,,
20577,,118459,118462,10,1,"6-4 6-4",,,,,
20577,,115833,91273,10,2,"7-5 2-6 11-9",,,,,
20580,,56642,118330,3,4,"6-3 6-1",,,,,
20587,,103575,94958,3,4,"7-6(1) 6-3",,,,,
20575,"03/25/25 11:00:00",43243,65698,3,7,"6-2 6-2",,,,,
20586,"03/25/25 12:05:00",90774,87431,4,4,"7-6(2) 6-3",,,,,
20523,"03/24/25 14:55:00",29579,76010,1,7,"6-2 4-6 7-6(7)",,,,,
20581,,82116,103084,2,6,"6-1 6-3",,,,,
20580,"03/25/25 12:55:00",85879,31600,3,6,"6-3 2-6 10-8",,,,,
20581,,53945,113042,2,5,"6-7(5) 6-4 10-7",,,,,
20582,,95044,76158,3,2,"4-1 ret.",,,,,
20584,,88601,115220,3,2,"6-1 6-1",,,,,
20584,,28993,102453,3,8,"7-6(1) 6-3",,,,,
20523,"03/25/25 12:40:00",38973,26500,1,12,"6-0 7-5",,,,,
20587,,112860,118405,4,1,"6-3 6-4",,,,,
20573,,65073,100612,2,10,"6-1 6-1",,,,,
20573,,95901,98698,2,11,"6-2 6-2",,,,,
20573,,52357,115774,2,12,"6-0 6-1",,,,,
20573,,91259,118128,2,14,"6-2 6-1",,,,,
20573,,99308,75551,2,15,"6-1 6-3",,,,,
20573,,84049,99312,2,16,"6-3 4-6 10-7",,,,,
20573,,54206,109290,3,1,"7-5 6-0",,,,,
20573,,99316,29617,3,2,"6-2 6-2",,,,,
20573,,76325,30894,3,4,"6-3 4-6 14-12",,,,,
20573,,65073,88550,3,5,"6-0 6-1",,,,,
20573,,95901,52357,3,6,"6-3 6-2",,,,,
20573,,62193,91259,3,7,"6-1 4-6 10-6",,,,,
20576,,75226,93158,1,1,"6-1 6-0",,,,,
20576,,85973,86277,1,2,"7-5 3-6 11-9",,,,,
20576,,38959,110893,1,3,"6-2 6-2",,,,,
20576,,116097,103818,1,4,"6-4 6-2",,,,,
20576,,34423,57531,1,5,"6-1 7-5",,,,,
20576,,99991,46972,1,7,"7-6(2) ret.",,,,,
20576,,91721,83925,1,8,"6-3 6-0",,,,,
20576,,70247,106295,1,9,"6-0 6-1",,,,,
20576,,99990,93283,1,10,"6-4 6-1",,,,,
20576,,99112,79108,1,11,"6-4 6-3",,,,,
20576,,89085,93285,1,13,"6-3 6-0",,,,,
20576,,109920,38092,1,14,"6-1 6-3",,,,,
20576,,98925,118147,1,15,"6-1 6-4",,,,,
20576,,37728,87074,1,16,"6-1 6-0",,,,,
20576,,75226,85973,3,1,"6-1 3-0 ret.",,,,,
20576,,34423,70241,3,3,"6-2 6-3",,,,,
20576,,91721,99991,3,4,"7-6(7) 7-5",,,,,
20576,,99990,70247,3,5,"4-6 6-4 10-6",,,,,
20576,,13722,99112,3,6,"6-3 6-2",,,,,
20574,"03/25/25 13:15:00",92236,44979,3,1,"6-3 0-6 10-5",,,,,
20574,,15000,110481,3,8,"6-2 6-3",,,,,
20581,,95902,104636,2,15,"6-4 6-4",,,,,
20586,"03/25/25 15:00:00",37047,85214,4,16,"6-4 7-5",,,,,
20574,,114219,118413,4,2,"6-2 6-0",,,,,
20580,,118422,110354,4,1,"6-4 4-6 10-8",,,,,
20581,,118455,94196,4,3,"6-3 1-6 10-6",,,,,
20582,,118433,118432,4,7,"6-3 3-2 ret.",,,,,
20584,,118403,112346,4,7,"6-4 6-1",,,,,
20585,,118439,118440,4,5,"7-6(4) 6-1",,,,,
20587,,118411,90623,4,8,"6-4 6-3",,,,,
20524,"03/25/25 16:05:00",64916,66379,4,15,"6-2 6-3",,,,,
20582,,71182,69687,3,4,"6-4 7-6(5)",,,,,
20581,,82116,53945,3,3,"6-3 6-4",,,,,
20522,"03/25/25 16:50:00",47557,20654,4,8,"6-4 7-6(6)",,,,,
20578,,108553,106526,4,5,"6-7(5) 6-4 10-6",,,,,
20582,,93129,117062,4,4,"6-2 6-2",,,,,
20584,,118247,118401,4,4,"3-6 6-3 10-4",,,,,
20329,"03/25/25 18:00:00",11953,56846,7,8,"6-4 7-5",,,,,
20524,"03/25/25 17:55:00",26153,23099,4,3,"6-2 7-5",,,,,
20581,,96300,87740,3,7,"7-6(2) 6-1",,,,,
20522,"03/25/25 19:00:00",26922,47543,4,2,"7-6(6) 6-4",,,,,
20586,,79580,118444,4,4,"4-6 7-6(2) 11-9",,,,,
20522,"03/25/25 19:59:00",76127,17972,4,1,"6-2 6-3",,,,,
20577,"03/25/25 20:10:00",87771,40177,3,3,"6-2 6-3",,,,,
20521,"03/25/25 20:10:00",23142,67535,4,10,"7-6(6) 6-7(4) 6-3",,,,,
20524,"03/25/25 20:50:00",69729,23301,4,11,"7-6(9) 4-6 6-4",,,,,
20577,"03/25/25 21:42:00",95954,50134,3,2,"6-1 7-6(2)",,,,,
20523,"03/25/25 23:00:00",32887,64891,4,16,"6-4 1-6 6-4",,,,,
20521,"03/26/25 02:25:00",7806,20465,4,9,"6-3 6-2",,,,,
20583,"03/26/25 04:05:00",46164,98884,4,14,"6-1 6-0",,,,,
20577,"03/26/25 00:55:00",79067,50848,4,12,"6-4 6-4",,,,,
20579,,85193,59423,4,4,"w/o",,,,,
20583,,33439,36170,4,10,"6-4 7-6(7)",,,,,
20574,,94457,105968,4,6,"7-6(2) 6-3",,,,,
20577,,115833,90340,4,5,"4-6 6-4 15-13",,,,,
20576,,89085,109920,3,7,"6-4 6-4",,,,,
20576,,98925,37728,3,8,"6-3 6-3",,,,,
20574,"03/26/25 13:30:00",41484,81378,4,14,"6-3 6-0",,,,,
20581,"03/26/25 14:20:00",81781,118160,4,10,"6-1 6-2",,,,,
20585,"03/26/25 13:15:00",84941,106767,4,10,"7-6(5) 6-4",,,,,
20573,,118070,118310,4,3,"6-3 6-1",,,,,
20523,"03/26/25 14:00:00",60625,26421,4,10,"6-3 6-4",,,,,
20585,"03/26/25 15:05:00",95864,67241,4,7,"6-2 6-2",,,,,
20587,"03/26/25 14:35:00",100202,97576,4,2,"6-3 6-3",,,,,
20573,,99316,92073,1,5,"6-1 6-3",,,,,
20573,,40369,61094,1,12,"6-2 6-2",,,,,
20573,,88225,118478,1,18,"6-3 7-6(4)",,,,,
20573,,62193,58709,1,25,"6-1 6-1",,,,,
20573,,84049,82720,1,31,"6-2 6-1",,,,,
20573,,29617,74707,2,4,"6-3 6-0",,,,,
20573,,62193,39710,2,13,"6-2 6-4",,,,,
20573,,40369,71408,3,3,"7-6(6) 7-6(3)",,,,,
20573,,99308,84049,3,8,"6-2 7-5",,,,,
20576,,70241,116316,1,6,"6-1 6-0",,,,,
20576,,13722,105480,1,12,"6-1 6-2",,,,,
20576,,38959,116097,3,2,"6-2 4-6 10-6",,,,,
20574,"03/26/25 15:35:00",48442,64896,4,4,"6-4 7-6(4)",,,,,
20578,"03/26/25 14:25:00",99969,30496,4,13,"7-6(5) 2-6 6-4",,,,,
20329,"03/19/25 20:30:00",5917,52140,4,35,"6-3 3-6 6-4",,,,,
20329,"03/19/25 22:00:00",22434,18094,4,59,"3-6 6-3 6-4",,,,,
20329,"03/20/25 03:30:00",25171,36858,4,42,"6-3 6-4",,,,,
20329,"03/20/25 18:00:00",68090,28899,4,2,"7-6(6) 2-6 6-4",,,,,
20329,"03/20/25 22:45:00",36519,14177,4,7,"7-6(3) 6-3",,,,,
20329,"03/21/25 01:30:00",110057,41122,4,16,"6-7(3) 6-4 10-3",,,,,
20329,"03/21/25 02:00:00",91521,93452,4,27,"6-7(1) 6-3 6-4",,,,,
20585,"03/26/25 15:35:00",54208,71622,4,5,"6-3 7-5",,,,,
20585,,118441,118238,4,7,"6-4 3-6 11-9",,,,,
20582,"03/26/25 15:00:00",54996,95044,4,16,"6-1 6-0",,,,,
20586,"03/26/25 16:40:00",95668,98909,4,3,"6-3 6-0",,,,,
20574,"03/26/25 14:55:00",92236,18669,4,11,"3-6 7-6(4) 6-4",,,,,
20580,"03/26/25 15:35:00",41289,108591,4,15,"4-6 7-6(2) 7-6(5)",,,,,
20587,,83921,88217,4,14,"3-6 6-3 6-2",,,,,
20578,,117596,117576,9,1,"6-2 6-4",,,,,
20581,,69075,118458,4,7,"6-2 6-2",,,,,
20522,"03/26/25 15:35:00",53722,55290,5,7,"2-6 6-1 6-4",,,,,
20576,"03/26/25 17:35:00",98385,75226,4,2,"7-5 6-4",,,,,
20573,"03/26/25 19:00:00",22323,30894,4,5,"6-0 6-3",,,,,
20573,"03/26/25 18:50:00",99308,95901,4,15,"6-7(6) 6-0 4-0 ret.",,,,,
20578,,88519,108553,9,3,"6-3 3-6 10-8",,,,,
20586,,98808,80556,4,2,"6-2 6-7(4) 10-4",,,,,
20576,"03/26/25 19:45:00",38959,91543,4,14,"4-6 6-2 6-2",,,,,
20577,,47324,87771,4,5,"5-7 6-3 6-3",,,,,
20521,"03/26/25 21:05:00",56274,36617,5,4,"7-6(5) 6-4",,,,,
20521,"03/26/25 23:00:00",110804,102593,4,2,"6-4 6-4",,,,,
20577,"03/26/25 22:50:00",29800,36612,4,15,"7-6(6) 6-4",,,,,
20524,,118374,55228,4,8,"5-7 6-3 16-14",,,,,
20583,"03/27/25 04:05:00",73730,23090,5,8,"7-6(4) 6-1",,,,,
20583,"03/27/25 07:05:00",59993,33439,5,5,"6-3 ret.",,,,,
20577,,118462,118461,4,3,"6-4 6-4",,,,,
20579,"03/27/25 08:05:00",91677,31327,5,3,"6-3 3-6 6-1",,,,,
20580,"03/27/25 11:02:00",89402,75750,5,7,"7-6(6) 7-6(5)",,,,,
20582,,37276,78053,5,2,"0-6 6-4 6-3",,,,,
20585,"03/27/25 11:35:00",54208,98533,5,3,"6-4 6-4",,,,,
20587,,47528,68405,5,2,"6-3 7-6(6)",,,,,
20586,"03/27/25 12:05:00",30971,66034,5,3,"6-3 1-6 6-1",,,,,
20581,"03/27/25 13:45:00",57304,109734,5,6,"6-2 6-4",,,,,
20578,"03/27/25 13:10:00",56817,99969,5,7,"7-6(1) 1-6 6-3",,,,,
20523,"03/27/25 14:00:00",27547,83314,5,4,"4-6 6-2 6-2",,,,,
20574,"03/27/25 15:15:00",48442,15000,5,2,"6-3 6-3",,,,,
20585,"03/27/25 13:45:00",85513,36114,5,8,"6-3 3-6 6-1",,,,,
20576,"03/27/25 16:10:00",86275,90029,5,4,"6-4 6-1",,,,,
20582,"03/27/25 14:00:00",68702,90037,5,4,"3-6 7-6(5) 6-4",,,,,
20580,,93662,114656,9,4,"6-4 3-6 10-3",,,,,
20584,,118398,118397,9,1,"7-5 6-2",,,,,
20587,,118406,118219,9,2,"7-6(9) 6-3",,,,,
20586,,46167,68635,5,5,"6-3 6-1",,,,,
20581,,81315,118455,9,2,"6-2 6-2",,,,,
20584,,69402,115323,9,3,"6-7(6) 6-2 10-8",,,,,
20523,"03/27/25 17:55:00",32887,44595,5,8,"6-7(5) 6-0 6-3",,,,,
20524,"03/27/25 17:05:00",70705,36772,5,3,"6-1 4-6 6-3",,,,,
20581,,82116,83306,5,7,"7-6(3) 5-7 7-6(4)",,,,,
20576,"03/27/25 18:00:00",38876,82245,5,8,"4-6 6-2 7-6(3)",,,,,
20578,"03/27/25 21:05:00",63016,76022,5,5,"7-6(4) 6-1",,,,,
20577,,47324,95954,5,3,"6-7(3) 6-3 6-4",,,,,
20521,"03/27/25 22:03:00",52394,81980,5,6,"6-3 6-7(4) 6-3",,,,,
20329,"03/28/25 02:00:00",29932,29812,9,2,"7-5 6-7(7) 7-5",,,,,
20329,"03/21/25 18:00:00",40434,67986,5,22,"6-4 6-4",,,,,
20329,"03/21/25 19:30:00",94721,42754,4,7,"6-3 6-7(8) 10-4",,,,,
20329,"03/21/25 21:30:00",31358,22807,5,17,"6-2 6-3",,,,,
20329,"03/21/25 22:00:00",5992,58149,5,24,"6-0 7-6(1)",,,,,
20329,"03/22/25 01:30:00",56846,21506,5,31,"6-4 4-6 6-3",,,,,
20575,,59591,3700,1,1,"bye",,,,,
20575,,26093,68641,1,2,"6-3 6-3",,,,,
20575,,103100,6188,1,3,"4-6 6-1 10-7",,,,,
20575,,42692,3700,1,4,"bye",,,,,
20575,,5069,3700,1,5,"bye",,,,,
20575,"03/23/25 13:25:00",100693,40200,1,6,"6-2 7-5",,,,,
20575,,109713,3700,1,8,"bye",,,,,
20575,,36171,3700,1,9,"bye",,,,,
20575,"03/23/25 07:40:00",27425,113383,1,10,"6-1 6-1",,,,,
20575,"03/23/25 09:05:00",61984,90760,1,11,"6-0 6-2",,,,,
20575,,72017,3700,1,12,"bye",,,,,
20575,,111355,3700,1,13,"bye",,,,,
20575,"03/23/25 09:00:00",92737,101547,1,14,"6-2 6-0",,,,,
20575,"03/23/25 09:30:00",40645,118326,1,15,"6-2 6-0",,,,,
20575,,52530,3700,1,16,"bye",,,,,
20575,,27012,3700,1,17,"bye",,,,,
20575,,95882,91185,1,18,"6-7(3) 6-1 10-6",,,,,
20575,"03/23/25 11:20:00",85759,98960,1,19,"7-5 6-3",,,,,
20575,,46998,3700,1,20,"bye",,,,,
20575,,68533,3700,1,21,"bye",,,,,
20575,,23073,106750,1,23,"6-1 7-6(2)",,,,,
20521,"03/28/25 03:30:00",110804,112811,9,1,"6-3 7-5",,,,,
20521,,114210,101517,9,3,"4-6 7-6(6) 10-5",,,,,
20579,"03/28/25 06:05:00",19877,95918,9,4,"7-5 3-6 7-6(4)",,,,,
20573,,118309,118307,9,3,"6-7(5) 7-6(4) 10-6",,,,,
20576,,99109,110174,9,3,"6-2 4-6 10-6",,,,,
20577,,115833,88207,9,3,"7-6(5) 7-6(5)",,,,,
20581,"03/28/25 12:05:00",32910,77866,9,2,"7-6(5) ret.",,,,,
20574,"03/28/25 13:05:00",33904,48442,9,1,"6-3 6-4",,,,,
20582,"03/28/25 13:05:00",61537,37276,9,1,"6-2 6-1",,,,,
20586,"03/28/25 12:30:00",88054,46167,9,3,"6-2 6-3",,,,,
20582,,93129,118480,10,1,"7-6(6) 6-4",,,,,
20522,"03/28/25 13:00:00",42971,53722,9,4,"6-3 4-6 6-3",,,,,
20581,,69075,118109,10,2,"6-3 6-1",,,,,
20584,,69402,115511,10,2,"6-4 6-3",,,,,
20523,"03/28/25 18:01:00",6101,14432,9,1,"6-2 6-4",,,,,
20573,"03/28/25 17:05:00",22323,30230,9,2,"6-4 3-6 6-1",,,,,
20576,"03/28/25 17:35:00",29905,65129,9,3,"7-5 6-4",,,,,
20524,"03/28/25 19:05:00",37577,26845,9,4,"7-6(8) 6-4",,,,,
20524,"03/29/25 00:05:00",104066,116302,10,1,"7-6(5) 7-5",,,,,
20521,"03/29/25 02:05:00",11517,63018,9,1,"6-4 7-6(6)",,,,,
20331,"03/29/25 20:30:00",40609,35376,1,1,"3-6 7-6(5) 6-4",,,,,
20331,"03/29/25 20:30:00",60951,37492,1,2,"6-7(5) 5-3 ret.",,,,,
20331,"03/29/25 23:30:00",48011,36793,1,4,"6-4 7-5",,,,,
20331,"03/29/25 19:00:00",7806,23090,1,5,"3-6 6-3 6-2",,,,,
20331,"03/29/25 23:30:00",53532,47778,1,7,"6-3 6-2",,,,,
20331,"03/30/25 02:00:00",89108,36897,1,8,"6-1 6-2",,,,,
20331,"03/30/25 19:00:00",40609,60951,3,1,,,,,,
20331,"03/30/25 20:30:00",17123,48011,3,2,,,,,,
20331,"03/30/25 19:00:00",7806,34103,3,3,,,,,,
20331,"03/30/25 20:30:00",53532,89108,3,4,,,,,,
20331,,29935,3700,4,1,"bye",,,,,
20331,"03/31/25 19:00:00",24840,21464,4,2,,,,,,
20331,,3700,11517,4,3,,,,,,
20331,"03/31/25 19:00:00",82269,22433,4,4,,,,,,
20331,,30087,3700,4,5,"bye",,,,,
20331,,20648,3700,4,6,,,,,,
20575,,83678,3700,1,24,"bye",,,,,
20575,,43243,3700,1,25,"bye",,,,,
20575,,83428,98903,1,26,"6-4 6-7(5) 10-7",,,,,
20575,,65698,3700,1,28,"bye",,,,,
20575,,88219,3700,1,29,"bye",,,,,
20575,"03/23/25 13:20:00",87511,98907,1,30,"6-4 7-6(3)",,,,,
20575,"03/23/25 13:50:00",49239,105197,1,31,"7-6(7) 7-6(4)",,,,,
20575,,106901,3700,1,32,"bye",,,,,
20575,,59591,26093,2,1,"6-4 6-4",,,,,
20575,"03/24/25 08:50:00",100693,5069,2,3,"3-6 6-4 11-9",,,,,
20575,"03/24/25 08:10:00",109713,61988,2,4,"w/o",,,,,
20575,"03/24/25 07:40:00",36171,27425,2,5,"4-6 6-1 11-9",,,,,
20575,"03/24/25 11:40:00",61984,72017,2,6,"6-2 6-2",,,,,
20575,,35979,92737,2,7,,,,,,
20575,"03/24/25 09:35:00",40645,52530,2,8,"6-2 4-6 10-3",,,,,
20575,"03/24/25 12:20:00",27012,95882,2,9,"6-4 6-3",,,,,
20575,"03/24/25 13:15:00",46998,85759,2,10,"6-4 4-6 10-5",,,,,
20575,,68533,118327,2,11,"7-6(6) 6-1",,,,,
20575,"03/24/25 11:45:00",43243,83428,2,13,"6-3 4-6 10-4",,,,,
20575,"03/24/25 07:40:00",65698,77872,2,14,"6-4 3-6 11-9",,,,,
20575,,49239,106901,2,16,"3-6 6-3 10-8",,,,,
20575,"03/25/25 08:50:00",100693,109713,3,2,"6-3 7-6(6)",,,,,
20575,"03/25/25 06:45:00",61984,36171,3,3,"6-4 7-6(5)",,,,,
20575,,3700,40645,3,4,,,,,,
20575,"03/25/25 09:35:00",46998,27012,3,5,"6-3 6-3",,,,,
20575,"03/25/25 06:41:00",68533,83678,3,6,"6-2 7-5",,,,,
20575,,88219,49239,3,8,"7-5 6-0",,,,,
20579,"03/23/25 08:15:00",29151,52369,1,1,"6-3 6-4",,,,,
20579,,34670,117922,1,2,"6-2 6-1",,,,,
20579,"03/23/25 07:35:00",93900,64463,1,3,"6-3 1-6 10-2",,,,,
20579,"03/23/25 07:35:00",58441,107337,1,4,"7-5 6-3",,,,,
20579,,85193,19484,1,5,"6-0 6-3",,,,,
20579,"03/23/25 06:10:00",55994,93254,1,6,"6-2 6-0",,,,,
20579,"03/23/25 08:05:00",45942,93383,1,7,"6-1 6-1",,,,,
20579,"03/23/25 09:20:00",78490,87754,1,8,"6-0 6-3",,,,,
20579,,99988,85858,1,11,"6-3 6-1",,,,,
20579,"03/23/25 11:50:00",40853,81817,1,12,"6-3 6-0",,,,,
20579,"03/23/25 10:38:00",88903,64623,1,13,"6-2 7-6(0)",,,,,
20579,,83222,116660,1,14,"6-3 6-2",,,,,
20579,"03/23/25 10:45:00",29833,62000,1,15,"6-3 6-1",,,,,
20579,"03/23/25 10:45:00",90073,93901,1,16,"6-3 6-4",,,,,
20579,,29151,34670,3,1,"6-3 6-3",,,,,
20579,"03/24/25 06:03:00",58441,93900,3,2,"6-4 6-1",,,,,
20579,,85193,55994,3,3,"7-5 2-6 11-9",,,,,
20579,"03/24/25 07:40:00",45942,78490,3,4,"6-3 6-1",,,,,
20579,"03/24/25 07:50:00",99988,40853,3,6,"4-6 6-1 11-9",,,,,
20579,,88903,83222,3,7,"6-1 5-1 ret.",,,,,
20579,"03/24/25 08:05:00",90073,29833,3,8,"6-2 3-6 10-8",,,,,
20580,,53325,3700,1,1,"bye",,,,,
20580,,111771,91836,1,2,"6-3 6-1",,,,,
20580,,94514,105535,1,4,"6-1 6-2",,,,,
20580,,51272,57690,1,5,"6-4 6-1",,,,,
20580,,110813,117746,1,6,"6-2 6-2",,,,,
20580,,106760,100399,1,7,"6-0 6-2",,,,,
20580,,49061,94545,1,8,"7-5 7-6(5)",,,,,
20580,,72585,58177,1,9,"3-6 6-3 10-4",,,,,
20580,,118329,75661,1,10,"6-3 6-2",,,,,
20580,,33661,117511,1,12,"6-3 6-4",,,,,
20580,,56642,35359,1,13,"6-4 7-6(5)",,,,,
20580,,100398,82598,1,14,"6-4 6-2",,,,,
20580,,118330,85411,1,15,"7-5 6-4",,,,,
20584,,96299,67380,1,12,"6-2 6-2",,,,,
20584,,85842,63476,1,13,"7-5 6-4",,,,,
20584,,118337,25911,1,14,"3-4 ret.",,,,,
20584,,106997,118338,1,15,"7-5 6-7(4) 10-6",,,,,
20584,,55653,109739,1,16,"6-2 6-1",,,,,
20584,,118339,94144,1,18,"6-3 6-2",,,,,
20584,,67017,96934,1,20,"6-3 6-4",,,,,
20584,,87513,105442,1,21,"6-3 6-0",,,,,
20584,,62181,63443,1,22,"6-1 6-1",,,,,
20584,,31667,103596,1,23,"7-6(4) 7-5",,,,,
20584,,86614,67852,1,24,"6-4 6-1",,,,,
20584,,84230,115217,1,25,"7-6(2) 5-7 10-6",,,,,
20584,,96785,61386,1,26,"4-6 7-6(4) 10-3",,,,,
20584,,92055,105034,1,27,"6-0 6-0",,,,,
20584,,28993,95486,1,29,"6-1 6-3",,,,,
20584,,102453,36316,1,31,"6-1 6-0",,,,,
20584,,68530,66358,1,32,"6-2 6-2",,,,,
20584,,44250,90783,2,1,"6-2 6-4",,,,,
20584,,60303,115588,2,2,"6-2 6-1",,,,,
20584,,115220,105682,2,4,"6-2 6-4",,,,,
20584,,83520,68307,2,5,"6-4 6-1",,,,,
20584,,96299,33581,2,6,"6-2 6-2",,,,,
20584,,85842,118337,2,7,"6-1 6-2",,,,,
20584,,55653,106997,2,8,"6-0 6-0",,,,,
20584,,118339,70455,2,9,"7-5 6-2",,,,,
20584,,67017,99263,2,10,"3-6 6-2 10-4",,,,,
20584,,86614,31667,2,12,"6-2 6-2",,,,,
20584,,96785,84230,2,13,"7-5 6-2",,,,,
20584,,92055,62001,2,14,"6-4 6-2",,,,,
20584,,28993,82589,2,15,"3-6 6-3 10-6",,,,,
20584,,102453,68530,2,16,"7-6(4) 6-4",,,,,
20584,,44250,60303,3,1,"6-2 6-1",,,,,
20584,,96299,83520,3,3,"6-4 6-3",,,,,
20584,,55653,85842,3,4,"7-5 6-3",,,,,
20584,,67017,118339,3,5,"6-3 7-6(7)",,,,,
20584,,86614,62181,3,6,"6-4 6-7(0) 10-6",,,,,
20584,,92055,96785,3,7,"4-6 6-1 10-6",,,,,
20586,,3700,37656,1,1,,,,,,
20586,"03/23/25 14:55:00",85680,102841,1,2,"6-3 4-1 ret.",,,,,
20586,"03/23/25 16:55:00",97187,43239,1,3,"6-3 6-3",,,,,
20586,,88756,118340,1,4,"6-0 6-3",,,,,
20586,,60923,105569,1,5,"6-2 6-0",,,,,
20586,,96296,91436,1,6,"4-6 6-3 12-10",,,,,
20586,"03/23/25 16:05:00",66034,92733,1,7,"6-2 6-4",,,,,
20586,"03/23/25 19:05:00",94788,100232,1,8,"7-5 7-5",,,,,
20586,,73339,118341,1,9,"6-3 6-2",,,,,
20586,,100194,118342,1,10,"7-6(4) 6-3",,,,,
20586,"03/23/25 18:20:00",92734,88910,1,11,"3-6 6-3 10-6",,,,,
20586,"03/23/25 17:44:00",51062,63223,1,12,"6-2 6-3",,,,,
20586,"03/23/25 12:40:00",88890,102797,1,13,"6-2 6-3",,,,,
20586,,93291,79105,1,14,"6-2 6-1",,,,,
20586,,3700,85680,3,1,,,,,,
20586,"03/24/25 16:39:00",88756,97187,3,2,"6-3 6-2",,,,,
20586,"03/24/25 13:35:00",96296,60923,3,3,"7-6(6) 2-6 10-6",,,,,
20586,"03/24/25 17:10:00",66034,94788,3,4,"6-1 6-3",,,,,
20586,"03/24/25 14:55:00",51062,92734,3,6,"6-2 6-2",,,,,
20586,,111955,114354,3,8,"6-4 4-6 10-6",,,,,
20587,,28936,102455,1,1,"6-2 6-2",,,,,
20587,,107882,88774,1,2,"6-3 6-2",,,,,
20587,,51964,105551,1,3,"6-1 6-1",,,,,
20587,,87755,90574,1,4,"6-3 6-2",,,,,
20522,"03/25/25 15:30:00",1092,30550,4,3,"6-2 6-3",,,,,
20522,"03/25/25 19:45:00",25165,60140,4,4,"6-4 6-2",,,,,
20522,"03/25/25 12:00:00",26218,63021,4,5,"6-7(6) 6-3 7-5",,,,,
20522,"03/25/25 12:03:00",63299,38107,4,7,"6-7(2) 6-2 7-5",,,,,
20522,"03/25/25 16:50:00",56641,4067,4,9,"6-3 4-6 7-5",,,,,
20522,"03/25/25 14:35:00",29457,9305,4,10,"6-3 1-6 6-4",,,,,
20522,"03/25/25 15:00:00",14727,86156,4,11,"6-1 7-5",,,,,
20522,"03/25/25 17:05:00",74153,36858,4,12,"3-6 6-3 6-4",,,,,
20522,"03/25/25 12:05:00",53722,56195,4,13,"1-6 6-3 7-5",,,,,
20522,"03/24/25 17:10:00",55290,57769,4,14,"3-6 6-1 6-0",,,,,
20522,"03/24/25 17:10:00",25533,13048,4,15,"7-5 6-0",,,,,
20522,"03/24/25 18:25:00",42971,84235,4,16,"6-4 6-3",,,,,
20522,"03/27/25 16:17:00",76127,26922,5,1,"6-0 6-1",,,,,
20522,"03/27/25 17:30:00",1092,25165,5,2,"6-2 6-3",,,,,
20522,"03/26/25 17:35:00",27205,26218,5,3,"7-6(4) 3-6 6-0",,,,,
20522,"03/26/25 13:40:00",63299,47557,5,4,"6-3 7-5",,,,,
20522,"03/27/25 12:40:00",29457,56641,5,5,"7-5 6-3",,,,,
20522,"03/27/25 12:30:00",14727,74153,5,6,"7-5 6-4",,,,,
20522,"03/26/25 12:05:00",42971,25533,5,8,"6-1 6-3",,,,,
20522,"03/28/25 18:35:00",76127,1092,9,1,"6-3 6-4",,,,,
20522,"03/28/25 14:35:00",63299,27205,9,2,"6-1 6-3",,,,,
20522,"03/28/25 14:35:00",29457,14727,9,3,"4-6 7-6(6) 6-3",,,,,
20522,"03/30/25 11:05:00",76127,63299,10,1,"1-6 6-2 7-5",,,,,
20522,"03/30/25 11:00:00",42971,29457,10,2,"7-5 6-3",,,,,
20522,"03/30/25 16:00:00",76127,42971,12,1,,,,,,
20523,"03/25/25 21:30:00",13674,79088,4,1,"6-3 6-2",,,,,
20523,"03/26/25 13:30:00",6101,29665,4,2,"6-4 6-3",,,,,
20523,"03/26/25 20:05:00",95537,94493,4,3,"6-3 7-5",,,,,
20523,"03/26/25 17:44:00",14432,23100,4,4,"6-1 6-3",,,,,
20523,"03/26/25 13:30:00",59166,59092,4,5,"6-3 6-2",,,,,
20523,"03/26/25 15:05:00",51417,29579,4,6,"6-3 6-3",,,,,
20523,"03/26/25 16:30:00",83314,83794,4,7,"6-4 6-2",,,,,
20523,"03/26/25 12:00:00",27547,52934,4,8,"7-6(4) 6-4",,,,,
20523,"03/26/25 15:00:00",12190,48013,4,9,"6-4 7-5",,,,,
20523,"03/25/25 18:55:00",10828,6691,4,11,"4-6 6-3 6-4",,,,,
20523,"03/26/25 15:35:00",55257,18477,4,12,"6-1 6-3",,,,,
20523,"03/25/25 19:15:00",81189,18720,4,13,"7-6(4) 6-2",,,,,
20523,"03/25/25 16:20:00",104215,91448,4,14,"6-4 3-6 7-6(5)",,,,,
20523,"03/25/25 18:20:00",44595,12653,4,15,"3-6 6-1 6-2",,,,,
20523,"03/27/25 17:35:00",6101,13674,5,1,"6-7(5) 7-6(4) 6-2",,,,,
20523,"03/27/25 20:45:00",14432,95537,5,2,"6-2 5-7 7-6(4)",,,,,
20523,"03/27/25 13:00:00",59166,51417,5,3,"6-3 6-1",,,,,
20523,"03/27/25 14:30:00",12190,60625,5,5,"6-2 6-2",,,,,
20523,"03/27/25 12:40:00",55257,10828,5,6,"6-4 3-6 7-6(3)",,,,,
20523,"03/27/25 12:35:00",81189,104215,5,7,"6-4 6-0",,,,,
20523,"03/28/25 14:35:00",59166,27547,9,2,"4-6 6-1 7-5",,,,,
20523,"03/28/25 13:05:00",12190,55257,9,3,"6-2 6-4",,,,,
20523,"03/28/25 15:35:00",81189,32887,9,4,"6-3 7-6(3)",,,,,
20523,"03/29/25 14:35:00",6101,59166,10,1,"6-4 6-4",,,,,
20523,"03/29/25 13:05:00",81189,12190,10,2,"6-2 6-1",,,,,
20523,"03/30/25 13:05:00",6101,81189,12,1,,,,,,
20523,"03/23/25 16:40:00",55257,87277,1,1,"6-2 7-6(6)",,,,,
20523,"03/23/25 16:10:00",30931,36594,1,2,"6-3 6-3",,,,,
20523,"03/25/25 12:05:00",83314,10231,1,3,"6-4 6-4",,,,,
20523,"03/24/25 15:00:00",17264,46748,1,4,"7-5 7-6(4)",,,,,
20523,"03/24/25 12:05:00",51417,13032,1,6,"6-3 6-1",,,,,
20523,"03/24/25 14:00:00",68981,76009,1,8,"6-1 6-2",,,,,
20523,"03/24/25 12:00:00",23100,48396,1,9,"6-3 7-5",,,,,
20523,"03/23/25 16:35:00",41083,47021,1,10,"6-3 6-2",,,,,
20523,"03/24/25 15:30:00",95537,38273,1,11,"6-3 5-7 6-4",,,,,
20523,"03/25/25 13:15:00",55257,30931,3,1,"6-0 6-3",,,,,
20580,,63498,108381,1,17,"6-1 6-1",,,,,
20580,,118159,118331,1,18,"w/o",,,,,
20580,,118332,81146,1,19,"w/o",,,,,
20580,,100617,118333,1,20,"6-1 6-2",,,,,
20580,,111539,110074,1,22,"6-4 3-1 ret.",,,,,
20580,,110077,118157,1,23,"6-2 6-4",,,,,
20580,,85879,111167,1,24,"6-0 6-0",,,,,
20580,,87752,109335,1,25,"6-3 7-6(4)",,,,,
20580,,117745,118158,1,26,"w/o",,,,,
20580,,37087,108702,1,27,"6-1 6-1",,,,,
20580,,95336,105441,1,28,"6-3 7-6(5)",,,,,
20580,,101731,114560,1,30,"6-3 6-1",,,,,
20580,,97974,105029,1,31,"7-5 6-1",,,,,
20580,,72055,33666,1,32,"7-6(4) 6-3",,,,,
20580,,53325,111771,2,1,"6-1 6-2",,,,,
20580,,94514,118328,2,2,"6-0 6-3",,,,,
20580,,51272,110813,2,3,"4-1 ret.",,,,,
20580,,49061,106760,2,4,"6-3 6-1",,,,,
20580,,33661,111782,2,6,"6-1 7-5",,,,,
20580,,56642,100398,2,7,"6-2 6-2",,,,,
20580,,118330,50850,2,8,"6-1 ret.",,,,,
20580,,63498,118159,2,9,"6-1 6-2",,,,,
20580,,100617,118332,2,10,"6-3 6-2",,,,,
20580,,31600,111539,2,11,"6-1 6-0",,,,,
20580,,87752,117745,2,13,"6-1 6-3",,,,,
20580,,95336,37087,2,14,"6-3 5-7 10-3",,,,,
20580,,101731,111752,2,15,"7-6(8) 6-4",,,,,
20580,,97974,72055,2,16,"4-6 7-5 10-8",,,,,
20580,,94514,53325,3,1,"7-6(6) 6-1",,,,,
20580,,49061,51272,3,2,"1-6 7-6(10) 10-7",,,,,
20580,"03/25/25 12:55:00",72585,33661,3,3,"6-4 6-4",,,,,
20580,"03/25/25 11:05:00",100617,63498,3,5,"6-4 7-5",,,,,
20580,"03/25/25 11:05:00",95336,87752,3,7,"7-6(2) 6-4",,,,,
20580,"03/25/25 13:08:00",101731,97974,3,8,"7-5 6-4",,,,,
20583,,28763,109758,1,1,"6-4 6-4",,,,,
20583,,36636,55289,1,3,"6-3 2-6 12-10",,,,,
20583,,98884,59990,1,4,"6-3 6-1",,,,,
20583,,68624,65283,1,5,"6-0 6-0",,,,,
20583,,77191,52363,1,6,"6-3 6-3",,,,,
20583,,104665,109910,1,7,"6-4 7-5",,,,,
20583,,32723,96506,1,9,"6-0 6-1",,,,,
20583,,26143,104631,1,10,"7-5 6-2",,,,,
20583,,83790,101507,1,11,"7-5 6-3",,,,,
20583,,53539,109912,1,12,"7-5 4-6 10-7",,,,,
20583,,103327,88339,1,13,"6-3 6-0",,,,,
20583,,51087,78647,1,15,"7-6(0) 6-2",,,,,
20583,,108186,33694,1,16,"7-6(4) 7-5",,,,,
20583,,98884,36636,3,2,"6-2 6-1",,,,,
20583,,77191,68624,3,3,"7-6(6) 3-6 10-6",,,,,
20583,,56611,104665,3,4,"6-3 6-2",,,,,
20583,,26143,32723,3,5,"6-0 7-5",,,,,
20583,,68389,103327,3,7,"6-1 6-1",,,,,
20583,,51087,108186,3,8,"6-3 6-4",,,,,
20584,,44250,85678,1,1,"6-1 6-1",,,,,
20584,,115588,86616,1,3,"6-2 3-6 10-3",,,,,
20584,,60303,33452,1,4,"7-6(1) 3-6 10-7",,,,,
20584,,88601,118336,1,5,"6-0 6-0",,,,,
20584,,94326,111980,1,6,"6-4 6-4",,,,,
20584,,105682,101306,1,7,"6-4 6-0",,,,,
20584,,83520,87768,1,9,"6-3 6-1",,,,,
20584,,68307,87296,1,10,"6-3 6-2",,,,,
20587,,111614,115613,1,5,"6-2 6-2",,,,,
20587,,104075,75393,1,6,"6-0 6-4",,,,,
20587,,114902,118343,1,7,"6-3 6-1",,,,,
20587,,105266,110649,1,8,"6-3 6-0",,,,,
20587,,52335,876,1,9,"6-1 6-1",,,,,
20587,,88217,55891,1,11,"6-1 6-2",,,,,
20587,,113775,93889,1,12,"4-6 6-4 10-7",,,,,
20587,,94958,106685,1,13,"6-4 6-1",,,,,
20587,,62702,74540,1,14,"6-1 6-0",,,,,
20587,,90926,111351,1,15,"6-4 6-3",,,,,
20587,,100858,100966,1,17,"6-0 6-2",,,,,
20587,,100968,107699,1,18,"6-0 6-0",,,,,
20587,,105172,95379,1,19,"6-0 6-2",,,,,
20587,,97576,91719,1,20,"6-4 6-1",,,,,
20587,,66217,103602,1,21,"6-2 6-7(6) 10-4",,,,,
20587,,88378,109051,1,23,"6-1 6-2",,,,,
20587,,90577,44789,1,24,"7-6(5) 7-6(5)",,,,,
20587,,88360,61870,1,25,"6-0 6-4",,,,,
20587,,34288,118344,1,26,"6-2 6-4",,,,,
20587,,101053,114361,1,28,"6-3 6-2",,,,,
20587,,67863,112221,1,29,"6-7(5) 6-0 10-3",,,,,
20587,,110331,85150,1,30,"6-3 6-1",,,,,
20587,,86285,88321,1,31,"6-2 4-6 10-2",,,,,
20587,,107882,28936,2,1,"3-6 6-3 10-6",,,,,
20587,,87755,51964,2,2,"6-2 6-3",,,,,
20587,,104075,111614,2,3,"6-2 6-3",,,,,
20587,,52335,100218,2,5,"6-2 6-2",,,,,
20587,,94958,62702,2,7,"6-0 6-1",,,,,
20587,,103575,90926,2,8,"6-1 6-0",,,,,
20587,,100858,100968,2,9,"6-3 6-2",,,,,
20587,,97576,105172,2,10,"6-0 6-0",,,,,
20587,,66217,111757,2,11,"6-3 6-3",,,,,
20587,,88378,90577,2,12,"6-3 6-2",,,,,
20587,,88360,34288,2,13,"6-3 6-0",,,,,
20587,,101053,107885,2,14,"6-1 6-2",,,,,
20587,,83308,86285,2,16,"6-7(5) 6-0 10-6",,,,,
20587,,87755,107882,3,1,"6-2 6-1",,,,,
20587,,114902,104075,3,2,"6-0 6-2",,,,,
20587,,88217,52335,3,3,"6-4 7-5",,,,,
20587,,97576,100858,3,5,"7-6(4) 6-0",,,,,
20587,,88378,66217,3,6,"4-6 6-4 10-7",,,,,
20587,,101053,88360,3,7,"6-2 4-6 10-3",,,,,
20587,,83308,67863,3,8,"6-4 4-6 10-5",,,,,
20522,"03/23/25 18:15:00",17972,50382,1,1,"7-6(3) 7-5",,,,,
20522,"03/23/25 16:40:00",26218,96517,1,3,"6-3 7-5",,,,,
20522,"03/23/25 16:50:00",58432,90015,1,4,"6-1 6-4",,,,,
20522,"03/23/25 12:05:00",35323,79813,1,5,"6-4 4-5 ret.",,,,,
20522,"03/23/25 15:30:00",29457,84377,1,7,"6-2 6-1",,,,,
20522,"03/23/25 16:50:00",79692,24647,1,8,"2-6 7-5 6-4",,,,,
20522,"03/23/25 14:10:00",38107,68393,1,9,"1-6 7-6(1) 6-2",,,,,
20522,"03/23/25 12:05:00",46422,20463,1,10,"7-6(5) 6-2",,,,,
20522,"03/23/25 12:05:00",86156,35036,1,11,"6-4 7-5",,,,,
20522,"03/23/25 14:05:00",95464,111954,1,12,"6-7(2) 6-4 6-3",,,,,
20522,"03/24/25 14:45:00",17972,9675,3,1,"7-6(6) 4-6 6-3",,,,,
20522,"03/24/25 14:10:00",26218,58432,3,2,"6-3 4-6 6-4",,,,,
20522,"03/24/25 12:05:00",30550,35323,3,3,"6-4 6-1",,,,,
20522,"03/24/25 13:45:00",29457,79692,3,4,"6-3 6-3",,,,,
20522,"03/24/25 12:05:00",38107,46422,3,5,"6-3 1-6 7-6(6)",,,,,
20522,"03/24/25 12:00:00",86156,95464,3,6,"7-6(1) 6-4",,,,,
20329,"03/22/25 19:30:00",58327,73956,5,6,"6-2 1-6 6-3",,,,,
20523,"03/25/25 16:00:00",83314,17264,3,2,"6-1 6-0",,,,,
20523,"03/25/25 15:00:00",51417,79113,3,3,"6-2 4-6 6-0",,,,,
20523,,29579,68981,3,4,"6-1 3-6 7-5",,,,,
20523,"03/25/25 13:15:00",23100,41083,3,5,"6-1 2-6 6-4",,,,,
20523,"03/25/25 17:05:00",95537,38973,3,6,"3-6 6-1 6-4",,,,,
20582,,117911,3700,1,1,"bye",,,,,
20582,,67230,102184,1,2,"6-1 6-0",,,,,
20582,,118345,105391,1,3,"6-0 6-2",,,,,
20582,,85145,3700,1,4,"bye",,,,,
20582,,53537,3700,1,5,"bye",,,,,
20582,,95044,107905,1,6,"6-0 6-2",,,,,
20582,,86074,110093,1,7,"6-1 6-1",,,,,
20582,,76158,3700,1,8,"bye",,,,,
20582,,45774,3700,1,9,"bye",,,,,
20582,,90764,118125,1,11,"6-1 6-0",,,,,
20582,,38587,3700,1,12,"bye",,,,,
20582,,71182,3700,1,13,"bye",,,,,
20582,,68800,14715,1,14,"5-7 7-5 10-1",,,,,
20582,,69687,3700,1,16,"bye",,,,,
20582,,68966,3700,1,17,"bye",,,,,
20582,,38840,118050,1,18,"6-1 6-0",,,,,
20582,,101986,101988,1,19,"6-3 6-3",,,,,
20582,,87295,3700,1,20,"bye",,,,,
20582,,37276,3700,1,21,"bye",,,,,
20582,,80182,117933,1,22,"6-2 6-1",,,,,
20582,,93892,101983,1,23,"6-0 6-0",,,,,
20582,,95476,3700,1,24,"bye",,,,,
20582,,61231,3700,1,25,"bye",,,,,
20582,,95315,101984,1,26,"6-2 6-1",,,,,
20582,,62419,3700,1,28,"bye",,,,,
20582,,92570,3700,1,29,"bye",,,,,
20582,,84367,118348,1,30,"6-1 6-0",,,,,
20582,,85147,118349,1,31,"6-2 6-1",,,,,
20582,,91450,3700,1,32,"bye",,,,,
20582,,67230,85282,2,1,"6-0 6-0",,,,,
20582,,85145,118345,2,2,"6-0 6-2",,,,,
20582,,95044,53537,2,3,"4-6 6-1 12-10",,,,,
20582,,76158,86074,2,4,"3-6 7-5 10-6",,,,,
20582,,45774,118347,2,5,"6-3 6-2",,,,,
20582,,38587,90764,2,6,"7-6(2) 6-2",,,,,
20582,,71182,68800,2,7,"6-0 6-1",,,,,
20582,,69687,88063,2,8,"6-1 6-1",,,,,
20582,,38840,68966,2,9,"6-3 6-3",,,,,
20582,,37276,80182,2,11,"6-2 6-4",,,,,
20582,,95315,61231,2,13,"6-2 6-1",,,,,
20582,,62419,103109,2,14,"6-3 6-1",,,,,
20582,,92570,84367,2,15,"6-0 6-3",,,,,
20582,,85147,91450,2,16,"6-2 6-3",,,,,
20582,,67230,85145,3,1,"6-1 5-7 10-7",,,,,
20582,,38587,45774,3,3,"6-3 6-2",,,,,
20582,,38840,87295,3,5,"6-3 6-1",,,,,
20582,,37276,95476,3,6,"6-3 6-3",,,,,
20582,,62419,95315,3,7,"6-4 6-3",,,,,
20582,,92570,85147,3,8,"6-2 3-6 10-4",,,,,
20585,,40819,3700,1,1,"bye",,,,,
20585,,49240,59841,1,2,"6-2 6-2",,,,,
20585,,86812,108725,1,3,"6-0 6-3",,,,,
20585,,63245,99989,1,4,"6-1 6-2",,,,,
20585,,71622,3700,1,5,"bye",,,,,
20585,,114931,104850,1,6,"6-1 6-1",,,,,
20585,,96543,99585,1,8,"6-0 6-0",,,,,
20585,,89235,3700,1,9,"bye",,,,,
20585,,96544,87313,1,10,"3-1 ret.",,,,,
20524,"03/25/25 22:30:00",58609,81784,4,7,"6-1 6-4",,,,,
20524,"03/25/25 23:35:00",73268,14898,4,8,"6-3 5-7 6-1",,,,,
20524,"03/25/25 20:10:00",56197,7732,4,9,"6-2 6-4",,,,,
20524,"03/25/25 19:20:00",73983,104494,4,10,"6-3 6-2",,,,,
20524,"03/25/25 20:50:00",50000,30849,4,12,"6-3 6-2",,,,,
20524,"03/25/25 17:30:00",12498,9403,4,13,"6-1 7-5",,,,,
20524,"03/24/25 22:45:00",37577,24841,4,14,"7-5 6-1",,,,,
20524,"03/25/25 16:05:00",26845,35296,4,16,"6-3 6-1",,,,,
20524,,61966,12534,5,1,"7-5 6-4",,,,,
20524,"03/27/25 17:06:00",18648,26153,5,2,"6-0 6-1",,,,,
20524,"03/27/25 18:40:00",58609,73268,5,4,"7-6(5) 3-6 6-1",,,,,
20524,"03/27/25 22:20:00",56197,73983,5,5,"6-0 6-3",,,,,
20524,"03/27/25 19:35:00",50000,69729,5,6,"2-6 7-5 6-3",,,,,
20524,"03/26/25 21:40:00",37577,12498,5,7,"6-7(3) 7-6(5) 6-3",,,,,
20524,"03/26/25 17:05:00",26845,64916,5,8,"6-4 6-3",,,,,
20524,"03/28/25 17:05:00",18648,61966,9,1,"6-4 1-6 6-1",,,,,
20524,"03/28/25 18:35:00",58609,70705,9,2,"7-5 6-4",,,,,
20524,"03/28/25 21:40:00",56197,50000,9,3,"6-2 6-3",,,,,
20524,"03/29/25 20:15:00",56197,37577,10,2,"6-2 6-4",,,,,
20524,"03/30/25 18:00:00",18648,56197,12,1,,,,,,
20329,"03/23/25 03:55:00",83135,68627,5,3,"6-4 2-3 ret.",,,,,
20521,"03/23/25 21:20:00",28685,106915,1,1,"6-1 6-1",,,,,
20521,"03/23/25 19:03:00",62722,33705,1,2,"6-4 6-3",,,,,
20521,,20465,115948,1,3,"6-0 6-0",,,,,
20521,"03/23/25 22:30:00",37492,92349,1,5,"6-3 6-3",,,,,
20521,"03/23/25 22:30:00",30944,65138,1,6,"6-0 6-3",,,,,
20521,"03/23/25 20:35:00",28895,62404,1,7,"6-7(4) 6-3 6-2",,,,,
20521,"03/24/25 01:10:00",76333,50128,1,9,"6-1 4-1 ret.",,,,,
20521,,69574,60341,1,10,"6-3 6-4",,,,,
20521,"03/23/25 19:05:00",36897,54207,1,11,"6-4 3-6 6-0",,,,,
20521,"03/23/25 19:05:00",16998,52188,1,12,"6-4 6-2",,,,,
20521,"03/24/25 20:00:00",62722,28685,3,1,"3-6 7-6(12) 7-6(8)",,,,,
20521,"03/24/25 21:40:00",20465,84849,3,2,"6-4 4-6 6-2",,,,,
20521,"03/24/25 23:40:00",30944,37492,3,3,"6-3 6-2",,,,,
20521,"03/24/25 20:00:00",20702,28895,3,4,"6-4 6-2",,,,,
20521,"03/24/25 21:50:00",69574,76333,3,5,"6-4 4-6 6-3",,,,,
20521,"03/24/25 20:00:00",16998,36897,3,6,"7-5 6-3",,,,,
20521,"03/25/25 05:06:00",11517,43645,4,1,"6-1 6-3",,,,,
20521,"03/25/25 20:05:00",69574,30944,4,2,"6-4 7-6(3)",,,,,
20521,"03/25/25 02:05:00",63018,34968,4,3,"6-4 3-6 6-4",,,,,
20521,"03/26/25 00:10:00",29906,73620,4,4,"6-4 6-3",,,,,
20521,"03/25/25 19:00:00",35297,47566,4,5,"6-4 6-1",,,,,
20521,"03/25/25 00:05:00",62166,83315,4,6,"6-7(9) 7-6(1) 7-6(3)",,,,,
20521,"03/25/25 23:24:00",36617,39043,4,8,"4-6 7-6(4) 6-4",,,,,
20521,"03/25/25 22:02:00",81980,20702,4,11,"4-6 6-3 6-2",,,,,
20521,"03/26/25 01:45:00",52394,16998,4,12,"7-6(7) 6-4",,,,,
20521,"03/26/25 00:00:00",11522,73742,4,13,"6-1 6-7(3) 6-4",,,,,
20521,"03/26/25 04:05:00",87283,89396,4,14,"6-1 7-6(6)",,,,,
20521,"03/25/25 21:50:00",28932,62722,4,15,"6-4 6-4",,,,,
20521,"03/25/25 22:50:00",26381,19474,4,16,"6-4 3-0 ret.",,,,,
20521,"03/27/25 01:20:00",11517,69574,5,1,"7-5 6-3",,,,,
20521,"03/26/25 23:15:00",63018,29906,5,2,"7-5 6-2",,,,,
20521,"03/26/25 21:05:00",35297,62166,5,3,"6-4 6-4",,,,,
20521,"03/28/25 00:30:00",23142,7806,5,5,"6-2 6-3",,,,,
20521,"03/28/25 02:02:00",11522,87283,5,7,"6-2 3-6 7-6(6)",,,,,
20521,"03/28/25 02:10:00",28932,26381,5,8,"6-4 6-4",,,,,
20521,"03/29/25 00:05:00",56274,35297,9,2,"6-3 6-7(2) 6-4",,,,,
20521,"03/28/25 22:05:00",23142,52394,9,3,"6-1 6-4",,,,,
20521,"03/28/25 23:35:00",28932,11522,9,4,"2-6 7-6(4) 6-2",,,,,
20331,,47566,3700,4,7,,,,,,
20521,"03/30/25 04:35:00",11517,56274,10,1,"6-2 6-4",,,,,
20521,"03/30/25 03:00:00",23142,28932,10,2,"6-2 6-1",,,,,
20521,"03/31/25 03:00:00",11517,23142,12,1,,,,,,
20574,,44979,89824,1,1,"6-1 6-1",,,,,
20574,,92643,111532,1,2,"6-1 6-1",,,,,
20574,,92236,92880,1,4,"7-5 6-3",,,,,
20574,,68297,60323,1,5,"4-6 6-1 10-4",,,,,
20574,,67849,90594,1,6,"6-3 4-6 10-7",,,,,
20574,,117888,85208,1,7,"6-2 6-0",,,,,
20574,,95896,73946,1,8,"3-6 6-2 10-8",,,,,
20574,,88200,55974,1,9,"6-2 6-3",,,,,
20574,,97958,118352,1,12,"6-3 6-1",,,,,
20574,,75660,116729,1,13,"6-4 7-6(4)",,,,,
20574,,91954,31467,1,14,"5-3 ret.",,,,,
20574,,72361,88907,1,15,"6-0 6-0",,,,,
20574,,96290,118353,1,16,"7-5 6-0",,,,,
20574,,110640,110638,1,18,"7-6(4) 6-2",,,,,
20574,,68974,118354,1,19,"6-2 6-0",,,,,
20574,,93278,115227,1,20,"6-1 6-2",,,,,
20574,,59499,101562,1,21,"6-3 6-0",,,,,
20574,,92652,117884,1,22,"6-2 6-3",,,,,
20574,,52322,103331,1,24,"6-2 6-2",,,,,
20574,,99145,93281,1,25,"6-2 6-0",,,,,
20574,,104656,118355,1,26,"6-2 6-3",,,,,
20574,,81420,118356,1,27,"6-0 6-0",,,,,
20574,,59723,92235,1,28,"6-1 6-4",,,,,
20574,,15000,64870,1,29,"6-1 6-1",,,,,
20574,,104655,90215,1,30,"5-7 6-3 10-7",,,,,
20574,,118357,94794,1,31,"w/o",,,,,
20574,,110481,48440,1,32,"6-4 6-1",,,,,
20574,,44979,92643,2,1,"6-4 6-1",,,,,
20574,,92236,63256,2,2,"6-3 6-0",,,,,
20574,,68297,67849,2,3,"4-6 6-1 10-8",,,,,
20574,,95896,117888,2,4,"6-2 6-1",,,,,
20574,,88200,92244,2,5,"6-0 6-1",,,,,
20574,,75660,91954,2,7,"3-0 ret.",,,,,
20574,,96290,72361,2,8,"6-2 6-1",,,,,
20574,,34539,110640,2,9,"6-0 6-0",,,,,
20574,,93278,68974,2,10,"7-6(4) 6-2",,,,,
20574,,59499,92652,2,11,"6-0 6-0",,,,,
20574,,99145,104656,2,13,"6-2 6-1",,,,,
20574,,59723,81420,2,14,"5-7 6-1 10-7",,,,,
20574,,15000,104655,2,15,"6-0 6-2",,,,,
20574,,110481,118357,2,16,"6-1 6-2",,,,,
20574,"03/25/25 13:15:00",68297,95896,3,2,"4-6 6-3 12-10",,,,,
20574,"03/25/25 13:15:00",88200,97958,3,3,"6-2 6-0",,,,,
20574,"03/25/25 13:15:00",75660,96290,3,4,"6-1 6-4",,,,,
20574,"03/25/25 14:23:00",34539,93278,3,5,"6-3 6-3",,,,,
20574,"03/25/25 13:15:00",59499,94535,3,6,"6-3 7-6(6)",,,,,
20574,"03/25/25 13:15:00",99145,59723,3,7,"6-2 6-3",,,,,
20578,"03/23/25 20:05:00",59762,100980,1,1,"6-2 7-6(2)",,,,,
20578,"03/23/25 15:20:00",84373,115439,1,3,"6-1 6-4",,,,,
20578,"03/23/25 15:15:00",101668,114903,1,4,"6-4 6-2",,,,,
20578,,99969,101412,1,5,"6-0 6-0",,,,,
20578,"03/23/25 18:30:00",86271,107233,1,6,"6-2 7-6(5)",,,,,
20578,"03/23/25 13:45:00",38427,90027,1,7,"3-6 6-4 10-8",,,,,
20578,"03/23/25 13:50:00",70265,106467,1,8,"6-7(5) 6-3 10-4",,,,,
20578,"03/23/25 12:05:00",44538,99968,1,9,"6-4 7-5",,,,,
20578,"03/23/25 17:10:00",56817,86918,1,11,"6-2 6-1",,,,,
20578,,100979,106082,1,12,"7-6(5) 6-4",,,,,
20578,"03/23/25 17:35:00",106577,57677,1,14,"6-7(8) 7-6(4) 13-11",,,,,
20578,"03/23/25 17:10:00",37929,90583,1,16,"6-1 6-0",,,,,
20578,"03/24/25 19:40:00",59762,93046,3,1,"4-6 7-5 10-6",,,,,
20578,"03/24/25 14:25:00",84373,101668,3,2,"6-2 6-1",,,,,
20578,"03/24/25 17:10:00",99969,86271,3,3,"6-2 6-0",,,,,
20578,"03/24/25 13:05:00",70265,38427,3,4,"7-5 6-4",,,,,
20578,"03/24/25 13:10:00",44538,101327,3,5,"6-4 6-1",,,,,
20578,,56817,100979,3,6,"6-3 6-3",,,,,
20578,"03/24/25 17:10:00",85198,106577,3,7,"6-2 6-0",,,,,
20578,"03/24/25 15:50:00",73197,37929,3,8,"6-3 7-6(6)",,,,,
20579,"03/23/25 06:10:00",99740,34686,1,10,"5-7 6-1 13-11",,,,,
20581,,100737,75651,1,1,"7-6(4) 6-0",,,,,
20581,,50863,90588,1,3,"6-3 6-4",,,,,
20581,,93636,57917,1,4,"1-6 6-2 10-6",,,,,
20581,,78049,103415,1,5,"6-2 6-2",,,,,
20581,,50870,68794,1,6,"6-2 6-2",,,,,
20581,,49285,95669,1,8,"6-7(0) 6-0 10-2",,,,,
20581,,53945,89251,1,9,"4-3 ret.",,,,,
20581,,103084,36528,1,11,"6-7(6) 7-6(6) 10-6",,,,,
20581,,82116,85535,1,12,"6-7(1) 6-3 10-8",,,,,
20581,,81781,100482,1,13,"6-1 3-6 11-9",,,,,
20581,,92224,77697,1,15,"6-0 6-1",,,,,
20581,,105543,91449,1,16,"6-2 6-2",,,,,
20581,,45509,83910,1,17,"6-1 6-0",,,,,
20581,,80641,113064,1,18,"7-6(4) 6-3",,,,,
20581,,92060,107707,1,19,"7-5 6-0",,,,,
20581,,88065,93893,1,20,"6-4 6-1",,,,,
20581,,91861,36500,1,21,"6-3 6-1",,,,,
20581,,103928,67865,1,22,"6-2 6-2",,,,,
20581,,93882,88931,1,24,"6-2 6-1",,,,,
20581,,97275,101981,1,25,"6-4 6-3",,,,,
20581,,97206,86823,1,27,"6-1 6-1",,,,,
20581,,96300,89690,1,28,"6-2 6-1",,,,,
20581,,104636,48012,1,29,"6-3 6-3",,,,,
20581,,95902,97968,1,30,"2-6 7-5 10-3",,,,,
20581,,92077,100228,1,31,"6-3 2-6 11-9",,,,,
20581,,56820,88071,1,32,"7-5 6-2",,,,,
20581,,66363,100737,2,1,"4-6 6-4 10-4",,,,,
20581,,50863,93636,2,2,"6-2 7-6(3)",,,,,
20581,,50870,78049,2,3,"6-3 6-0",,,,,
20581,,49285,108311,2,4,"6-3 6-1",,,,,
20581,,81781,115855,2,7,"6-1 6-2",,,,,
20581,,105543,92224,2,8,"6-2 6-4",,,,,
20581,,45509,80641,2,9,"6-1 7-5",,,,,
20581,,92060,88065,2,10,"6-3 3-6 10-5",,,,,
20581,,91861,103928,2,11,"6-1 1-0 ret.",,,,,
20581,,93882,70449,2,12,"6-4 6-7(1) 10-6",,,,,
20581,,87740,97275,2,13,"4-6 6-4 10-8",,,,,
20581,,96300,97206,2,14,"7-6(4) 6-1",,,,,
20581,,92077,56820,2,16,"6-3 6-2",,,,,
20581,,50863,66363,3,1,"6-3 6-4",,,,,
20581,,49285,50870,3,2,"6-3 7-5",,,,,
20581,,81781,105543,3,4,"6-1 6-7(6) 10-7",,,,,
20581,,45509,92060,3,5,"6-3 6-3",,,,,
20581,,91861,93882,3,6,"6-0 3-6 10-6",,,,,
20581,,92077,95902,3,8,"6-3 1-6 10-6",,,,,
20575,"03/23/25 07:35:00",61988,31248,1,7,"6-4 3-6 10-4",,,,,
20575,,118327,115744,1,22,"6-2 6-4",,,,,
20579,"03/23/25 10:05:00",19877,95940,1,9,"6-1 6-2",,,,,
20583,,36274,91178,1,2,"7-6(4) 7-5",,,,,
20583,,56611,118334,1,8,"6-2 6-3",,,,,
20583,,68389,118335,1,14,"6-1 6-2",,,,,
20585,,114066,95329,1,15,"6-1 6-4",,,,,
20575,"03/23/25 11:33:00",77872,91841,1,27,"6-3 7-6(7)",,,,,
20578,"03/23/25 12:05:00",101327,105801,1,10,"6-4 6-3",,,,,
20582,,118347,118346,1,10,"6-0 6-0",,,,,
20584,,33581,108095,1,11,"4-6 7-5 10-7",,,,,
20584,,82589,68416,1,30,"6-0 6-1",,,,,
20585,,84941,110343,1,21,"w/o",,,,,
20522,"03/23/25 14:20:00",30550,38936,1,6,"6-1 6-2",,,,,
20331,"03/31/25 19:00:00",39152,37532,4,8,,,,,,
20331,,8806,3700,4,9,,,,,,
20331,"03/31/25 19:00:00",58149,26381,4,10,,,,,,
20331,"03/31/25 19:00:00",26845,18094,4,11,,,,,,
20331,,3700,56846,4,12,"bye",,,,,
20331,"03/31/25 19:00:00",92985,93452,4,13,,,,,,
20331,"03/31/25 19:00:00",14856,33284,4,14,,,,,,
20331,"03/31/25 19:00:00",26925,47752,4,15,,,,,,
20331,,3700,29939,4,16,"bye",,,,,
20331,,29935,3700,5,1,,,,,,
20331,,3700,3700,5,2,,,,,,
20331,,30087,3700,5,3,,,,,,
20331,,3700,3700,5,4,,,,,,
20331,,3700,3700,5,5,,,,,,
20331,,3700,56846,5,6,,,,,,
20331,,3700,3700,5,7,,,,,,
20331,,3700,29939,5,8,,,,,,
20331,,3700,3700,9,1,,,,,,
20331,,3700,3700,9,2,,,,,,
20331,,3700,3700,9,3,,,,,,
20331,,3700,3700,9,4,,,,,,
20331,,3700,3700,10,1,,,,,,
20331,,3700,3700,10,2,,,,,,
20331,,3700,3700,12,1,,,,,,
20331,"04/01/25 18:00:00",74182,37695,4,1,,,,,,
20331,,117241,38055,4,2,,,,,,
20331,,41122,36797,4,3,,,,,,
20331,,111496,118482,4,4,,,,,,
20331,"04/01/25 18:00:00",112836,118483,4,5,,,,,,
20331,,91045,118484,4,6,,,,,,
20331,,118110,118485,4,7,,,,,,
20331,"04/01/25 18:00:00",104207,116142,4,8,,,,,,
20331,,3699,3699,9,1,,,,,,
20331,,3699,3699,9,2,,,,,,
20331,,3699,3699,9,3,,,,,,
20331,,3699,3699,9,4,,,,,,
20331,,3699,3699,10,1,,,,,,
20331,,3699,3699,10,2,,,,,,
20331,,3699,3699,12,1,,,,,,
20586,,118445,118448,10,2,"6-1 7-6(4)",,,,,
20582,"03/29/25 11:10:00",61537,45938,10,1,"7-6(5) 6-3",,,,,
20585,"03/29/25 12:05:00",84323,54208,10,1,"6-4 6-4",,,,,
20582,,93129,118431,12,1,"6-4 3-6 10-6",,,,,
20584,,118247,69402,12,1,"6-4 6-2",,,,,
20586,"03/29/25 14:05:00",18016,90774,10,1,"6-4 7-5",,,,,
20525,,40307,98890,4,1,,,,,,
20525,,92830,118365,4,2,,,,,,
20525,,56688,114000,4,3,,,,,,
20525,,58879,118486,4,4,,,,,,
20525,,115087,118487,4,5,,,,,,
20525,,118164,118363,4,6,,,,,,
20525,,107735,118488,4,7,,,,,,
20525,,118489,113953,4,8,,,,,,
20525,,3699,3699,9,1,,,,,,
20525,,3699,3699,9,2,,,,,,
20525,,3699,3699,9,3,,,,,,
20525,,3699,3699,9,4,,,,,,
20525,,3699,3699,10,1,,,,,,
20525,,3699,3699,10,2,,,,,,
20525,,3699,3699,12,1,,,,,,
20330,,52721,3700,4,1,"bye",,,,,
20330,"03/31/25 12:00:00",68627,47557,4,2,,,,,,
20585,,109280,118143,1,11,"6-1 6-3",,,,,
20585,,95667,118350,1,12,"6-2 6-1",,,,,
20585,,27539,110651,1,13,"6-2 6-2",,,,,
20585,,116725,101419,1,14,"6-2 6-2",,,,,
20585,,90391,113066,1,16,"6-3 6-2",,,,,
20585,,105035,83928,1,17,"6-0 6-1",,,,,
20585,,99970,118351,1,18,"w/o",,,,,
20585,,105541,114186,1,19,"6-3 6-2",,,,,
20585,,110209,101305,1,20,"6-4 6-3",,,,,
20585,,106464,117887,1,22,"6-3 6-2",,,,,
20585,,113982,117758,1,23,"6-3 6-2",,,,,
20585,,100616,93873,1,24,"7-6(4) 6-1",,,,,
20585,,97756,68190,1,26,"6-3 7-6(1)",,,,,
20585,,62408,116888,1,27,"6-0 6-2",,,,,
20585,,115746,47973,1,28,"6-2 6-1",,,,,
20585,,59850,117757,1,29,"6-1 6-3",,,,,
20585,,66518,59154,1,30,"6-0 6-0",,,,,
20585,,100397,117254,1,31,"7-6(4) 6-7(4) 12-10",,,,,
20585,,85195,65902,1,32,"6-0 6-4",,,,,
20585,,49240,40819,2,1,"6-2 7-6(3)",,,,,
20585,,63245,86812,2,2,"6-2 6-2",,,,,
20585,,71622,114931,2,3,"6-2 7-6(3)",,,,,
20585,,96543,90388,2,4,"6-2 2-6 11-9",,,,,
20585,,89235,96544,2,5,"6-1 6-1",,,,,
20585,,27539,116725,2,7,"6-3 6-2",,,,,
20585,,90391,114066,2,8,"4-6 6-1 10-3",,,,,
20585,,83928,99970,2,9,,,,,,
20585,,105541,110209,2,10,"6-2 6-3",,,,,
20585,,100616,113982,2,12,"6-2 6-3",,,,,
20585,,95864,97756,2,13,"6-2 7-5",,,,,
20585,,115746,62408,2,14,"6-2 6-2",,,,,
20585,,59850,66518,2,15,"6-1 6-2",,,,,
20585,,85195,100397,2,16,"6-3 6-2",,,,,
20585,"03/24/25 18:20:00",49240,63245,3,1,"2-6 7-6(4) 10-7",,,,,
20585,"03/24/25 16:20:00",95667,89235,3,3,"1-6 6-1 10-6",,,,,
20585,"03/24/25 16:15:00",27539,90391,3,4,"1-6 6-4 10-8",,,,,
20585,,3700,105541,3,5,,,,,,
20585,"03/24/25 17:30:00",84941,100616,3,6,"6-3 6-3",,,,,
20585,"03/24/25 17:30:00",59850,85195,3,8,"6-3 6-2",,,,,
20329,"03/22/25 22:10:00",28900,34233,5,7,"6-7(4) 6-3 7-5",,,,,
20329,"03/22/25 22:30:00",110661,117871,4,14,"6-4 6-4",,,,,
20524,"03/23/25 18:35:00",69729,75578,1,1,"6-1 6-4",,,,,
20524,"03/23/25 16:10:00",92755,37735,1,2,"7-5 7-6(5)",,,,,
20524,"03/23/25 16:05:00",73268,59139,1,3,"6-2 6-1",,,,,
20524,"03/23/25 21:55:00",51086,65383,1,6,"6-1 7-5",,,,,
20524,"03/23/25 17:35:00",18648,36793,1,7,"3-6 6-1 6-1",,,,,
20524,"03/23/25 20:25:00",36772,37580,1,9,"6-1 4-2 ret.",,,,,
20524,"03/23/25 20:15:00",51081,67001,1,10,"6-4 2-6 6-3",,,,,
20524,"03/23/25 20:15:00",36257,108027,1,11,"6-2 6-2",,,,,
20524,"03/23/25 21:55:00",32811,53138,1,12,"2-6 6-3 6-3",,,,,
20524,"03/24/25 17:05:00",73268,67172,3,2,"7-6(5) 6-0",,,,,
20524,"03/24/25 20:45:00",9403,51086,3,3,"4-6 6-4 6-3",,,,,
20524,"03/24/25 17:00:00",18648,13804,3,4,"6-4 3-6 6-1",,,,,
20524,"03/24/25 20:15:00",36772,51081,3,5,"7-5 6-3",,,,,
20524,"03/24/25 19:30:00",36257,32811,3,6,"4-6 6-4 7-6(3)",,,,,
20524,"03/25/25 19:35:00",61966,51081,4,1,"6-3 6-1",,,,,
20524,"03/25/25 16:05:00",12534,89843,4,2,"6-3 6-3",,,,,
20524,"03/25/25 17:55:00",18648,80391,4,4,"6-1 6-1",,,,,
20524,"03/25/25 21:40:00",70705,77659,4,5,"6-2 7-5",,,,,
20524,"03/25/25 23:50:00",36772,36257,4,6,"6-3 7-6(4)",,,,,
20330,,3700,61971,4,3,,,,,,
