match_id,tournament_date,tournament_name,tournament_country,match_date,p1_name,p2_name,round,p1_winners,p1_unforced_errors,p1_net_points_won,p1_net_points_played,p2_winners,p2_unforced_errors,p2_net_points_won,p2_net_points_played
67b015651216a1aaf0b59c4d918abd9a,2022-03-07,BNP Paribas Open - Indian Wells,United States of America,2022-03-10,Alejandro Davidovich Fokina,Borna Coric,First Round,22,28,12,22,21,46,13,30
f19354e18dc15f8fc439ff635bc3f4b0,2022-03-07,BNP Paribas Open - Indian Wells,United States of America,2022-03-10,Benjamin Bonzi,Arthur Rinderknech,First Round,17,9,6,8,23,22,10,13
1ea51e5e8238c332d90f6bca044897c0,2022-03-07,BNP Paribas Open - Indian Wells,United States of America,2022-03-10,Christopher Eubanks,Maxime Cressy,First Round,40,18,14,25,44,8,39,55
574f62cd21891f2d38f5b207ab0e1931,2022-03-07,BNP Paribas Open - Indian Wells,United States of America,2022-03-10,Fabio Fognini,Pablo Andujar,First Round,38,33,14,14,17,26,12,15
701f4ca31ad55bd85550c7d1f2aa8adc,2022-03-07,BNP Paribas Open - Indian Wells,United States of America,2022-03-10,Federico Coria,Pablo Cuevas,First Round,9,17,3,7,25,34,7,11
1999279e3ede6253cd85200b3f12e4a3,2022-03-07,BNP Paribas Open - Indian Wells,United States of America,2022-03-10,Filip Krajinovic,Dusan Lajovic,First Round,28,18,15,21,36,27,9,14
1b11aadeb8c631cb62c5d38ef1d076b2,2022-03-07,BNP Paribas Open - Indian Wells,United States of America,2022-03-10,Jack Sock,Juan Manuel Cerundolo,First Round,18,15,13,16,7,20,6,12
659a56db2ec64d1944dbe350857132ff,2022-03-07,BNP Paribas Open - Indian Wells,United States of America,2022-03-10,Jeff Wolf,Hugo Gaston,First Round,41,22,19,36,20,14,9,12
47711b231d5156a3eab32a6f33aae6a5,2022-03-07,BNP Paribas Open - Indian Wells,United States of America,2022-03-10,Jenson Brooksby,Roberto Carballes Baena,First Round,20,14,11,16,9,27,9,14
71cadfe42f177f6e7ae60558122160e0,2022-03-07,BNP Paribas Open - Indian Wells,United States of America,2022-03-10,Laslo Djere,Soon-Woo Kwon,First Round,28,47,10,16,14,28,4,6
84fbb3ff37258d14f311b3e51c220c70,2022-03-07,BNP Paribas Open - Indian Wells,United States of America,2022-03-10,Lorenzo Musetti,Marcos Giron,First Round,18,22,10,19,15,16,8,12
f330e4a5fd748813921a895e61bac9e2,2022-03-07,BNP Paribas Open - Indian Wells,United States of America,2022-03-10,Mackenzie Mcdonald,Marton Fucsovics,First Round,22,27,17,23,29,37,18,29
76bc3dcd80cea6c2814ea7f80d4c5c52,2022-03-07,BNP Paribas Open - Indian Wells,United States of America,2022-03-10,Nick Kyrgios,Sebastian Baez,First Round,27,14,6,12,15,18,8,15
beb708ec59faa8db3c6c0254f6c32cf3,2022-03-07,BNP Paribas Open - Indian Wells,United States of America,2022-03-10,Pedro Martinez Portero,Joao Sousa,First Round,25,28,23,38,23,19,18,33
54a691a918871d14dd92ab9360c4ef68,2022-03-07,BNP Paribas Open - Indian Wells,United States of America,2022-03-10,Sebastian Korda,Thanasi Kokkinakis,First Round,22,18,14,21,12,17,9,16
632913eb6a217f65fdc28a146874006c,2022-03-07,BNP Paribas Open - Indian Wells,United States of America,2022-03-10,Tomas Machac,Alexei Popyrin,First Round,31,17,20,24,25,30,12,20
d8d11804bb006f67bbc88887b3487dba,2022-03-07,BNP Paribas Open - Indian Wells,United States of America,2022-03-11,Andy Murray,Taro Daniel,First Round,14,15,7,16,29,19,15,20
f24d070eb7bc312d55573248680389a9,2022-03-07,BNP Paribas Open - Indian Wells,United States of America,2022-03-11,Botic Van De Zandschulp,Tennys Sandgren,First Round,22,12,14,20,16,13,10,13
1d73a8ea8a83bc6e9c394761340c024a,2022-03-07,BNP Paribas Open - Indian Wells,United States of America,2022-03-11,Brandon Nakashima,Adrian Mannarino,First Round,20,21,12,17,15,27,3,8
ff90d9e307df98165ec58ecfc06ddb9f,2022-03-07,BNP Paribas Open - Indian Wells,United States of America,2022-03-11,Dominik Koepfer,Benoit Paire,First Round,22,31,8,20,38,49,16,27
cb29fb24645ef5d91d23ee17334ae219,2022-03-07,BNP Paribas Open - Indian Wells,United States of America,2022-03-11,Emil Ruusuvuori,Philipp Kohlschreiber,First Round,15,18,3,3,13,21,3,11
b3d7b40a11613997d898f6a7c012375f,2022-03-07,BNP Paribas Open - Indian Wells,United States of America,2022-03-11,Facundo Bagnis,Henri Laaksonen,First Round,12,9,5,7,27,33,5,8
d41e0ddd297d327dd2149ec2304d7879,2022-03-07,BNP Paribas Open - Indian Wells,United States of America,2022-03-11,Holger Rune,Ugo Humbert,First Round,11,9,5,5,12,25,4,9
a76df66748b025d7d2512906d289eb52,2022-03-07,BNP Paribas Open - Indian Wells,United States of America,2022-03-11,Jaume Antoni Munar Clar,Juncheng Shang,First Round,24,17,11,13,16,30,7,12
1584990bcb9c1669423c284ee213fc4e,2022-03-07,BNP Paribas Open - Indian Wells,United States of America,2022-03-11,John Millman,Jan-Lennard Struff,First Round,21,13,2,3,34,30,11,25
fefe275cc116c48c67f184b56322bab3,2022-03-07,BNP Paribas Open - Indian Wells,United States of America,2022-03-11,Jordan Thompson,David Goffin,First Round,28,37,19,27,30,34,11,20
2bc42724397cd9eeab74021089ef76cd,2022-03-07,BNP Paribas Open - Indian Wells,United States of America,2022-03-11,Kamil Majchrzak,Aljaz Bedene,First Round,19,6,9,10,22,24,5,6
0402f9404f491ed037b7abca65684c01,2022-03-07,BNP Paribas Open - Indian Wells,United States of America,2022-03-11,Miomir Kecmanovic,Liam Broady,First Round,31,24,12,21,36,29,18,22
368901452ae8111db6a1506a5c040254,2022-03-07,BNP Paribas Open - Indian Wells,United States of America,2022-03-11,Oscar Otte,Richard Gasquet,First Round,23,22,13,25,30,19,9,16
60c392a2039aafd9d51fb35857051fcc,2022-03-07,BNP Paribas Open - Indian Wells,United States of America,2022-03-11,Sam Querrey,Tallon Griekspoor,First Round,45,16,12,22,30,24,16,23
d44730d404129104a8eda9d79df008e3,2022-03-07,BNP Paribas Open - Indian Wells,United States of America,2022-03-11,Steve Johnson,Daniel Altmaier,First Round,29,21,23,23,24,20,13,19
60e195b93148a23940f4dcb17a290ccf,2022-03-07,BNP Paribas Open - Indian Wells,United States of America,2022-03-11,Tommy Paul,Mikhail Kukushkin,First Round,22,16,15,26,14,18,7,8
bd86cc917b3c61bbddb2de26343244f3,2022-03-07,BNP Paribas Open - Indian Wells,United States of America,2022-03-12,Benjamin Bonzi,Lorenzo Sonego,Second Round,18,10,17,22,27,23,11,16
80b58c9d337c95af4104bcb9822a2e94,2022-03-07,BNP Paribas Open - Indian Wells,United States of America,2022-03-12,Cameron Norrie,Pedro Martinez Portero,Second Round,16,8,11,14,18,27,8,14
22db5de3e91121ed51e74dc5eab40f8c,2022-03-07,BNP Paribas Open - Indian Wells,United States of America,2022-03-12,Carlos Alcaraz,Mackenzie Mcdonald,Second Round,22,20,19,26,12,22,11,24
4b7f8c49c8a6bd85294eb76477799aa2,2022-03-07,BNP Paribas Open - Indian Wells,United States of America,2022-03-12,Casper Ruud,Christopher Eubanks,Second Round,17,9,6,8,30,15,17,26
bf8e9a4796b84ad11df8369555f960a3,2022-03-07,BNP Paribas Open - Indian Wells,United States of America,2022-03-12,Daniel Evans,Federico Coria,Second Round,13,10,13,19,9,21,4,6
2ad9f38cb9d1e1fad46e664b3affadf9,2022-03-07,BNP Paribas Open - Indian Wells,United States of America,2022-03-12,Daniil Medvedev,Tomas Machac,Second Round,14,10,11,13,13,25,17,27
2eb0106d2e6e42c7df0b2ea32677b9de,2022-03-07,BNP Paribas Open - Indian Wells,United States of America,2022-03-12,Denis Shapovalov,Alejandro Davidovich Fokina,Second Round,34,40,17,25,17,26,6,9
a882a04b2627dbb870f5b426e5fbf589,2022-03-07,BNP Paribas Open - Indian Wells,United States of America,2022-03-12,Gael Monfils,Filip Krajinovic,Second Round,21,13,3,7,15,14,6,8
e6ccb1bed0aa4865da575a66a326728b,2022-03-07,BNP Paribas Open - Indian Wells,United States of America,2022-03-12,Jannik Sinner,Laslo Djere,Second Round,14,17,8,14,19,30,3,6
c18d0efe0e0d936a5989bdfd803400ca,2022-03-07,BNP Paribas Open - Indian Wells,United States of America,2022-03-12,Jenson Brooksby,Karen Khachanov,Second Round,26,16,7,11,11,15,7,15
71a07226cf2e927763d1329e0281cdbe,2022-03-07,BNP Paribas Open - Indian Wells,United States of America,2022-03-12,Nick Kyrgios,Federico Delbonis,Second Round,19,10,3,7,18,14,8,10
76eaf0dd3f01aa25b80153423374fa4a,2022-03-07,BNP Paribas Open - Indian Wells,United States of America,2022-03-12,Rafael Nadal,Sebastian Korda,Second Round,18,24,4,4,25,35,16,22
80f3837cc1f194f63fc96ccdad849cba,2022-03-07,BNP Paribas Open - Indian Wells,United States of America,2022-03-12,Reilly Opelka,Lorenzo Musetti,Second Round,37,13,11,14,8,13,2,5
52c0e275daccdb141569af66f4e5abe4,2022-03-07,BNP Paribas Open - Indian Wells,United States of America,2022-03-12,Roberto Bautista Agut,Jeff Wolf,Second Round,39,22,6,8,65,48,19,35
0133c8a628a738c9b1153cb44041b2b6,2022-03-07,BNP Paribas Open - Indian Wells,United States of America,2022-03-12,Stefanos Tsitsipas,Jack Sock,Second Round,34,20,25,31,37,26,24,30
fa341208495c8370dc7dadf59e64ad32,2022-03-07,BNP Paribas Open - Indian Wells,United States of America,2022-03-13,Alex De Minaur,John Millman,Second Round,19,23,9,14,13,26,7,8
1cccea3ca540f869942101fe941b6d27,2022-03-07,BNP Paribas Open - Indian Wells,United States of America,2022-03-13,Alexander Bublik,Andy Murray,Second Round,38,33,19,33,17,18,17,32
20a7261d950eff5e864f093c9c95cf43,2022-03-07,BNP Paribas Open - Indian Wells,United States of America,2022-03-13,Andrey Rublev,Dominik Koepfer,Second Round,33,24,12,19,16,26,7,10
33fc55376b380d5cbf8e1a22f5034cf5,2022-03-07,BNP Paribas Open - Indian Wells,United States of America,2022-03-13,Botic Van De Zandschulp,Felix Auger Aliassime,Second Round,27,26,16,23,36,43,21,39
d5b4eff0c85b3d0e534d0527195ee43c,2022-03-07,BNP Paribas Open - Indian Wells,United States of America,2022-03-13,Diego Sebastian Schwartzman,Emil Ruusuvuori,Second Round,19,41,8,15,17,43,7,15
c312dd8e658e4f17e5472ee8b8da3d27,2022-03-07,BNP Paribas Open - Indian Wells,United States of America,2022-03-13,Frances Tiafoe,Brandon Nakashima,Second Round,21,13,11,15,19,18,7,13
a3d877c16b6a619714abdb6c3287a868,2022-03-07,BNP Paribas Open - Indian Wells,United States of America,2022-03-13,Grigor Dimitrov,Jordan Thompson,Second Round,18,16,8,14,12,29,12,17
170f88f7a793c64ab346ace42d7287c5,2022-03-07,BNP Paribas Open - Indian Wells,United States of America,2022-03-13,Hubert Hurkacz,Oscar Otte,Second Round,40,17,19,24,32,21,16,23
d8a97f75d2d7f142f95d5d303e97729f,2022-03-07,BNP Paribas Open - Indian Wells,United States of America,2022-03-13,Jaume Antoni Munar Clar,Pablo Carreno-Busta,Second Round,22,33,20,32,38,43,27,39
f9d8ae5a422f51fdbae00ee807281bb8,2022-03-07,BNP Paribas Open - Indian Wells,United States of America,2022-03-13,John Isner,Sam Querrey,Second Round,32,12,9,11,35,17,7,10
210e8588b5ead48db851acc609e4bdb6,2022-03-07,BNP Paribas Open - Indian Wells,United States of America,2022-03-13,Lloyd Harris,Facundo Bagnis,Second Round,38,28,12,15,19,28,9,15
c821acccd7d606480d3af776506ece2d,2022-03-07,BNP Paribas Open - Indian Wells,United States of America,2022-03-13,Matteo Berrettini,Holger Rune,Second Round,29,19,11,19,26,23,17,23
2018f7889b8af23a8d217ea3d66a894c,2022-03-07,BNP Paribas Open - Indian Wells,United States of America,2022-03-13,Miomir Kecmanovic,Marin Cilic,Second Round,13,16,4,8,64,59,19,24
26db38e8fe3fda6c21477144cdfdf0ab,2022-03-07,BNP Paribas Open - Indian Wells,United States of America,2022-03-13,Steve Johnson,Aslan Karatsev,Second Round,30,10,9,12,33,25,11,17
fa287ab518853f357c2830d75d5c3468,2022-03-07,BNP Paribas Open - Indian Wells,United States of America,2022-03-13,Taylor Harry Fritz,Kamil Majchrzak,Second Round,23,10,3,6,6,20,3,7
287ca22d630cefe26dfc2b8a187e19db,2022-03-07,BNP Paribas Open - Indian Wells,United States of America,2022-03-13,Tommy Paul,Alexander Zverev,Second Round,21,19,30,42,26,25,17,23
8843b69b6823cbf7783ee7eb48aeeb18,2022-03-07,BNP Paribas Open - Indian Wells,United States of America,2022-03-14,Cameron Norrie,Nikoloz Basilashvili,Third Round,12,15,3,4,28,53,6,7
3de45f726ca37098c8cb445db5d03df4,2022-03-07,BNP Paribas Open - Indian Wells,United States of America,2022-03-14,Carlos Alcaraz,Roberto Bautista Agut,Third Round,16,4,9,9,2,5,0,2
2419c231e026f683c852080370317679,2022-03-07,BNP Paribas Open - Indian Wells,United States of America,2022-03-14,Gael Monfils,Daniil Medvedev,Third Round,28,30,16,17,20,28,5,14
efa09cbce95671267b01c86cb12f33a7,2022-03-07,BNP Paribas Open - Indian Wells,United States of America,2022-03-14,Jannik Sinner,Benjamin Bonzi,Third Round,25,33,12,23,33,32,20,29
00770d4dce2f76a595246019d321fe12,2022-03-07,BNP Paribas Open - Indian Wells,United States of America,2022-03-14,Jenson Brooksby,Stefanos Tsitsipas,Third Round,24,23,10,18,22,24,20,28
52eb8b697515cab7bfd65c290719effa,2022-03-07,BNP Paribas Open - Indian Wells,United States of America,2022-03-14,Nick Kyrgios,Casper Ruud,Third Round,23,13,8,15,17,15,5,6
8c7a2b50d9d9f856819f1c8ffc98b020,2022-03-07,BNP Paribas Open - Indian Wells,United States of America,2022-03-14,Rafael Nadal,Daniel Evans,Third Round,25,16,8,12,18,16,9,20
45d9c71e1701a75c98295eda3724f9a9,2022-03-07,BNP Paribas Open - Indian Wells,United States of America,2022-03-14,Reilly Opelka,Denis Shapovalov,Third Round,27,21,15,26,37,28,11,14
79475b0dcb631ee8b9be478980f7a220,2022-03-07,BNP Paribas Open - Indian Wells,United States of America,2022-03-15,Alex De Minaur,Tommy Paul,Third Round,22,23,13,18,23,30,15,25
fded87cbcb52e16d91a1e520fccde160,2022-03-07,BNP Paribas Open - Indian Wells,United States of America,2022-03-15,Andrey Rublev,Frances Tiafoe,Third Round,21,7,6,8,11,17,5,10
223e030548f4cb3b53eeecc542d09483,2022-03-07,BNP Paribas Open - Indian Wells,United States of America,2022-03-15,Grigor Dimitrov,Alexander Bublik,Third Round,14,11,13,18,20,18,9,24
04e6d996c38a1db6339235fd76a8e8d0,2022-03-07,BNP Paribas Open - Indian Wells,United States of America,2022-03-15,Hubert Hurkacz,Steve Johnson,Third Round,22,7,13,18,28,20,12,16
9da5aa10ac16a0033e07c1270dec3dd5,2022-03-07,BNP Paribas Open - Indian Wells,United States of America,2022-03-15,John Isner,Diego Sebastian Schwartzman,Third Round,30,10,16,22,18,11,5,7
53fc27a839d7540241a1249edf24e235,2022-03-07,BNP Paribas Open - Indian Wells,United States of America,2022-03-15,Matteo Berrettini,Lloyd Harris,Third Round,22,14,5,6,15,24,8,15
a524ba69729d7cb62b202caa6cbd2a24,2022-03-07,BNP Paribas Open - Indian Wells,United States of America,2022-03-15,Miomir Kecmanovic,Botic Van De Zandschulp,Third Round,22,12,8,13,32,35,9,18
1a5fad84f596ea6cd30160dea00bda38,2022-03-07,BNP Paribas Open - Indian Wells,United States of America,2022-03-15,Taylor Harry Fritz,Jaume Antoni Munar Clar,Third Round,48,40,23,39,40,18,27,33
e17f9a53a6c64913c795b4c58108ace6,2022-03-07,BNP Paribas Open - Indian Wells,United States of America,2022-03-16,Andrey Rublev,Hubert Hurkacz,Fourth Round,23,10,7,8,29,25,12,15
9c57323b871685a004121217d444bab5,2022-03-07,BNP Paribas Open - Indian Wells,United States of America,2022-03-16,Cameron Norrie,Jenson Brooksby,Fourth Round,14,14,13,19,17,22,3,5
ab0c2ccb96d6dc65b0f3ba194da55e60,2022-03-07,BNP Paribas Open - Indian Wells,United States of America,2022-03-16,Carlos Alcaraz,Gael Monfils,Fourth Round,24,10,7,7,10,20,4,7
12e477cff1e76b17ea2c46d507fe7db8,2022-03-07,BNP Paribas Open - Indian Wells,United States of America,2022-03-16,Grigor Dimitrov,John Isner,Fourth Round,18,8,5,6,17,11,8,14
cef8c1be76d7b796a24380e8cf831194,2022-03-07,BNP Paribas Open - Indian Wells,United States of America,2022-03-16,Miomir Kecmanovic,Matteo Berrettini,Fourth Round,21,8,11,17,48,39,17,21
cc9730996ebe3dfd81f60179ce49b482,2022-03-07,BNP Paribas Open - Indian Wells,United States of America,2022-03-16,Rafael Nadal,Reilly Opelka,Fourth Round,23,9,8,9,26,25,14,21
7eed40e169b4f12bf5e75ba975bee9dd,2022-03-07,BNP Paribas Open - Indian Wells,United States of America,2022-03-16,Taylor Harry Fritz,Alex De Minaur,Fourth Round,32,37,15,26,22,18,14,18
36f8a114dc6a5baf9bc4b95b2f123024,2022-03-07,BNP Paribas Open - Indian Wells,United States of America,2022-03-17,Carlos Alcaraz,Cameron Norrie,Quarter-Finals,39,21,13,18,24,16,15,27
d6340735ab97c4d1f0c5935a3ffddb1a,2022-03-07,BNP Paribas Open - Indian Wells,United States of America,2022-03-17,Rafael Nadal,Nick Kyrgios,Quarter-Finals,30,26,16,20,29,19,13,23
3b3928da8b878ba0a79fc298bb2eb99d,2022-03-07,BNP Paribas Open - Indian Wells,United States of America,2022-03-18,Andrey Rublev,Grigor Dimitrov,Quarter-Finals,11,8,1,5,14,13,9,13
b737a60233d34b0ff7916c695e53ee57,2022-03-07,BNP Paribas Open - Indian Wells,United States of America,2022-03-18,Taylor Harry Fritz,Miomir Kecmanovic,Quarter-Finals,35,12,8,13,15,15,7,16
22ace5de7bb3a5a6e8f925de2ca41b5b,2022-03-07,BNP Paribas Open - Indian Wells,United States of America,2022-03-19,Rafael Nadal,Carlos Alcaraz,Semi-Finals,24,26,20,35,41,34,18,27
b41ec7b2396073dee84f83f05caff43f,2022-03-07,BNP Paribas Open - Indian Wells,United States of America,2022-03-19,Taylor Harry Fritz,Andrey Rublev,Semi-Finals,23,13,8,9,23,16,9,11
cad1ccf95b74300710ea5b95cec0fb24,2022-03-07,BNP Paribas Open - Indian Wells,United States of America,2022-03-20,Taylor Harry Fritz,Rafael Nadal,Final,21,22,11,20,23,26,11,13
b9869e766d766bd4456b5d9a3bfc28df,2022-03-21,Miami Open - Miami,United States of America,2022-03-23,Borna Coric,Fernando Verdasco,First Round,18,20,4,8,17,28,5,12
ae9a35e92b96bfc899b25ec44f55016c,2022-03-21,Miami Open - Miami,United States of America,2022-03-23,Daniel Elahi Galan,John Millman,First Round,17,13,5,8,11,20,7,12
334e4c1f925c05e2d02da63c00ec87cd,2022-03-21,Miami Open - Miami,United States of America,2022-03-23,David Goffin,Roberto Carballes Baena,First Round,23,15,10,14,11,15,9,17
aade404430b61aaa33b1445ba2a33893,2022-03-21,Miami Open - Miami,United States of America,2022-03-23,Denis Kudla,Juncheng Shang,First Round,25,28,7,23,32,39,10,12
2bafe619a3a3365b594ce09197412362,2022-03-21,Miami Open - Miami,United States of America,2022-03-23,Emil Ruusuvuori,Maxime Cressy,First Round,14,9,5,6,15,14,10,21
202fd32c885f426fdc0fd6035ab0a851,2022-03-21,Miami Open - Miami,United States of America,2022-03-23,Henri Laaksonen,Benoit Paire,First Round,33,31,5,11,34,17,9,18
654a3b00d6a9ab7c494578faf2f70795,2022-03-21,Miami Open - Miami,United States of America,2022-03-23,Jack Draper,Gilles Simon,First Round,20,16,9,12,10,19,5,7
2c8ab9811f4ff9fe3d7cb552ca9d32d1,2022-03-21,Miami Open - Miami,United States of America,2022-03-23,Juan Manuel Cerundolo,Dusan Lajovic,First Round,15,11,6,7,22,35,17,21
3728e35a993f2fd1915543831c237c73,2022-03-21,Miami Open - Miami,United States of America,2022-03-23,Nick Kyrgios,Adrian Mannarino,First Round,27,15,7,9,15,10,11,14
a40e2424a1c23a3fc39582253b5f29e4,2022-03-21,Miami Open - Miami,United States of America,2022-03-23,Oscar Otte,Mitchell Krueger,First Round,28,14,14,17,13,16,9,16
9a4aa0c474bcf925050d91b008958613,2022-03-21,Miami Open - Miami,United States of America,2022-03-23,Taro Daniel,Jaume Antoni Munar Clar,First Round,28,8,21,24,20,5,7,11
452e6e339d82902e0ff89a60d3a4874b,2022-03-21,Miami Open - Miami,United States of America,2022-03-23,Thanasi Kokkinakis,Richard Gasquet,First Round,32,14,10,15,22,13,10,15
506ea7324758810eac4d6cd23400d513,2022-03-21,Miami Open - Miami,United States of America,2022-03-24,Alexei Popyrin,Lorenzo Musetti,First Round,33,21,17,27,23,8,8,14
cad655eb6665b4c76bb1a721a1c7ae7c,2022-03-21,Miami Open - Miami,United States of America,2022-03-24,Arthur Rinderknech,Laslo Djere,First Round,21,19,15,20,19,8,2,3
68e9c1c3ea0d87bf9060d0d01736006f,2022-03-21,Miami Open - Miami,United States of America,2022-03-24,Jeff Wolf,Daniel Altmaier,First Round,21,16,10,12,13,18,2,4
f5dfe51947cfc6890d61ef6f2f894f3f,2022-03-21,Miami Open - Miami,United States of America,2022-03-24,Jenson Brooksby,Federico Coria,First Round,26,22,2,8,23,22,6,10
3ea407ef35b9072393ba3f704a92488f,2022-03-21,Miami Open - Miami,United States of America,2022-03-24,Jordan Thompson,Jo-Wilfried Tsonga,First Round,23,22,20,29,32,31,8,11
6b6f02dc8d489f5e780c41b8d44fa5f3,2022-03-21,Miami Open - Miami,United States of America,2022-03-24,Kamil Majchrzak,Sebastian Baez,First Round,18,13,9,13,16,12,5,10
494a050028327a973d6802d36867b970,2022-03-21,Miami Open - Miami,United States of America,2022-03-24,Lloyd Harris,Facundo Bagnis,First Round,22,18,7,13,13,20,6,10
b0a37ccecf6e083aaa8c575eaaa73778,2022-03-21,Miami Open - Miami,United States of America,2022-03-24,Marton Fucsovics,Marcos Giron,First Round,25,20,13,20,12,15,11,16
90a6866d4a5fe7168888e5c64a0c6ef9,2022-03-21,Miami Open - Miami,United States of America,2022-03-24,Mikhail Kukushkin,Botic Van De Zandschulp,First Round,23,17,14,19,29,22,8,18
5404081610afa91afc550001000c568c,2022-03-21,Miami Open - Miami,United States of America,2022-03-24,Miomir Kecmanovic,Jack Sock,First Round,23,10,2,4,26,20,9,13
aca9a698545c004727d53c992e522f97,2022-03-21,Miami Open - Miami,United States of America,2022-03-24,Sebastian Korda,Alejandro Davidovich Fokina,First Round,18,7,3,6,14,18,3,4
64061affdb847c1ef67269dc3a284621,2022-03-21,Miami Open - Miami,United States of America,2022-03-24,Tommy Paul,Benjamin Bonzi,First Round,23,10,12,17,20,11,5,8
d39103a824a71e982c96a8258e9747b5,2022-03-21,Miami Open - Miami,United States of America,2022-03-24,Ugo Humbert,Aljaz Bedene,First Round,24,22,2,4,17,23,6,12
5f2cdd4b49641faab2b3fc78cc56737b,2022-03-21,Miami Open - Miami,United States of America,2022-03-24,Yoshihito Nishioka,Emilio Gomez,First Round,19,13,11,17,32,30,16,20
faa63825a0d34890316e57ae31eadb5e,2022-03-21,Miami Open - Miami,United States of America,2022-03-25,Alexander Zverev,Borna Coric,Second Round,36,19,15,21,26,20,11,17
5b7bfa15ec2f8fd16db32d6b78460057,2022-03-21,Miami Open - Miami,United States of America,2022-03-25,Cameron Norrie,Jack Draper,Second Round,27,24,10,16,25,33,8,14
21b09b7d9377554bc6d3dec21b976c39,2022-03-21,Miami Open - Miami,United States of America,2022-03-25,Denis Kudla,Lorenzo Sonego,Second Round,16,18,19,26,31,15,11,16
7e6dd2c12b8c4ca8d39142e58e4895f0,2022-03-21,Miami Open - Miami,United States of America,2022-03-25,Fabio Fognini,Taro Daniel,Second Round,43,41,18,23,22,27,11,18
7dc31d567e1e19fb88438284170b2972,2022-03-21,Miami Open - Miami,United States of America,2022-03-25,Gael Monfils,Oscar Otte,Second Round,12,14,9,10,10,10,14,27
6b2d5a877a55a444e728d18ef49e9eb3,2022-03-21,Miami Open - Miami,United States of America,2022-03-25,Jannik Sinner,Emil Ruusuvuori,Second Round,19,36,7,12,29,34,5,12
220723cfb355c7457621a4c5d7b53ae1,2022-03-21,Miami Open - Miami,United States of America,2022-03-25,Juan Manuel Cerundolo,Kevin Anderson,Second Round,19,15,5,6,43,44,23,32
92cad4a9f12ca354e412e5c899ef2a1f,2022-03-21,Miami Open - Miami,United States of America,2022-03-25,Mackenzie Mcdonald,Grigor Dimitrov,Second Round,16,9,11,15,19,15,7,8
716fa034095b2619e8fdabe730f74a3d,2022-03-21,Miami Open - Miami,United States of America,2022-03-25,Nick Kyrgios,Andrey Rublev,Second Round,21,5,3,5,14,7,4,6
5d4c6d8d42b315a7845fe377eedb8584,2022-03-21,Miami Open - Miami,United States of America,2022-03-25,Pablo Carreno-Busta,David Goffin,Second Round,10,19,4,5,13,26,2,3
afee1bb6891d225c03b5b98db4e56753,2022-03-21,Miami Open - Miami,United States of America,2022-03-25,Thanasi Kokkinakis,Diego Sebastian Schwartzman,Second Round,25,22,25,29,20,19,22,29
1c410a5fdc1a33282ec8e657b8255699,2022-03-21,Miami Open - Miami,United States of America,2022-03-26,Alex De Minaur,Jordan Thompson,Second Round,16,5,5,13,13,22,12,20
562ec320f40fd29bdaf084b8c2fbbafd,2022-03-21,Miami Open - Miami,United States of America,2022-03-26,Aslan Karatsev,Ugo Humbert,Second Round,25,30,7,7,11,27,2,2
d1c47cf996d7ebe3194d9299fefa46b6,2022-03-21,Miami Open - Miami,United States of America,2022-03-26,Daniil Medvedev,Andy Murray,Second Round,23,13,13,20,14,17,8,12
7530d76b3500f1864c86df0a4e77b697,2022-03-21,Miami Open - Miami,United States of America,2022-03-26,Hubert Hurkacz,Arthur Rinderknech,Second Round,27,4,9,14,11,9,9,15
01e3383cce2baba4665dce12d7fb7a2a,2022-03-21,Miami Open - Miami,United States of America,2022-03-26,Jenson Brooksby,Nikoloz Basilashvili,Second Round,16,11,1,2,18,20,6,12
bf1215ff435c5c906fe3953d4788a794,2022-03-21,Miami Open - Miami,United States of America,2022-03-26,Miomir Kecmanovic,Felix Auger Aliassime,Second Round,23,11,7,8,19,22,4,9
7eb3ddcd82230bca1ff18d27e2eac340,2022-03-21,Miami Open - Miami,United States of America,2022-03-26,Pedro Martinez Portero,Cristian Garin,Second Round,21,19,14,15,16,25,12,27
8067088d54f36e7527851b2557f9b96f,2022-03-21,Miami Open - Miami,United States of America,2022-03-26,Roberto Bautista Agut,Kamil Majchrzak,Second Round,16,10,8,11,17,22,9,17
b378097026dca0546089c3576b9039eb,2022-03-21,Miami Open - Miami,United States of America,2022-03-26,Sebastian Korda,Albert Ramos-Vinolas,Second Round,46,37,22,27,24,19,7,13
604326bc134b00f706b69492150e0f98,2022-03-21,Miami Open - Miami,United States of America,2022-03-26,Taylor Harry Fritz,Mikhail Kukushkin,Second Round,38,23,4,7,16,17,5,7
3b91bef89ffd2ae822e6bea67b411aae,2022-03-21,Miami Open - Miami,United States of America,2022-03-26,Tommy Paul,Karen Khachanov,Second Round,29,28,16,21,25,35,11,20
0c12f642fac49a6e00b7cbf093729e70,2022-03-21,Miami Open - Miami,United States of America,2022-03-26,Yoshihito Nishioka,Daniel Evans,Second Round,37,15,13,23,41,35,26,43
29e14908aa05e6e157c8d8c5af911034,2022-03-21,Miami Open - Miami,United States of America,2022-03-27,Alexander Zverev,Mackenzie Mcdonald,Third Round,22,8,11,15,17,19,9,15
1477f8e2017aff174408d68f85801034,2022-03-21,Miami Open - Miami,United States of America,2022-03-27,Cameron Norrie,Hugo Gaston,Third Round,18,4,19,30,16,19,9,19
3ba6de292a9a04df0b3401e68517b54c,2022-03-21,Miami Open - Miami,United States of America,2022-03-27,Francisco Cerundolo,Gael Monfils,Third Round,19,19,10,14,7,18,2,7
7e70597b15cb4787c53d198b8befb2eb,2022-03-21,Miami Open - Miami,United States of America,2022-03-27,Jannik Sinner,Pablo Carreno-Busta,Third Round,43,42,17,24,34,39,15,21
dbd0ddd5ddee81a2ba2c4e61d2b1e3c9,2022-03-21,Miami Open - Miami,United States of America,2022-03-27,Nick Kyrgios,Fabio Fognini,Third Round,24,5,5,6,11,18,5,5
a1c97592685b677fbfbbf22e4929a1ac,2022-03-21,Miami Open - Miami,United States of America,2022-03-27,Thanasi Kokkinakis,Denis Kudla,Third Round,50,19,11,12,53,23,23,30
a5fb68ef52a462da210e5502b537202e,2022-03-21,Miami Open - Miami,United States of America,2022-03-28,Carlos Alcaraz,Marin Cilic,Third Round,16,9,3,7,17,27,10,19
8c12127a23341d565e7b803bf2299aa6,2022-03-21,Miami Open - Miami,United States of America,2022-03-28,Daniil Medvedev,Pedro Martinez Portero,Third Round,30,11,12,17,11,12,12,18
51c4d91336384392184106de5b4abf26,2022-03-21,Miami Open - Miami,United States of America,2022-03-28,Hubert Hurkacz,Aslan Karatsev,Third Round,33,11,10,13,18,15,14,17
889e15a832f1f53f3477d51ff3a43f10,2022-03-21,Miami Open - Miami,United States of America,2022-03-28,Jenson Brooksby,Roberto Bautista Agut,Third Round,26,8,14,18,15,9,15,21
2590a94f825952bbd0cbe07a92103bab,2022-03-21,Miami Open - Miami,United States of America,2022-03-28,Lloyd Harris,Yoshihito Nishioka,Third Round,37,29,17,26,11,9,13,14
a2a9cb022e1b1ff64f8aaf49ec25213f,2022-03-21,Miami Open - Miami,United States of America,2022-03-28,Miomir Kecmanovic,Sebastian Korda,Third Round,19,16,8,12,23,18,8,15
3c2e0c33472ca71b25b9326f5232d2e8,2022-03-21,Miami Open - Miami,United States of America,2022-03-28,Stefanos Tsitsipas,Alex De Minaur,Third Round,34,15,16,19,17,19,6,14
8bb962a2c7d2d25bc602e22c61d4a3cd,2022-03-21,Miami Open - Miami,United States of America,2022-03-28,Taylor Harry Fritz,Tommy Paul,Third Round,20,13,8,8,22,19,10,14
d77b3a72bf81e971dc14e05528799757,2022-03-21,Miami Open - Miami,United States of America,2022-03-29,Alexander Zverev,Thanasi Kokkinakis,Fourth Round,34,11,5,8,19,13,1,3
040fc1a0ba824903ba50a167d97d2115,2022-03-21,Miami Open - Miami,United States of America,2022-03-29,Carlos Alcaraz,Stefanos Tsitsipas,Fourth Round,13,7,10,11,13,10,16,23
f310644842fc70f0fea480185733d8b5,2022-03-21,Miami Open - Miami,United States of America,2022-03-29,Casper Ruud,Cameron Norrie,Fourth Round,12,9,8,9,17,13,10,16
f226637515fb70e91a3ae25bf3bcc4fc,2022-03-21,Miami Open - Miami,United States of America,2022-03-29,Daniil Medvedev,Jenson Brooksby,Fourth Round,22,8,6,11,10,15,11,18
1b9557b46055fc47aa4aae3b55c9ca06,2022-03-21,Miami Open - Miami,United States of America,2022-03-29,Hubert Hurkacz,Lloyd Harris,Fourth Round,17,9,7,11,14,12,11,15
d5acf4389b08cce93454eeed5ab8b36f,2022-03-21,Miami Open - Miami,United States of America,2022-03-29,Jannik Sinner,Nick Kyrgios,Fourth Round,,,10,20,,,10,14
3895dc5fea873b57795298a3f1991e70,2022-03-21,Miami Open - Miami,United States of America,2022-03-29,Miomir Kecmanovic,Taylor Harry Fritz,Fourth Round,36,21,20,26,38,23,13,20
74e5d303d17b405b73665aeed3396e2b,2022-03-21,Miami Open - Miami,United States of America,2022-03-30,Casper Ruud,Alexander Zverev,Quarter-Finals,15,7,8,8,15,13,7,11
a4b8b91330dfd10fb68bab3d61c2890c,2022-03-21,Miami Open - Miami,United States of America,2022-03-31,Carlos Alcaraz,Miomir Kecmanovic,Quarter-Finals,43,21,26,31,19,11,9,21
98a10efa12a7ea95f88f644aa3f2eeac,2022-03-21,Miami Open - Miami,United States of America,2022-03-31,Hubert Hurkacz,Daniil Medvedev,Quarter-Finals,19,10,17,28,12,13,17,21
42f3417c62e5ae7f36f1199d61df702e,2022-03-21,Miami Open - Miami,United States of America,2022-04-01,Carlos Alcaraz,Hubert Hurkacz,Semi-Finals,23,11,15,20,28,26,18,26
ec0335a079c1ea8c7bd9f2d05dd988c6,2022-03-21,Miami Open - Miami,United States of America,2022-04-01,Casper Ruud,Francisco Cerundolo,Semi-Finals,26,15,8,10,16,25,5,11
ea407f47a97ac83d416304e5a6024143,2022-03-21,Miami Open - Miami,United States of America,2022-04-03,Carlos Alcaraz,Casper Ruud,Final,32,17,16,23,22,16,14,22
0b1c562d711bee2a335abbc4686f1e0c,2022-04-11,Monte-Carlo Rolex Masters - Monte-Carlo,Monaco,2022-04-10,Dusan Lajovic,Filip Krajinovic,First Round,37,18,4,8,20,21,5,10
67d4d727601df9f4dbcb72223cf1583a,2022-04-11,Monte-Carlo Rolex Masters - Monte-Carlo,Monaco,2022-04-10,Marton Fucsovics,Lloyd Harris,First Round,29,35,16,27,25,32,14,20
a9643591d8a0b0733ef315abbbadc4f0,2022-04-11,Monte-Carlo Rolex Masters - Monte-Carlo,Monaco,2022-04-11,Alex De Minaur,Bernabe Zapata Miralles,First Round,15,19,5,6,10,30,4,10
92c5686f5d3389d81992f092cd286077,2022-04-11,Monte-Carlo Rolex Masters - Monte-Carlo,Monaco,2022-04-11,Alexander Bublik,Stan Wawrinka,First Round,45,30,20,30,25,19,19,33
6cc25a568a22f9b3c0ba953633634ca4,2022-04-11,Monte-Carlo Rolex Masters - Monte-Carlo,Monaco,2022-04-11,Diego Sebastian Schwartzman,Karen Khachanov,First Round,31,39,20,31,30,41,14,21
d23d1f76c889ccfeb0566eb58cad67b5,2022-04-11,Monte-Carlo Rolex Masters - Monte-Carlo,Monaco,2022-04-11,Fabio Fognini,Arthur Rinderknech,First Round,39,26,14,23,24,30,19,28
3e51122580c569b4917c32b33b5bc9c0,2022-04-11,Monte-Carlo Rolex Masters - Monte-Carlo,Monaco,2022-04-11,Federico Delbonis,Jaume Antoni Munar Clar,First Round,39,36,19,29,23,27,15,25
09df8e0409b220b3d80597a979d7da1d,2022-04-11,Monte-Carlo Rolex Masters - Monte-Carlo,Monaco,2022-04-11,Hubert Hurkacz,Hugo Dellien,First Round,32,19,14,23,11,12,4,7
a6cfeb35cf4317462fffa22016b8c12c,2022-04-11,Monte-Carlo Rolex Masters - Monte-Carlo,Monaco,2022-04-11,Jannik Sinner,Borna Coric,First Round,27,32,10,16,24,39,5,14
ad3579b16fa770b8d61db1a3e7bf0310,2022-04-11,Monte-Carlo Rolex Masters - Monte-Carlo,Monaco,2022-04-11,Marin Cilic,Jo-Wilfried Tsonga,First Round,17,8,5,6,11,12,2,4
2ff2590e5088aab54cfca3b1981cd050,2022-04-11,Monte-Carlo Rolex Masters - Monte-Carlo,Monaco,2022-04-11,Pablo Carreno-Busta,Sebastian Baez,First Round,35,25,17,23,28,23,15,25
4c5cc6c6bcfedf9d28671f686cac8b41,2022-04-11,Monte-Carlo Rolex Masters - Monte-Carlo,Monaco,2022-04-11,Sebastian Korda,Botic Van De Zandschulp,First Round,17,16,3,13,18,26,12,19
7e08f45f88f413118136becb1417f914,2022-04-11,Monte-Carlo Rolex Masters - Monte-Carlo,Monaco,2022-04-12,Alejandro Davidovich Fokina,Novak Djokovic,Second Round,38,35,10,20,30,45,19,34
14d041d0d4539f2b2ca831f5ef2c7141,2022-04-11,Monte-Carlo Rolex Masters - Monte-Carlo,Monaco,2022-04-12,Daniel Evans,Benjamin Bonzi,First Round,23,7,7,8,18,27,17,31
dfb2cfa897a4c056c7cf4f9bfed2eb0e,2022-04-11,Monte-Carlo Rolex Masters - Monte-Carlo,Monaco,2022-04-12,David Goffin,Jiri Lehecka,First Round,21,23,7,8,20,20,8,14
087ff66b87cdad9b9bd585ff453862a6,2022-04-11,Monte-Carlo Rolex Masters - Monte-Carlo,Monaco,2022-04-12,Emil Ruusuvuori,Oscar Otte,First Round,27,33,10,14,17,27,8,14
73d73556bfeab79ef02c67e146abcaab,2022-04-11,Monte-Carlo Rolex Masters - Monte-Carlo,Monaco,2022-04-12,Grigor Dimitrov,Dusan Lajovic,Second Round,27,28,13,18,20,34,4,9
039641e17f17a134613c22cd12811b99,2022-04-11,Monte-Carlo Rolex Masters - Monte-Carlo,Monaco,2022-04-12,Holger Rune,Aslan Karatsev,First Round,19,19,6,8,35,41,17,30
27fb646385f2f597f8c17a41d4482d59,2022-04-11,Monte-Carlo Rolex Masters - Monte-Carlo,Monaco,2022-04-12,Laslo Djere,Maxime Cressy,First Round,30,17,8,14,38,27,41,61
bbb337ca4fd4c82bb2414eecfa2e65f3,2022-04-11,Monte-Carlo Rolex Masters - Monte-Carlo,Monaco,2022-04-12,Lorenzo Musetti,Benoit Paire,First Round,22,15,6,20,41,46,30,38
206915a381716cefe74ee7ae645083bd,2022-04-11,Monte-Carlo Rolex Masters - Monte-Carlo,Monaco,2022-04-12,Lorenzo Sonego,Ilya Ivashka,First Round,25,16,9,14,15,23,16,28
7f7d1dcffbccb969a74f71a7a38c80bd,2022-04-11,Monte-Carlo Rolex Masters - Monte-Carlo,Monaco,2022-04-12,Pedro Martinez Portero,Ugo Humbert,First Round,21,34,10,21,29,48,20,34
4e8b1a007ebe58bbeab615a5eae3d079,2022-04-11,Monte-Carlo Rolex Masters - Monte-Carlo,Monaco,2022-04-12,Stefanos Tsitsipas,Fabio Fognini,Second Round,10,15,7,10,6,31,2,4
091cabbd527b34846714ebd231848736,2022-04-11,Monte-Carlo Rolex Masters - Monte-Carlo,Monaco,2022-04-12,Taylor Harry Fritz,Lucas Catarina,First Round,36,35,15,21,30,40,13,22
399d9888849f50a885f9b63790a81723,2022-04-11,Monte-Carlo Rolex Masters - Monte-Carlo,Monaco,2022-04-13,Albert Ramos-Vinolas,Cameron Norrie,Second Round,37,29,9,14,31,34,12,26
a5fb5c5ca3c98ed5300ba51c0b9b1aeb,2022-04-11,Monte-Carlo Rolex Masters - Monte-Carlo,Monaco,2022-04-13,Andrey Rublev,Alex De Minaur,Second Round,30,33,12,18,22,34,11,14
31b569353a3d27f1ae880a0670113554,2022-04-11,Monte-Carlo Rolex Masters - Monte-Carlo,Monaco,2022-04-13,Casper Ruud,Holger Rune,Second Round,22,21,12,20,26,25,16,26
65ad06cc7a9acac11a437e8c3953c58c,2022-04-11,Monte-Carlo Rolex Masters - Monte-Carlo,Monaco,2022-04-13,David Goffin,Daniel Evans,Second Round,31,25,13,18,23,15,15,20
c8c11f89bf1f4b025bf200516f0ba584,2022-04-11,Monte-Carlo Rolex Masters - Monte-Carlo,Monaco,2022-04-13,Diego Sebastian Schwartzman,Marton Fucsovics,Second Round,17,20,11,11,12,36,7,13
c6b4a3855233c923404b88a4dc87fd12,2022-04-11,Monte-Carlo Rolex Masters - Monte-Carlo,Monaco,2022-04-13,Hubert Hurkacz,Pedro Martinez Portero,Second Round,44,28,16,26,23,21,15,21
da50a3f16502f00307a1984b1ea1828d,2022-04-11,Monte-Carlo Rolex Masters - Monte-Carlo,Monaco,2022-04-13,Jannik Sinner,Emil Ruusuvuori,Second Round,23,39,6,10,9,27,1,3
bf5eac1b88dfaef12e93a615f0a8a5c6,2022-04-11,Monte-Carlo Rolex Masters - Monte-Carlo,Monaco,2022-04-13,Laslo Djere,Lorenzo Sonego,Second Round,30,15,9,15,15,21,10,14
4f949b93f70fc2a6136a3a080d2b2923,2022-04-11,Monte-Carlo Rolex Masters - Monte-Carlo,Monaco,2022-04-13,Lorenzo Musetti,Felix Auger Aliassime,Second Round,20,16,6,8,22,21,15,26
34974c0b9925dd70adf644afa757842b,2022-04-11,Monte-Carlo Rolex Masters - Monte-Carlo,Monaco,2022-04-13,Sebastian Korda,Carlos Alcaraz,Second Round,44,54,26,35,24,35,7,15
658a192be9c74a4a75e5814363a061cc,2022-04-11,Monte-Carlo Rolex Masters - Monte-Carlo,Monaco,2022-04-13,Taylor Harry Fritz,Marin Cilic,Second Round,27,21,3,8,45,38,14,16
70b5e7275930fba0f96c31bd1e05ab8b,2022-04-11,Monte-Carlo Rolex Masters - Monte-Carlo,Monaco,2022-04-14,Alejandro Davidovich Fokina,David Goffin,Third Round,13,17,4,9,18,28,11,19
241973eafb0556d2acb53c8fca6834a6,2022-04-11,Monte-Carlo Rolex Masters - Monte-Carlo,Monaco,2022-04-14,Alexander Zverev,Pablo Carreno-Busta,Third Round,25,15,5,7,9,13,3,5
130536dd72f3fb454d191d2e9ae409e2,2022-04-11,Monte-Carlo Rolex Masters - Monte-Carlo,Monaco,2022-04-14,Diego Sebastian Schwartzman,Lorenzo Musetti,Third Round,21,30,21,30,30,38,13,25
6eb754155250d91bf6cb8c7294b5c6f7,2022-04-11,Monte-Carlo Rolex Masters - Monte-Carlo,Monaco,2022-04-14,Grigor Dimitrov,Casper Ruud,Third Round,23,16,7,10,12,15,5,13
982ffdc8c9f7deea120f674461437f8f,2022-04-11,Monte-Carlo Rolex Masters - Monte-Carlo,Monaco,2022-04-14,Hubert Hurkacz,Albert Ramos-Vinolas,Third Round,25,11,6,6,8,11,6,8
2e12d71e57e2919474183f37c355441d,2022-04-11,Monte-Carlo Rolex Masters - Monte-Carlo,Monaco,2022-04-14,Jannik Sinner,Andrey Rublev,Third Round,40,43,8,12,19,31,10,15
843245c5ad5e871cb0266d976f0739f3,2022-04-11,Monte-Carlo Rolex Masters - Monte-Carlo,Monaco,2022-04-14,Stefanos Tsitsipas,Laslo Djere,Third Round,25,19,5,12,26,26,3,6
a8d7beebcb10c203f9cac9fe328ec0b4,2022-04-11,Monte-Carlo Rolex Masters - Monte-Carlo,Monaco,2022-04-14,Taylor Harry Fritz,Sebastian Korda,Third Round,22,11,2,7,23,23,8,9
2ee215dbb31a046ad3e5cea321e3d832,2022-04-11,Monte-Carlo Rolex Masters - Monte-Carlo,Monaco,2022-04-15,Alejandro Davidovich Fokina,Taylor Harry Fritz,Quarter-Finals,36,32,15,21,28,36,12,25
bf9005ea477f830dd6caab04a4832d8f,2022-04-11,Monte-Carlo Rolex Masters - Monte-Carlo,Monaco,2022-04-15,Alexander Zverev,Jannik Sinner,Quarter-Finals,38,32,15,23,32,38,13,17
143801f16be99f777bc9d119b407e544,2022-04-11,Monte-Carlo Rolex Masters - Monte-Carlo,Monaco,2022-04-15,Grigor Dimitrov,Hubert Hurkacz,Quarter-Finals,22,24,14,19,27,37,17,27
83b97a99d504107fbdb1f81df0bcaff9,2022-04-11,Monte-Carlo Rolex Masters - Monte-Carlo,Monaco,2022-04-15,Stefanos Tsitsipas,Diego Sebastian Schwartzman,Quarter-Finals,34,43,27,37,24,32,15,20
f3cdffda740cbc1a07df493ca48f5709,2022-04-11,Monte-Carlo Rolex Masters - Monte-Carlo,Monaco,2022-04-16,Alejandro Davidovich Fokina,Grigor Dimitrov,Semi-Finals,25,43,9,14,19,38,15,19
9f6cdf6835caadd7280996360fc6dfea,2022-04-11,Monte-Carlo Rolex Masters - Monte-Carlo,Monaco,2022-04-16,Stefanos Tsitsipas,Alexander Zverev,Semi-Finals,19,12,8,9,17,21,1,11
647ca68cb4609092f9c676f3d8c331a9,2022-04-11,Monte-Carlo Rolex Masters - Monte-Carlo,Monaco,2022-04-17,Stefanos Tsitsipas,Alejandro Davidovich Fokina,Final,21,11,11,16,21,27,14,21
2bf3c841a391b4626d76e005e9c572f4,2022-05-02,Mutua Madrid Open - Madrid,Spain,2022-05-07,Alexander Zverev,Stefanos Tsitsipas,Semi-Finals,,,23,28,,,16,25
330bba9ab6cda79aebd38ad2142bb2e5,2022-05-02,Mutua Madrid Open - Madrid,Spain,2022-05-07,Carlos Alcaraz,Novak Djokovic,Semi-Finals,,,18,23,,,14,29
8ef4117ceeb8867fd83dc6bd29bffbdc,2022-05-02,Mutua Madrid Open - Madrid,Spain,2022-05-08,Carlos Alcaraz,Alexander Zverev,Final,,,3,4,,,3,14
d53d5d00bab068b69c9202cdc75389e5,2022-05-09,Internazionali BNL d'Italia - Rome,Italy,2022-05-08,Aslan Karatsev,Lloyd Harris,First Round,,,13,19,,,6,8
f408b2ad7a10e134dc7428735b085737,2022-05-09,Internazionali BNL d'Italia - Rome,Italy,2022-05-08,Cristian Garin,Francesco Passaro,First Round,,,14,20,,,9,14
83178a34b4d2ed04ce9b9e7f9056e14e,2022-05-09,Internazionali BNL d'Italia - Rome,Italy,2022-05-08,Filip Krajinovic,Frances Tiafoe,First Round,,,26,39,,,13,26
4ab3fbbfc6cddd66ffbb11ca380ad703,2022-05-09,Internazionali BNL d'Italia - Rome,Italy,2022-05-08,Marin Cilic,Matteo Arnaldi,First Round,,,8,12,,,4,4
7b6c5110f84d2f33919c3008beddfd89,2022-05-09,Internazionali BNL d'Italia - Rome,Italy,2022-05-09,Alejandro Davidovich Fokina,Ilya Ivashka,First Round,,,8,12,,,16,30
787d55559a44a5d6ad790a8a5f4113d6,2022-05-09,Internazionali BNL d'Italia - Rome,Italy,2022-05-09,Alex De Minaur,Dusan Lajovic,First Round,,,16,19,,,6,9
5d3498c3af414c0046e96c7caa47760f,2022-05-09,Internazionali BNL d'Italia - Rome,Italy,2022-05-09,Botic Van De Zandschulp,Sebastian Korda,First Round,,,6,8,,,7,10
3a7676b47fab022357921f023e76dd73,2022-05-09,Internazionali BNL d'Italia - Rome,Italy,2022-05-09,Denis Shapovalov,Lorenzo Sonego,First Round,,,14,28,,,6,13
7365fbef76ad8ff0ed75ca53f1999bf6,2022-05-09,Internazionali BNL d'Italia - Rome,Italy,2022-05-09,Fabio Fognini,Dominic Thiem,First Round,,,14,20,,,11,17
086b6f9ca06744079c6be1d60560ba08,2022-05-09,Internazionali BNL d'Italia - Rome,Italy,2022-05-09,Jenson Brooksby,Flavio Cobolli,First Round,,,6,10,,,5,11
bd39c2af54f3bff8cf453fa619acbe28,2022-05-09,Internazionali BNL d'Italia - Rome,Italy,2022-05-09,Karen Khachanov,Giulio Zeppieri,First Round,,,7,8,,,8,14
20eb3bdef50556b9ff2c9b68eede8626,2022-05-09,Internazionali BNL d'Italia - Rome,Italy,2022-05-09,Laslo Djere,Borna Coric,First Round,,,9,14,,,15,22
501e5a3b223633be6133120acae20f89,2022-05-09,Internazionali BNL d'Italia - Rome,Italy,2022-05-09,Marcos Giron,Alexander Bublik,First Round,,,20,37,,,22,29
befa2dcd0132537dab4c803ae6d2da89,2022-05-09,Internazionali BNL d'Italia - Rome,Italy,2022-05-09,Nikoloz Basilashvili,Daniel Evans,First Round,,,8,11,,,3,4
d81faaf80116bf19bd73a165dab99d18,2022-05-09,Internazionali BNL d'Italia - Rome,Italy,2022-05-09,Pablo Carreno-Busta,Federico Delbonis,First Round,,,3,6,,,5,6
3fd6d1257483031cef5ec459488ed1e6,2022-05-09,Internazionali BNL d'Italia - Rome,Italy,2022-05-09,Stan Wawrinka,Reilly Opelka,First Round,,,6,11,,,8,17
17ce204c5f37e658007a36bbdcf37e6e,2022-05-09,Internazionali BNL d'Italia - Rome,Italy,2022-05-09,Tommy Paul,Albert Ramos-Vinolas,First Round,,,13,20,,,4,6
f471aaa2e6f7a2d7b5aaff7c161048e9,2022-05-09,Internazionali BNL d'Italia - Rome,Italy,2022-05-10,Cameron Norrie,Luca Nardi,First Round,,,6,9,,,8,15
3eb3c438c9be5524b6c97a2acc71be8a,2022-05-09,Internazionali BNL d'Italia - Rome,Italy,2022-05-10,Casper Ruud,Botic Van De Zandschulp,Second Round,,,21,27,,,19,27
14bac3f3bec6ca2b00f0fb7839898808,2022-05-09,Internazionali BNL d'Italia - Rome,Italy,2022-05-10,Cristian Garin,Emil Ruusuvuori,Second Round,,,6,13,,,4,9
f20099e4b55a2005dc73c2f19b0be841,2022-05-09,Internazionali BNL d'Italia - Rome,Italy,2022-05-10,David Goffin,Hubert Hurkacz,First Round,,,13,15,,,11,23
438fa93665c4d16123bd082a34b0394b,2022-05-09,Internazionali BNL d'Italia - Rome,Italy,2022-05-10,Denis Shapovalov,Nikoloz Basilashvili,Second Round,,,4,4,,,5,8
6aaa26fc1e33e064c39c31694e22dd6b,2022-05-09,Internazionali BNL d'Italia - Rome,Italy,2022-05-10,Diego Sebastian Schwartzman,Miomir Kecmanovic,First Round,,,18,22,,,9,19
989aa856389b1e15a160819d5338c2bb,2022-05-09,Internazionali BNL d'Italia - Rome,Italy,2022-05-10,Felix Auger Aliassime,Alejandro Davidovich Fokina,Second Round,,,31,46,,,12,23
21fbe5bdb9c8c270797ec7c637af9a76,2022-05-09,Internazionali BNL d'Italia - Rome,Italy,2022-05-10,Filip Krajinovic,Andrey Rublev,Second Round,,,6,12,,,6,12
1f7731672383ab76ca49599c7866d699,2022-05-09,Internazionali BNL d'Italia - Rome,Italy,2022-05-10,Grigor Dimitrov,Brandon Nakashima,First Round,,,8,9,,,9,13
1184144856a25fb4c91ab72cfada93ce,2022-05-09,Internazionali BNL d'Italia - Rome,Italy,2022-05-10,Jannik Sinner,Pedro Martinez Portero,First Round,,,14,25,,,9,13
72d61af84f72df74b1ada6bd99bed5ed,2022-05-09,Internazionali BNL d'Italia - Rome,Italy,2022-05-10,John Isner,Francisco Cerundolo,First Round,,,19,26,,,6,11
edffac982b1147aedb3bb2eecab50fe1,2022-05-09,Internazionali BNL d'Italia - Rome,Italy,2022-05-10,Novak Djokovic,Aslan Karatsev,Second Round,,,8,9,,,6,14
b9a23da19bdea208e6f0dfac21e02bc4,2022-05-09,Internazionali BNL d'Italia - Rome,Italy,2022-05-10,Sebastian Baez,Tallon Griekspoor,First Round,,,6,8,,,16,25
ce1718c0aa68e80738f55efaf1706299,2022-05-09,Internazionali BNL d'Italia - Rome,Italy,2022-05-11,Alex De Minaur,Tommy Paul,Second Round,,,8,14,,,10,21
b5298257cd2afb21025df0695fe5629f,2022-05-09,Internazionali BNL d'Italia - Rome,Italy,2022-05-11,Alexander Zverev,Sebastian Baez,Second Round,,,12,19,,,5,10
227fe5f6fb02c2676b4359676dc8a360,2022-05-09,Internazionali BNL d'Italia - Rome,Italy,2022-05-11,Jannik Sinner,Fabio Fognini,Second Round,,,7,15,,,7,12
79853aacbe7c8f9230a3775e61935314,2022-05-09,Internazionali BNL d'Italia - Rome,Italy,2022-05-11,Jenson Brooksby,David Goffin,Second Round,,,8,10,,,6,9
0bb4c3d0dcadb295673e8f60581af3ef,2022-05-09,Internazionali BNL d'Italia - Rome,Italy,2022-05-11,Karen Khachanov,Pablo Carreno-Busta,Second Round,,,15,19,,,6,8
8ae935a0ac8f6e0ce173094ba17f72a6,2022-05-09,Internazionali BNL d'Italia - Rome,Italy,2022-05-11,Marcos Giron,Diego Sebastian Schwartzman,Second Round,,,9,12,,,11,19
e2b5d22e9e2019d07c2bdc1cd79188f1,2022-05-09,Internazionali BNL d'Italia - Rome,Italy,2022-05-11,Marin Cilic,Cameron Norrie,Second Round,,,6,10,,,6,10
16c0a7fe8e031c7b90e18379eaf8f229,2022-05-09,Internazionali BNL d'Italia - Rome,Italy,2022-05-11,Rafael Nadal,John Isner,Second Round,,,4,7,,,3,9
f2b95d76630444b3dca78794f8263603,2022-05-09,Internazionali BNL d'Italia - Rome,Italy,2022-05-11,Stan Wawrinka,Laslo Djere,Second Round,,,12,19,,,18,26
5ead475cbc86c80200ad04b9d6715ba5,2022-05-09,Internazionali BNL d'Italia - Rome,Italy,2022-05-11,Stefanos Tsitsipas,Grigor Dimitrov,Second Round,,,14,21,,,15,21
4749618e4d4afe15fb2a1f44dd13d48d,2022-05-09,Internazionali BNL d'Italia - Rome,Italy,2022-05-12,Alexander Zverev,Alex De Minaur,Third Round,,,11,13,,,3,7
5e8ebee3f2e6bcf1e631654d760d0aee,2022-05-09,Internazionali BNL d'Italia - Rome,Italy,2022-05-12,Casper Ruud,Jenson Brooksby,Third Round,,,10,12,,,11,16
01b2fd9d50baac475eff5f1ebd553a9e,2022-05-09,Internazionali BNL d'Italia - Rome,Italy,2022-05-12,Cristian Garin,Marin Cilic,Third Round,,,10,15,,,10,18
02769cb3a09edf1f19828262b1686044,2022-05-09,Internazionali BNL d'Italia - Rome,Italy,2022-05-12,Denis Shapovalov,Rafael Nadal,Third Round,,,14,19,,,3,6
0c51365f1d85bac3b2ba14b99a531783,2022-05-09,Internazionali BNL d'Italia - Rome,Italy,2022-05-12,Felix Auger Aliassime,Marcos Giron,Third Round,,,15,19,,,4,10
91ab867677a58de0faa6a8ac2a0808fa,2022-05-09,Internazionali BNL d'Italia - Rome,Italy,2022-05-12,Jannik Sinner,Filip Krajinovic,Third Round,,,2,6,,,14,18
32f95717ac62ca770871708f5131bfcb,2022-05-09,Internazionali BNL d'Italia - Rome,Italy,2022-05-12,Novak Djokovic,Stan Wawrinka,Third Round,,,8,10,,,5,11
fe7025d84ab76cd9a9fe61ca12520841,2022-05-09,Internazionali BNL d'Italia - Rome,Italy,2022-05-12,Stefanos Tsitsipas,Karen Khachanov,Third Round,,,15,21,,,7,10
3e085bf9cb2f98ba2359e100213a666d,2022-05-09,Internazionali BNL d'Italia - Rome,Italy,2022-05-13,Alexander Zverev,Cristian Garin,Quarter-Finals,,,13,25,,,12,14
2d075f9b9a5602a81618a8a91a716bb3,2022-05-09,Internazionali BNL d'Italia - Rome,Italy,2022-05-13,Casper Ruud,Denis Shapovalov,Quarter-Finals,,,8,11,,,22,30
2d431bec7ff16b412411024b23a83bf5,2022-05-09,Internazionali BNL d'Italia - Rome,Italy,2022-05-13,Novak Djokovic,Felix Auger Aliassime,Quarter-Finals,,,11,17,,,12,18
2e4270b0bc68bfb1f8a10ef8a218f42c,2022-05-09,Internazionali BNL d'Italia - Rome,Italy,2022-05-13,Stefanos Tsitsipas,Jannik Sinner,Quarter-Finals,,,19,25,,,12,18
696c2989bf79b8d923d3438592bbc898,2022-05-09,Internazionali BNL d'Italia - Rome,Italy,2022-05-14,Novak Djokovic,Casper Ruud,Semi-Finals,,,13,17,,,5,10
e97e268d7b2ecd529c91c532706e45ae,2022-05-09,Internazionali BNL d'Italia - Rome,Italy,2022-05-14,Stefanos Tsitsipas,Alexander Zverev,Semi-Finals,,,12,24,,,22,36
ce9609b28de33e5152b5bfb7b8babc1f,2022-05-09,Internazionali BNL d'Italia - Rome,Italy,2022-05-15,Novak Djokovic,Stefanos Tsitsipas,Final,,,8,8,,,7,13
ad6ceb40c4f5652874f94cacdfdebb95,2022-08-08,National Bank Open - Montreal,Canada,2022-08-08,Alex Molcan,Mackenzie Mcdonald,First Round,21,20,11,20,23,33,16,36
d8609b3aa6907bf27bb5e79c12015713,2022-08-08,National Bank Open - Montreal,Canada,2022-08-08,Emil Ruusuvuori,Stan Wawrinka,First Round,23,26,11,14,29,27,9,15
91684b132feb5a1a54303f894f25a19d,2022-08-08,National Bank Open - Montreal,Canada,2022-08-08,Jenson Brooksby,Alexander Bublik,First Round,15,8,12,22,25,39,9,21
699f58fc71e6307bc14aace723a9e6a1,2022-08-08,National Bank Open - Montreal,Canada,2022-08-08,Karen Khachanov,Francisco Cerundolo,First Round,22,29,4,14,33,44,18,22
64a63b3eaa49ebbc38fedb5414f125e5,2022-08-08,National Bank Open - Montreal,Canada,2022-08-09,Adrian Mannarino,Arthur Rinderknech,First Round,19,10,5,11,14,27,7,16
88f2cae4151a553cc1ce11fdb11dc6af,2022-08-08,National Bank Open - Montreal,Canada,2022-08-09,Albert Ramos-Vinolas,David Goffin,First Round,15,24,5,6,16,50,6,13
66acc68b21c524dd871348c100cc162f,2022-08-08,National Bank Open - Montreal,Canada,2022-08-09,Alex De Minaur,Denis Shapovalov,First Round,14,10,14,21,29,26,19,30
224e2ee7dfafd929e57515755e6d25da,2022-08-08,National Bank Open - Montreal,Canada,2022-08-09,Botic Van De Zandschulp,Miomir Kecmanovic,First Round,30,17,11,14,9,13,3,4
30c34f8450a721dc3a7fc9a22d52bd2a,2022-08-08,National Bank Open - Montreal,Canada,2022-08-09,Cameron Norrie,Brandon Nakashima,First Round,19,5,9,14,22,16,13,21
f1e0523ac14420c09e54f01dcd86f393,2022-08-08,National Bank Open - Montreal,Canada,2022-08-09,Daniel Evans,Filip Krajinovic,First Round,25,15,11,15,25,34,11,20
76d077234ab2b39160658c418cd496f9,2022-08-08,National Bank Open - Montreal,Canada,2022-08-09,Diego Sebastian Schwartzman,Alejandro Davidovich Fokina,First Round,10,30,12,18,20,45,9,17
598bf361fc4ceecdb537fe84cd85b015,2022-08-08,National Bank Open - Montreal,Canada,2022-08-09,Frances Tiafoe,Benjamin Bonzi,First Round,53,28,24,33,42,32,21,38
2e43ef165ce7d5143eb001b26ca536fe,2022-08-08,National Bank Open - Montreal,Canada,2022-08-09,Gael Monfils,Pedro Martinez Portero,First Round,42,33,13,23,32,33,40,55
3c06f7df0376d1f44454383ed2562b7c,2022-08-08,National Bank Open - Montreal,Canada,2022-08-09,Grigor Dimitrov,Alexis Galarneau,First Round,27,13,10,15,15,18,5,7
26b0de613e1ad48549b0e96871878ea5,2022-08-08,National Bank Open - Montreal,Canada,2022-08-09,Holger Rune,Fabio Fognini,First Round,22,10,8,15,23,23,23,30
0a79f878a2699c181fc503172abdf5d4,2022-08-08,National Bank Open - Montreal,Canada,2022-08-09,Hubert Hurkacz,Emil Ruusuvuori,Second Round,35,31,16,23,18,30,10,17
58e2ef7498fe72c8e80f208af139a9eb,2022-08-08,National Bank Open - Montreal,Canada,2022-08-09,Jack Draper,Hugo Gaston,First Round,25,14,14,23,20,26,11,16
e1052e5610a522f640914270575511fe,2022-08-08,National Bank Open - Montreal,Canada,2022-08-09,Marin Cilic,Borna Coric,First Round,17,11,7,7,13,28,4,9
400b28c7da3b228cbbfc17434041a8a0,2022-08-08,National Bank Open - Montreal,Canada,2022-08-09,Maxime Cressy,Aslan Karatsev,First Round,21,13,15,26,16,18,8,17
611548dddf9ed088377da867a66d102c,2022-08-08,National Bank Open - Montreal,Canada,2022-08-09,Nick Kyrgios,Sebastian Baez,First Round,27,21,19,34,16,14,12,22
2402343802589a78413e8c0e64fa4955,2022-08-08,National Bank Open - Montreal,Canada,2022-08-09,Pablo Carreno-Busta,Matteo Berrettini,First Round,19,7,9,10,16,23,3,9
a0114cc3b4da3176c325474164006680,2022-08-08,National Bank Open - Montreal,Canada,2022-08-09,Taylor Harry Fritz,Andy Murray,First Round,29,21,8,9,10,14,4,9
3036d6757b4f30e363fe5debe7cd488e,2022-08-08,National Bank Open - Montreal,Canada,2022-08-09,Tommy Paul,Vasek Pospisil,First Round,8,10,8,12,20,25,10,16
782a86094a7b6e7fc784fd8b7688f3dc,2022-08-08,National Bank Open - Montreal,Canada,2022-08-09,Yoshihito Nishioka,Benoit Paire,First Round,15,13,7,11,27,36,16,26
d77d4f6f2084504562054d7d194bc448,2022-08-08,National Bank Open - Montreal,Canada,2022-08-10,Albert Ramos-Vinolas,Diego Sebastian Schwartzman,Second Round,29,23,7,10,18,34,8,15
cb592c3fc357a2a6cda9f6486ec3c150,2022-08-08,National Bank Open - Montreal,Canada,2022-08-10,Alex De Minaur,Grigor Dimitrov,Second Round,15,23,8,10,17,39,9,13
0325b48b50903d361deb7d2115c0d675,2022-08-08,National Bank Open - Montreal,Canada,2022-08-10,Cameron Norrie,Botic Van De Zandschulp,Second Round,14,10,9,12,11,24,4,7
9e81c65f5f275513a5b76304aacc9c6f,2022-08-08,National Bank Open - Montreal,Canada,2022-08-10,Casper Ruud,Alex Molcan,Second Round,40,21,16,21,35,24,13,19
24e735ce5d386fd7d950b68bf04098e3,2022-08-08,National Bank Open - Montreal,Canada,2022-08-10,Daniel Evans,Andrey Rublev,Second Round,19,7,21,30,22,27,5,10
4bc67808d29cffca9fdc12bfaf5c52f9,2022-08-08,National Bank Open - Montreal,Canada,2022-08-10,Felix Auger Aliassime,Yoshihito Nishioka,Second Round,39,33,19,21,16,23,11,15
f6afe7748dd3e89f5933f5240bb12cd0,2022-08-08,National Bank Open - Montreal,Canada,2022-08-10,Gael Monfils,Maxime Cressy,Second Round,27,8,14,18,33,30,31,50
71cb5360f21b17f996b41da87a1a2469,2022-08-08,National Bank Open - Montreal,Canada,2022-08-10,Jack Draper,Stefanos Tsitsipas,Second Round,21,17,15,18,35,36,21,28
ab7e3f000fb59012d04d2637fb7c4942,2022-08-08,National Bank Open - Montreal,Canada,2022-08-10,Jannik Sinner,Adrian Mannarino,Second Round,31,27,6,13,21,16,9,11
1781eedd31418c6639b265a85917fd54,2022-08-08,National Bank Open - Montreal,Canada,2022-08-10,Marin Cilic,Karen Khachanov,Second Round,25,17,6,8,10,23,4,8
dd295b6657b4c7092362f14ed90a2c2e,2022-08-08,National Bank Open - Montreal,Canada,2022-08-10,Nick Kyrgios,Daniil Medvedev,Second Round,37,17,32,48,31,24,9,24
73cd9aed928ea8696a2d69457257c029,2022-08-08,National Bank Open - Montreal,Canada,2022-08-10,Pablo Carreno-Busta,Holger Rune,Second Round,18,8,10,10,11,20,6,9
f586604e1e06b6ae263e0293f8f9ebaf,2022-08-08,National Bank Open - Montreal,Canada,2022-08-10,Roberto Bautista Agut,Jenson Brooksby,Second Round,23,16,8,11,15,18,4,9
a377ae029459999124b71d1bd8ca010e,2022-08-08,National Bank Open - Montreal,Canada,2022-08-10,Taylor Harry Fritz,Frances Tiafoe,Second Round,43,23,7,13,28,27,8,11
246d4f1e1da2c3d57b6361203eaf5973,2022-08-08,National Bank Open - Montreal,Canada,2022-08-10,Tommy Paul,Carlos Alcaraz,Second Round,41,32,25,39,36,36,23,33
8f261b4e9fad33b597ef68548d530f1f,2022-08-08,National Bank Open - Montreal,Canada,2022-08-11,Casper Ruud,Roberto Bautista Agut,Third Round,57,32,12,15,46,31,15,27
154c2b960ec1ee03f84b49b4301a0c23,2022-08-08,National Bank Open - Montreal,Canada,2022-08-11,Daniel Evans,Taylor Harry Fritz,Third Round,36,23,26,35,38,31,20,30
817cf85bd313c1a4b4a5f64d27c4e7d6,2022-08-08,National Bank Open - Montreal,Canada,2022-08-11,Felix Auger Aliassime,Cameron Norrie,Third Round,29,10,10,11,11,15,8,13
17d4c210260978dd8224e7b5f2728acc,2022-08-08,National Bank Open - Montreal,Canada,2022-08-11,Hubert Hurkacz,Albert Ramos-Vinolas,Third Round,57,39,18,25,23,19,12,18
20747b1f04b4ac8557a6681848df7199,2022-08-08,National Bank Open - Montreal,Canada,2022-08-11,Nick Kyrgios,Alex De Minaur,Third Round,25,9,10,12,14,11,7,10
9758dbb286f7afb9d1618413e1d5b46b,2022-08-08,National Bank Open - Montreal,Canada,2022-08-11,Pablo Carreno-Busta,Jannik Sinner,Third Round,12,12,4,9,19,25,10,16
5520ca13e677a79f9373382385e622c8,2022-08-08,National Bank Open - Montreal,Canada,2022-08-11,Tommy Paul,Marin Cilic,Third Round,17,9,8,10,12,19,6,8
6f6cf4db28d5e2d1e7c695d11ab27429,2022-08-08,National Bank Open - Montreal,Canada,2022-08-12,Casper Ruud,Felix Auger Aliassime,Quarter-Finals,22,8,8,11,19,21,8,14
d5e49952fad2ad6ef98624d39bbcb855,2022-08-08,National Bank Open - Montreal,Canada,2022-08-12,Daniel Evans,Tommy Paul,Quarter-Finals,17,16,20,35,41,24,29,36
36b59b4cbb45d1be00c6e72af07a39ad,2022-08-08,National Bank Open - Montreal,Canada,2022-08-12,Hubert Hurkacz,Nick Kyrgios,Quarter-Finals,47,13,22,38,55,24,24,39
f2fae87e1901dc58c846ff84ab2c1e4f,2022-08-08,National Bank Open - Montreal,Canada,2022-08-12,Pablo Carreno-Busta,Jack Draper,Quarter-Finals,31,26,17,24,21,17,9,15
5aacf4052d4232ea642e66321344cdae,2022-08-08,National Bank Open - Montreal,Canada,2022-08-13,Hubert Hurkacz,Casper Ruud,Semi-Finals,47,18,21,37,34,12,13,21
84852a2706459a71a5b580b2e42710ef,2022-08-08,National Bank Open - Montreal,Canada,2022-08-13,Pablo Carreno-Busta,Daniel Evans,Semi-Finals,43,34,25,35,40,22,32,45
103c6c1b28ce74ebf1324af8d8602821,2022-08-08,National Bank Open - Montreal,Canada,2022-08-14,Pablo Carreno-Busta,Hubert Hurkacz,Final,25,10,13,16,31,24,18,26
994cc2ce0e0a970bea62759cd6bcdd6c,2022-08-15,Western & Southern Open - Cincinnati,United States of America,2022-08-13,Bradley Klahn,Alexei Popyrin,Qualifying First Round,23,14,8,12,25,20,15,22
886b1c902039d2c3e9d8692479fd7d30,2022-08-15,Western & Southern Open - Cincinnati,United States of America,2022-08-13,Chun Hsin Tseng,Pedro Martinez Portero,Qualifying First Round,43,31,16,23,33,38,21,35
68e6ca37e81d4b42490b2c33a7b7a979,2022-08-15,Western & Southern Open - Cincinnati,United States of America,2022-08-13,David Goffin,Hugo Gaston,Qualifying First Round,18,11,10,16,6,15,2,6
1ded33d2887e08771cb133f7dee796b0,2022-08-15,Western & Southern Open - Cincinnati,United States of America,2022-08-13,Dusan Lajovic,Stefan Kozlov,Qualifying First Round,20,25,13,16,17,20,8,11
fbb29c5849c457e69ec2c65660aa177c,2022-08-15,Western & Southern Open - Cincinnati,United States of America,2022-08-13,Fabio Fognini,Soon-Woo Kwon,Qualifying First Round,25,38,16,19,26,47,13,17
1571e38ba901659211b474135d5d0b3d,2022-08-15,Western & Southern Open - Cincinnati,United States of America,2022-08-13,Henri Laaksonen,Taro Daniel,Qualifying First Round,37,38,7,12,15,19,6,10
a7f70c1fa5ed161591a4533c8139809d,2022-08-15,Western & Southern Open - Cincinnati,United States of America,2022-08-13,Ilya Ivashka,Jack Sock,Qualifying First Round,16,9,6,7,12,23,3,3
3bf385c677d281e4cd27b0e170a6fb02,2022-08-15,Western & Southern Open - Cincinnati,United States of America,2022-08-13,Jaume Antoni Munar Clar,Christopher O'Connell,Qualifying First Round,37,26,22,30,35,35,14,27
ee5fab0b4a3d1a2d4af77f9c41d5a057,2022-08-15,Western & Southern Open - Cincinnati,United States of America,2022-08-13,Lorenzo Musetti,Daniel Altmaier,Qualifying First Round,39,28,24,35,36,35,22,30
76ad0b6f644034ded179fdc24abc2e7d,2022-08-15,Western & Southern Open - Cincinnati,United States of America,2022-08-13,Lorenzo Sonego,John Millman,Qualifying First Round,19,14,12,16,14,17,1,6
e4021b460bc055386132ec966c3910e6,2022-08-15,Western & Southern Open - Cincinnati,United States of America,2022-08-13,Marcos Giron,Denis Kudla,Qualifying First Round,18,20,9,9,8,17,6,11
3a5191cad5227b7fa5a0cf6645a71aed,2022-08-15,Western & Southern Open - Cincinnati,United States of America,2022-08-13,Steve Johnson,Adrian Mannarino,Qualifying First Round,25,21,11,12,6,19,8,14
e6f9aa99c8c0faafaa6215bf69fb14c5,2022-08-15,Western & Southern Open - Cincinnati,United States of America,2022-08-13,Thiago Moura Monteiro,Emilio Nava,Qualifying First Round,9,12,1,2,11,25,2,6
d09915a8036329852d711c2d0d187a31,2022-08-15,Western & Southern Open - Cincinnati,United States of America,2022-08-14,Botic Van De Zandschulp,Maxime Cressy,First Round,19,20,9,13,32,30,25,48
982bffb96a07039b8b2dde8d98b68dd1,2022-08-15,Western & Southern Open - Cincinnati,United States of America,2022-08-14,David Goffin,Chun Hsin Tseng,Qualifying Final Round,33,33,14,20,15,23,16,19
c137b4805e474404bbce6fe8a522c758,2022-08-15,Western & Southern Open - Cincinnati,United States of America,2022-08-14,Henri Laaksonen,Thiago Moura Monteiro,Qualifying Final Round,38,31,7,9,18,24,6,11
6b96ccbce5168ae9e40ff028092ffadf,2022-08-15,Western & Southern Open - Cincinnati,United States of America,2022-08-14,Jaume Antoni Munar Clar,Steve Johnson,Qualifying Final Round,27,17,11,17,40,27,13,25
cfd1cf938cda405d7eeed75bd56343bd,2022-08-15,Western & Southern Open - Cincinnati,United States of America,2022-08-14,Lorenzo Musetti,Dusan Lajovic,Qualifying Final Round,24,25,14,15,17,26,14,19
f899a2ff5e5fd0b1033d556f7d8aef93,2022-08-15,Western & Southern Open - Cincinnati,United States of America,2022-08-14,Lorenzo Sonego,Bradley Klahn,Qualifying Final Round,14,5,8,13,15,22,11,20
d7ed713b48f4a255ed2767e863366639,2022-08-15,Western & Southern Open - Cincinnati,United States of America,2022-08-14,Mackenzie Mcdonald,Nikoloz Basilashvili,First Round,15,5,1,1,8,29,1,2
dda8123f58207a0a351f4cea71fa4c5e,2022-08-15,Western & Southern Open - Cincinnati,United States of America,2022-08-14,Marcos Giron,Fabio Fognini,Qualifying Final Round,16,24,7,11,34,41,19,26
88e58048127615b057d6374bef268f69,2022-08-15,Western & Southern Open - Cincinnati,United States of America,2022-08-14,Thanasi Kokkinakis,Ilya Ivashka,Qualifying Final Round,30,35,13,15,26,39,20,25
4783f56d010ecd00aa509b5c1869a48b,2022-08-15,Western & Southern Open - Cincinnati,United States of America,2022-08-15,Andy Murray,Stan Wawrinka,First Round,38,27,9,15,37,30,19,27
0b4bad7e1d9371f90f38411fe890c218,2022-08-15,Western & Southern Open - Cincinnati,United States of America,2022-08-15,Aslan Karatsev,Brandon Nakashima,First Round,20,19,11,17,15,16,2,4
ff167f11d6b6800cca9d73e5543490d3,2022-08-15,Western & Southern Open - Cincinnati,United States of America,2022-08-15,Cameron Norrie,Holger Rune,First Round,21,30,19,24,38,38,8,17
8ea09c5571dec08a92509d2e339becf5,2022-08-15,Western & Southern Open - Cincinnati,United States of America,2022-08-15,Denis Shapovalov,Grigor Dimitrov,First Round,30,18,13,14,12,17,8,10
b4aa3f1b5f78ab46fcddef797cba7d37,2022-08-15,Western & Southern Open - Cincinnati,United States of America,2022-08-15,Diego Sebastian Schwartzman,Alex Molcan,First Round,26,29,13,18,28,43,10,13
5495a760e771b8d8b8beb814f5f71685,2022-08-15,Western & Southern Open - Cincinnati,United States of America,2022-08-15,Emil Ruusuvuori,Jeff Wolf,First Round,20,16,4,5,14,24,6,7
08415f54219622ac24a6e20092b1ed2d,2022-08-15,Western & Southern Open - Cincinnati,United States of America,2022-08-15,Frances Tiafoe,Matteo Berrettini,First Round,34,25,25,33,34,38,14,23
62875fdda6efb89dd54055c6ed6c0658,2022-08-15,Western & Southern Open - Cincinnati,United States of America,2022-08-15,John Isner,Benjamin Bonzi,First Round,55,28,13,24,37,21,7,13
33050bee50141923475924f51017adca,2022-08-15,Western & Southern Open - Cincinnati,United States of America,2022-08-15,Marcos Giron,David Goffin,First Round,21,9,8,11,16,18,8,12
785b3b5f419adce02bae5ff6818b6e66,2022-08-15,Western & Southern Open - Cincinnati,United States of America,2022-08-15,Marin Cilic,Jaume Antoni Munar Clar,First Round,25,17,10,21,17,18,8,11
4b2b69666e4fabdde2b13c4f6b089339,2022-08-15,Western & Southern Open - Cincinnati,United States of America,2022-08-15,Roberto Bautista Agut,Francisco Cerundolo,First Round,20,20,15,23,40,53,14,19
b2130d90aa76891b7d1703dfed3d0508,2022-08-15,Western & Southern Open - Cincinnati,United States of America,2022-08-15,Sebastian Korda,Karen Khachanov,First Round,28,17,11,18,14,14,11,14
87dc838ab2adf54e2efe871924b7e01e,2022-08-15,Western & Southern Open - Cincinnati,United States of America,2022-08-16,Alex De Minaur,Henri Laaksonen,First Round,12,10,3,7,16,31,2,4
ae1137571c48c58f3356df4d5697698a,2022-08-15,Western & Southern Open - Cincinnati,United States of America,2022-08-16,Ben Shelton,Lorenzo Sonego,First Round,30,24,24,34,21,27,21,31
75a64b7e805297863697cd450b793511,2022-08-15,Western & Southern Open - Cincinnati,United States of America,2022-08-16,Borna Coric,Lorenzo Musetti,First Round,31,16,17,23,17,17,6,13
754ff22837cd6e2f0504f912a3c4f320,2022-08-15,Western & Southern Open - Cincinnati,United States of America,2022-08-16,Carlos Alcaraz,Mackenzie Mcdonald,Second Round,10,28,10,13,9,45,8,12
e80825173ae7f6070675f3586f294a28,2022-08-15,Western & Southern Open - Cincinnati,United States of America,2022-08-16,Daniil Medvedev,Botic Van De Zandschulp,Second Round,17,17,8,13,17,38,19,27
81b818fe4f001b4085d83feb21989f88,2022-08-15,Western & Southern Open - Cincinnati,United States of America,2022-08-16,Diego Sebastian Schwartzman,Aslan Karatsev,Second Round,13,18,6,10,26,54,31,45
9ce788eecf3f119b36e097728ebf05f6,2022-08-15,Western & Southern Open - Cincinnati,United States of America,2022-08-16,Fabio Fognini,Albert Ramos-Vinolas,First Round,27,25,9,11,5,20,0,1
a812285a271631656e9106b98b3c97a8,2022-08-15,Western & Southern Open - Cincinnati,United States of America,2022-08-16,Filip Krajinovic,Daniel Evans,First Round,10,34,10,13,10,46,7,14
22ca5c72965fd0312628e7717af988a5,2022-08-15,Western & Southern Open - Cincinnati,United States of America,2022-08-16,Jannik Sinner,Thanasi Kokkinakis,First Round,43,32,26,30,35,28,16,22
f510938274b69a794a35dd797cc4c6a0,2022-08-15,Western & Southern Open - Cincinnati,United States of America,2022-08-16,Marin Cilic,Emil Ruusuvuori,Second Round,31,55,13,15,17,51,4,12
56aeb3fb523e7b1718ccc7ee09d1fdd9,2022-08-15,Western & Southern Open - Cincinnati,United States of America,2022-08-16,Miomir Kecmanovic,Pablo Carreno-Busta,First Round,34,28,11,15,71,53,24,31
edc743b3dc456a18b027c0f39b566a6f,2022-08-15,Western & Southern Open - Cincinnati,United States of America,2022-08-16,Nick Kyrgios,Alejandro Davidovich Fokina,First Round,32,12,13,21,19,13,10,18
8ca728fabecc861a9d116e2832e22f70,2022-08-15,Western & Southern Open - Cincinnati,United States of America,2022-08-16,Taylor Harry Fritz,Sebastian Baez,First Round,15,11,7,7,5,22,3,5
fa7d66f347093142d2ef9532456566c4,2022-08-15,Western & Southern Open - Cincinnati,United States of America,2022-08-16,Tommy Paul,Jenson Brooksby,First Round,21,14,1,4,9,16,3,3
1830dcb11c82b2711e266fc634f2f8db,2022-08-15,Western & Southern Open - Cincinnati,United States of America,2022-08-17,Andrey Rublev,Fabio Fognini,Second Round,28,29,8,16,37,40,16,20
5db5a7dd1b068f5abc2d09768de83eb6,2022-08-15,Western & Southern Open - Cincinnati,United States of America,2022-08-17,Ben Shelton,Casper Ruud,Second Round,30,10,14,18,15,6,5,11
ba7e9f9ecf90d5dcf2c408f0d54a203b,2022-08-15,Western & Southern Open - Cincinnati,United States of America,2022-08-17,Borna Coric,Rafael Nadal,Second Round,38,30,10,15,22,23,10,15
ef64f55f91a4f5cc3e998c7348171c37,2022-08-15,Western & Southern Open - Cincinnati,United States of America,2022-08-17,Cameron Norrie,Andy Murray,Second Round,33,24,8,13,34,29,10,17
0aa5ed5acd6c71a619d153b2d42fbfba,2022-08-15,Western & Southern Open - Cincinnati,United States of America,2022-08-17,Denis Shapovalov,Tommy Paul,Second Round,17,30,10,15,17,27,14,18
d3b33ea49e8d54a01a5021c81f142ece,2022-08-15,Western & Southern Open - Cincinnati,United States of America,2022-08-17,Felix Auger Aliassime,Alex De Minaur,Second Round,20,17,6,8,11,8,1,3
5e2bccb966716b0f328de3cfefb57434,2022-08-15,Western & Southern Open - Cincinnati,United States of America,2022-08-17,John Isner,Hubert Hurkacz,Second Round,41,30,20,30,28,20,11,15
c682a42e9bf093c8dfd44c382a0b64a5,2022-08-15,Western & Southern Open - Cincinnati,United States of America,2022-08-17,Roberto Bautista Agut,Marcos Giron,Second Round,11,15,10,15,13,18,6,11
2aaf52eeece6b03d1d2ca863c0f47ae7,2022-08-15,Western & Southern Open - Cincinnati,United States of America,2022-08-17,Sebastian Korda,Frances Tiafoe,Second Round,32,21,14,27,33,26,10,24
24341095d75bf94bf4bf672f378621f6,2022-08-15,Western & Southern Open - Cincinnati,United States of America,2022-08-17,Stefanos Tsitsipas,Filip Krajinovic,Second Round,28,4,5,7,16,16,7,10
dac84761811e88fa98e5f4966a08bda1,2022-08-15,Western & Southern Open - Cincinnati,United States of America,2022-08-17,Taylor Harry Fritz,Nick Kyrgios,Second Round,24,8,1,2,16,16,1,6
5323392a5e314c7da77bd71d21d8b559,2022-08-15,Western & Southern Open - Cincinnati,United States of America,2022-08-18,Borna Coric,Roberto Bautista Agut,Third Round,31,28,10,13,7,13,3,3
202c07412ed4f017359f5e806b4ae219,2022-08-15,Western & Southern Open - Cincinnati,United States of America,2022-08-18,Cameron Norrie,Ben Shelton,Third Round,11,6,7,10,17,26,7,9
5d20e3466cdd887b20645494a9be3848,2022-08-15,Western & Southern Open - Cincinnati,United States of America,2022-08-18,Carlos Alcaraz,Marin Cilic,Third Round,19,12,7,9,12,27,7,9
717a4c557a5869e2b556ede10d38353b,2022-08-15,Western & Southern Open - Cincinnati,United States of America,2022-08-18,Daniil Medvedev,Denis Shapovalov,Third Round,27,19,14,17,22,29,21,35
ea67dcbedf94c2cf61eb996669565dde,2022-08-15,Western & Southern Open - Cincinnati,United States of America,2022-08-18,Felix Auger Aliassime,Jannik Sinner,Third Round,34,24,13,21,27,30,13,21
67c09c713ef028abaab00a8b230b03b3,2022-08-15,Western & Southern Open - Cincinnati,United States of America,2022-08-18,John Isner,Sebastian Korda,Third Round,44,20,9,14,32,13,8,10
7b22bb3ca357cecdf23bf2df04062a4a,2022-08-15,Western & Southern Open - Cincinnati,United States of America,2022-08-18,Stefanos Tsitsipas,Diego Sebastian Schwartzman,Third Round,16,14,7,13,17,34,7,9
e2a3bd1324b7bb51845ec85b9ef3a982,2022-08-15,Western & Southern Open - Cincinnati,United States of America,2022-08-18,Taylor Harry Fritz,Andrey Rublev,Third Round,44,26,9,13,32,26,6,8
413fdacc7a77f6dc01ae0cfe021e36d9,2022-08-15,Western & Southern Open - Cincinnati,United States of America,2022-08-19,Borna Coric,Felix Auger Aliassime,Quarter-Finals,20,14,5,7,20,25,9,14
a6c29d0a7a75b3e1c2f33302a3f1cc1e,2022-08-15,Western & Southern Open - Cincinnati,United States of America,2022-08-19,Cameron Norrie,Carlos Alcaraz,Quarter-Finals,25,30,21,40,43,33,28,39
c0d2a9441520a03245384b46c7751ba5,2022-08-15,Western & Southern Open - Cincinnati,United States of America,2022-08-19,Daniil Medvedev,Taylor Harry Fritz,Quarter-Finals,32,19,9,11,22,21,11,17
714674b90bd2e8ed29c29cbef5aebaa6,2022-08-15,Western & Southern Open - Cincinnati,United States of America,2022-08-19,Stefanos Tsitsipas,John Isner,Quarter-Finals,41,9,14,20,54,21,21,28
a877437ec17632096041db83356c0535,2022-08-15,Western & Southern Open - Cincinnati,United States of America,2022-08-20,Borna Coric,Cameron Norrie,Semi-Finals,22,15,4,5,13,24,2,5
fce5abc8a330e4400ee31080cfff59d0,2022-08-15,Western & Southern Open - Cincinnati,United States of America,2022-08-20,Stefanos Tsitsipas,Daniil Medvedev,Semi-Finals,32,27,27,36,28,35,14,26
9c8f326420deb0828a723928f1c18d74,2022-08-15,Western & Southern Open - Cincinnati,United States of America,2022-08-21,Borna Coric,Stefanos Tsitsipas,Final,37,14,6,12,22,22,14,22
5a536942243d2b8036ae5f7299d844c3,2022-08-22,Winston-Salem Open - Winston-Salem,United States of America,2022-08-21,John Millman,Hugo Gaston,First Round,31,12,13,16,27,12,6,9
63f3af28f258a6546de1b3c4b3ae72ca,2022-08-22,Winston-Salem Open - Winston-Salem,United States of America,2022-08-21,Laslo Djere,David Goffin,First Round,26,27,9,13,15,36,11,12
f4642ce962e4b30edd637cd1e244b3bc,2022-08-22,Winston-Salem Open - Winston-Salem,United States of America,2022-08-21,Soon-Woo Kwon,Daniel Altmaier,First Round,23,17,14,20,21,15,7,13
f7464cb9a6f81c6434ea69b1834350ca,2022-08-22,Winston-Salem Open - Winston-Salem,United States of America,2022-08-21,Thiago Moura Monteiro,Denis Kudla,First Round,27,18,7,8,26,27,5,9
bdeff2c1991cefcc67c89336ff445dd3,2022-08-22,Winston-Salem Open - Winston-Salem,United States of America,2022-08-22,Adrian Mannarino,Christopher O'Connell,First Round,35,55,29,41,48,59,20,22
1a3cb8c52f100857a17c64f7aec088a8,2022-08-22,Winston-Salem Open - Winston-Salem,United States of America,2022-08-22,Alejandro Tabilo,Shintaro Mochizuki,First Round,27,31,10,20,27,46,17,33
67af612151b5f45bea41c4e14d2a0af9,2022-08-22,Winston-Salem Open - Winston-Salem,United States of America,2022-08-22,Chun Hsin Tseng,Marton Fucsovics,First Round,13,20,11,15,20,35,7,11
ecfe22079e1124481981461f644042a4,2022-08-22,Winston-Salem Open - Winston-Salem,United States of America,2022-08-22,Dominic Thiem,Jeff Wolf,First Round,33,28,1,5,30,38,14,22
866a840db808c8cdfe394e8025a91b5a,2022-08-22,Winston-Salem Open - Winston-Salem,United States of America,2022-08-22,Fabio Fognini,Dusan Lajovic,First Round,26,21,15,16,13,30,2,6
e22a6339800b1c5573435f00b11482ce,2022-08-22,Winston-Salem Open - Winston-Salem,United States of America,2022-08-22,James Duckworth,Thanasi Kokkinakis,First Round,34,24,14,19,43,27,9,12
7564b80a3df7f74f593c779d1c68ce90,2022-08-22,Winston-Salem Open - Winston-Salem,United States of America,2022-08-22,Kyle Edmund,Michail Pervolarakis,First Round,31,18,9,12,26,21,5,6
f149c9b1127a64c93a9e6ae217b5a535,2022-08-22,Winston-Salem Open - Winston-Salem,United States of America,2022-08-22,Mikael Ymer,Federico Coria,First Round,18,16,8,8,9,26,3,5
78ae1faa36904cde06d58c77e6863c33,2022-08-22,Winston-Salem Open - Winston-Salem,United States of America,2022-08-22,Peter Gojowczyk,Jiri Lehecka,First Round,25,21,11,16,14,21,6,8
f60aa0bffca0b028d1b84ed153ecb53d,2022-08-22,Winston-Salem Open - Winston-Salem,United States of America,2022-08-22,Steve Johnson,Emilio Nava,First Round,11,15,0,5,9,16,2,2
c47aa2e233bf75417170e56983011129,2022-08-22,Winston-Salem Open - Winston-Salem,United States of America,2022-08-22,Tallon Griekspoor,Taro Daniel,First Round,30,27,8,16,16,9,5,9
a424bf3ee4691db21aea55fc8dbd129a,2022-08-22,Winston-Salem Open - Winston-Salem,United States of America,2022-08-22,Thiago Moura Monteiro,Nikoloz Basilashvili,Second Round,13,11,3,3,11,33,2,3
c1a458d7fbbf363845b4cdad250a76a6,2022-08-22,Winston-Salem Open - Winston-Salem,United States of America,2022-08-23,Adrian Mannarino,Emil Ruusuvuori,Second Round,15,15,4,6,12,20,3,8
d0ef68e084972c4abaae487b8114e1fa,2022-08-22,Winston-Salem Open - Winston-Salem,United States of America,2022-08-23,Albert Ramos-Vinolas,John Millman,Second Round,19,15,4,4,26,25,8,9
f4e993b9b17e3d24c05c81c2aa1cfa45,2022-08-22,Winston-Salem Open - Winston-Salem,United States of America,2022-08-23,Benjamin Bonzi,Kyle Edmund,Second Round,16,28,5,6,23,30,7,14
1100876b9c54f25b584987134afd3843,2022-08-22,Winston-Salem Open - Winston-Salem,United States of America,2022-08-23,Botic Van De Zandschulp,Tallon Griekspoor,Second Round,27,20,15,21,17,15,12,20
62500bd57fda7dedf0c8646bea7b8f17,2022-08-22,Winston-Salem Open - Winston-Salem,United States of America,2022-08-23,Ilya Ivashka,Peter Gojowczyk,Second Round,10,7,2,3,16,22,1,5
491011e7c0335ce532f9b70260a9e5c4,2022-08-22,Winston-Salem Open - Winston-Salem,United States of America,2022-08-23,Jack Draper,Fabio Fognini,Second Round,14,18,7,11,28,34,14,20
fc4cfea8a340651599bbcd928f8a9a50,2022-08-22,Winston-Salem Open - Winston-Salem,United States of America,2022-08-23,Jason Murray Kubler,Soon-Woo Kwon,Second Round,24,14,8,11,20,22,9,14
6e0802bd0166a5ea759479647b316d5a,2022-08-22,Winston-Salem Open - Winston-Salem,United States of America,2022-08-23,Jaume Antoni Munar Clar,Chun Hsin Tseng,Second Round,20,17,13,18,13,22,10,19
e5de2a549acc8bcc9025b74bc4267190,2022-08-22,Winston-Salem Open - Winston-Salem,United States of America,2022-08-23,Laslo Djere,Joao Sousa,Second Round,45,43,9,16,29,29,12,16
be4dd3a2ae60e38e2d98db4b6918f83c,2022-08-22,Winston-Salem Open - Winston-Salem,United States of America,2022-08-23,Lorenzo Sonego,Alejandro Tabilo,Second Round,22,13,13,17,15,18,10,19
4468ccfb678359ce3da61baad7f1a8a5,2022-08-22,Winston-Salem Open - Winston-Salem,United States of America,2022-08-23,Marc-Andrea Huesler,Mikael Ymer,Second Round,24,18,20,31,14,14,4,12
8152b3ddc522c00ecb4c0f5e6098ec7b,2022-08-22,Winston-Salem Open - Winston-Salem,United States of America,2022-08-23,Maxime Cressy,James Duckworth,Second Round,28,15,12,16,10,8,4,7
552c5b8b3d37aa1cf64fdd1ee42a38a3,2022-08-22,Winston-Salem Open - Winston-Salem,United States of America,2022-08-23,Richard Gasquet,Lorenzo Musetti,Second Round,30,21,26,35,31,28,5,10
d6c7c71f7dc115adc906913ff3c0a438,2022-08-22,Winston-Salem Open - Winston-Salem,United States of America,2022-08-23,Steve Johnson,Pedro Martinez Portero,Second Round,35,17,10,12,19,16,12,20
f625f4bc0d61f84df2c2ab85c3226c4f,2022-08-22,Winston-Salem Open - Winston-Salem,United States of America,2022-08-24,Adrian Mannarino,Albert Ramos-Vinolas,Third Round,22,19,5,7,12,14,6,8
620a6b6613e53b8cf9e04598bf767363,2022-08-22,Winston-Salem Open - Winston-Salem,United States of America,2022-08-24,Benjamin Bonzi,Thiago Moura Monteiro,Third Round,25,16,13,15,15,20,3,6
b32e3e867ed117a5bc18054000c2caf3,2022-08-22,Winston-Salem Open - Winston-Salem,United States of America,2022-08-24,Botic Van De Zandschulp,Jaume Antoni Munar Clar,Third Round,28,21,16,27,10,19,5,8
644c9c4edf4a6f26597d5c03f517d4a1,2022-08-22,Winston-Salem Open - Winston-Salem,United States of America,2022-08-24,Jack Draper,Dominic Thiem,Third Round,19,7,7,9,14,26,7,16
a225af4501488e0c8f15a3daaa4b9eac,2022-08-22,Winston-Salem Open - Winston-Salem,United States of America,2022-08-24,Laslo Djere,Jason Murray Kubler,Third Round,46,41,13,17,24,35,19,21
fb2a05ef1af3ad7da95ec7a40b34098b,2022-08-22,Winston-Salem Open - Winston-Salem,United States of America,2022-08-24,Marc-Andrea Huesler,Ilya Ivashka,Third Round,42,32,20,38,35,25,18,23
fbe463f689adf1834b781ac55a63b5af,2022-08-22,Winston-Salem Open - Winston-Salem,United States of America,2022-08-24,Maxime Cressy,Lorenzo Sonego,Third Round,47,19,52,70,25,14,11,17
3b70d2414d5f25cc43e6955b5adf1485,2022-08-22,Winston-Salem Open - Winston-Salem,United States of America,2022-08-24,Richard Gasquet,Steve Johnson,Third Round,17,10,10,16,44,32,11,14
4fde92ea73ada4b86afcc391b8167653,2022-08-22,Winston-Salem Open - Winston-Salem,United States of America,2022-08-25,Adrian Mannarino,Maxime Cressy,Quarter-Finals,21,8,7,12,27,26,17,33
5df17f70176bde14c6d29900a1f6fd54,2022-08-22,Winston-Salem Open - Winston-Salem,United States of America,2022-08-25,Botic Van De Zandschulp,Benjamin Bonzi,Quarter-Finals,50,18,19,25,24,13,16,26
b5e722d5c55853356dc16b1a683e8ae3,2022-08-22,Winston-Salem Open - Winston-Salem,United States of America,2022-08-25,Laslo Djere,Richard Gasquet,Quarter-Finals,45,42,5,13,22,16,16,21
a7b812e2a20ae79d3d37ae269908211b,2022-08-22,Winston-Salem Open - Winston-Salem,United States of America,2022-08-25,Marc-Andrea Huesler,Jack Draper,Quarter-Finals,21,15,14,23,22,15,6,8
5dd49eba9b2d94147b67a1b8486536fd,2022-08-22,Winston-Salem Open - Winston-Salem,United States of America,2022-08-26,Adrian Mannarino,Botic Van De Zandschulp,Semi-Finals,7,9,4,7,14,29,7,12
c2509533a3f1547d4d41b2abbd9d6907,2022-08-22,Winston-Salem Open - Winston-Salem,United States of America,2022-08-26,Laslo Djere,Marc-Andrea Huesler,Semi-Finals,37,23,17,24,24,22,18,31
2394caa8a9e4fd1079ce2024ea2006f9,2022-08-22,Winston-Salem Open - Winston-Salem,United States of America,2022-08-27,Adrian Mannarino,Laslo Djere,Final,20,17,8,11,20,29,2,8
437230d341a0d1faecf1d021635900ac,2022-09-19,San Diego Open - San Diego,United States of America,2022-09-17,Aleksandar Kovacevic,Giovanni Oradini,Qualifying First Round,36,24,15,21,26,8,11,20
a364c7b5d5f38cb2d4fd793b8279c18f,2022-09-19,San Diego Open - San Diego,United States of America,2022-09-17,Christopher Eubanks,Alafia Ayeni,Qualifying First Round,28,8,11,12,10,10,11,23
ad0e7beb4f8a6846fb2be8b9af60acbf,2022-09-19,San Diego Open - San Diego,United States of America,2022-09-17,Emilio Nava,Gage Brymer,Qualifying First Round,16,10,7,11,5,15,2,6
80837ac6735cfac9bcaeefcbc8bca264,2022-09-19,San Diego Open - San Diego,United States of America,2022-09-17,Ernesto Escobedo,Bradley Klahn,Qualifying First Round,28,15,20,34,49,31,17,22
e8100ae4c822ad28e691ae5a2476c3b3,2022-09-19,San Diego Open - San Diego,United States of America,2022-09-17,Facundo Mena,Keegan Smith,Qualifying First Round,26,15,21,33,21,18,18,34
cde00030cae729ffba26344468446dfe,2022-09-19,San Diego Open - San Diego,United States of America,2022-09-17,Govind Nanda,Juan Pablo Ficovich,Qualifying First Round,25,5,20,23,16,18,9,19
52f01638ff9572aee12a5c86f732410a,2022-09-19,San Diego Open - San Diego,United States of America,2022-09-17,Marek Gengel,Sebastian Fanselow,Qualifying First Round,25,16,7,9,12,17,9,18
6f6461da981bd0a5a8d1130124c16fc5,2022-09-19,San Diego Open - San Diego,United States of America,2022-09-17,Mitchell Krueger,Hudson Rivera,Qualifying First Round,32,14,14,19,16,20,10,16
62f64785799a2d58f19e4da5c48d310e,2022-09-19,San Diego Open - San Diego,United States of America,2022-09-18,Christopher Eubanks,Ernesto Escobedo,Qualifying Final Round,43,24,21,26,18,7,9,18
006db6a90e17fd09eb158b5ec4a94d98,2022-09-19,San Diego Open - San Diego,United States of America,2022-09-18,Emilio Nava,Aleksandar Kovacevic,Qualifying Final Round,36,16,11,14,20,14,14,23
0a77b86f134fedf21bad9962746ac769,2022-09-19,San Diego Open - San Diego,United States of America,2022-09-18,Facundo Mena,Marek Gengel,Qualifying Final Round,19,9,11,17,15,18,10,16
f5aa52c7462431b64b9571b5b63bbc6a,2022-09-19,San Diego Open - San Diego,United States of America,2022-09-18,Mitchell Krueger,Govind Nanda,Qualifying Final Round,52,26,34,50,46,19,32,54
27cc979bd8eb9e41d188da1f30605761,2022-09-19,San Diego Open - San Diego,United States of America,2022-09-19,Constant Lestienne,Brandon Holt,First Round,47,21,14,21,39,17,18,28
057f376af82935aac117a66eec0a07fa,2022-09-19,San Diego Open - San Diego,United States of America,2022-09-19,James Duckworth,Alexei Popyrin,First Round,53,12,15,26,35,18,13,26
ebee6f555b54d6ffac4f977f2c2b637d,2022-09-19,San Diego Open - San Diego,United States of America,2022-09-19,Jeff Wolf,Stefan Kozlov,First Round,18,15,14,21,17,11,7,11
777ed23659d13e79396df50b78e3c0c8,2022-09-19,San Diego Open - San Diego,United States of America,2022-09-19,Tomas Martin Etcheverry,Facundo Mena,First Round,13,14,11,19,28,23,19,24
596d388ba9b4ea2ac2d89df27cec575a,2022-09-19,San Diego Open - San Diego,United States of America,2022-09-20,Brandon Nakashima,Zachary Svajda,First Round,36,28,15,19,17,16,12,19
ac216fa2b14a04d51104f3d6ad92cbc6,2022-09-19,San Diego Open - San Diego,United States of America,2022-09-20,Denis Kudla,Fernando Verdasco,First Round,14,14,5,8,16,13,8,15
1ec196b148718537fb46571642b75a80,2022-09-19,San Diego Open - San Diego,United States of America,2022-09-20,Mitchell Krueger,Christopher Eubanks,First Round,18,4,5,8,25,20,13,22
9b9c306f659f376dd2d762201089e8c0,2022-09-19,San Diego Open - San Diego,United States of America,2022-09-20,Taro Daniel,Emilio Nava,First Round,14,4,3,8,20,27,4,11
a78ea9838eb718c4a9bc090d1119baa6,2022-09-19,San Diego Open - San Diego,United States of America,2022-09-21,Alejandro Tabilo,Steve Johnson,First Round,24,3,7,16,24,13,12,20
1918a9a684867f28bf174641bba209e0,2022-09-19,San Diego Open - San Diego,United States of America,2022-09-21,Daniel Elahi Galan,Marc-Andrea Huesler,First Round,27,10,13,19,21,14,15,22
0e1684d0b5be2d8988aac338ee4065df,2022-09-19,San Diego Open - San Diego,United States of America,2022-09-21,James Duckworth,Mitchell Krueger,Second Round,27,19,6,10,9,14,13,19
4e320266152a55b479ca6213dc727fe6,2022-09-19,San Diego Open - San Diego,United States of America,2022-09-21,Mackenzie Mcdonald,Henri Laaksonen,First Round,19,6,9,11,11,14,1,1
3b69d93e8919f3bd76254e6f26a16ddd,2022-09-19,San Diego Open - San Diego,United States of America,2022-09-21,Marcos Giron,Tomas Martin Etcheverry,Second Round,30,17,11,15,11,18,8,14
af5b1a53effa662bb4fdf4d203e0b3a9,2022-09-19,San Diego Open - San Diego,United States of America,2022-09-22,Brandon Nakashima,Denis Kudla,Second Round,25,5,4,11,19,12,8,12
4f755a48b9f943fbffd98bb9ce510f03,2022-09-19,San Diego Open - San Diego,United States of America,2022-09-22,Christopher O'Connell,Jeff Wolf,Second Round,50,16,18,24,24,21,12,18
bf0828b74df684d32ef58ef670480e07,2022-09-19,San Diego Open - San Diego,United States of America,2022-09-22,Constant Lestienne,Alejandro Tabilo,Second Round,23,9,8,14,18,18,6,11
4670bd91ba636cc6d5ede6c77283549e,2022-09-19,San Diego Open - San Diego,United States of America,2022-09-22,Daniel Elahi Galan,Pedro Martinez Portero,Second Round,44,28,23,38,28,20,19,34
66205f54bd49f63b4cd9540a5f20a46c,2022-09-19,San Diego Open - San Diego,United States of America,2022-09-22,Daniel Evans,Taro Daniel,Second Round,19,9,15,22,20,11,18,24
17d09e42d4677cb88d9fca5db41ebd5c,2022-09-19,San Diego Open - San Diego,United States of America,2022-09-22,Jenson Brooksby,Mackenzie Mcdonald,Second Round,21,17,13,18,24,24,17,26
3e7d09d8840d47f5e90e46c094c9655c,2022-09-19,San Diego Open - San Diego,United States of America,2022-09-23,Brandon Nakashima,Daniel Elahi Galan,Quarter-Finals,38,11,12,20,33,12,15,20
e7094bbf728a7a43cc462bbc51bb0f55,2022-09-19,San Diego Open - San Diego,United States of America,2022-09-23,Christopher O'Connell,Jenson Brooksby,Quarter-Finals,50,16,18,24,24,21,12,18
aa1ab1963b60d42bfcde8d2bd8dbf7cc,2022-09-19,San Diego Open - San Diego,United States of America,2022-09-23,Daniel Evans,Constant Lestienne,Quarter-Finals,23,12,14,25,15,21,14,24
d95a07ffdfad969bbebff2a6ed32f3c7,2022-09-19,San Diego Open - San Diego,United States of America,2022-09-23,Marcos Giron,James Duckworth,Quarter-Finals,34,9,4,8,36,12,11,17
2fd643679b0c7ee6a258f8c899bf4841,2022-09-19,San Diego Open - San Diego,United States of America,2022-09-24,Brandon Nakashima,Christopher O'Connell,Semi-Finals,31,16,16,24,34,13,13,18
2d10ba5cc0b43f5891482e5e12c2bf5a,2022-09-19,San Diego Open - San Diego,United States of America,2022-09-24,Marcos Giron,Daniel Evans,Semi-Finals,40,13,17,22,25,9,19,32
cc6fc26c08789cc947bc0710630dee2d,2022-09-19,San Diego Open - San Diego,United States of America,2022-09-25,Brandon Nakashima,Marcos Giron,Final,30,6,,,19,17,,
c330efd5c5f6a5c3962821a90b12e3dd,2022-09-26,Korea Open - Seoul,South Korea,2022-09-26,Aleksandar Kovacevic,Miomir Kecmanovic,First Round,39,19,10,13,18,11,8,11
19ffd8203591f432cfcfb416329d4679,2022-09-26,Korea Open - Seoul,South Korea,2022-09-26,Kaichi Uchida,Seongchan Hong,First Round,24,16,12,16,15,14,5,10
2bf5adca3d1d9b6a119227f7deffaa38,2022-09-26,Korea Open - Seoul,South Korea,2022-09-26,Radu Albot,Hiroki Moriya,First Round,21,13,8,11,18,21,6,16
2c83f967ad4d1f79c83dba7f96bcf4ef,2022-09-26,Korea Open - Seoul,South Korea,2022-09-27,Jenson Brooksby,Tung-Lin Wu,First Round,32,16,7,12,32,22,11,17
d7ba8a6546154bde591a50f7d15d31ed,2022-09-26,Korea Open - Seoul,South Korea,2022-09-27,Soon-Woo Kwon,Yunseong Chung,First Round,32,23,10,16,19,22,5,15
a8637fe6906b6eaf8bf42dee66a7ee32,2022-09-26,Korea Open - Seoul,South Korea,2022-09-27,Steve Johnson,Ji Sung Nam,First Round,20,12,7,10,26,7,10,20
b1a64410a5ef6bcdaf7a71952a604549,2022-09-26,Korea Open - Seoul,South Korea,2022-09-27,Yoshihito Nishioka,Daniel Evans,First Round,27,14,10,15,26,26,15,33
321c0d1ba9fa3cab1316dab49cef7efc,2022-09-26,Korea Open - Seoul,South Korea,2022-09-28,Denis Shapovalov,Jaume Antoni Munar Clar,Second Round,31,23,18,25,11,10,6,12
dd0f3c12ab1bb40d7a9990a71508bfe2,2022-09-26,Korea Open - Seoul,South Korea,2022-09-28,Radu Albot,Steve Johnson,Second Round,19,17,10,17,36,25,6,16
55ec5e7536c06d6fd7f15bbe6a939a39,2022-09-26,Korea Open - Seoul,South Korea,2022-09-28,Taro Daniel,Emilio Gomez,First Round,20,19,11,14,12,9,3,7
d03ee067ebea0403b729b9d8d4fc02b0,2022-09-26,Korea Open - Seoul,South Korea,2022-09-29,Cameron Norrie,Kaichi Uchida,Second Round,17,12,9,11,8,17,5,9
321d50da1a135020b3647545e73a9eb4,2022-09-26,Korea Open - Seoul,South Korea,2022-09-29,Casper Ruud,Nicolas Jarry,Second Round,18,7,7,9,35,22,14,22
d28129a9746a7282f24bb8915c7fe21f,2022-09-26,Korea Open - Seoul,South Korea,2022-09-29,Jenson Brooksby,Soon-Woo Kwon,Second Round,24,12,13,18,17,14,4,6
6ec007b1a2b1d71eaecb0608f266645e,2022-09-26,Korea Open - Seoul,South Korea,2022-09-29,Mackenzie Mcdonald,Shintaro Mochizuki,Second Round,16,12,8,11,22,19,20,26
f187f97309ada6e557c59414cbaa3c0e,2022-09-26,Korea Open - Seoul,South Korea,2022-09-29,Yoshihito Nishioka,Taro Daniel,Second Round,14,9,11,15,11,19,7,11
c96d5e86c41dea97adeaa43c213e1512,2022-09-26,Korea Open - Seoul,South Korea,2022-09-30,Aleksandar Kovacevic,Mackenzie Mcdonald,Quarter-Finals,40,12,15,23,18,11,9,17
f1b8ad70965556d9852cc311c4c49697,2022-09-26,Korea Open - Seoul,South Korea,2022-09-30,Denis Shapovalov,Radu Albot,Quarter-Finals,26,13,12,14,10,9,6,11
7efd84f596043420154d85941ecc63f7,2022-09-26,Korea Open - Seoul,South Korea,2022-09-30,Yoshihito Nishioka,Casper Ruud,Quarter-Finals,32,14,19,24,34,35,17,23
5409e948b0a3f603bab62f752b55553b,2022-09-26,Korea Open - Seoul,South Korea,2022-10-01,Denis Shapovalov,Jenson Brooksby,Semi-Finals,22,26,6,13,7,4,6,8
447c590ac0759453512bae13d076a9bb,2022-09-26,Korea Open - Seoul,South Korea,2022-10-01,Yoshihito Nishioka,Aleksandar Kovacevic,Semi-Finals,22,5,13,15,42,29,18,25
9b6a8faef5b97a2cc9452b2bdfd5b127,2022-09-26,Korea Open - Seoul,South Korea,2022-10-02,Yoshihito Nishioka,Denis Shapovalov,Final,14,10,9,17,38,31,25,37
a3b14d7eb09c75c857891cd83669108b,2022-09-26,Sofia Open - Sofia,Bulgaria,2022-09-26,Alexandar Lazarov,Jiri Lehecka,First Round,17,13,7,11,22,31,14,23
be7c44a103c36ab847a09ce254638d5b,2022-09-26,Sofia Open - Sofia,Bulgaria,2022-09-26,Ilya Ivashka,Mikael Ymer,First Round,30,42,24,34,28,35,11,21
4d6f062702d9588f80efdf67093a2fe9,2022-09-26,Sofia Open - Sofia,Bulgaria,2022-09-26,Kamil Majchrzak,Ricardas Berankis,First Round,26,3,2,6,29,12,4,10
bc77507aab0abd53c5e303fbfad12d64,2022-09-26,Sofia Open - Sofia,Bulgaria,2022-09-27,Aleksandar Vukic,Fabio Fognini,First Round,18,18,5,8,21,28,10,13
7806192a91739ae7dddf23ec76b77c7f,2022-09-26,Sofia Open - Sofia,Bulgaria,2022-09-27,Holger Rune,Tim Van Rijthoven,First Round,18,11,5,6,27,23,13,20
fdc1894407d9b548591deb70cedb9020,2022-09-26,Sofia Open - Sofia,Bulgaria,2022-09-27,Oscar Otte,Dragos Nicolae Madaras,First Round,15,6,8,10,16,26,6,12
d64b2ce2fa20dfc4534396c95c7df505,2022-09-26,Sofia Open - Sofia,Bulgaria,2022-09-27,Ugo Humbert,Dimitar Kuzmanov,First Round,31,38,25,38,18,12,17,20
57c86253fc0fb24cf97ad5b8eb94549a,2022-09-26,Sofia Open - Sofia,Bulgaria,2022-09-28,Fernando Verdasco,Nikoloz Basilashvili,First Round,15,13,5,5,19,30,4,7
3f2540e5277048eee785b88189d6ac19,2022-09-26,Sofia Open - Sofia,Bulgaria,2022-09-28,Ilya Ivashka,Grigor Dimitrov,Second Round,18,10,10,13,18,19,9,14
2614052f7893cecd0840fda7f0e14b80,2022-09-26,Sofia Open - Sofia,Bulgaria,2022-09-28,Lorenzo Musetti,Alexandar Lazarov,Second Round,42,15,24,33,43,24,24,36
aa3525d8586b994bb6825503dd475599,2022-09-26,Sofia Open - Sofia,Bulgaria,2022-09-28,Lorenzo Sonego,Bernabe Zapata Miralles,First Round,16,5,10,11,16,17,10,20
66b4772b5d53531e0dc63351ef28ba8c,2022-09-26,Sofia Open - Sofia,Bulgaria,2022-09-29,Aleksandar Vukic,Fernando Verdasco,Second Round,12,20,3,9,16,22,3,5
ab897a3119f61ba70165b4df1ae5d0ce,2022-09-26,Sofia Open - Sofia,Bulgaria,2022-09-29,Holger Rune,Lorenzo Sonego,Second Round,38,13,25,35,28,15,18,26
951d48f409a15e8b03356406dd79f11e,2022-09-26,Sofia Open - Sofia,Bulgaria,2022-09-29,Jan-Lennard Struff,Ugo Humbert,Second Round,14,13,9,11,9,13,2,4
eaee26fc117d9e53bce1f304d6b4f363,2022-09-26,Sofia Open - Sofia,Bulgaria,2022-09-29,Jannik Sinner,Nuno Borges,Second Round,23,20,6,14,12,9,8,12
51d2d0d56b31c24c8191bdee2878d1e3,2022-09-26,Sofia Open - Sofia,Bulgaria,2022-09-29,Marc-Andrea Huesler,Pablo Carreno-Busta,Second Round,46,8,18,26,27,8,10,14
d67d4bfd64d15aee59bad8afe0b60e65,2022-09-26,Sofia Open - Sofia,Bulgaria,2022-09-30,Holger Rune,Ilya Ivashka,Quarter-Finals,35,20,12,19,18,23,15,29
9fae77639024424dbdf6df3452c0d756,2022-09-26,Sofia Open - Sofia,Bulgaria,2022-09-30,Jannik Sinner,Aleksandar Vukic,Quarter-Finals,21,14,8,10,5,10,1,11
efb24d16ddd6bf339b3ae4dc4362fc5a,2022-09-26,Sofia Open - Sofia,Bulgaria,2022-09-30,Lorenzo Musetti,Jan-Lennard Struff,Quarter-Finals,28,6,9,12,18,16,19,29
cdbb19f1f905b0cdbbb9969f82d247ac,2022-09-26,Sofia Open - Sofia,Bulgaria,2022-09-30,Marc-Andrea Huesler,Kamil Majchrzak,Quarter-Finals,49,16,18,30,43,20,20,26
d4a9ebf8def1adfd31358cfb9202bdb5,2022-09-26,Sofia Open - Sofia,Bulgaria,2022-10-01,Marc-Andrea Huesler,Lorenzo Musetti,Semi-Finals,24,15,,,29,13,,
f11bdecd23330d6c41e1e0ccc8e932a2,2022-09-26,Sofia Open - Sofia,Bulgaria,2022-10-02,Marc-Andrea Huesler,Holger Rune,Final,28,9,17,28,35,15,7,12
f538dc9cdd99494f2e453e1e40772f21,2022-09-26,Tel Aviv Watergen Open - Tel Aviv,Israel,2022-09-25,Alexander Shevchenko,Marek Gengel,Qualifying First Round,12,13,5,7,16,17,2,6
a76f0e70e77fda3496741587d4128201,2022-09-26,Tel Aviv Watergen Open - Tel Aviv,Israel,2022-09-25,Cem Ilkel,Zsombor Piros,Qualifying First Round,35,23,17,33,51,31,31,45
a46a92d1754421c05e05fd79fe085b0c,2022-09-26,Tel Aviv Watergen Open - Tel Aviv,Israel,2022-09-25,Edan Leshem,Lorenzo Giustino,Qualifying First Round,15,11,12,14,12,25,5,9
51376e1384ef5fb2063e6f3da52b9e23,2022-09-26,Tel Aviv Watergen Open - Tel Aviv,Israel,2022-09-25,Liam Broady,Roberto Marcora,Qualifying First Round,24,11,13,28,13,19,12,20
23fb19b6326cf7322657a9a07bab6505,2022-09-26,Tel Aviv Watergen Open - Tel Aviv,Israel,2022-09-25,Luca Nardi,Andrey Chepelev,Qualifying First Round,25,14,11,12,9,19,5,6
1b2dad96164961473d73b23ed6c57e95,2022-09-26,Tel Aviv Watergen Open - Tel Aviv,Israel,2022-09-25,Marius Copil,Nicholas David Ionel,Qualifying First Round,43,30,24,38,12,10,16,26
ed56c8e7c09193e8c42e70555d6cfbbb,2022-09-26,Tel Aviv Watergen Open - Tel Aviv,Israel,2022-09-25,Nicolas Alvarez Varona,Daniel Cukierman,Qualifying First Round,19,11,16,22,18,17,12,23
05ece7ac7eebd6e320cd3c6561e9f084,2022-09-26,Tel Aviv Watergen Open - Tel Aviv,Israel,2022-09-25,Vasek Pospisil,Illya Marchenko,Qualifying First Round,27,15,10,14,12,11,6,11
89f89847c02f89a82395e915c285f1d3,2022-09-26,Tel Aviv Watergen Open - Tel Aviv,Israel,2022-09-26,Cem Ilkel,Alexander Shevchenko,Qualifying Final Round,31,13,27,38,30,17,11,22
d5e870971bc682eb33084c7c6557edcc,2022-09-26,Tel Aviv Watergen Open - Tel Aviv,Israel,2022-09-26,Dominic Thiem,Laslo Djere,First Round,26,30,14,19,42,40,20,30
23779db44d801e2ffddfb96837641af1,2022-09-26,Tel Aviv Watergen Open - Tel Aviv,Israel,2022-09-26,Edan Leshem,Luca Nardi,Qualifying Final Round,20,19,22,31,25,17,9,17
76b4294c70b4be05f6e89fbaf7475031,2022-09-26,Tel Aviv Watergen Open - Tel Aviv,Israel,2022-09-26,Liam Broady,Nicolas Alvarez Varona,Qualifying Final Round,21,11,17,21,25,28,13,18
602459549ee2cf1a9bd306bec75799db,2022-09-26,Tel Aviv Watergen Open - Tel Aviv,Israel,2022-09-26,Marius Copil,Vasek Pospisil,Qualifying Final Round,15,8,10,15,20,21,5,9
b185fd508bcc91e5e706057a866c7628,2022-09-26,Tel Aviv Watergen Open - Tel Aviv,Israel,2022-09-26,Roman Safiullin,Hugo Grenier,First Round,37,31,23,27,20,11,7,11
9668b5add8e8994a9281d95de26b4264,2022-09-26,Tel Aviv Watergen Open - Tel Aviv,Israel,2022-09-27,Arthur Rinderknech,Marius Copil,First Round,40,21,23,32,32,16,25,38
f4020aac4fde417d238cc22bc8e1979c,2022-09-26,Tel Aviv Watergen Open - Tel Aviv,Israel,2022-09-27,Botic Van De Zandschulp,Joao Sousa,First Round,28,14,15,19,6,13,8,11
407fa487c733a6261ad81f7dfa590eba,2022-09-26,Tel Aviv Watergen Open - Tel Aviv,Israel,2022-09-27,Edan Leshem,Yshai Oliel,First Round,17,6,15,21,10,17,4,9
1e9e2f52d21812f74ae0454db32fc74f,2022-09-26,Tel Aviv Watergen Open - Tel Aviv,Israel,2022-09-27,Emil Ruusuvuori,Jeff Wolf,First Round,17,8,5,8,6,11,3,8
352b26d747decc2935460ca082449528,2022-09-26,Tel Aviv Watergen Open - Tel Aviv,Israel,2022-09-27,Liam Broady,Hamad Medjedovic,First Round,24,9,7,9,17,17,11,17
4699fbe7c4245cc55931df3ea9ed98fc,2022-09-26,Tel Aviv Watergen Open - Tel Aviv,Israel,2022-09-27,Sebastian Korda,Cem Ilkel,First Round,25,14,14,17,13,8,5,8
b3c3a351d38b8d51f32f25b00991e06f,2022-09-26,Tel Aviv Watergen Open - Tel Aviv,Israel,2022-09-27,Tomas Martin Etcheverry,Aslan Karatsev,First Round,21,8,8,9,40,40,22,31
d595715ac22113b2eb4ca5e347e1286d,2022-09-26,Tel Aviv Watergen Open - Tel Aviv,Israel,2022-09-27,Vasek Pospisil,Tallon Griekspoor,First Round,43,19,11,25,36,21,10,13
5d02de034cd43f8563d46090e08fa485,2022-09-26,Tel Aviv Watergen Open - Tel Aviv,Israel,2022-09-28,Constant Lestienne,Adrian Mannarino,First Round,17,12,7,11,25,21,12,15
7aeb0ba5e1fd683a6874cc8e44a420e0,2022-09-26,Tel Aviv Watergen Open - Tel Aviv,Israel,2022-09-28,Marin Cilic,Dominic Thiem,Second Round,42,26,20,25,24,18,8,13
900be83090a4ee22247fe05e462043af,2022-09-26,Tel Aviv Watergen Open - Tel Aviv,Israel,2022-09-28,Maxime Cressy,Sebastian Korda,Second Round,26,9,23,28,16,7,5,9
cfc75b54b2ca64bf7055009189d2ac0a,2022-09-26,Tel Aviv Watergen Open - Tel Aviv,Israel,2022-09-28,Pablo Andujar,Thiago Moura Monteiro,First Round,24,20,8,14,18,17,5,12
affdfc11910a5978a33ed24bf646c782,2022-09-26,Tel Aviv Watergen Open - Tel Aviv,Israel,2022-09-28,Roman Safiullin,Tomas Martin Etcheverry,Second Round,26,18,15,20,12,4,3,5
780c722735ebedeacc44b9ceb71ac267,2022-09-26,Tel Aviv Watergen Open - Tel Aviv,Israel,2022-09-29,Arthur Rinderknech,Diego Sebastian Schwartzman,Second Round,35,25,23,37,19,22,10,14
fe2ecbcfed6727292889d5ab1fa98158,2022-09-26,Tel Aviv Watergen Open - Tel Aviv,Israel,2022-09-29,Constant Lestienne,Emil Ruusuvuori,Second Round,14,10,7,11,14,29,10,23
ceb0c869762eed0fdbd5ce172cd14b3f,2022-09-26,Tel Aviv Watergen Open - Tel Aviv,Israel,2022-09-29,Liam Broady,Botic Van De Zandschulp,Second Round,17,16,22,34,46,26,21,29
bc8837262e5360d0f75431f50153168d,2022-09-26,Tel Aviv Watergen Open - Tel Aviv,Israel,2022-09-29,Novak Djokovic,Pablo Andujar,Second Round,29,8,15,18,17,15,11,15
9a14cd59678a8814c44492f523ae3ada,2022-09-26,Tel Aviv Watergen Open - Tel Aviv,Israel,2022-09-29,Vasek Pospisil,Edan Leshem,Second Round,24,9,12,16,11,13,12,22
1124cb70c984677cf8f179bb37410b33,2022-09-26,Tel Aviv Watergen Open - Tel Aviv,Israel,2022-09-30,Constant Lestienne,Maxime Cressy,Quarter-Finals,31,16,9,15,54,26,37,53
de62e5256c07b2d8b6acf0bdf0ba29b5,2022-09-26,Tel Aviv Watergen Open - Tel Aviv,Israel,2022-09-30,Novak Djokovic,Vasek Pospisil,Quarter-Finals,19,8,4,8,26,21,18,28
7585d758187313304e1b34e15febdb17,2022-09-26,Tel Aviv Watergen Open - Tel Aviv,Israel,2022-09-30,Roman Safiullin,Arthur Rinderknech,Quarter-Finals,26,6,9,10,14,6,7,12
7e5cdf94deb43f5722e7866bb16cbcbb,2022-09-26,Tel Aviv Watergen Open - Tel Aviv,Israel,2022-10-01,Marin Cilic,Constant Lestienne,Semi-Finals,29,24,10,11,8,23,5,10
60255897e8420cc1f20270bca6fceeab,2022-09-26,Tel Aviv Watergen Open - Tel Aviv,Israel,2022-10-01,Novak Djokovic,Roman Safiullin,Semi-Finals,14,10,,,22,28,,
945c8da712ae39760b0da033a8860c95,2022-09-26,Tel Aviv Watergen Open - Tel Aviv,Israel,2022-10-02,Novak Djokovic,Marin Cilic,Final,21,11,,,22,20,,
78e63427c666702d1e13db4f61cc1b56,2022-10-10,Firenze Open - Florence,Italy,2022-10-09,Altug Celikbilek,Andrea Vavassori,Qualifying Final Round,18,12,12,21,16,14,22,38
6df879faa67bba730cd47247fcbda170,2022-10-10,Firenze Open - Florence,Italy,2022-10-10,Altug Celikbilek,Giulio Zeppieri,First Round,22,8,5,10,14,13,12,18
bb8033293b82e93ec21afc7e55babee0,2022-10-10,Firenze Open - Florence,Italy,2022-10-10,Corentin Moutet,Flavio Cobolli,First Round,28,17,16,29,23,31,28,44
b765f025d49dae3573b9c6af9664228d,2022-10-10,Firenze Open - Florence,Italy,2022-10-10,Jeff Wolf,Francesco Maestrelli,First Round,16,19,7,9,20,16,6,8
6383f8a57438337336ff970d9d695ca7,2022-10-10,Firenze Open - Florence,Italy,2022-10-10,Roberto Carballes Baena,Daniel Elahi Galan,First Round,20,8,10,11,12,20,13,21
2b668bf5e79ee8bf265cab41442bb59d,2022-10-10,Firenze Open - Florence,Italy,2022-10-11,Alexander Bublik,Cristian Garin,First Round,37,18,4,9,14,8,13,27
2cd864a079c20d7682670a8e32981106,2022-10-10,Firenze Open - Florence,Italy,2022-10-11,Bernabe Zapata Miralles,Lorenzo Sonego,First Round,14,10,14,20,19,21,10,16
d72b691c9d431b40e55270d730c3145e,2022-10-10,Firenze Open - Florence,Italy,2022-10-11,Brandon Nakashima,Richard Gasquet,First Round,25,9,7,11,11,7,5,10
3b973606ffa78f30c351c6f3bd720a58,2022-10-10,Firenze Open - Florence,Italy,2022-10-11,Francesco Passaro,Zhizhen Zhang,First Round,22,4,17,23,29,20,23,35
07130b459c34239d0821099aa899b14e,2022-10-10,Firenze Open - Florence,Italy,2022-10-11,Mikael Ymer,Tim Van Rijthoven,First Round,10,5,7,8,6,21,2,4
963eb337755862a0c5817695cd0725f7,2022-10-10,Firenze Open - Florence,Italy,2022-10-12,Alexander Bublik,Corentin Moutet,Second Round,40,11,28,36,14,6,13,28
2a729669074ccea64b26c4b2bde3dbb0,2022-10-10,Firenze Open - Florence,Italy,2022-10-12,Jeff Wolf,Maxime Cressy,Second Round,19,6,17,21,22,9,18,32
abeaf59c638537572ba49cc9378c9a64,2022-10-10,Firenze Open - Florence,Italy,2022-10-12,Mikael Ymer,Aslan Karatsev,Second Round,23,9,13,15,28,30,21,37
d4568235a8601880014932f62f6c72fe,2022-10-10,Firenze Open - Florence,Italy,2022-10-12,Roberto Carballes Baena,Matteo Berrettini,Second Round,28,30,25,44,52,29,30,50
3d56b50aadca784197d46ba9fc8a7b7a,2022-10-10,Firenze Open - Florence,Italy,2022-10-13,Brandon Nakashima,Altug Celikbilek,Second Round,24,5,10,18,20,5,10,14
029c89a2ad652208ba13ce0652689d80,2022-10-10,Firenze Open - Florence,Italy,2022-10-13,Felix Auger Aliassime,Oscar Otte,Second Round,42,27,23,34,19,17,18,32
48f8d9375a03fb9277c5d55520c27932,2022-10-10,Firenze Open - Florence,Italy,2022-10-13,Lorenzo Musetti,Bernabe Zapata Miralles,Second Round,21,4,12,16,8,13,7,13
f4017199d95452370932b695bc15b371,2022-10-10,Firenze Open - Florence,Italy,2022-10-13,Mackenzie Mcdonald,Francesco Passaro,Second Round,19,20,16,25,15,17,16,23
abaca86a0a33f187f1147faea8ab2edb,2022-10-10,Firenze Open - Florence,Italy,2022-10-14,Felix Auger Aliassime,Brandon Nakashima,Quarter-Finals,24,12,9,10,10,11,9,12
9ae1a04307f8385dac4cd15fd4d2a196,2022-10-10,Firenze Open - Florence,Italy,2022-10-14,Jeff Wolf,Alexander Bublik,Quarter-Finals,29,14,12,23,41,29,8,16
bc550acf022bcc4eb8cd6f87fee94b24,2022-10-10,Firenze Open - Florence,Italy,2022-10-14,Lorenzo Musetti,Mackenzie Mcdonald,Quarter-Finals,23,8,12,15,14,12,13,25
d02d7ea3caa48cadba7c1cca6c898c11,2022-10-10,Firenze Open - Florence,Italy,2022-10-14,Mikael Ymer,Roberto Carballes Baena,Quarter-Finals,27,8,15,25,13,10,14,22
2f5bb6359a0e3515a4ccf8cfcc464689,2022-10-10,Firenze Open - Florence,Italy,2022-10-15,Felix Auger Aliassime,Lorenzo Musetti,Semi-Finals,21,6,11,17,15,7,6,9
3bc7e59abf0c5564e7463e382afd04ee,2022-10-10,Firenze Open - Florence,Italy,2022-10-15,Jeff Wolf,Mikael Ymer,Semi-Finals,25,12,15,24,13,17,12,15
1d530b7d6fe1dd85de8d0c61a08b9fdf,2022-10-10,Firenze Open - Florence,Italy,2022-10-16,Felix Auger Aliassime,Jeff Wolf,Final,25,7,10,14,16,13,8,15
c71983041dc24a6730c1d18f3c2ebccf,2022-10-10,Gijon Open - Gijon,Spain,2022-10-10,Dominic Thiem,Joao Sousa,First Round,14,4,5,5,6,13,4,15
5c8d70f8b3891bfbb3a19fa0ac54aca6,2022-10-10,Gijon Open - Gijon,Spain,2022-10-10,Thiago Moura Monteiro,Benjamin Bonzi,First Round,25,12,9,10,20,12,7,11
e3142ad2ae3b693bca6227b23d79006a,2022-10-10,Gijon Open - Gijon,Spain,2022-10-10,Tommy Paul,Martin Landaluce,First Round,25,7,13,17,10,13,6,10
2676188d64f7cdd3b41af64f86c266ea,2022-10-10,Gijon Open - Gijon,Spain,2022-10-11,Andy Murray,Alejandro Davidovich Fokina,First Round,21,6,9,14,27,25,11,20
5ccf645ba685e086dca13227f7fac5b4,2022-10-10,Gijon Open - Gijon,Spain,2022-10-11,Ilya Ivashka,Feliciano Lopez,First Round,29,21,17,29,39,17,40,67
1e882fce9b17d88a70ea4230cfe6b64b,2022-10-10,Gijon Open - Gijon,Spain,2022-10-11,Marcos Giron,Albert Ramos-Vinolas,First Round,26,20,13,18,18,23,12,17
3ae855c75ffcf67172051ec54377a1db,2022-10-10,Gijon Open - Gijon,Spain,2022-10-12,Dominic Thiem,Marcos Giron,Second Round,22,28,14,20,22,38,13,27
f7c7fe1c5fb2034b039a957c1521be7e,2022-10-10,Gijon Open - Gijon,Spain,2022-10-12,Pablo Carreno-Busta,Thiago Moura Monteiro,Second Round,32,15,8,17,18,18,10,17
0d3406b3752c02c1bf31c7e63b72cbde,2022-10-10,Gijon Open - Gijon,Spain,2022-10-12,Pedro Cachin,Alexey Vatutin,First Round,11,11,6,13,10,18,8,11
82e69cfd1d28957af4cec12974618f38,2022-10-10,Gijon Open - Gijon,Spain,2022-10-12,Sebastian Korda,Jaume Antoni Munar Clar,First Round,28,15,21,28,13,9,5,12
f9406708c7ef77e8b8f16c1ce86763c4,2022-10-10,Gijon Open - Gijon,Spain,2022-10-12,Tommy Paul,Nicolas Alvarez Varona,Second Round,30,19,17,23,16,12,12,17
03428903282e7985ed3ba6acb6011c6f,2022-10-10,Gijon Open - Gijon,Spain,2022-10-13,Andrey Rublev,Ilya Ivashka,Second Round,50,22,15,17,13,15,15,24
301ba00687f6ac534b08e8b05d62e2f2,2022-10-10,Gijon Open - Gijon,Spain,2022-10-13,Andy Murray,Pedro Cachin,Second Round,31,19,22,31,45,19,25,45
b276c01d5a96e0b92682abef8deecff6,2022-10-10,Gijon Open - Gijon,Spain,2022-10-13,Francisco Cerundolo,Manuel Guinard,Second Round,25,17,16,17,16,13,11,17
ad0f029af768040a5490425f00b02587,2022-10-10,Gijon Open - Gijon,Spain,2022-10-13,Sebastian Korda,Roberto Bautista Agut,Second Round,52,25,21,47,14,21,15,25
de80895cfbea1d8c645fb4ae8854d400,2022-10-10,Gijon Open - Gijon,Spain,2022-10-14,Andrey Rublev,Tommy Paul,Quarter-Finals,17,9,9,10,19,19,11,17
aca4c3963d884caf77ed059de6fd6b10,2022-10-10,Gijon Open - Gijon,Spain,2022-10-14,Arthur Rinderknech,Pablo Carreno-Busta,Quarter-Finals,55,28,36,53,27,13,11,15
66b4adebc35fb46dbc609621586fcb52,2022-10-10,Gijon Open - Gijon,Spain,2022-10-14,Dominic Thiem,Francisco Cerundolo,Quarter-Finals,8,11,10,13,18,28,16,23
00540448a6f9dd68ac99dbfbba5cca09,2022-10-10,Gijon Open - Gijon,Spain,2022-10-14,Sebastian Korda,Andy Murray,Quarter-Finals,42,19,29,40,25,18,16,23
eb1662f287b1aa9f16de6a6dfae557aa,2022-10-10,Gijon Open - Gijon,Spain,2022-10-15,Andrey Rublev,Dominic Thiem,Semi-Finals,19,15,13,17,16,15,2,6
2130cce98999e9e941869a7bef446fea,2022-10-10,Gijon Open - Gijon,Spain,2022-10-15,Sebastian Korda,Arthur Rinderknech,Semi-Finals,29,14,16,21,16,22,11,19
dde9a7d30b46aad3037b78de5c033672,2022-10-10,Gijon Open - Gijon,Spain,2022-10-16,Andrey Rublev,Sebastian Korda,Final,30,4,7,11,24,8,4,8
024ee4b6b575bd1d99415f63bcff18cb,2022-10-17,European Open - Antwerp,Belgium,2022-10-16,Dominic Stricker,Alexander Blockx,Qualifying First Round,36,13,23,39,19,9,18,29
f7c4c1105a392e2c4d839c8ec4baace4,2022-10-17,European Open - Antwerp,Belgium,2022-10-16,Geoffrey Blancaneaux,Ruben Bemelmans,Qualifying First Round,26,8,14,21,24,18,22,36
a21d3350cd7d039ef9d88e9e76db21d5,2022-10-17,European Open - Antwerp,Belgium,2022-10-16,Jesper De Jong,Yannick Mertens,Qualifying First Round,25,13,8,8,17,16,12,24
7a0c061be9811cbb8601139e333f4514,2022-10-17,European Open - Antwerp,Belgium,2022-10-16,Luca Van Assche,Lucas Miedler,Qualifying First Round,39,25,15,25,31,24,28,40
5a3f5de9ff4cf6614d1a180f481260bc,2022-10-17,European Open - Antwerp,Belgium,2022-10-16,Manuel Guinard,Filip Horansky,Qualifying First Round,18,11,6,12,16,12,5,8
15bce1c77e6b2d58d65ba134bb513035,2022-10-17,European Open - Antwerp,Belgium,2022-10-16,Nicolas Alvarez Varona,Louis Wessels,Qualifying First Round,25,8,6,7,19,8,5,6
ed685c068eead3b71bc96910ae383fc5,2022-10-17,European Open - Antwerp,Belgium,2022-10-17,Daniel Evans,Tallon Griekspoor,First Round,11,4,13,18,29,17,14,20
7711eda64fe7ecbd08636bd1b485fb9a,2022-10-17,European Open - Antwerp,Belgium,2022-10-17,Jack Draper,Jenson Brooksby,First Round,21,4,6,6,8,11,4,6
27ec632bf5dfe7946e259bc4cba9bdea,2022-10-17,European Open - Antwerp,Belgium,2022-10-17,Jesper De Jong,Manuel Guinard,Qualifying Final Round,30,14,9,17,33,23,15,27
e3bd7a52b0cfd06612aa4ea16267fdbc,2022-10-17,European Open - Antwerp,Belgium,2022-10-17,Luca Van Assche,Geoffrey Blancaneaux,Qualifying Final Round,34,20,16,24,34,24,26,47
2c11fa7523e2e703c02504332a8990cb,2022-10-17,European Open - Antwerp,Belgium,2022-10-17,Richard Gasquet,Stan Wawrinka,First Round,31,16,17,23,42,21,14,25
b2f1cc094ee3d3c9dd544cd9405d7cd6,2022-10-17,European Open - Antwerp,Belgium,2022-10-17,Tim Van Rijthoven,Alexander Erler,Qualifying Final Round,36,6,7,12,23,13,19,34
7238113a3a3e2c2414e5e9c2852a1c30,2022-10-17,European Open - Antwerp,Belgium,2022-10-18,Constant Lestienne,Jesper De Jong,First Round,22,15,14,15,20,19,6,15
c12832ca571fae0264a65b4a419e210a,2022-10-17,European Open - Antwerp,Belgium,2022-10-18,David Goffin,Gilles Arnaud Bailly,First Round,57,31,26,34,23,23,17,30
35cb3972ac8e24f70151edd0a3a375e9,2022-10-17,European Open - Antwerp,Belgium,2022-10-18,Dominic Stricker,Botic Van De Zandschulp,First Round,19,9,15,21,23,20,13,22
0f8ced942e580ff5d22bf2df38d0f1c8,2022-10-17,European Open - Antwerp,Belgium,2022-10-18,Francisco Cerundolo,Marc-Andrea Huesler,First Round,41,21,12,21,35,18,25,41
7551da991eb3d288250ddb6fc563abc7,2022-10-17,European Open - Antwerp,Belgium,2022-10-18,Jaume Antoni Munar Clar,Tim Van Rijthoven,First Round,23,12,8,11,52,52,30,47
7a3900f01fe1aeacf7c31a48dc30b6da,2022-10-17,European Open - Antwerp,Belgium,2022-10-18,Yoshihito Nishioka,Luca Van Assche,First Round,46,27,27,41,31,21,12,24
f70d41ad5dbeb105750354bc4123f7ce,2022-10-17,European Open - Antwerp,Belgium,2022-10-19,Daniel Evans,Constant Lestienne,Second Round,18,8,15,23,14,11,11,21
53b6042f3738e503c33b679fe44ef296,2022-10-17,European Open - Antwerp,Belgium,2022-10-19,Dominic Thiem,Michael Geerts,First Round,18,8,9,11,10,13,8,15
e85656d62db9bf55f390c0a1fa725e8f,2022-10-17,European Open - Antwerp,Belgium,2022-10-19,Hubert Hurkacz,Jack Draper,Second Round,55,20,35,51,30,21,19,27
e4bdad1d936777607b7392e73e6aaea8,2022-10-17,European Open - Antwerp,Belgium,2022-10-19,Manuel Guinard,Geoffrey Blancaneaux,First Round,37,25,19,31,16,17,12,28
430cbcfbbf67807375ea9c0983e8444a,2022-10-17,European Open - Antwerp,Belgium,2022-10-19,Richard Gasquet,Dominic Stricker,Second Round,28,11,19,28,50,32,22,31
5b382fd218deb5eec6690b23a2b4060e,2022-10-17,European Open - Antwerp,Belgium,2022-10-19,Sebastian Korda,Marcos Giron,First Round,37,21,17,25,32,19,14,18
f457bc387ffdb3618483e33e87f6a364,2022-10-17,European Open - Antwerp,Belgium,2022-10-19,Yoshihito Nishioka,Jaume Antoni Munar Clar,Second Round,31,17,17,28,21,16,17,26
e5835b2e76754ca4468f29c51a65ecfb,2022-10-17,European Open - Antwerp,Belgium,2022-10-20,David Goffin,Diego Sebastian Schwartzman,Second Round,35,19,22,27,15,11,9,15
ad5d00df88646a10d10b0026149e7e01,2022-10-17,European Open - Antwerp,Belgium,2022-10-20,Dominic Thiem,Francisco Cerundolo,Second Round,15,20,8,13,23,29,9,19
a2e0d94098bd92f2edfe4df093173d29,2022-10-17,European Open - Antwerp,Belgium,2022-10-20,Felix Auger Aliassime,Manuel Guinard,Second Round,23,12,8,9,8,10,5,8
3ca3be608af1984fb1a157f35fbd8932,2022-10-17,European Open - Antwerp,Belgium,2022-10-20,Sebastian Korda,Karen Khachanov,Second Round,33,11,15,22,27,14,16,25
01378d8dbb864d9f10e81e5bf4f62a7b,2022-10-17,European Open - Antwerp,Belgium,2022-10-21,Dominic Thiem,Hubert Hurkacz,Quarter-Finals,36,14,19,24,47,30,28,47
df92e49c1f7d8a31c753944c2f082826,2022-10-17,European Open - Antwerp,Belgium,2022-10-21,Felix Auger Aliassime,Daniel Evans,Quarter-Finals,40,18,22,27,22,12,20,31
41588eed19625af44f03878685ab38d4,2022-10-17,European Open - Antwerp,Belgium,2022-10-21,Richard Gasquet,David Goffin,Quarter-Finals,26,12,12,17,29,18,12,18
a814eb964965f025663365af15522cca,2022-10-17,European Open - Antwerp,Belgium,2022-10-21,Sebastian Korda,Yoshihito Nishioka,Quarter-Finals,30,8,8,10,4,5,1,6
a06eccb314596de56607078134949577,2022-10-17,European Open - Antwerp,Belgium,2022-10-22,Felix Auger Aliassime,Richard Gasquet,Semi-Finals,45,12,8,15,27,14,10,16
a1c75a64a6eda6845b3c1334e6278a90,2022-10-17,European Open - Antwerp,Belgium,2022-10-22,Sebastian Korda,Dominic Thiem,Semi-Finals,50,28,14,19,29,13,10,12
871b01c25eec6c93dccfe9800fc65069,2022-10-17,European Open - Antwerp,Belgium,2022-10-23,Felix Auger Aliassime,Sebastian Korda,Final,23,5,11,13,10,11,8,14
0ae182143fb1d5dfb799811501b94518,2022-10-17,Stockholm Open - Stockholm,Sweden,2022-10-16,Antoine Bellier,Karl Friberg,Qualifying Final Round,34,17,30,49,22,8,13,14
bfd7709c99caa0a93a0ff46cec197f0d,2022-10-17,Stockholm Open - Stockholm,Sweden,2022-10-17,Aslan Karatsev,Lukas Rosol,First Round,18,7,2,3,4,16,0,4
1c33edfd8dbc5a528fdbfde0ae8a9fb7,2022-10-17,Stockholm Open - Stockholm,Sweden,2022-10-17,Cristian Garin,Jason Murray Kubler,First Round,27,17,22,28,7,12,5,9
b99f4e7fa8c1545df529e96a1756fc18,2022-10-17,Stockholm Open - Stockholm,Sweden,2022-10-17,Holger Rune,Thiago Moura Monteiro,First Round,24,8,16,18,13,15,1,4
71999c693c3119d4c9ba1feb7df6ac0e,2022-10-17,Stockholm Open - Stockholm,Sweden,2022-10-17,Maxime Cressy,Ilya Ivashka,First Round,56,34,48,71,25,15,14,21
8de0fd7ee38382968d0bd94cab919781,2022-10-17,Stockholm Open - Stockholm,Sweden,2022-10-18,Alex De Minaur,Benjamin Bonzi,First Round,19,10,8,10,14,19,6,11
379ac04d86826de7bd477b1eef6e0208,2022-10-17,Stockholm Open - Stockholm,Sweden,2022-10-18,Jiri Lehecka,Grigor Dimitrov,First Round,32,19,20,38,31,22,20,25
9a662f4fe07281171bf27c347d262fc2,2022-10-17,Stockholm Open - Stockholm,Sweden,2022-10-18,Mikael Ymer,Quentin Halys,First Round,31,12,19,22,33,32,25,45
9ff7bbbda91c2623a8afc47b0c9ac4e6,2022-10-17,Stockholm Open - Stockholm,Sweden,2022-10-18,Tommy Paul,Leo Borg,First Round,23,28,21,25,15,21,10,12
59c125c6ff193c15af0586d35f3b8923,2022-10-17,Stockholm Open - Stockholm,Sweden,2022-10-19,Cameron Norrie,Aslan Karatsev,Second Round,23,24,9,13,39,39,12,19
77a7aff82ad53df6099b72de1eb021db,2022-10-17,Stockholm Open - Stockholm,Sweden,2022-10-19,Denis Shapovalov,Antoine Bellier,Second Round,28,9,10,13,19,8,17,34
9b6b13d0dad6b52f665efd1a3a50883c,2022-10-17,Stockholm Open - Stockholm,Sweden,2022-10-19,Elias Ymer,Oscar Otte,First Round,42,43,21,32,23,36,23,39
cdb3ececc4166b3e7b21641ad6fc8a3c,2022-10-17,Stockholm Open - Stockholm,Sweden,2022-10-19,Stefanos Tsitsipas,Maxime Cressy,Second Round,35,7,22,31,31,14,31,51
34b6a481d151a34fb603d91942cf201c,2022-10-17,Stockholm Open - Stockholm,Sweden,2022-10-20,Alex De Minaur,Jeff Wolf,Second Round,14,6,9,9,18,16,6,11
ff5279fbd113f068cd31749438c94e60,2022-10-17,Stockholm Open - Stockholm,Sweden,2022-10-20,Emil Ruusuvuori,Jiri Lehecka,Second Round,24,7,3,8,9,15,11,15
7b5b4bf6133711782b02ae574b672b4f,2022-10-17,Stockholm Open - Stockholm,Sweden,2022-10-20,Frances Tiafoe,Elias Ymer,Second Round,42,17,25,32,52,28,21,34
0eefbd904c079765a34a206b9d54928a,2022-10-17,Stockholm Open - Stockholm,Sweden,2022-10-20,Mikael Ymer,Tommy Paul,Second Round,11,8,4,4,10,25,10,25
d5f8436eb5b3443cfc9b25d77921c9c4,2022-10-17,Stockholm Open - Stockholm,Sweden,2022-10-21,Alex De Minaur,Denis Shapovalov,Quarter-Finals,16,10,11,19,22,22,19,32
9b639cc5fbf207b5400e9feacf1d70a2,2022-10-17,Stockholm Open - Stockholm,Sweden,2022-10-21,Emil Ruusuvuori,Frances Tiafoe,Quarter-Finals,18,4,8,10,10,7,1,6
2b877eb74a92dac81632e2a3c712a505,2022-10-17,Stockholm Open - Stockholm,Sweden,2022-10-21,Holger Rune,Cameron Norrie,Quarter-Finals,38,14,14,22,27,20,17,31
801516399bb784cdae464c9b41ad0e10,2022-10-17,Stockholm Open - Stockholm,Sweden,2022-10-21,Stefanos Tsitsipas,Mikael Ymer,Quarter-Finals,27,11,16,24,29,14,21,33
1484be9b164f713e17e897fe3ea9b2c7,2022-10-17,Stockholm Open - Stockholm,Sweden,2022-10-22,Holger Rune,Alex De Minaur,Semi-Finals,45,33,17,32,24,22,23,37
eb327176eba70f658c7b74ade4d45823,2022-10-17,Stockholm Open - Stockholm,Sweden,2022-10-22,Stefanos Tsitsipas,Emil Ruusuvuori,Semi-Finals,16,7,9,14,14,15,8,12
e386596aad20be2b60252eb43fe019c4,2022-10-17,Stockholm Open - Stockholm,Sweden,2022-10-23,Holger Rune,Stefanos Tsitsipas,Final,20,13,14,18,16,11,16,23
3c14f36c44ffa29f24c684355a0678ee,2022-10-17,Tennis Napoli Open - Naples,Italy,2022-10-18,Daniel Elahi Galan,Bernabe Zapata Miralles,First Round,14,9,6,11,9,21,9,13
65dc3b835776e86a74f5b9bdf84075c9,2022-10-17,Tennis Napoli Open - Naples,Italy,2022-10-18,Miomir Kecmanovic,Flavio Cobolli,First Round,14,8,7,10,9,13,6,9
0980b80c6c724c3008ff24b3e47debcb,2022-10-17,Tennis Napoli Open - Naples,Italy,2022-10-18,Nuno Borges,Albert Ramos-Vinolas,First Round,36,24,9,16,23,15,15,21
521b63eb2d574b63e6816e4dd6117f74,2022-10-17,Tennis Napoli Open - Naples,Italy,2022-10-18,Pedro Cachin,Adrian Mannarino,First Round,25,16,19,23,22,20,9,18
7ce8f097d669f8195920e16dd952a06e,2022-10-17,Tennis Napoli Open - Naples,Italy,2022-10-18,Taro Daniel,Pedro Martinez Portero,First Round,24,11,12,16,22,19,14,22
4504412af155f0d097f419b2244ac100,2022-10-17,Tennis Napoli Open - Naples,Italy,2022-10-19,Corentin Moutet,Luca Nardi,First Round,53,34,37,50,35,39,27,64
c28b8f31716239b61a898d16d4660777,2022-10-17,Tennis Napoli Open - Naples,Italy,2022-10-19,Roberto Carballes Baena,Nicolas Jarry,First Round,19,12,12,17,27,20,16,26
160a7b112d105138bd28795d5600ca8e,2022-10-17,Tennis Napoli Open - Naples,Italy,2022-10-19,Sebastian Baez,Lorenzo Sonego,First Round,23,18,17,31,17,21,16,22
31e112c7a89810c4b3ccfeaaeb0a2a5d,2022-10-17,Tennis Napoli Open - Naples,Italy,2022-10-20,Fabio Fognini,Hugo Grenier,First Round,38,40,25,34,20,17,15,29
6ac6edce3272f3a7c668b697b71b5190,2022-10-17,Tennis Napoli Open - Naples,Italy,2022-10-20,Lorenzo Musetti,Laslo Djere,Second Round,14,10,12,16,12,21,8,17
9bb1ffd11c2cc60d8400baf951474b1e,2022-10-17,Tennis Napoli Open - Naples,Italy,2022-10-20,Mackenzie Mcdonald,Roberto Bautista Agut,Second Round,31,15,11,19,16,15,11,18
411a8e08ecf3e76afa03acaa788904d9,2022-10-17,Tennis Napoli Open - Naples,Italy,2022-10-20,Matteo Berrettini,Roberto Carballes Baena,Second Round,36,11,16,22,7,13,5,11
13c1ab89854de14e979aaf7e00f391df,2022-10-17,Tennis Napoli Open - Naples,Italy,2022-10-20,Zhizhen Zhang,Marton Fucsovics,First Round,25,18,17,23,18,16,9,13
00227c20eb81fc11ffa69ddfa59a0c36,2022-10-17,Tennis Napoli Open - Naples,Italy,2022-10-21,Lorenzo Musetti,Daniel Elahi Galan,Quarter-Finals,25,8,11,15,13,15,12,24
8299ce4dd6af4f8aee79a0f2f7ef0ef9,2022-10-17,Tennis Napoli Open - Naples,Italy,2022-10-21,Matteo Berrettini,Taro Daniel,Quarter-Finals,36,8,14,19,8,4,6,17
6d380bd4c214cfee65a6054d165597c8,2022-10-17,Tennis Napoli Open - Naples,Italy,2022-10-21,Miomir Kecmanovic,Pablo Carreno-Busta,Quarter-Finals,33,10,14,21,29,17,13,22
d6b114d03e746002ac3e488071254c50,2022-10-17,Tennis Napoli Open - Naples,Italy,2022-10-21,Pablo Carreno-Busta,Fabio Fognini,Second Round,19,4,7,7,11,13,5,9
00ad0226f41081f6baeeb07a578e8683,2022-10-17,Tennis Napoli Open - Naples,Italy,2022-10-22,Lorenzo Musetti,Miomir Kecmanovic,Semi-Finals,29,6,11,15,19,17,8,10
1abab0c4e36939bf56c67f34fc9dfcc9,2022-10-17,Tennis Napoli Open - Naples,Italy,2022-10-22,Matteo Berrettini,Mackenzie Mcdonald,Semi-Finals,38,15,16,26,29,25,17,26
504aacbacd237e6b4bab06360982d7a9,2022-10-17,Tennis Napoli Open - Naples,Italy,2022-10-23,Lorenzo Musetti,Matteo Berrettini,Final,15,3,3,3,16,16,3,4
4d7dfa227906edf8ab495c9e7b57e97b,2022-10-24,Erste Bank Open - Vienna,Austria,2022-10-22,Jeff Wolf,Lucas Miedler,Qualifying First Round,41,12,15,22,30,13,12,19
bc21ee7acd52d55b62639a98f573b5a1,2022-10-24,Erste Bank Open - Vienna,Austria,2022-10-22,Joao Sousa,Alexander Erler,Qualifying First Round,18,7,10,12,26,25,17,25
cb73230e314ee91920c7ca9081d71311,2022-10-24,Erste Bank Open - Vienna,Austria,2022-10-22,Marton Fucsovics,Corentin Moutet,Qualifying First Round,27,17,27,40,19,13,12,24
40a959b34e6a407ffbd55476e96b636e,2022-10-24,Erste Bank Open - Vienna,Austria,2022-10-22,Pedro Cachin,Alejandro Tabilo,Qualifying First Round,46,8,20,31,44,19,18,25
45e647b36095736d87edabac76426a2e,2022-10-24,Erste Bank Open - Vienna,Austria,2022-10-22,Thiago Moura Monteiro,Dusan Lajovic,Qualifying First Round,22,17,6,8,13,10,5,12
6cc2c79649f80c096666f56942eb4fd8,2022-10-24,Erste Bank Open - Vienna,Austria,2022-10-22,Yoshihito Nishioka,Ilya Ivashka,Qualifying First Round,18,14,14,17,30,28,13,19
4f516a46cca6b8b70680a55551ccab55,2022-10-24,Erste Bank Open - Vienna,Austria,2022-10-23,Jeff Wolf,Marton Fucsovics,Qualifying Final Round,31,21,16,19,32,16,11,20
19fb3aab78c011fb88f82a0adb0b0cc4,2022-10-24,Erste Bank Open - Vienna,Austria,2022-10-23,Quentin Halys,Pedro Cachin,Qualifying Final Round,50,18,20,24,28,9,12,23
31960abbe32cb065f4d33f25095ea6be,2022-10-24,Erste Bank Open - Vienna,Austria,2022-10-23,Thiago Moura Monteiro,Oscar Otte,Qualifying Final Round,38,28,17,27,31,12,24,37
a2a15d19ece1686f215c172d11bbceab,2022-10-24,Erste Bank Open - Vienna,Austria,2022-10-23,Yoshihito Nishioka,Joao Sousa,Qualifying Final Round,22,12,8,10,16,16,7,11
651c5018179e68757b2f1c6c683806dd,2022-10-24,Erste Bank Open - Vienna,Austria,2022-10-24,Andrey Rublev,Diego Sebastian Schwartzman,First Round,21,13,12,18,12,16,5,5
a4e0a952ad40d34f1e6de796af10ced1,2022-10-24,Erste Bank Open - Vienna,Austria,2022-10-24,Borna Coric,Quentin Halys,First Round,38,16,15,21,33,16,12,25
ae05995833ba92e28bd98d27808f876c,2022-10-24,Erste Bank Open - Vienna,Austria,2022-10-24,Francisco Cerundolo,Filip Misolic,First Round,17,14,5,7,9,16,5,8
ea6cd14056b44224a01574070409a064,2022-10-24,Erste Bank Open - Vienna,Austria,2022-10-24,Taylor Harry Fritz,Yoshihito Nishioka,First Round,59,39,23,26,27,11,12,16
a2623da8308ebd285293749fd7120e72,2022-10-24,Erste Bank Open - Vienna,Austria,2022-10-25,Cameron Norrie,Pedro Cachin,First Round,35,15,25,34,38,16,17,33
304badf81cc1eb8c5226d760344cf50b,2022-10-24,Erste Bank Open - Vienna,Austria,2022-10-25,Daniel Evans,Oscar Otte,First Round,33,19,13,20,32,23,17,41
0be2ad9405c92c067575193c338c523c,2022-10-24,Erste Bank Open - Vienna,Austria,2022-10-25,Denis Shapovalov,Jurij Rodionov,First Round,28,16,15,21,15,13,13,20
b4402830f53d727883dfab607fc40077,2022-10-24,Erste Bank Open - Vienna,Austria,2022-10-25,Dominic Thiem,Tommy Paul,First Round,40,28,16,21,31,22,24,41
e4d30c3eac1bd899cf1c9d43d3fb1518,2022-10-24,Erste Bank Open - Vienna,Austria,2022-10-25,Emil Ruusuvuori,Lorenzo Sonego,First Round,19,10,14,18,7,11,4,6
349849b018415faa0c67d3ad20f7e4b2,2022-10-24,Erste Bank Open - Vienna,Austria,2022-10-25,Grigor Dimitrov,Thiago Moura Monteiro,First Round,25,10,13,14,16,10,4,4
6bbe5ab870a5bc29f8095066ab0d8fd8,2022-10-24,Erste Bank Open - Vienna,Austria,2022-10-25,Hubert Hurkacz,Frances Tiafoe,First Round,48,11,15,28,36,14,26,36
f7504369af00804ed72b4c2f7e9d7b9a,2022-10-24,Erste Bank Open - Vienna,Austria,2022-10-26,Daniel Evans,Karen Khachanov,Second Round,19,7,12,15,11,19,10,21
a6025199be94e84492df0ba6206d8bec,2022-10-24,Erste Bank Open - Vienna,Austria,2022-10-26,Daniil Medvedev,Nikoloz Basilashvili,First Round,16,7,0,1,15,21,5,11
827244211a3eaa25abd0826cfb69603d,2022-10-24,Erste Bank Open - Vienna,Austria,2022-10-26,Denis Shapovalov,Taylor Harry Fritz,Second Round,29,11,9,11,20,22,2,7
dc5c5ba8fb724e6efcfe83634b352c75,2022-10-24,Erste Bank Open - Vienna,Austria,2022-10-26,Jannik Sinner,Cristian Garin,First Round,22,11,6,7,10,7,5,10
c392fc0828220fc5d6a32938b69b6400,2022-10-24,Erste Bank Open - Vienna,Austria,2022-10-26,Marcos Giron,Tallon Griekspoor,First Round,19,10,9,10,16,18,6,10
ed0a2fa5f2dc9ecb0866f40a294ac79d,2022-10-24,Erste Bank Open - Vienna,Austria,2022-10-26,Stefanos Tsitsipas,Dennis Novak,First Round,27,6,20,24,21,17,6,11
b6f630c2d86b7c613eee5106250affd9,2022-10-24,Erste Bank Open - Vienna,Austria,2022-10-27,Borna Coric,Stefanos Tsitsipas,Second Round,42,28,17,30,30,10,16,32
82f9a0d7c7a1a49a84b470f35ef310c9,2022-10-24,Erste Bank Open - Vienna,Austria,2022-10-27,Daniil Medvedev,Dominic Thiem,Second Round,21,12,13,22,21,23,17,22
4006d79675e5126b6b288fa51685bb7c,2022-10-24,Erste Bank Open - Vienna,Austria,2022-10-27,Grigor Dimitrov,Andrey Rublev,Second Round,25,5,4,4,10,7,3,3
aad42d4942da83e3301e56960674e637,2022-10-24,Erste Bank Open - Vienna,Austria,2022-10-27,Hubert Hurkacz,Emil Ruusuvuori,Second Round,41,15,17,27,20,26,15,19
9edb90df5a7f138e8ec1dc22136a0487,2022-10-24,Erste Bank Open - Vienna,Austria,2022-10-27,Jannik Sinner,Francisco Cerundolo,Second Round,12,9,7,13,12,20,8,11
12409561f9b79c565edd2fcc24f47468,2022-10-24,Erste Bank Open - Vienna,Austria,2022-10-27,Marcos Giron,Cameron Norrie,Second Round,16,13,7,8,22,19,13,22
20bb237d122c211d50bf1ef8a5fe8fae,2022-10-24,Erste Bank Open - Vienna,Austria,2022-10-28,Borna Coric,Hubert Hurkacz,Quarter-Finals,36,11,24,35,58,17,21,34
1631d8d44a20c7f9082e777e39abfe37,2022-10-24,Erste Bank Open - Vienna,Austria,2022-10-28,Daniil Medvedev,Jannik Sinner,Quarter-Finals,20,9,9,17,20,19,12,20
4b408da584b2e4058b40c3b039235548,2022-10-24,Erste Bank Open - Vienna,Austria,2022-10-28,Denis Shapovalov,Daniel Evans,Quarter-Finals,39,17,22,30,19,10,20,33
9bd371d683753eac4ef8fa63bc474e39,2022-10-24,Erste Bank Open - Vienna,Austria,2022-10-28,Grigor Dimitrov,Marcos Giron,Quarter-Finals,37,19,,,16,18,6,12
de2b785cfe3a13c7bf187dee7c62fd1f,2022-10-24,Erste Bank Open - Vienna,Austria,2022-10-29,Daniil Medvedev,Grigor Dimitrov,Semi-Finals,17,4,5,7,21,24,14,21
59cc819461e487ff536c2fd17a94ce1c,2022-10-24,Erste Bank Open - Vienna,Austria,2022-10-29,Denis Shapovalov,Borna Coric,Semi-Finals,26,15,7,14,14,12,6,9
d86e6fa96eee3b2b56f7147b1cd4302e,2022-10-24,Erste Bank Open - Vienna,Austria,2022-10-30,Daniil Medvedev,Denis Shapovalov,Final,26,20,10,17,38,31,28,39
a740932f059e732f41e582ad9e35b5fc,2022-10-24,Swiss Indoors Basel - Basel,Switzerland,2022-10-22,Arthur Rinderknech,Jason Murray Kubler,Qualifying First Round,40,21,15,34,30,19,11,17
0b2329538b1f9758f3c8a6cf411c6c39,2022-10-24,Swiss Indoors Basel - Basel,Switzerland,2022-10-22,Aslan Karatsev,Leandro Riedi,Qualifying First Round,22,16,6,8,21,18,8,12
98613af31f4ed95608ba39154feb2915,2022-10-24,Swiss Indoors Basel - Basel,Switzerland,2022-10-22,Constant Lestienne,Antoine Bellier,Qualifying First Round,39,12,15,23,28,7,30,64
de74320150639530d4a8683037a04a85,2022-10-24,Swiss Indoors Basel - Basel,Switzerland,2022-10-22,Jaume Antoni Munar Clar,Alexei Popyrin,Qualifying First Round,12,9,7,9,23,12,12,24
b7acd3d1726176993f2f7515a0b2be91,2022-10-24,Swiss Indoors Basel - Basel,Switzerland,2022-10-22,Laslo Djere,Jerome Kym,Qualifying First Round,34,29,13,16,30,27,16,30
9b56e00914f1628887d0e92f3a6553b9,2022-10-24,Swiss Indoors Basel - Basel,Switzerland,2022-10-22,Roman Safiullin,Jan-Lennard Struff,Qualifying First Round,29,7,9,12,16,8,4,9
b5e31d79f7f9bf11be810f2c54747179,2022-10-24,Swiss Indoors Basel - Basel,Switzerland,2022-10-22,Taro Daniel,Pedro Martinez Portero,Qualifying First Round,24,12,9,16,18,29,12,25
59db157520193f0799c322fad7e60912,2022-10-24,Swiss Indoors Basel - Basel,Switzerland,2022-10-22,Ugo Humbert,Bernabe Zapata Miralles,Qualifying First Round,12,9,4,5,9,21,2,5
df77bf2994876a17f9c5d4634754aba8,2022-10-24,Swiss Indoors Basel - Basel,Switzerland,2022-10-23,Arthur Rinderknech,Constant Lestienne,Qualifying Final Round,31,23,21,32,22,16,9,13
2251e28786efe0248ca0e93ff4e51a88,2022-10-24,Swiss Indoors Basel - Basel,Switzerland,2022-10-23,Laslo Djere,Taro Daniel,Qualifying Final Round,52,22,12,21,19,12,15,18
710e7a276168713f31238f397b9fb6d7,2022-10-24,Swiss Indoors Basel - Basel,Switzerland,2022-10-23,Roman Safiullin,Jaume Antoni Munar Clar,Qualifying Final Round,35,17,16,23,13,13,4,10
cdd47705ebf696abca575800a48c8562,2022-10-24,Swiss Indoors Basel - Basel,Switzerland,2022-10-23,Ugo Humbert,Aslan Karatsev,Qualifying Final Round,29,8,6,10,29,35,9,13
330c353b6f57770a62aa84dee488a847,2022-10-24,Swiss Indoors Basel - Basel,Switzerland,2022-10-24,Alexander Bublik,Aslan Karatsev,First Round,27,13,4,6,13,11,8,19
904bdc8500a348a551f06bb76cd7c23b,2022-10-24,Swiss Indoors Basel - Basel,Switzerland,2022-10-24,Arthur Rinderknech,Marin Cilic,First Round,29,16,14,22,34,21,9,12
bc15dbdb0059a05f23c5825ee6d0d501,2022-10-24,Swiss Indoors Basel - Basel,Switzerland,2022-10-24,Brandon Nakashima,David Goffin,First Round,33,19,18,29,30,17,9,15
fb60b45dd0582508b51f142ed7cf40a7,2022-10-24,Swiss Indoors Basel - Basel,Switzerland,2022-10-24,Carlos Alcaraz,Jack Draper,First Round,38,34,30,39,27,12,12,23
45f9999aa37e6f2922e35655b2a19ea5,2022-10-24,Swiss Indoors Basel - Basel,Switzerland,2022-10-25,Alex Molcan,Mackenzie Mcdonald,First Round,34,14,15,17,40,30,27,42
7671a9046d48bebc873fb3c0720fbf66,2022-10-24,Swiss Indoors Basel - Basel,Switzerland,2022-10-25,Andy Murray,Roman Safiullin,First Round,30,19,14,19,44,28,28,33
087072822f10a5ace8a3d217cd887f25,2022-10-24,Swiss Indoors Basel - Basel,Switzerland,2022-10-25,Botic Van De Zandschulp,Adrian Mannarino,First Round,28,24,13,23,30,35,28,42
d28679b269f0235037113308b9c8db46,2022-10-24,Swiss Indoors Basel - Basel,Switzerland,2022-10-25,Dominic Stricker,Maxime Cressy,First Round,24,10,6,10,21,18,20,34
e7514a3a45d484fbf00a7bdef7440c18,2022-10-24,Swiss Indoors Basel - Basel,Switzerland,2022-10-25,Miomir Kecmanovic,Alejandro Davidovich Fokina,First Round,33,19,10,14,30,20,10,14
18021add92eb6fa8bdfb058ea7cee0e1,2022-10-24,Swiss Indoors Basel - Basel,Switzerland,2022-10-25,Pablo Carreno-Busta,Sebastian Baez,First Round,20,7,9,10,5,10,2,9
b70e0bbd836e4a75f1034cda620ba5d6,2022-10-24,Swiss Indoors Basel - Basel,Switzerland,2022-10-25,Roberto Bautista Agut,Laslo Djere,First Round,,,8,9,,,6,8
77c27455e29fd0fa60b3938507f9e28d,2022-10-24,Swiss Indoors Basel - Basel,Switzerland,2022-10-25,Stan Wawrinka,Casper Ruud,First Round,28,11,10,13,20,4,6,9
22f1060226ed9380f1c643cd0a575f6f,2022-10-24,Swiss Indoors Basel - Basel,Switzerland,2022-10-26,Albert Ramos-Vinolas,Lorenzo Musetti,First Round,35,18,26,33,40,21,9,12
df98f04d8a29e5372a4924839ff450e6,2022-10-24,Swiss Indoors Basel - Basel,Switzerland,2022-10-26,Arthur Rinderknech,Alex Molcan,Second Round,30,13,11,17,11,12,3,7
17f90e0342f11d50b78b584271cd2ff7,2022-10-24,Swiss Indoors Basel - Basel,Switzerland,2022-10-26,Carlos Alcaraz,Botic Van De Zandschulp,Second Round,20,9,12,16,9,18,5,11
454176b655d9c59ef437ec6819a9a2c7,2022-10-24,Swiss Indoors Basel - Basel,Switzerland,2022-10-26,Felix Auger Aliassime,Marc-Andrea Huesler,First Round,40,9,18,21,34,12,19,33
d39095595d9e35d2ff45a83350463b8a,2022-10-24,Swiss Indoors Basel - Basel,Switzerland,2022-10-26,Holger Rune,Alex De Minaur,First Round,26,13,12,17,9,14,7,15
7c341cd5604e99d3eadf9776aada29f0,2022-10-24,Swiss Indoors Basel - Basel,Switzerland,2022-10-26,Pablo Carreno-Busta,Dominic Stricker,Second Round,33,14,27,35,47,16,20,34
b92f6317d02ea6bc072ac8168ca0e621,2022-10-24,Swiss Indoors Basel - Basel,Switzerland,2022-10-26,Ugo Humbert,Jenson Brooksby,First Round,33,12,8,11,6,9,2,4
400047f7b63b32a9092156e990a81cf0,2022-10-24,Swiss Indoors Basel - Basel,Switzerland,2022-10-27,Alexander Bublik,Albert Ramos-Vinolas,Second Round,36,18,3,8,11,9,13,21
0cd543fc682b1638c9085cc7698fa13a,2022-10-24,Swiss Indoors Basel - Basel,Switzerland,2022-10-27,Felix Auger Aliassime,Miomir Kecmanovic,Second Round,21,6,4,7,2,7,3,4
8d9be71fedb38d0c122007d06738af32,2022-10-24,Swiss Indoors Basel - Basel,Switzerland,2022-10-27,Holger Rune,Ugo Humbert,Second Round,20,8,4,4,11,15,4,4
3b0e484d1ffbd28967c62c9203b67108,2022-10-24,Swiss Indoors Basel - Basel,Switzerland,2022-10-27,Roberto Bautista Agut,Andy Murray,Second Round,18,11,7,16,19,29,7,11
1a7d3377a1f2dac18c7ba0c207652d97,2022-10-24,Swiss Indoors Basel - Basel,Switzerland,2022-10-27,Stan Wawrinka,Brandon Nakashima,Second Round,32,17,14,19,30,20,20,25
deeb883dcccc9212fd3e555085191db5,2022-10-24,Swiss Indoors Basel - Basel,Switzerland,2022-10-28,Carlos Alcaraz,Pablo Carreno-Busta,Quarter-Finals,18,15,12,18,13,14,13,21
42c48d091911a74bc299e822e0d090ef,2022-10-24,Swiss Indoors Basel - Basel,Switzerland,2022-10-28,Felix Auger Aliassime,Alexander Bublik,Quarter-Finals,31,4,14,17,19,19,7,19
26ea436849b1c2bcb4b00403045d720e,2022-10-24,Swiss Indoors Basel - Basel,Switzerland,2022-10-28,Holger Rune,Arthur Rinderknech,Quarter-Finals,18,8,11,13,18,12,11,16
205cc9dbb2dee5e660da0d8fcb5e3399,2022-10-24,Swiss Indoors Basel - Basel,Switzerland,2022-10-28,Roberto Bautista Agut,Stan Wawrinka,Quarter-Finals,29,11,18,27,30,18,14,24
d434ef656c9340a72f055eeea73f8f2a,2022-10-24,Swiss Indoors Basel - Basel,Switzerland,2022-10-29,Felix Auger Aliassime,Carlos Alcaraz,Semi-Finals,23,9,13,16,8,12,6,11
6f651e029adc87edaad7afcb78661f95,2022-10-24,Swiss Indoors Basel - Basel,Switzerland,2022-10-29,Holger Rune,Roberto Bautista Agut,Semi-Finals,46,16,32,39,20,5,14,18
0431fc541b591673f0d6b3fdc8420746,2022-10-24,Swiss Indoors Basel - Basel,Switzerland,2022-10-30,Felix Auger Aliassime,Holger Rune,Final,34,9,19,23,21,6,6,11
97af9e3a39fd4eb89baedc83477975c6,2022-10-31,Rolex Paris Masters - Paris,France,2022-10-29,Corentin Moutet,Ugo Humbert,Qualifying First Round,10,7,4,6,14,23,18,23
928c28b3d47456fae43fd5a11a9b0163,2022-10-31,Rolex Paris Masters - Paris,France,2022-10-29,Geoffrey Blancaneaux,Emil Ruusuvuori,Qualifying First Round,17,8,14,20,21,36,14,26
1a8ce9d057605fe736195a6455b567dc,2022-10-31,Rolex Paris Masters - Paris,France,2022-10-29,Jiri Lehecka,Marcos Giron,Qualifying First Round,26,18,14,17,13,19,4,7
e5448b887fb34e27a31d424eaad7a310,2022-10-31,Rolex Paris Masters - Paris,France,2022-10-29,Laslo Djere,David Goffin,Qualifying First Round,24,13,15,17,15,14,5,8
803018508be3e633a39fe53f970f6de0,2022-10-31,Rolex Paris Masters - Paris,France,2022-10-29,Lorenzo Sonego,Joao Sousa,Qualifying First Round,32,16,9,14,8,10,9,17
93a0f520dadad33a949f67f88b49b0c8,2022-10-31,Rolex Paris Masters - Paris,France,2022-10-29,Marc-Andrea Huesler,Hugo Gaston,Qualifying First Round,37,32,30,45,42,21,16,22
945f32e6e364e9175d85664361fc5b51,2022-10-31,Rolex Paris Masters - Paris,France,2022-10-29,Oscar Otte,Ilya Ivashka,Qualifying First Round,5,4,,,3,8,,
28a5caca462e5a79688b457ab8901f0e,2022-10-31,Rolex Paris Masters - Paris,France,2022-10-29,Quentin Halys,Pedro Cachin,Qualifying First Round,10,8,,,6,5,,
25c62fd24b52da619b32592caebca1eb,2022-10-31,Rolex Paris Masters - Paris,France,2022-10-29,Tallon Griekspoor,Mackenzie Mcdonald,Qualifying First Round,36,32,22,37,28,26,16,23
9be55cade6a708ff670c30635f8b78e0,2022-10-31,Rolex Paris Masters - Paris,France,2022-10-30,Arthur Fils,Fabio Fognini,Qualifying Final Round,19,28,3,10,16,24,17,20
0f091b74ccb857c2f4d2861cf6ee71e5,2022-10-31,Rolex Paris Masters - Paris,France,2022-10-30,Corentin Moutet,Geoffrey Blancaneaux,Qualifying Final Round,36,23,27,43,25,25,35,50
dec4ba937dab17e0a1414e4b960b7503,2022-10-31,Rolex Paris Masters - Paris,France,2022-10-30,Lorenzo Sonego,Tallon Griekspoor,Qualifying Final Round,33,12,26,32,31,15,17,23
cb0a9f19273add8da9c8d542bd5c376a,2022-10-31,Rolex Paris Masters - Paris,France,2022-10-30,Marc-Andrea Huesler,Laslo Djere,Qualifying Final Round,32,13,17,26,33,21,7,11
45ae8462d151cced437b468f852e2b34,2022-10-31,Rolex Paris Masters - Paris,France,2022-10-30,Mikael Ymer,Jiri Lehecka,Qualifying Final Round,14,15,8,9,11,24,14,23
11324c6af495aed570678edd7972cec1,2022-10-31,Rolex Paris Masters - Paris,France,2022-10-30,Oscar Otte,Bernabe Zapata Miralles,Qualifying Final Round,14,8,15,20,10,22,10,17
d4cacbcdc9ad54e9feee5d4dc37385c0,2022-10-31,Rolex Paris Masters - Paris,France,2022-10-30,Quentin Halys,Thiago Moura Monteiro,Qualifying Final Round,41,13,10,11,13,6,1,5
111a1b7d7d561f310b7fa3e4abf4ffb2,2022-10-31,Rolex Paris Masters - Paris,France,2022-10-31,Alex De Minaur,Sebastian Korda,First Round,20,20,13,21,42,28,23,33
9b6a37cc64b19c3abdf74509be58f2ff,2022-10-31,Rolex Paris Masters - Paris,France,2022-10-31,Cameron Norrie,Miomir Kecmanovic,First Round,20,15,10,12,15,19,8,12
0a32731cd9b12d6e3b9c05ae73874f1f,2022-10-31,Rolex Paris Masters - Paris,France,2022-10-31,Frances Tiafoe,Lorenzo Sonego,First Round,22,7,18,23,19,9,3,11
3de6d7a61b8f659e5e5aaca2453231a3,2022-10-31,Rolex Paris Masters - Paris,France,2022-10-31,Gilles Simon,Andy Murray,First Round,27,11,20,30,34,36,20,27
2ccd95b17a51804c3ead92a26c8f8d18,2022-10-31,Rolex Paris Masters - Paris,France,2022-10-31,John Isner,Oscar Otte,First Round,40,22,16,23,25,11,6,9
dee6169b458df8e4f606d29fd1fe16e8,2022-10-31,Rolex Paris Masters - Paris,France,2022-10-31,Karen Khachanov,Sebastian Baez,First Round,13,7,3,8,10,15,8,9
176b30cf6a77517e1ef1e7a7e8e653a7,2022-10-31,Rolex Paris Masters - Paris,France,2022-10-31,Lorenzo Musetti,Marin Cilic,First Round,15,6,3,5,20,15,6,7
b19d0ae449eb5a30c22455ac3ef04fc8,2022-10-31,Rolex Paris Masters - Paris,France,2022-10-31,Marc-Andrea Huesler,Jannik Sinner,First Round,20,3,13,14,15,10,7,12
e763ada0fa1f425312961991e3505a66,2022-10-31,Rolex Paris Masters - Paris,France,2022-10-31,Maxime Cressy,Diego Sebastian Schwartzman,First Round,29,11,13,24,13,10,6,9
0b429e30b258e92459935d5f0190ec1e,2022-10-31,Rolex Paris Masters - Paris,France,2022-10-31,Mikael Ymer,Alexander Bublik,First Round,20,16,19,32,51,43,30,47
ef4d7be6cedba76490285160d7e49d9f,2022-10-31,Rolex Paris Masters - Paris,France,2022-10-31,Nikoloz Basilashvili,Quentin Halys,First Round,18,11,7,9,23,15,4,5
a3895ee24b4930977c678ad6a736d720,2022-10-31,Rolex Paris Masters - Paris,France,2022-10-31,Richard Gasquet,Alex Molcan,First Round,25,12,8,12,15,22,9,15
f0032a81bb39076a013f0a17be0a2c34,2022-10-31,Rolex Paris Masters - Paris,France,2022-10-31,Taylor Harry Fritz,Alejandro Davidovich Fokina,First Round,11,9,11,13,20,24,13,21
c21bfd52058411dfb787d6cf73108801,2022-10-31,Rolex Paris Masters - Paris,France,2022-10-31,Yoshihito Nishioka,Aslan Karatsev,First Round,17,5,8,9,37,30,11,14
dfaca3accfdb26603decfacddfe4a6cc,2022-10-31,Rolex Paris Masters - Paris,France,2022-11-01,Andrey Rublev,John Isner,Second Round,19,5,3,5,20,14,5,11
56bfb4101a5d870b752926f13c7d7f65,2022-10-31,Rolex Paris Masters - Paris,France,2022-11-01,Casper Ruud,Richard Gasquet,Second Round,24,5,9,12,21,14,14,24
47f960f080488cc4be93eab274fbe8b7,2022-10-31,Rolex Paris Masters - Paris,France,2022-11-01,Corentin Moutet,Borna Coric,First Round,26,21,24,37,37,29,36,61
839b6a244f393a0819164a039d84cdb4,2022-10-31,Rolex Paris Masters - Paris,France,2022-11-01,Daniel Evans,Brandon Nakashima,First Round,28,9,28,24,40,22,18,25
9c736981b2c9296f1183d4edfe838ad4,2022-10-31,Rolex Paris Masters - Paris,France,2022-11-01,Denis Shapovalov,Francisco Cerundolo,First Round,23,25,10,18,26,22,16,19
c4f96c094ba46613dcc4e7aec2e11bd7,2022-10-31,Rolex Paris Masters - Paris,France,2022-11-01,Fabio Fognini,Arthur Fils,First Round,34,34,22,27,22,31,13,23
54fd650d799ae7bb4b9549c8e561e279,2022-10-31,Rolex Paris Masters - Paris,France,2022-11-01,Grigor Dimitrov,Botic Van De Zandschulp,First Round,30,13,22,30,29,13,7,10
c7bb03705c3f34aeb8efc3e615a440ff,2022-10-31,Rolex Paris Masters - Paris,France,2022-11-01,Holger Rune,Stan Wawrinka,First Round,43,26,10,18,25,21,24,34
cb6bb8c2f8856a11167a0784b2f56433,2022-10-31,Rolex Paris Masters - Paris,France,2022-11-01,Hubert Hurkacz,Adrian Mannarino,First Round,29,11,6,10,25,13,15,19
b1d727be19139ec50ca59ccc19600967,2022-10-31,Rolex Paris Masters - Paris,France,2022-11-01,Jack Draper,Arthur Rinderknech,First Round,24,9,12,14,19,20,16,32
e3a511a166889c509b0bd2951de72394,2022-10-31,Rolex Paris Masters - Paris,France,2022-11-01,Karen Khachanov,Marc-Andrea Huesler,Second Round,29,14,7,9,27,16,25,37
7fa244277ca81a4c667ff681763d94be,2022-10-31,Rolex Paris Masters - Paris,France,2022-11-01,Novak Djokovic,Maxime Cressy,Second Round,16,3,18,22,38,14,30,45
62c3f83a99406fd18b9a72f947e291c9,2022-10-31,Rolex Paris Masters - Paris,France,2022-11-01,Pablo Carreno-Busta,Albert Ramos-Vinolas,First Round,30,16,11,14,16,18,7,11
0dce5432add5a28c0e8ccbbe654ad971,2022-10-31,Rolex Paris Masters - Paris,France,2022-11-01,Tommy Paul,Roberto Bautista Agut,First Round,25,20,15,21,10,16,6,11
6a0eea8c036bbd41e402b3dfa218635a,2022-10-31,Rolex Paris Masters - Paris,France,2022-11-02,Alex De Minaur,Daniil Medvedev,Second Round,28,28,25,43,33,25,13,27
b49bd9e3ccd35168ce87e300e1fe58e3,2022-10-31,Rolex Paris Masters - Paris,France,2022-11-02,Carlos Alcaraz,Yoshihito Nishioka,Second Round,30,16,11,12,7,7,8,11
ca5394071f38c8182282e3d7fa294175,2022-10-31,Rolex Paris Masters - Paris,France,2022-11-02,Corentin Moutet,Cameron Norrie,Second Round,50,15,26,37,34,27,39,63
f53e6943e2ac94f710098a495251e595,2022-10-31,Rolex Paris Masters - Paris,France,2022-11-02,Felix Auger Aliassime,Mikael Ymer,Second Round,45,36,36,59,34,22,17,33
ab81109f0acbe9a4a9d1edf46f0551fd,2022-10-31,Rolex Paris Masters - Paris,France,2022-11-02,Frances Tiafoe,Jack Draper,Second Round,27,10,12,21,30,11,9,13
ac235aa19b72797fec464aafe41bd29d,2022-10-31,Rolex Paris Masters - Paris,France,2022-11-02,Gilles Simon,Taylor Harry Fritz,Second Round,23,16,11,15,49,36,20,29
318a583f90bd8bb0f22b740ef5fc944a,2022-10-31,Rolex Paris Masters - Paris,France,2022-11-02,Grigor Dimitrov,Fabio Fognini,Second Round,14,9,8,10,16,2,6,8
c4d6cf7107b84a5868c4c696dd9d36b1,2022-10-31,Rolex Paris Masters - Paris,France,2022-11-02,Holger Rune,Hubert Hurkacz,Second Round,15,9,10,11,21,19,6,11
ca0f8bd5bbb494f8aca7c2e565e88d89,2022-10-31,Rolex Paris Masters - Paris,France,2022-11-02,Lorenzo Musetti,Nikoloz Basilashvili,Second Round,11,6,1,2,13,19,6,11
b4a129d1666ba348c13847ef403eb66f,2022-10-31,Rolex Paris Masters - Paris,France,2022-11-02,Pablo Carreno-Busta,Denis Shapovalov,Second Round,24,9,12,19,40,27,18,25
f9e9d9e72bdc92ca37e6d967cddb298e,2022-10-31,Rolex Paris Masters - Paris,France,2022-11-02,Stefanos Tsitsipas,Daniel Evans,Second Round,28,7,12,17,26,8,16,24
00ae461ae405584771b73e01932922d4,2022-10-31,Rolex Paris Masters - Paris,France,2022-11-02,Tommy Paul,Rafael Nadal,Second Round,29,18,23,29,25,19,15,25
77e7f7b872e2b3b270a385f022cc0076,2022-10-31,Rolex Paris Masters - Paris,France,2022-11-03,Carlos Alcaraz,Grigor Dimitrov,Third Round,16,6,4,5,16,24,4,9
a443a055b6210d7d87d50ffc8a21160e,2022-10-31,Rolex Paris Masters - Paris,France,2022-11-03,Felix Auger Aliassime,Gilles Simon,Third Round,26,12,10,14,10,10,5,8
d2bc92dfa5aff2ad11bfe006a4b36c81,2022-10-31,Rolex Paris Masters - Paris,France,2022-11-03,Frances Tiafoe,Alex De Minaur,Third Round,30,13,15,18,21,11,12,16
81a76a9f784dc55006e268380b576361,2022-10-31,Rolex Paris Masters - Paris,France,2022-11-03,Holger Rune,Andrey Rublev,Third Round,30,8,19,21,20,6,4,12
5ef8069c9118dacc102372672b61359e,2022-10-31,Rolex Paris Masters - Paris,France,2022-11-03,Lorenzo Musetti,Casper Ruud,Third Round,37,23,14,19,14,14,12,25
efb64c3274c7e449bedbd5d6e2242819,2022-10-31,Rolex Paris Masters - Paris,France,2022-11-03,Novak Djokovic,Karen Khachanov,Third Round,17,10,10,15,11,14,4,9
fb43157aa0c6f4ce2de742ab7f5729be,2022-10-31,Rolex Paris Masters - Paris,France,2022-11-03,Stefanos Tsitsipas,Corentin Moutet,Third Round,24,8,22,31,31,10,11,14
252fedf18336f9a3904c75d0a0e701bc,2022-10-31,Rolex Paris Masters - Paris,France,2022-11-03,Tommy Paul,Pablo Carreno-Busta,Third Round,24,7,12,16,20,13,13,17
168e2f1f34e4edcf9f89229a77383d7d,2022-10-31,Rolex Paris Masters - Paris,France,2022-11-04,Felix Auger Aliassime,Frances Tiafoe,Quarter-Finals,26,13,11,15,14,16,7,15
9253a686a59e6f78081f5a41eaaedd19,2022-10-31,Rolex Paris Masters - Paris,France,2022-11-04,Novak Djokovic,Lorenzo Musetti,Quarter-Finals,17,10,8,11,8,14,3,7
74795433a8b3c93d56263ea15b75c665,2022-10-31,Rolex Paris Masters - Paris,France,2022-11-04,Stefanos Tsitsipas,Tommy Paul,Quarter-Finals,13,7,12,15,18,13,9,16
db4e6b2263187dc3785997b9a3480a59,2022-10-31,Rolex Paris Masters - Paris,France,2022-11-05,Holger Rune,Felix Auger Aliassime,Semi-Finals,19,7,11,16,15,11,11,17
9e690c42b5060c5d5581ebe39f7a87ca,2022-10-31,Rolex Paris Masters - Paris,France,2022-11-05,Novak Djokovic,Stefanos Tsitsipas,Semi-Finals,36,12,11,15,27,11,13,17
124ef617461708c5f5892773837b0684,2022-10-31,Rolex Paris Masters - Paris,France,2022-11-06,Holger Rune,Novak Djokovic,Final,42,20,24,33,36,13,23,36
252d4918bc06876eabbbc370fadf4f2f,2022-11-07,Next Gen ATP Finals - Milan,Italy,2022-11-08,Brandon Nakashima,Matteo Arnaldi,Round Robin,33,28,26,36,36,31,13,20
1cf99a95f4e1e1091018e50d77db6afe,2022-11-07,Next Gen ATP Finals - Milan,Italy,2022-11-08,Dominic Stricker,Jack Draper,Round Robin,33,20,13,18,25,19,9,16
1cbd5aec8bb8d00b6f0e8772eb72c6e1,2022-11-07,Next Gen ATP Finals - Milan,Italy,2022-11-08,Jiri Lehecka,Francesco Passaro,Round Robin,20,9,9,9,10,9,7,18
691dcf937fd21171eb8a615131d3b1a8,2022-11-07,Next Gen ATP Finals - Milan,Italy,2022-11-08,Lorenzo Musetti,Chun Hsin Tseng,Round Robin,18,12,12,15,13,19,13,20
adef7b624f7903a3804771056f0bdfb8,2022-11-07,Next Gen ATP Finals - Milan,Italy,2022-11-09,Brandon Nakashima,Jiri Lehecka,Round Robin,21,13,2,4,18,23,8,11
617b859f82f7b9fdc78a3f129d526ee6,2022-11-07,Next Gen ATP Finals - Milan,Italy,2022-11-09,Dominic Stricker,Lorenzo Musetti,Round Robin,51,13,18,29,47,11,28,42
0d0f6eedcd4d6f6a442d3419e7edbc8d,2022-11-07,Next Gen ATP Finals - Milan,Italy,2022-11-09,Francesco Passaro,Matteo Arnaldi,Round Robin,41,51,26,38,25,34,14,21
c52c5997c213ecad936ff75c424f4c54,2022-11-07,Next Gen ATP Finals - Milan,Italy,2022-11-09,Jack Draper,Chun Hsin Tseng,Round Robin,19,21,6,11,16,23,11,14
9f0758baf45eb22015c9a4a6e247e342,2022-11-07,Next Gen ATP Finals - Milan,Italy,2022-11-10,Brandon Nakashima,Francesco Passaro,Round Robin,14,16,7,10,11,25,4,9
a78ccaa767a0755ca1c64750abce77bb,2022-11-07,Next Gen ATP Finals - Milan,Italy,2022-11-10,Dominic Stricker,Chun Hsin Tseng,Round Robin,25,15,8,10,11,12,5,9
04035e94a2aeee26ef1e339998463efb,2022-11-07,Next Gen ATP Finals - Milan,Italy,2022-11-10,Jack Draper,Lorenzo Musetti,Round Robin,23,5,6,9,10,23,7,13
46a4fa4f7bafbfe2e3acb7584f5e1f42,2022-11-07,Next Gen ATP Finals - Milan,Italy,2022-11-10,Jiri Lehecka,Matteo Arnaldi,Round Robin,19,21,15,21,20,24,7,14
0c6f5a6444a1b453427b11797cb1313b,2022-11-07,Next Gen ATP Finals - Milan,Italy,2022-11-11,Brandon Nakashima,Jack Draper,Semi-Finals,30,17,18,27,29,21,3,9
3053f24a1d736fece62811895d8b755f,2022-11-07,Next Gen ATP Finals - Milan,Italy,2022-11-11,Jiri Lehecka,Dominic Stricker,Semi-Finals,24,7,13,18,24,16,11,16
30321ceb9b43ad6667edbedf87a6912b,2022-11-07,Next Gen ATP Finals - Milan,Italy,2022-11-12,Brandon Nakashima,Jiri Lehecka,Final,21,4,7,12,27,17,9,14
5075a6a36f21e9bc299828e097ea5689,2022-11-14,Nitto ATP Finals - Turin,Italy,2022-11-13,Casper Ruud,Felix Auger Aliassime,Round Robin,19,5,10,12,30,9,13,13
82edfa49ce62e3ef398baf26d89debe6,2022-11-14,Nitto ATP Finals - Turin,Italy,2022-11-13,Taylor Harry Fritz,Rafael Nadal,Round Robin,23,10,6,9,18,22,5,8
ccf6d4700bfdbdab222c92dfac2da2f7,2022-11-14,Nitto ATP Finals - Turin,Italy,2022-11-14,Andrey Rublev,Daniil Medvedev,Round Robin,38,24,10,12,46,26,5,8
4e5167e5ff369c826d6bbbfe2b8fc779,2022-11-14,Nitto ATP Finals - Turin,Italy,2022-11-14,Novak Djokovic,Stefanos Tsitsipas,Round Robin,33,12,13,18,24,22,7,10
06f82ce46d28877a2ef80f6a6727857e,2022-11-14,Nitto ATP Finals - Turin,Italy,2022-11-15,Casper Ruud,Taylor Harry Fritz,Round Robin,36,24,12,17,36,25,9,11
2bceac94a202e582995f41b9336e5c8b,2022-11-14,Nitto ATP Finals - Turin,Italy,2022-11-15,Felix Auger Aliassime,Rafael Nadal,Round Robin,32,19,6,13,13,18,7,13
7017e45d5fb565d8065926043e9d36c1,2022-11-14,Nitto ATP Finals - Turin,Italy,2022-11-16,Novak Djokovic,Andrey Rublev,Round Robin,19,6,5,7,18,17,3,6
4f179a20e9871b1d2c0c9445eab0ca20,2022-11-14,Nitto ATP Finals - Turin,Italy,2022-11-16,Stefanos Tsitsipas,Daniil Medvedev,Round Robin,47,25,36,45,34,28,11,23
3cd3323dc4c27ef73fe18079e296920c,2022-11-14,Nitto ATP Finals - Turin,Italy,2022-11-17,Rafael Nadal,Casper Ruud,Round Robin,38,16,13,17,19,18,6,7
80af3941ef145c72f377732adce4ca96,2022-11-14,Nitto ATP Finals - Turin,Italy,2022-11-17,Taylor Harry Fritz,Felix Auger Aliassime,Round Robin,32,21,10,15,36,31,15,21
b193c222d627b698a1211aaa4fd92522,2022-11-14,Nitto ATP Finals - Turin,Italy,2022-11-18,Andrey Rublev,Stefanos Tsitsipas,Round Robin,36,22,6,9,25,12,8,12
6458ad3dffd7869aa0faa1f80bdd7258,2022-11-14,Nitto ATP Finals - Turin,Italy,2022-11-18,Novak Djokovic,Daniil Medvedev,Round Robin,53,43,36,44,47,35,14,28
bc1aaef0a4aab4fed2f03f7213745ed0,2022-11-14,Nitto ATP Finals - Turin,Italy,2022-11-19,Casper Ruud,Andrey Rublev,Semi-Finals,20,9,2,4,19,17,1,2
b488012d115d3852d2abd3f4cc52a202,2022-11-14,Nitto ATP Finals - Turin,Italy,2022-11-19,Novak Djokovic,Taylor Harry Fritz,Semi-Finals,21,19,8,10,31,26,8,11
70fe9bb1410d2df8dcbfc96b17f7056c,2022-11-14,Nitto ATP Finals - Turin,Italy,2022-11-20,Novak Djokovic,Casper Ruud,Final,31,33,13,19,17,31,2,5
a6080b0033b06c57a5ffa42202860deb,2023-01-02,Adelaide International 1 - Adelaide,Australia,2023-01-08,Novak Djokovic,Sebastian Korda,Final,35,7,16,22,44,26,13,24
605c0b5f651f429405b13ef4738756b5,2023-01-09,ASB Classic - Auckland,New Zealand,2023-01-09,Constant Lestienne,Pedro Cachin,First Round,13,11,,,10,17,,
c1d442d0d10c0c8db50be4f7251ded2f,2023-01-09,ASB Classic - Auckland,New Zealand,2023-01-09,David Goffin,Alexander Bublik,First Round,20,3,17,,17,23,,
7ba178ccb8b002005f5a30d43b607ecd,2023-01-09,ASB Classic - Auckland,New Zealand,2023-01-09,Jeff Wolf,Adrian Mannarino,First Round,25,18,,,15,15,,
0f7e96639694ef39a607a7600c162acd,2023-01-09,ASB Classic - Auckland,New Zealand,2023-01-09,Jenson Brooksby,Fabio Fognini,First Round,15,12,,,26,35,,
1459749ae2323087b84b1a4979e9cce4,2023-01-09,ASB Classic - Auckland,New Zealand,2023-01-09,Richard Gasquet,Kiranpal Pannu,First Round,19,2,,,15,23,,
7b9aef262cf67d5e14dc821f80c09713,2023-01-09,ASB Classic - Auckland,New Zealand,2023-01-11,Cameron Norrie,Jiri Lehecka,Second Round,27,14,10,18,40,21,18,29
ee0c0948792f412385c6a9bd647a6e8b,2023-01-09,ASB Classic - Auckland,New Zealand,2023-01-12,Cameron Norrie,Marcos Giron,Quarter-Finals,29,19,15,18,20,19,6,12
5c5f48a0bd1848c7682e8dd109811599,2023-01-09,ASB Classic - Auckland,New Zealand,2023-01-12,Constant Lestienne,Laslo Djere,Quarter-Finals,24,24,13,17,42,40,9,19
14fa688117c08a19cb3d32309d0b6ee0,2023-01-09,ASB Classic - Auckland,New Zealand,2023-01-12,Jenson Brooksby,Quentin Halys,Quarter-Finals,26,12,11,13,31,13,14,22
e3041b25890efac7df7f305838f5c43c,2023-01-09,ASB Classic - Auckland,New Zealand,2023-01-12,Richard Gasquet,David Goffin,Quarter-Finals,29,8,10,15,26,21,5,9
c2c6412bf9f5b6359340c0978495b24f,2023-01-09,ASB Classic - Auckland,New Zealand,2023-01-13,Cameron Norrie,Jenson Brooksby,Semi-Finals,23,7,12,15,18,15,8,16
17b29c6f7694b7aaa1ec31742865c14c,2023-01-09,ASB Classic - Auckland,New Zealand,2023-01-14,Richard Gasquet,Cameron Norrie,Final,37,18,26,33,33,18,10,18
02fbcce3372ced22149df85ffe67aa58,2023-01-09,Adelaide International 2 - Adelaide,Australia,2023-01-09,Alejandro Davidovich Fokina,Brandon Nakashima,First Round,21,6,,,26,12,,
315a6b58dbb37abcac41e58ee8d4c1e4,2023-01-09,Adelaide International 2 - Adelaide,Australia,2023-01-09,Mackenzie Mcdonald,Daniel Evans,First Round,32,17,,,19,19,,
98c53d87da3fdb001da01d9508322a11,2023-01-09,Adelaide International 2 - Adelaide,Australia,2023-01-09,Miomir Kecmanovic,Kyle Edmund,First Round,14,7,,,24,20,,
53fb4f5d96bc064a9f22934f67188220,2023-01-09,Adelaide International 2 - Adelaide,Australia,2023-01-09,Thanasi Kokkinakis,Alexei Popyrin,First Round,42,22,,,30,19,,
7c7423e6a645c3c59726824a49ada89b,2023-01-09,Adelaide International 2 - Adelaide,Australia,2023-01-10,Jason Murray Kubler,Tomas Martin Etcheverry,First Round,22,7,,,37,9,,
176cf4a34b766bced7b4f5772c2ed86c,2023-01-09,Adelaide International 2 - Adelaide,Australia,2023-01-10,John Millman,Albert Ramos-Vinolas,First Round,32,32,,,27,22,,
aa8567919c91c022855afb84466608f8,2023-01-09,Adelaide International 2 - Adelaide,Australia,2023-01-10,Marc-Andrea Huesler,Arthur Rinderknech,First Round,40,12,,,37,23,,
bf88f71efaf5bfcc3708c67eb0203128,2023-01-09,Adelaide International 2 - Adelaide,Australia,2023-01-10,Mikael Ymer,Emil Ruusuvuori,First Round,19,15,,,29,37,,
441ee296811ebe787895f0c162d06969,2023-01-09,Adelaide International 2 - Adelaide,Australia,2023-01-10,Tommy Paul,Christopher O'Connell,First Round,28,9,,,15,10,,
715b6c9b0041420b0356449b8ca0df4f,2023-01-09,Adelaide International 2 - Adelaide,Australia,2023-01-11,Alejandro Davidovich Fokina,John Millman,Second Round,19,9,8,11,8,14,7,10
ad6c773ccd99491936291559bf965d44,2023-01-09,Adelaide International 2 - Adelaide,Australia,2023-01-11,Karen Khachanov,Marc-Andrea Huesler,Second Round,15,8,6,10,10,21,15,26
0413ac015d3c310488090bbdcfba9932,2023-01-09,Adelaide International 2 - Adelaide,Australia,2023-01-11,Soon-Woo Kwon,Pablo Carreno-Busta,Second Round,33,15,8,15,33,18,8,14
947ef669168e838e4b30ba03390cd879,2023-01-09,Adelaide International 2 - Adelaide,Australia,2023-01-11,Thanasi Kokkinakis,Andrey Rublev,Second Round,35,8,3,3,28,13,8,8
53e062f9c3afaf864df19cbf8df92d95,2023-01-09,Adelaide International 2 - Adelaide,Australia,2023-01-12,Jack Draper,Karen Khachanov,Quarter-Finals,30,7,13,20,29,21,10,14
d3b58695ff97841cc9266987ec9788f0,2023-01-09,Adelaide International 2 - Adelaide,Australia,2023-01-12,Roberto Bautista Agut,Alejandro Davidovich Fokina,Quarter-Finals,13,8,4,6,16,16,7,12
258eede100a6a228f49345cdddef4f23,2023-01-09,Adelaide International 2 - Adelaide,Australia,2023-01-12,Soon-Woo Kwon,Mikael Ymer,Quarter-Finals,21,10,11,14,6,9,0,6
96ae272b3d597b2da195c3e2b8c70697,2023-01-09,Adelaide International 2 - Adelaide,Australia,2023-01-12,Thanasi Kokkinakis,Miomir Kecmanovic,Quarter-Finals,59,13,12,13,19,11,7,9
698488f69d80b2c9ee9c760e994eef73,2023-01-09,Adelaide International 2 - Adelaide,Australia,2023-01-13,Roberto Bautista Agut,Thanasi Kokkinakis,Semi-Finals,39,12,20,21,51,15,9,16
eacf7422bf9eefaf852dd2ce6b82c973,2023-01-09,Adelaide International 2 - Adelaide,Australia,2023-01-13,Soon-Woo Kwon,Jack Draper,Semi-Finals,44,23,17,21,36,17,11,16
f88deb2ac05879e1e550f820351a88e4,2023-01-09,Adelaide International 2 - Adelaide,Australia,2023-01-14,Soon-Woo Kwon,Roberto Bautista Agut,Final,42,22,15,23,23,16,8,15
41d59a6d4fd6c7ecab089a3140ea36a4,2023-02-06,Dallas Open - Dallas,United States of America,2023-02-06,Alex Rybakov,Elmar Ejupovic,Qualifying Final Round,16,8,10,16,18,7,11,13
a009c504254c3098072b4fa8632c6d26,2023-02-06,Dallas Open - Dallas,United States of America,2023-02-06,Brandon Holt,Gabriel Diallo,Qualifying Final Round,15,10,7,13,48,3,12,20
93a1abb0b3b786cf7b76459fe07cfdb6,2023-02-06,Dallas Open - Dallas,United States of America,2023-02-06,Fernando Verdasco,Mitchell Krueger,Qualifying Final Round,21,21,10,12,8,17,12,24
40898ebc5db6c80debc948338e924931,2023-02-06,Dallas Open - Dallas,United States of America,2023-02-06,Jack Sock,Ilya Ivashka,First Round,32,35,11,20,28,23,19,28
11e1d8c00fc26a16508f0a74f575bf9b,2023-02-06,Dallas Open - Dallas,United States of America,2023-02-06,Zachary Svajda,Stefan Kozlov,Qualifying Final Round,17,17,11,14,22,22,9,18
97c2e0c76c9725cd5a11b22af379a434,2023-02-06,Dallas Open - Dallas,United States of America,2023-02-07,Adrian Mannarino,Steve Johnson,First Round,34,9,9,13,25,17,6,9
eb2601846ca190cd1fdbeb64b699c155,2023-02-06,Dallas Open - Dallas,United States of America,2023-02-07,Jeff Wolf,Brandon Holt,First Round,17,12,5,6,11,17,1,2
8a3cb4cd5759d2ebd82867a4a3bed6bf,2023-02-06,Dallas Open - Dallas,United States of America,2023-02-07,John Isner,Chun Hsin Tseng,First Round,41,17,15,22,19,14,16,20
d252a2eaa6302a19876ec6c8316bdb38,2023-02-06,Dallas Open - Dallas,United States of America,2023-02-07,Jordan Thompson,Denis Kudla,First Round,20,11,2,2,16,22,8,10
f36d9af5d4d7e591c23aad5946f71a48,2023-02-06,Dallas Open - Dallas,United States of America,2023-02-07,Mackenzie Mcdonald,Fernando Verdasco,First Round,15,7,7,8,8,18,7,13
f4a7004f37d12ec59009e9e5fe6a5874,2023-02-06,Dallas Open - Dallas,United States of America,2023-02-07,Marcos Giron,Alex Rybakov,First Round,34,16,11,19,29,17,19,33
0fb56901e2faf2e37644e6d54df0638a,2023-02-06,Dallas Open - Dallas,United States of America,2023-02-07,Radu Albot,Liam Krall,First Round,15,10,13,17,26,28,9,13
76e46633db105117e26f3e5182bd3d01,2023-02-06,Dallas Open - Dallas,United States of America,2023-02-07,Yibing Wu,Michael Mmoh,First Round,37,22,17,33,28,13,5,11
73202133e92aeab6c54632851dabdaba,2023-02-06,Dallas Open - Dallas,United States of America,2023-02-08,Daniel Altmaier,Zachary Svajda,First Round,20,10,10,12,18,13,8,14
dfb86fecd9458bf261ecfcc235fc73e2,2023-02-06,Dallas Open - Dallas,United States of America,2023-02-08,Emilio Gomez,Gabriel Diallo,First Round,26,15,9,13,48,36,23,32
a63e3e51af1252a39b8b01007af30f40,2023-02-06,Dallas Open - Dallas,United States of America,2023-02-08,Frances Tiafoe,Mackenzie Mcdonald,Second Round,15,5,14,19,12,16,8,14
6f65044a1203956deccf90a3aadad284,2023-02-06,Dallas Open - Dallas,United States of America,2023-02-08,Jeff Wolf,Radu Albot,Second Round,29,18,11,16,18,12,13,15
a350954afb0d920fa6c904d801c9f3f0,2023-02-06,Dallas Open - Dallas,United States of America,2023-02-08,Oscar Otte,Christopher Eubanks,First Round,22,11,4,9,24,35,15,27
b1854059038e92459e617258aeee5978,2023-02-06,Dallas Open - Dallas,United States of America,2023-02-08,Yibing Wu,Denis Shapovalov,Second Round,12,10,3,7,21,25,7,11
0f703d19ee7d592efa32417411816e75,2023-02-06,Dallas Open - Dallas,United States of America,2023-02-09,Adrian Mannarino,Jordan Thompson,Second Round,20,12,7,14,22,16,10,16
309f1ec41d0666d00bcdc0f5d8c76e2f,2023-02-06,Dallas Open - Dallas,United States of America,2023-02-09,Emilio Gomez,Miomir Kecmanovic,Second Round,33,17,17,29,34,15,10,18
441eb575ec1c404310c2bcf25dc25d84,2023-02-06,Dallas Open - Dallas,United States of America,2023-02-09,John Isner,Daniel Altmaier,Second Round,28,10,11,14,19,10,8,12
dd92442df8dffbf95b6f74e10ee0199f,2023-02-06,Dallas Open - Dallas,United States of America,2023-02-09,Marcos Giron,Oscar Otte,Second Round,8,14,6,7,15,16,7,16
b5eaf8d312413cdc842aa99bc7aec3ec,2023-02-06,Dallas Open - Dallas,United States of America,2023-02-09,Taylor Harry Fritz,Jack Sock,Second Round,32,12,10,14,28,13,15,20
2626ed7313d7ac1cb0bb07d42853822e,2023-02-06,Dallas Open - Dallas,United States of America,2023-02-10,Jeff Wolf,Frances Tiafoe,Quarter-Finals,26,10,10,22,33,14,9,11
01e9308abbddb947b8260a1502260fb6,2023-02-06,Dallas Open - Dallas,United States of America,2023-02-10,John Isner,Emilio Gomez,Quarter-Finals,39,14,11,17,30,14,10,11
34a4bc63d12858a1d6fbd914bef98819,2023-02-06,Dallas Open - Dallas,United States of America,2023-02-10,Taylor Harry Fritz,Marcos Giron,Quarter-Finals,28,16,9,12,24,12,10,16
5dc0e656bd90d9bb66a873659e95f621,2023-02-06,Dallas Open - Dallas,United States of America,2023-02-10,Yibing Wu,Adrian Mannarino,Quarter-Finals,17,7,7,10,11,5,3,5
04c5659d2ec61ce4f0591b1223a92d7e,2023-02-06,Dallas Open - Dallas,United States of America,2023-02-11,John Isner,Jeff Wolf,Semi-Finals,46,26,17,26,26,15,7,12
1afc932e8f4971690daedc1d56f9791b,2023-02-06,Dallas Open - Dallas,United States of America,2023-02-11,Yibing Wu,Taylor Harry Fritz,Semi-Finals,34,13,13,23,38,20,10,13
507bea5da183a85e857791774c65f652,2023-02-06,Dallas Open - Dallas,United States of America,2023-02-12,Yibing Wu,John Isner,Final,41,17,13,13,60,21,11,19
b3765266b42d886e9b2a2e71ab7dbc36,2023-02-13,ABN AMRO World Tennis Tournament - Rotterdam,Netherlands,2023-02-11,Aslan Karatsev,Sidane Pontjodikromo,Qualifying First Round,,,9,15,,,6,9
5758e0da67b8a66fbc918409ac6a7085,2023-02-13,ABN AMRO World Tennis Tournament - Rotterdam,Netherlands,2023-02-11,Constant Lestienne,Maximilian Marterer,Qualifying First Round,,,13,14,,,10,19
5442940ce1a2cecc5a0d4def677ae44c,2023-02-13,ABN AMRO World Tennis Tournament - Rotterdam,Netherlands,2023-02-11,Gregoire Barrere,Jesper De Jong,Qualifying First Round,,,12,18,,,4,14
e9824402ef493f14fa829dc78250eb8d,2023-02-13,ABN AMRO World Tennis Tournament - Rotterdam,Netherlands,2023-02-11,Jurij Rodionov,Arthur Rinderknech,Qualifying First Round,,,9,17,,,10,15
13a0705eaa8369a521e2a0a3ff566382,2023-02-13,ABN AMRO World Tennis Tournament - Rotterdam,Netherlands,2023-02-11,Mikael Ymer,Borna Gojo,Qualifying First Round,,,7,8,,,8,16
3b78469538791ed132d12a298d48dff1,2023-02-13,ABN AMRO World Tennis Tournament - Rotterdam,Netherlands,2023-02-11,Nikoloz Basilashvili,Max Houkes,Qualifying First Round,,,6,8,,,7,10
be31477199d95d9df1987ccd4177ea5d,2023-02-13,ABN AMRO World Tennis Tournament - Rotterdam,Netherlands,2023-02-11,Quentin Halys,Zizou Bergs,Qualifying First Round,,,3,3,,,7,7
a10929a94600b97c6657ace0277cbb6e,2023-02-13,ABN AMRO World Tennis Tournament - Rotterdam,Netherlands,2023-02-11,Roman Safiullin,Elias Ymer,Qualifying First Round,,,21,24,,,7,12
87f70c3e12397ad23587c28c0f72e37c,2023-02-13,ABN AMRO World Tennis Tournament - Rotterdam,Netherlands,2023-02-12,Aslan Karatsev,Jurij Rodionov,Qualifying Final Round,,,3,7,,,3,6
f02f3f272cc2e656e11ace6535023ddf,2023-02-13,ABN AMRO World Tennis Tournament - Rotterdam,Netherlands,2023-02-13,Gregoire Barrere,David Goffin,First Round,15,10,17,21,15,25,8,14
da57e4cd9ffd82d0f71123cde46266bb,2023-02-13,ABN AMRO World Tennis Tournament - Rotterdam,Netherlands,2023-02-13,Grigor Dimitrov,Aslan Karatsev,First Round,12,6,2,2,8,20,5,8
2e109681cd756a58d9bc2660d9e95a3d,2023-02-13,ABN AMRO World Tennis Tournament - Rotterdam,Netherlands,2023-02-13,Richard Gasquet,Pablo Carreno-Busta,First Round,36,15,9,19,44,21,10,15
812720c653cd902ad4d5c0289d9cd3fa,2023-02-13,ABN AMRO World Tennis Tournament - Rotterdam,Netherlands,2023-02-13,Stan Wawrinka,Alexander Bublik,First Round,30,12,25,32,18,17,10,18
566db2626a6bcb36c402b0f7182cfd37,2023-02-13,ABN AMRO World Tennis Tournament - Rotterdam,Netherlands,2023-02-14,Alexander Zverev,Soon-Woo Kwon,First Round,26,18,9,16,21,19,10,13
9f231a2150760b421050ce725ca68c23,2023-02-13,ABN AMRO World Tennis Tournament - Rotterdam,Netherlands,2023-02-14,Daniil Medvedev,Alejandro Davidovich Fokina,First Round,26,13,13,18,27,39,14,22
d99e65008fbf5e071e49a57cc0231bc1,2023-02-13,ABN AMRO World Tennis Tournament - Rotterdam,Netherlands,2023-02-14,Felix Auger Aliassime,Lorenzo Sonego,First Round,21,10,11,17,12,9,11,15
a514b7173aaacd8cda1eef5e2b745801,2023-02-13,ABN AMRO World Tennis Tournament - Rotterdam,Netherlands,2023-02-14,Gijs Brouwer,Marc-Andrea Huesler,First Round,28,11,19,21,20,14,9,14
3b3a53ef3ba90899f62356cba3c6ab66,2023-02-13,ABN AMRO World Tennis Tournament - Rotterdam,Netherlands,2023-02-14,Hubert Hurkacz,Roberto Bautista Agut,First Round,,,23,36,,,15,23
8bb6395bff974c1fdd8a82ddb1bdbaf1,2023-02-13,ABN AMRO World Tennis Tournament - Rotterdam,Netherlands,2023-02-14,Stefanos Tsitsipas,Emil Ruusuvuori,First Round,19,8,5,8,18,19,8,11
84c5ea8c91fc4cc15ab271796ad75696,2023-02-13,ABN AMRO World Tennis Tournament - Rotterdam,Netherlands,2023-02-14,Tallon Griekspoor,Mikael Ymer,First Round,34,26,25,35,18,12,6,9
8c70fded691f91c04627a49f67633cc7,2023-02-13,ABN AMRO World Tennis Tournament - Rotterdam,Netherlands,2023-02-15,Alex De Minaur,Andrey Rublev,First Round,19,7,11,13,16,12,7,10
d481a8ec5227005232144bc7b4b784a5,2023-02-13,ABN AMRO World Tennis Tournament - Rotterdam,Netherlands,2023-02-15,Botic Van De Zandschulp,Quentin Halys,First Round,32,22,17,21,33,22,15,23
459a97d8a236adf10a3b6dc13eb38925,2023-02-13,ABN AMRO World Tennis Tournament - Rotterdam,Netherlands,2023-02-15,Grigor Dimitrov,Hubert Hurkacz,Second Round,24,14,12,14,37,15,8,15
7c48205ead0c6d717d8083e142673fa2,2023-02-13,ABN AMRO World Tennis Tournament - Rotterdam,Netherlands,2023-02-15,Holger Rune,Constant Lestienne,First Round,23,18,14,23,12,14,3,6
bf7e99317171ce121cbb829f549f4685,2023-02-13,ABN AMRO World Tennis Tournament - Rotterdam,Netherlands,2023-02-15,Jannik Sinner,Benjamin Bonzi,First Round,35,3,5,6,21,11,4,11
ec4b43eb9a86c7392dca11a6e7763a8f,2023-02-13,ABN AMRO World Tennis Tournament - Rotterdam,Netherlands,2023-02-15,Maxime Cressy,Tim Van Rijthoven,First Round,40,14,11,15,27,10,2,2
bdd1cfc745502313d54abe9a2b1b9db4,2023-02-13,ABN AMRO World Tennis Tournament - Rotterdam,Netherlands,2023-02-15,Stan Wawrinka,Richard Gasquet,Second Round,34,13,3,7,10,12,5,7
cbed6812ab04f37c57008bb5919c6092,2023-02-13,ABN AMRO World Tennis Tournament - Rotterdam,Netherlands,2023-02-15,Tallon Griekspoor,Alexander Zverev,Second Round,37,17,19,20,21,20,14,22
0213123fcb66dd7e97a16107fb76d192,2023-02-13,ABN AMRO World Tennis Tournament - Rotterdam,Netherlands,2023-02-16,Alex De Minaur,Maxime Cressy,Second Round,20,7,6,12,29,23,29,50
6e3f5f2d1fb0e809d8534ec2b2010545,2023-02-13,ABN AMRO World Tennis Tournament - Rotterdam,Netherlands,2023-02-16,Daniil Medvedev,Botic Van De Zandschulp,Second Round,19,12,9,11,19,28,15,23
3bc773e9ef2f049c24b5389ce9fdf1a3,2023-02-13,ABN AMRO World Tennis Tournament - Rotterdam,Netherlands,2023-02-16,Felix Auger Aliassime,Gregoire Barrere,Second Round,21,14,6,6,8,15,4,7
45107f53635e860e8ce94d0f8eb39e77,2023-02-13,ABN AMRO World Tennis Tournament - Rotterdam,Netherlands,2023-02-16,Jannik Sinner,Stefanos Tsitsipas,Second Round,20,6,12,15,8,12,11,22
7a57a7b5eaa703826179c91d91debabd,2023-02-13,ABN AMRO World Tennis Tournament - Rotterdam,Netherlands,2023-02-17,Daniil Medvedev,Felix Auger Aliassime,Quarter-Finals,12,5,6,9,19,20,16,22
3a33149df79855591862acd68a5ad35c,2023-02-13,ABN AMRO World Tennis Tournament - Rotterdam,Netherlands,2023-02-17,Grigor Dimitrov,Alex De Minaur,Quarter-Finals,27,19,13,16,21,30,17,24
d5fac16a852445351cd041422fd583b4,2023-02-13,ABN AMRO World Tennis Tournament - Rotterdam,Netherlands,2023-02-17,Jannik Sinner,Stan Wawrinka,Quarter-Finals,11,12,9,11,6,15,5,7
7536c8fab354f141a7c3f3bcc24fe547,2023-02-13,ABN AMRO World Tennis Tournament - Rotterdam,Netherlands,2023-02-17,Tallon Griekspoor,Gijs Brouwer,Quarter-Finals,21,4,8,17,26,12,7,10
b4015fd6721511b8f480375e9fb4a8db,2023-02-13,ABN AMRO World Tennis Tournament - Rotterdam,Netherlands,2023-02-18,Jannik Sinner,Tallon Griekspoor,Semi-Finals,25,11,13,17,27,20,15,19
22e6e9b50971ed612eb2d2b9ef207379,2023-02-13,ABN AMRO World Tennis Tournament - Rotterdam,Netherlands,2023-02-19,Daniil Medvedev,Jannik Sinner,Final,20,17,8,14,31,30,21,30
84a558a67f817d50754d4332cefe5e25,2023-02-13,Delray Beach Open - Delray Beach,United States of America,2023-02-11,Aleksandar Vukic,Alex Rybakov,Qualifying First Round,31,15,13,19,28,27,13,22
08f2a143fe5680788285fde497a086ef,2023-02-13,Delray Beach Open - Delray Beach,United States of America,2023-02-11,Christopher Eubanks,Mitchell Krueger,Qualifying First Round,21,10,6,11,10,8,7,13
7264de67a39be72273fa77b4ea252466,2023-02-13,Delray Beach Open - Delray Beach,United States of America,2023-02-11,Evan Zhu,Rinky Hijikata,Qualifying First Round,25,16,13,20,22,26,10,18
db755985f36e8ed0982a65fa1b31b537,2023-02-13,Delray Beach Open - Delray Beach,United States of America,2023-02-11,Nuno Borges,Jonas Forejtek,Qualifying First Round,14,10,9,12,7,15,7,11
7089d42a8c8bea1a5c3f2e5c8e023e72,2023-02-13,Delray Beach Open - Delray Beach,United States of America,2023-02-11,Steve Johnson,Hernan Casanova,Qualifying First Round,38,26,15,28,16,21,8,10
6bbea92b9fcba688236d3ad5a83b4f4e,2023-02-13,Delray Beach Open - Delray Beach,United States of America,2023-02-11,Tennys Sandgren,Mattia Bellucci,Qualifying First Round,23,17,18,27,18,18,9,12
4523a2f99eac9269069f0e7b3b6ea81b,2023-02-13,Delray Beach Open - Delray Beach,United States of America,2023-02-11,Tung-Lin Wu,Brandon Holt,Qualifying First Round,41,40,18,30,25,15,6,9
c832636cf1ff18335f7fc1c348fba774,2023-02-13,Delray Beach Open - Delray Beach,United States of America,2023-02-12,Christopher Eubanks,Aleksandar Vukic,Qualifying Final Round,26,16,11,16,26,10,11,14
925e2214197de3e5abc37943ede17204,2023-02-13,Delray Beach Open - Delray Beach,United States of America,2023-02-12,Matija Pecotic,Tennys Sandgren,Qualifying Final Round,18,21,20,27,23,22,10,20
c2419470bcb3444a4f45de0ba42b0920,2023-02-13,Delray Beach Open - Delray Beach,United States of America,2023-02-12,Nuno Borges,Steve Johnson,Qualifying Final Round,18,6,5,8,11,16,10,14
66e95a1122e05138767aa1569e4d99c5,2023-02-13,Delray Beach Open - Delray Beach,United States of America,2023-02-12,Tung-Lin Wu,Evan Zhu,Qualifying Final Round,8,15,6,11,13,25,2,6
8ebeb2b1db6a7f9a4406119d86fc05dc,2023-02-13,Delray Beach Open - Delray Beach,United States of America,2023-02-13,Denis Kudla,Jordan Thompson,First Round,22,23,7,12,39,28,13,21
c39c1e64d5906815619529455ab2d2dd,2023-02-13,Delray Beach Open - Delray Beach,United States of America,2023-02-13,Emilio Gomez,Tung-Lin Wu,First Round,17,20,7,9,17,33,18,31
a2356e1afca7831c183e2b9983d5919a,2023-02-13,Delray Beach Open - Delray Beach,United States of America,2023-02-13,Michael Mmoh,Aleksandar Kovacevic,First Round,29,22,15,23,42,29,13,27
f8293a36be1e4e6d47ae14ad386b45ed,2023-02-13,Delray Beach Open - Delray Beach,United States of America,2023-02-13,Nuno Borges,Steve Johnson,First Round,32,21,7,12,38,20,19,29
3ab91893ddbfac3f5d5d63bd78b942c2,2023-02-13,Delray Beach Open - Delray Beach,United States of America,2023-02-13,Yoshihito Nishioka,Oscar Otte,First Round,18,26,14,23,24,28,12,17
af655bec36bd99deec9f816f7493fe3a,2023-02-13,Delray Beach Open - Delray Beach,United States of America,2023-02-14,Adrian Mannarino,Daniel Altmaier,First Round,29,18,25,37,32,19,12,14
f10ae9322191de79d6bb2914d11750a5,2023-02-13,Delray Beach Open - Delray Beach,United States of America,2023-02-14,Aleksandar Vukic,Christopher Eubanks,First Round,21,14,6,7,30,21,11,17
0366563773dca7fa49f87524268e9fef,2023-02-13,Delray Beach Open - Delray Beach,United States of America,2023-02-14,Jeff Wolf,Ilya Ivashka,First Round,15,15,7,7,19,22,5,8
1f50761621e60db667760ea2daa35531,2023-02-13,Delray Beach Open - Delray Beach,United States of America,2023-02-14,Mackenzie Mcdonald,Taro Daniel,First Round,22,10,11,15,4,12,6,10
afd83c52f6b52b0b9e0b280221603014,2023-02-13,Delray Beach Open - Delray Beach,United States of America,2023-02-14,Marcos Giron,Ben Shelton,First Round,16,6,7,9,16,13,9,12
a5626d81a22429cbdddeea9ded9827de,2023-02-13,Delray Beach Open - Delray Beach,United States of America,2023-02-14,Matija Pecotic,Jack Sock,First Round,30,20,21,31,25,27,11,19
db37685b8743c0098fd3f137d6f3374d,2023-02-13,Delray Beach Open - Delray Beach,United States of America,2023-02-14,Radu Albot,Fernando Verdasco,First Round,22,11,14,18,27,32,15,22
54fa2f4af4e159d85d37b36a6a400249,2023-02-13,Delray Beach Open - Delray Beach,United States of America,2023-02-15,Mackenzie Mcdonald,Yoshihito Nishioka,Second Round,36,27,18,29,20,22,11,19
6ee98563178d68a5d9f60c937c3528c1,2023-02-13,Delray Beach Open - Delray Beach,United States of America,2023-02-15,Marcos Giron,Matija Pecotic,Second Round,22,9,14,19,13,18,11,16
a8eca4bdbff68e0cdcb9e02c99d06cdc,2023-02-13,Delray Beach Open - Delray Beach,United States of America,2023-02-15,Michael Mmoh,Denis Shapovalov,Second Round,20,16,14,25,30,30,19,29
5e3baf550a665e6ea231830c2c436e60,2023-02-13,Delray Beach Open - Delray Beach,United States of America,2023-02-15,Miomir Kecmanovic,Nuno Borges,Second Round,21,9,7,9,22,16,9,10
9646703a09dbee04f93b09ff77cfe856,2023-02-13,Delray Beach Open - Delray Beach,United States of America,2023-02-16,Adrian Mannarino,Jeff Wolf,Second Round,23,21,13,16,11,19,9,13
b2bfdd17b9751c3c9598612bb7a83148,2023-02-13,Delray Beach Open - Delray Beach,United States of America,2023-02-16,Radu Albot,Aleksandar Vukic,Second Round,14,15,18,24,19,24,7,12
a4a7b6f1d39d99f8d439fd77ccdc2be4,2023-02-13,Delray Beach Open - Delray Beach,United States of America,2023-02-16,Taylor Harry Fritz,Emilio Gomez,Second Round,25,20,7,10,15,12,5,6
0e0fbbf47b87154cfe89fc12b1ea7a5b,2023-02-13,Delray Beach Open - Delray Beach,United States of America,2023-02-16,Tommy Paul,Denis Kudla,Second Round,14,13,12,16,14,10,1,3
8854332bc2dc71d5b0155c70466be97c,2023-02-13,Delray Beach Open - Delray Beach,United States of America,2023-02-17,Mackenzie Mcdonald,Michael Mmoh,Quarter-Finals,38,27,27,41,23,17,15,28
2a29425c1fa2827e79033ab2cd506a5a,2023-02-13,Delray Beach Open - Delray Beach,United States of America,2023-02-17,Miomir Kecmanovic,Marcos Giron,Quarter-Finals,19,13,7,10,23,17,8,10
772c2dfaab929045161f2bf34b469d94,2023-02-13,Delray Beach Open - Delray Beach,United States of America,2023-02-17,Radu Albot,Tommy Paul,Quarter-Finals,13,9,10,10,12,19,2,6
fd4a1f800de095f6b7316cfa55afa7ca,2023-02-13,Delray Beach Open - Delray Beach,United States of America,2023-02-17,Taylor Harry Fritz,Adrian Mannarino,Quarter-Finals,29,19,12,17,13,14,10,16
dddad75d59f19ea6eaca13e4b3b5a1c8,2023-02-13,Delray Beach Open - Delray Beach,United States of America,2023-02-18,Miomir Kecmanovic,Radu Albot,Semi-Finals,24,18,9,17,42,37,21,32
81b5c32947f12966423df70a1b1f4907,2023-02-13,Delray Beach Open - Delray Beach,United States of America,2023-02-18,Taylor Harry Fritz,Mackenzie Mcdonald,Semi-Finals,30,19,9,17,24,11,9,17
8b7c1d2b936db6ba3611a1da31bf1176,2023-02-13,Delray Beach Open - Delray Beach,United States of America,2023-02-19,Taylor Harry Fritz,Miomir Kecmanovic,Final,43,11,10,15,20,17,9,11
f867bf6089c3b3806512750b3b67e2db,2023-02-20,Qatar ExxonMobil Open - Doha,Qatar,2023-02-18,Alexandre Muller,Zhizhen Zhang,Qualifying First Round,27,11,11,15,30,25,12,19
b2d3c9a54ce58c77473b33d806780d94,2023-02-20,Qatar ExxonMobil Open - Doha,Qatar,2023-02-18,Nikoloz Basilashvili,Cem Ilkel,Qualifying First Round,27,22,10,13,12,11,0,1
3123701b9807637d8deba445a657ec1a,2023-02-20,Qatar ExxonMobil Open - Doha,Qatar,2023-02-19,Liam Broady,Nikoloz Basilashvili,Qualifying Final Round,9,13,5,5,17,45,7,13
b23cfe97fc1d73725fcc827b2b215600,2023-02-20,Qatar ExxonMobil Open - Doha,Qatar,2023-02-20,Alejandro Davidovich Fokina,Constant Lestienne,First Round,22,16,12,19,15,18,5,6
dc4c7ed95ad0fd6f682a8c2eb56af4b6,2023-02-20,Qatar ExxonMobil Open - Doha,Qatar,2023-02-20,Andy Murray,Lorenzo Sonego,First Round,20,14,12,22,34,26,20,25
3f3c9b3bb989d18a834d4847040c2365,2023-02-20,Qatar ExxonMobil Open - Doha,Qatar,2023-02-20,Christopher O'Connell,Fernando Verdasco,First Round,18,13,10,20,18,29,11,18
c973ca7fd63b76c7be622f96ec495f1d,2023-02-20,Qatar ExxonMobil Open - Doha,Qatar,2023-02-20,Liam Broady,Oleksii Krutykh,First Round,26,13,10,17,38,34,18,26
648dfb8e089efdd3c562b648d53bc577,2023-02-20,Qatar ExxonMobil Open - Doha,Qatar,2023-02-21,Alexandre Muller,Nikoloz Basilashvili,First Round,22,14,4,8,45,51,13,20
c412e92a91025a8adab30d9bc7bdcb52,2023-02-20,Qatar ExxonMobil Open - Doha,Qatar,2023-02-21,Botic Van De Zandschulp,Ilya Ivashka,First Round,22,12,13,19,13,18,5,10
21e8ba367ab496100c080de130c0e718,2023-02-20,Qatar ExxonMobil Open - Doha,Qatar,2023-02-21,Emil Ruusuvuori,Daniel Evans,First Round,26,17,10,16,16,13,5,15
5b576004217db632dca362f43351f225,2023-02-20,Qatar ExxonMobil Open - Doha,Qatar,2023-02-21,Jiri Lehecka,Damir Dzumhur,First Round,37,22,15,30,12,10,8,11
05264145be01d44b2efb74a6e3b89978,2023-02-20,Qatar ExxonMobil Open - Doha,Qatar,2023-02-21,Roberto Bautista Agut,Marton Fucsovics,First Round,20,14,10,17,50,40,32,45
946f8a54e5618b911581da8979817eee,2023-02-20,Qatar ExxonMobil Open - Doha,Qatar,2023-02-21,Soon-Woo Kwon,Abedallah Shelbayh,First Round,23,19,11,17,31,17,12,16
05ac686d51e43b30407aa0480bdfc0a6,2023-02-20,Qatar ExxonMobil Open - Doha,Qatar,2023-02-21,Tallon Griekspoor,Quentin Halys,First Round,51,11,20,24,41,14,13,18
b4a62f06659c56747a9d814bfcc84e91,2023-02-20,Qatar ExxonMobil Open - Doha,Qatar,2023-02-22,Alejandro Davidovich Fokina,Soon-Woo Kwon,Second Round,14,15,11,16,14,13,7,12
6e94db84641e274b107195df25260779,2023-02-20,Qatar ExxonMobil Open - Doha,Qatar,2023-02-22,Alexandre Muller,Botic Van De Zandschulp,Second Round,12,10,3,8,12,20,7,8
bc539b9ce35dc3d1f7b9ffa8b344402b,2023-02-20,Qatar ExxonMobil Open - Doha,Qatar,2023-02-22,Andrey Rublev,Tallon Griekspoor,Second Round,36,13,7,10,30,18,17,23
c55e4b1fd093c0b14e4e0ae5be970996,2023-02-20,Qatar ExxonMobil Open - Doha,Qatar,2023-02-22,Andy Murray,Alexander Zverev,Second Round,24,22,16,27,49,33,33,44
885d7cdab95dcfe4fe4f3495f8e198bb,2023-02-20,Qatar ExxonMobil Open - Doha,Qatar,2023-02-22,Christopher O'Connell,Roberto Bautista Agut,Second Round,42,17,16,25,40,27,24,44
bccc79825d856839b36c45f7b00a9a66,2023-02-20,Qatar ExxonMobil Open - Doha,Qatar,2023-02-22,Daniil Medvedev,Liam Broady,Second Round,27,15,13,25,21,21,18,25
ca122f30fbca05376014086981b70172,2023-02-20,Qatar ExxonMobil Open - Doha,Qatar,2023-02-22,Felix Auger Aliassime,Jason Murray Kubler,Second Round,39,20,8,11,18,20,9,13
41f12aed03436fdf1f529f560d42b66d,2023-02-20,Qatar ExxonMobil Open - Doha,Qatar,2023-02-23,Andy Murray,Alexandre Muller,Quarter-Finals,27,17,18,25,24,25,13,18
e23680ed7d3f9fd47c186e72f7cbd18a,2023-02-20,Qatar ExxonMobil Open - Doha,Qatar,2023-02-23,Daniil Medvedev,Christopher O'Connell,Quarter-Finals,28,18,15,22,26,23,27,41
d32deae39a73e56255bb0c1d2c6a470c,2023-02-20,Qatar ExxonMobil Open - Doha,Qatar,2023-02-23,Felix Auger Aliassime,Alejandro Davidovich Fokina,Quarter-Finals,25,12,16,19,20,11,9,12
8176f76429a2e8e0f0bbab00f230ac29,2023-02-20,Qatar ExxonMobil Open - Doha,Qatar,2023-02-23,Jiri Lehecka,Andrey Rublev,Quarter-Finals,26,12,7,13,36,9,8,11
8ef7f363fb197e61675600572a88efbe,2023-02-20,Qatar ExxonMobil Open - Doha,Qatar,2023-02-24,Andy Murray,Jiri Lehecka,Semi-Finals,17,16,10,15,44,27,21,40
77d19d72b40dc8a939dcf0ee342f6be1,2023-02-20,Qatar ExxonMobil Open - Doha,Qatar,2023-02-24,Daniil Medvedev,Felix Auger Aliassime,Semi-Finals,18,8,6,14,30,26,17,24
3c2223ec305af573909bfe650a52b58c,2023-02-20,Qatar ExxonMobil Open - Doha,Qatar,2023-02-25,Daniil Medvedev,Andy Murray,Final,20,16,8,14,15,16,18,29
4fc88af91c79ecaa15c492e4b62fe212,2023-02-27,Abierto Mexicano Telcel - Acapulco,Mexico,2023-02-25,Brandon Holt,Ernesto Escobedo,Qualifying First Round,50,20,20,41,36,25,3,15
efa4c8bc24affda0713bc6de2feba5f3,2023-02-27,Abierto Mexicano Telcel - Acapulco,Mexico,2023-02-25,Nick Chappell,Steve Johnson,Qualifying First Round,23,10,10,25,28,36,6,13
56b44d34ab0cc2221b72e727c62e2be1,2023-02-27,Abierto Mexicano Telcel - Acapulco,Mexico,2023-02-25,Taro Daniel,Juan Alejandro Hernandez,Qualifying First Round,18,12,6,9,7,22,3,12
69793bc06da0e0ec9fe98bd03e9eefe6,2023-02-27,Abierto Mexicano Telcel - Acapulco,Mexico,2023-02-26,Jacopo Berrettini,Luciano Darderi,Qualifying Final Round,21,17,11,16,15,19,3,5
95208eb8d731598ef1c8c435258d16cc,2023-02-27,Abierto Mexicano Telcel - Acapulco,Mexico,2023-02-26,Taro Daniel,Brandon Holt,Qualifying Final Round,22,14,8,15,20,34,12,16
ca0a7bb5e73db3953c165016d6e7d29f,2023-02-27,Abierto Mexicano Telcel - Acapulco,Mexico,2023-02-27,Casper Ruud,Guido Andreozzi,First Round,33,16,2,6,21,31,9,14
c5d1465f98c3d8bfa87a200388f845f1,2023-02-27,Abierto Mexicano Telcel - Acapulco,Mexico,2023-02-27,Denis Shapovalov,Miomir Kecmanovic,First Round,46,26,17,22,15,16,6,10
a9a0925195807308f5cbec87f14b2680,2023-02-27,Abierto Mexicano Telcel - Acapulco,Mexico,2023-02-27,Frances Tiafoe,Yoshihito Nishioka,First Round,32,18,10,16,18,13,13,22
126110f1928f6a8a64c610956d53317a,2023-02-27,Abierto Mexicano Telcel - Acapulco,Mexico,2023-02-27,Holger Rune,Ben Shelton,First Round,33,20,13,21,26,23,13,21
4a07dc74d44e74613f47639b6b859c7a,2023-02-27,Abierto Mexicano Telcel - Acapulco,Mexico,2023-02-27,Taylor Harry Fritz,John Isner,First Round,23,16,5,8,38,14,15,23
83ad6162f5b18ca91c868cec77327ff6,2023-02-27,Abierto Mexicano Telcel - Acapulco,Mexico,2023-02-27,Tommy Paul,Emilio Gomez,First Round,21,16,26,31,10,22,7,11
3fee14f0623bbb9b7baefe49266ffade,2023-02-27,Abierto Mexicano Telcel - Acapulco,Mexico,2023-02-28,Alex De Minaur,Rodrigo Pacheco Mendez,First Round,26,15,16,22,5,17,3,8
2ea8a11d1a7ab209998fbd072ee757e5,2023-02-27,Abierto Mexicano Telcel - Acapulco,Mexico,2023-02-28,Brandon Nakashima,Daniel Altmaier,First Round,34,24,18,24,17,18,10,21
343c652ed0613a4a139a164b54be5a7d,2023-02-27,Abierto Mexicano Telcel - Acapulco,Mexico,2023-02-28,Elias Ymer,Adrian Mannarino,First Round,20,26,7,11,15,33,10,15
61b553a5b531cd386c86fdb4cdbe7f4b,2023-02-27,Abierto Mexicano Telcel - Acapulco,Mexico,2023-02-28,Mackenzie Mcdonald,Luciano Darderi,First Round,23,9,9,12,14,17,10,14
5e2b020c7c27e87aa98a3b835b2be97a,2023-02-27,Abierto Mexicano Telcel - Acapulco,Mexico,2023-03-01,Alex De Minaur,Jacopo Berrettini,Second Round,10,8,5,7,5,22,2,3
914913b1544c57b4814684bab5740f15,2023-02-27,Abierto Mexicano Telcel - Acapulco,Mexico,2023-03-01,Frances Tiafoe,Feliciano Lopez,Second Round,26,16,7,11,22,12,23,41
6ebc35b917f46cf53b48d60ec6e7fab3,2023-02-27,Abierto Mexicano Telcel - Acapulco,Mexico,2023-03-01,Holger Rune,Nuno Borges,Second Round,18,7,6,6,4,16,0,2
aa445ca30a4d902900b41f8e968f2067,2023-02-27,Abierto Mexicano Telcel - Acapulco,Mexico,2023-03-01,Matteo Berrettini,Elias Ymer,Second Round,27,10,11,15,11,18,11,17
6389afda38f34410c6995e1a1d1c1cdb,2023-02-27,Abierto Mexicano Telcel - Acapulco,Mexico,2023-03-01,Taro Daniel,Casper Ruud,Second Round,32,12,11,18,38,30,27,33
4ad9fba41f6325ac808c593c300033d2,2023-02-27,Abierto Mexicano Telcel - Acapulco,Mexico,2023-03-01,Taylor Harry Fritz,Denis Shapovalov,Second Round,20,7,3,3,15,10,7,8
5fc02fd13ac73904efe8082dae0a7a0d,2023-02-27,Abierto Mexicano Telcel - Acapulco,Mexico,2023-03-02,Alex De Minaur,Taro Daniel,Quarter-Finals,23,12,11,13,11,16,8,16
e1ad709f9d7c8e80485ce89683c50b11,2023-02-27,Abierto Mexicano Telcel - Acapulco,Mexico,2023-03-02,Taylor Harry Fritz,Frances Tiafoe,Quarter-Finals,20,16,4,11,14,15,7,10
6a64c0111794ad3e0bbb73719218e953,2023-02-27,Abierto Mexicano Telcel - Acapulco,Mexico,2023-03-02,Tommy Paul,Mackenzie Mcdonald,Quarter-Finals,19,6,9,12,7,12,3,12
71d7a1b2f77613fcfd0b14b446534aee,2023-02-27,Abierto Mexicano Telcel - Acapulco,Mexico,2023-03-03,Alex De Minaur,Holger Rune,Semi-Finals,18,16,14,27,38,37,24,36
19bff3ae0ad2e35dc175cca35ea6e262,2023-02-27,Abierto Mexicano Telcel - Acapulco,Mexico,2023-03-03,Tommy Paul,Taylor Harry Fritz,Semi-Finals,39,35,17,25,30,33,19,25
a6334e96b537ca2317dfdcebc0f5c75e,2023-02-27,Abierto Mexicano Telcel - Acapulco,Mexico,2023-03-04,Alex De Minaur,Tommy Paul,Final,20,27,,19,24,19,32,31
eced734c4b6044f17451023c76ff68dd,2023-02-27,Dubai Duty Free Tennis Championships - Dubai,United Arab Emirates,2023-02-25,Alexandar Lazarov,Zhizhen Zhang,Qualifying First Round,17,8,4,7,23,20,12,22
bc198496423ee919f5af06f5f41312b6,2023-02-27,Dubai Duty Free Tennis Championships - Dubai,United Arab Emirates,2023-02-25,Tomas Machac,Marton Fucsovics,Qualifying First Round,29,22,14,19,28,17,11,17
136991319d03218ad7cf3a6687f10de8,2023-02-27,Dubai Duty Free Tennis Championships - Dubai,United Arab Emirates,2023-02-26,Christopher O'Connell,Quentin Halys,Qualifying Final Round,34,15,15,19,39,15,12,21
29dd39a6c273db16da5cd077f4252056,2023-02-27,Dubai Duty Free Tennis Championships - Dubai,United Arab Emirates,2023-02-26,Tomas Machac,Matteo Arnaldi,Qualifying Final Round,15,4,3,7,12,11,2,3
f0c493717d30041a2481d627b8e24681,2023-02-27,Dubai Duty Free Tennis Championships - Dubai,United Arab Emirates,2023-02-27,Alejandro Davidovich Fokina,Malek Jaziri,First Round,19,7,4,4,4,7,4,5
e5942e324fb23ca0908808a468eace17,2023-02-27,Dubai Duty Free Tennis Championships - Dubai,United Arab Emirates,2023-02-27,Alexander Zverev,Jiri Lehecka,First Round,20,9,8,13,24,33,18,23
6b5dd03121be3523bd9dc5eccf08ab6a,2023-02-27,Dubai Duty Free Tennis Championships - Dubai,United Arab Emirates,2023-02-27,Andrey Rublev,Filip Krajinovic,First Round,28,12,5,8,15,14,10,14
b629b69887eb88fa279b1510bb1590b8,2023-02-27,Dubai Duty Free Tennis Championships - Dubai,United Arab Emirates,2023-02-27,Lorenzo Sonego,Marc-Andrea Huesler,First Round,24,11,8,8,17,17,12,18
2ad11b234911955bdb7f61e50271b388,2023-02-27,Dubai Duty Free Tennis Championships - Dubai,United Arab Emirates,2023-02-27,Pavel Kotov,Alexei Popyrin,First Round,36,16,17,26,43,30,21,29
4e8546ea9c3498b90bfeebd8ce876b30,2023-02-27,Dubai Duty Free Tennis Championships - Dubai,United Arab Emirates,2023-02-27,Tallon Griekspoor,Constant Lestienne,First Round,44,27,18,29,28,12,5,7
6a54eb96b6e6fee7642fae92223ecc28,2023-02-27,Dubai Duty Free Tennis Championships - Dubai,United Arab Emirates,2023-02-27,Thanasi Kokkinakis,Quentin Halys,First Round,34,13,12,18,33,13,9,11
bc236775e2cde72257bed411ae9873e4,2023-02-27,Dubai Duty Free Tennis Championships - Dubai,United Arab Emirates,2023-02-28,Botic Van De Zandschulp,Karen Khachanov,First Round,21,16,9,12,16,20,13,19
237881b2402ab2a6da309aee0a8ba882,2023-02-27,Dubai Duty Free Tennis Championships - Dubai,United Arab Emirates,2023-02-28,Daniil Medvedev,Matteo Arnaldi,First Round,20,11,7,19,23,18,14,17
8e9636950b8b131adf50caa1c30b763f,2023-02-27,Dubai Duty Free Tennis Championships - Dubai,United Arab Emirates,2023-02-28,Felix Auger Aliassime,Maxime Cressy,First Round,37,13,8,14,50,29,27,47
6e5c4d0ab1085c44e448bf925cc61f48,2023-02-27,Dubai Duty Free Tennis Championships - Dubai,United Arab Emirates,2023-02-28,Hubert Hurkacz,Alexander Shevchenko,First Round,41,17,22,27,29,16,13,19
461ead8f66c431fc5f0ae2f33d8cede3,2023-02-27,Dubai Duty Free Tennis Championships - Dubai,United Arab Emirates,2023-02-28,Novak Djokovic,Tomas Machac,First Round,45,28,11,15,34,17,18,25
72aff78168298eeacc5e438f5481b7bf,2023-02-27,Dubai Duty Free Tennis Championships - Dubai,United Arab Emirates,2023-03-01,Alexander Zverev,Christopher O'Connell,Second Round,30,10,8,14,13,10,3,5
938a5669d3f0ab6bd5f7a7cb5a3efb64,2023-02-27,Dubai Duty Free Tennis Championships - Dubai,United Arab Emirates,2023-03-01,Andrey Rublev,Alejandro Davidovich Fokina,Second Round,32,15,4,8,38,21,9,15
5ae67a8b7793b518fba10d0567d955af,2023-02-27,Dubai Duty Free Tennis Championships - Dubai,United Arab Emirates,2023-03-01,Borna Coric,Thanasi Kokkinakis,Second Round,29,18,10,11,36,32,9,19
18cb43bf2514c04400c9b8acade902d1,2023-02-27,Dubai Duty Free Tennis Championships - Dubai,United Arab Emirates,2023-03-01,Botic Van De Zandschulp,Mikael Ymer,Second Round,32,30,15,33,21,27,9,15
181510b13eab9de05dd492ce75e7ba55,2023-02-27,Dubai Duty Free Tennis Championships - Dubai,United Arab Emirates,2023-03-01,Daniil Medvedev,Alexander Bublik,Second Round,18,6,11,15,22,18,11,21
b56554603920eba6337093fa5595a08f,2023-02-27,Dubai Duty Free Tennis Championships - Dubai,United Arab Emirates,2023-03-01,Hubert Hurkacz,Pavel Kotov,Second Round,19,7,6,11,12,12,6,12
63cc4f6d4b758b4b20f8ef07ce37e4ce,2023-02-27,Dubai Duty Free Tennis Championships - Dubai,United Arab Emirates,2023-03-01,Lorenzo Sonego,Felix Auger Aliassime,Second Round,24,7,15,19,19,14,15,19
a07524ee7a6ef743d01c3833169898e5,2023-02-27,Dubai Duty Free Tennis Championships - Dubai,United Arab Emirates,2023-03-01,Novak Djokovic,Tallon Griekspoor,Second Round,29,6,7,9,20,20,5,11
f2db712f7e1f4d3760b52432e6a2a880,2023-02-27,Dubai Duty Free Tennis Championships - Dubai,United Arab Emirates,2023-03-02,Alexander Zverev,Lorenzo Sonego,Quarter-Finals,21,8,14,20,20,17,13,15
09a8cb718f3c7e1081462bd6d26ad164,2023-02-27,Dubai Duty Free Tennis Championships - Dubai,United Arab Emirates,2023-03-02,Andrey Rublev,Botic Van De Zandschulp,Quarter-Finals,28,11,7,13,22,24,6,10
47d068dbc4f2f0311e242f592d34a4a4,2023-02-27,Dubai Duty Free Tennis Championships - Dubai,United Arab Emirates,2023-03-02,Daniil Medvedev,Borna Coric,Quarter-Finals,27,15,9,11,11,11,7,12
a4c779e00d456efcea12e77c6201987b,2023-02-27,Dubai Duty Free Tennis Championships - Dubai,United Arab Emirates,2023-03-02,Novak Djokovic,Hubert Hurkacz,Quarter-Finals,20,7,12,13,21,15,10,13
95030e585dbd98ce5d935d44bb69f673,2023-02-27,Dubai Duty Free Tennis Championships - Dubai,United Arab Emirates,2023-03-03,Andrey Rublev,Alexander Zverev,Semi-Finals,22,14,9,10,23,18,8,12
47e11d573db7b37b5111249f493e93dd,2023-02-27,Dubai Duty Free Tennis Championships - Dubai,United Arab Emirates,2023-03-03,Daniil Medvedev,Novak Djokovic,Semi-Finals,27,7,7,13,30,14,17,27
939679235df50b8d6ea9f2886a5a7e93,2023-02-27,Dubai Duty Free Tennis Championships - Dubai,United Arab Emirates,2023-03-04,Daniil Medvedev,Andrey Rublev,Final,27,6,5,7,22,10,12,18
c534fed148c8f80049ed75c7b50748b8,2023-06-12,Boss Open - Stuttgart,Germany,2023-06-10,Altug Celikbilek,Max Hans Rehberg,Qualifying First Round,23,10,8,12,13,11,8,13
0bebdeb38608ed9950cdf4f6d1f1ab61,2023-06-12,Boss Open - Stuttgart,Germany,2023-06-10,Antoine Bellier,Vladyslav Orlov,Qualifying First Round,28,7,14,21,16,19,15,22
c048906f4a54d351fcc4981f41010417,2023-06-12,Boss Open - Stuttgart,Germany,2023-06-10,Benjamin Hassan,Roman Safiullin,Qualifying First Round,18,5,11,14,25,9,7,12
ec5fad22e603dc2e9ea1dd78209a6d04,2023-06-12,Boss Open - Stuttgart,Germany,2023-06-10,Borna Gojo,Mats Rosenkranz,Qualifying First Round,45,8,11,20,38,3,16,30
38dddcc56c71e9bd91332a58d33baea0,2023-06-12,Boss Open - Stuttgart,Germany,2023-06-10,Christopher Eubanks,Benjamin Lock,Qualifying First Round,34,9,11,15,24,10,27,48
78f01abf39cd90918a7ef046b025ca4e,2023-06-12,Boss Open - Stuttgart,Germany,2023-06-10,Marton Fucsovics,Louis Wessels,Qualifying First Round,24,11,10,13,12,9,6,9
481131378329fbdbf88fe0e1c9ac5623,2023-06-12,Boss Open - Stuttgart,Germany,2023-06-10,Radu Albot,Hugo Gaston,Qualifying First Round,15,2,8,10,9,11,5,11
87e7617ebd09d4b1709409156e79ee10,2023-06-12,Boss Open - Stuttgart,Germany,2023-06-10,Yosuke Watanuki,Henri Squire,Qualifying First Round,35,8,10,13,38,17,9,13
4af756a5d37e9b655bbb01bdd52cb44b,2023-06-12,Boss Open - Stuttgart,Germany,2023-06-11,Borna Gojo,Antoine Bellier,Qualifying Final Round,29,13,7,10,28,9,27,44
97739617a9c11c2d67f6b80e844bec99,2023-06-12,Boss Open - Stuttgart,Germany,2023-06-11,Christopher Eubanks,Radu Albot,Qualifying Final Round,30,6,6,13,22,8,10,14
86c71b308a6185eee0641089e7271fd0,2023-06-12,Boss Open - Stuttgart,Germany,2023-06-11,Marton Fucsovics,Altug Celikbilek,Qualifying Final Round,20,9,9,13,12,8,10,13
af3c4f3975c0b33d350b8506c4fb8b7c,2023-06-12,Boss Open - Stuttgart,Germany,2023-06-11,Yosuke Watanuki,Benjamin Hassan,Qualifying Final Round,16,6,11,18,23,10,13,19
34fa000ff5ec363ca943c649b2e6cbe7,2023-06-12,Boss Open - Stuttgart,Germany,2023-06-12,Jiri Lehecka,Marcos Giron,First Round,34,12,11,13,24,13,9,14
ec0eb6e67630e39c28999065b785a217,2023-06-12,Boss Open - Stuttgart,Germany,2023-06-12,Lorenzo Musetti,Borna Gojo,First Round,22,15,7,11,22,8,6,12
aae0cb078f9f09f7ec5fb2b2253b76f0,2023-06-12,Boss Open - Stuttgart,Germany,2023-06-12,Lorenzo Sonego,Matteo Berrettini,First Round,9,7,9,13,15,11,7,10
28859d412d500fc7acf9f89adc1cc681,2023-06-12,Boss Open - Stuttgart,Germany,2023-06-12,Richard Gasquet,Christopher Eubanks,First Round,24,4,6,6,35,15,11,23
e443c3ac96358839b59473d77100f9ee,2023-06-12,Boss Open - Stuttgart,Germany,2023-06-12,Yosuke Watanuki,Feliciano Lopez,First Round,41,8,8,14,24,9,24,40
490f44f01d4b1d4a2f18a76fb6747a53,2023-06-12,Boss Open - Stuttgart,Germany,2023-06-13,Aslan Karatsev,Corentin Moutet,First Round,59,25,33,48,29,16,11,21
f766dd0f735ad6721d51f4fd93f8e42b,2023-06-12,Boss Open - Stuttgart,Germany,2023-06-13,Christopher O'Connell,Daniel Altmaier,First Round,19,2,10,14,12,9,8,15
ab83776bc50e0279b69e1574877c9ad5,2023-06-12,Boss Open - Stuttgart,Germany,2023-06-13,Gregoire Barrere,Oscar Otte,First Round,26,11,12,16,24,8,11,19
c0a1b66ebb78b50c56f33782714cafc0,2023-06-12,Boss Open - Stuttgart,Germany,2023-06-13,Jan-Lennard Struff,Zhizhen Zhang,First Round,21,5,4,8,10,9,5,10
63c35ea44ab47f0e83941995e9ca33e1,2024-01-01,Brisbane International - Brisbane,Australia,2023-12-30,Aleksandar Kovacevic,Federico Gaio,Qualifying First Round,,,35,10,13,22,,
0b57ac6ea40d3ac61185aab11155e802,2024-01-01,Brisbane International - Brisbane,Australia,2023-12-30,Alex Michelsen,Alessandro Giannessi,Qualifying First Round,,,19,6,8,13,,
642b112fe1a16249d4b8f0b1c5abdd17,2024-01-01,Brisbane International - Brisbane,Australia,2023-12-30,Daniel Elahi Galan,Andrey Kuznetsov,Qualifying First Round,,,27,17,5,7,,
2599c8e466bfd175a5e9eddd454fb41f,2024-01-01,Brisbane International - Brisbane,Australia,2023-12-30,Diego Sebastian Schwartzman,Jacob Bradshaw,Qualifying First Round,,,10,17,7,9,,
d1fdd0700b5c50bdeb81ac44d5606be7,2024-01-01,Brisbane International - Brisbane,Australia,2023-12-30,Dominic Thiem,James McCabe,Qualifying First Round,,,37,13,23,30,,
9b8621aabff3c0900f4cbc21d1c72d3d,2024-01-01,Brisbane International - Brisbane,Australia,2023-12-30,Giulio Zeppieri,Omar Jasika,Qualifying First Round,,,37,13,15,22,,
0e30704110c1eb7f9213e6a000fa4df4,2024-01-01,Brisbane International - Brisbane,Australia,2023-12-30,Gregoire Barrere,Dane Sweeny,Qualifying First Round,,,20,9,14,16,,
0ec86cade07f5ab8976de3a6ee712ded,2024-01-01,Brisbane International - Brisbane,Australia,2023-12-30,James Duckworth,Philip Sekulic,Qualifying First Round,,,22,15,17,22,,
bf3e965279cba43529a48ef28c7ed4dc,2024-01-01,Brisbane International - Brisbane,Australia,2023-12-30,Li Tu,Francisco Comesana,Qualifying First Round,,,46,22,24,35,,
ae13186cbb019b451b5ea4d73380d572,2024-01-01,Brisbane International - Brisbane,Australia,2023-12-30,Lukas Klein,Quentin Halys,Qualifying First Round,,,23,4,22,31,,
087f694cd39bb67d6d3efa931d387f90,2024-01-01,Brisbane International - Brisbane,Australia,2023-12-30,Maxime Cressy,Ryan Peniston,Qualifying First Round,,,21,21,21,39,,
16bf6773154f38db9468fb9cc2569b18,2024-01-01,Brisbane International - Brisbane,Australia,2023-12-30,Tomas Machac,Blake Ellis,Qualifying First Round,,,35,8,11,13,,
ec8415445eb685d503ec9b16ada9ded7,2024-01-01,Brisbane International - Brisbane,Australia,2023-12-31,Alex Michelsen,Diego Sebastian Schwartzman,Qualifying Final Round,,,24,12,6,11,,
20d8944dda37203c10e2395f3d44d542,2024-01-01,Brisbane International - Brisbane,Australia,2023-12-31,Alexander Shevchenko,Luca Van Assche,First Round,,,21,16,1,3,,
970f790426b9420383735e0458dba8bd,2024-01-01,Brisbane International - Brisbane,Australia,2023-12-31,Alexei Popyrin,Christopher O'Connell,First Round,,,35,21,21,37,,
6066540dd145e2a956b95229e436ccac,2024-01-01,Brisbane International - Brisbane,Australia,2023-12-31,Dominic Thiem,Giulio Zeppieri,Qualifying Final Round,,,30,17,14,17,,
ec27acc4f7a1c03f106db6a7467a6320,2024-01-01,Brisbane International - Brisbane,Australia,2023-12-31,James Duckworth,Gregoire Barrere,Qualifying Final Round,,,18,20,8,12,,
db3b08d80baeeee6680b6a656aa2e7cf,2024-01-01,Brisbane International - Brisbane,Australia,2023-12-31,Li Tu,Daniel Elahi Galan,Qualifying Final Round,,,30,36,10,13,,
304edfc7257ca18e03fe497b03270d31,2024-01-01,Brisbane International - Brisbane,Australia,2023-12-31,Lukas Klein,Maxime Cressy,Qualifying Final Round,,,37,10,26,36,,
30941b1deb839422fff9a889ceeea07d,2024-01-01,Brisbane International - Brisbane,Australia,2023-12-31,Tomas Machac,Aleksandar Kovacevic,Qualifying Final Round,,,27,6,8,10,,
b6214270f6c2c95d650551f24c13a3e9,2024-01-01,Brisbane International - Brisbane,Australia,2024-01-01,Grigor Dimitrov,Andy Murray,First Round,,,36,13,16,18,,
284d830cbe8483e4466da663e142609d,2024-01-01,Brisbane International - Brisbane,Australia,2024-01-01,Holger Rune,Max Purcell,First Round,,,31,15,8,19,,
301b9a5cad05b5ec97032699f39e6c31,2024-01-01,Brisbane International - Brisbane,Australia,2024-01-01,Roman Safiullin,Ben Shelton,First Round,,,34,18,25,31,,
061f5d07162936973cdb601cd10bee13,2024-01-01,Brisbane International - Brisbane,Australia,2024-01-02,Daniel Altmaier,Li Tu,First Round,,,19,20,19,24,,
f8d175b6cd14f49b48a60c421de8ca43,2024-01-01,Brisbane International - Brisbane,Australia,2024-01-02,James Duckworth,Jeff Wolf,First Round,,,20,7,8,8,,
a665f0272ebf68f4e9826a9053a4a0b1,2024-01-01,Brisbane International - Brisbane,Australia,2024-01-02,Jordan Thompson,Aleksandar Vukic,First Round,,,15,5,5,7,,
797d85f1dabe529808e2441adb18465b,2024-01-01,Brisbane International - Brisbane,Australia,2024-01-02,Lukas Klein,Sebastian Baez,First Round,,,21,22,17,24,,
93c14f74cf79842e2c64409bc87970d4,2024-01-01,Brisbane International - Brisbane,Australia,2024-01-02,Matteo Arnaldi,Marton Fucsovics,First Round,,,24,16,17,22,,
bfc2818efe068f11bef5b96d627c1778,2024-01-01,Brisbane International - Brisbane,Australia,2024-01-02,Rinky Hijikata,Thanasi Kokkinakis,First Round,,,13,5,6,7,,
87eed9a3196ee7bd035d279102131829,2024-01-01,Brisbane International - Brisbane,Australia,2024-01-02,Tomas Machac,Tomas Martin Etcheverry,First Round,,,21,20,10,13,,
a2360bee9e905e74967bde6ba48e6d57,2024-01-01,Brisbane International - Brisbane,Australia,2024-01-02,Yannick Hanfmann,Sebastian Korda,First Round,,,19,8,15,16,,
efaacae8c357ffc83a76a463884a56fb,2024-01-01,Brisbane International - Brisbane,Australia,2024-01-03,Holger Rune,Alexander Shevchenko,Second Round,,,39,11,20,30,,
1970905770b7a48aa561b3586f934cd5,2024-01-01,Brisbane International - Brisbane,Australia,2024-01-03,James Duckworth,Yannick Hanfmann,Second Round,,,35,13,12,19,,
be4a31b9577d3dd775672207351d351b,2024-01-01,Brisbane International - Brisbane,Australia,2024-01-03,Matteo Arnaldi,Lukas Klein,Second Round,,,24,16,9,15,,
69810e9379f2574e93d15420ccf046b4,2024-01-01,Brisbane International - Brisbane,Australia,2024-01-03,Roman Safiullin,Alexei Popyrin,Second Round,,,45,9,10,14,,
d636daded61426ab119e2a1dcbdcc901,2024-01-01,Brisbane International - Brisbane,Australia,2024-01-03,Ugo Humbert,Alex Michelsen,First Round,,,21,8,3,3,,
fb6e8e19cd8f4bdae2ce0324f272920f,2024-01-01,Brisbane International - Brisbane,Australia,2024-01-04,Grigor Dimitrov,Daniel Altmaier,Second Round,,,20,5,14,19,,
349164917f881048ee747cd0cdff102f,2024-01-01,Brisbane International - Brisbane,Australia,2024-01-04,Rafael Nadal,Jason Murray Kubler,Second Round,,,20,8,9,12,,
264dde6c58b87981df5be79293f1cf4b,2024-01-01,Brisbane International - Brisbane,Australia,2024-01-04,Rinky Hijikata,Tomas Machac,Second Round,,,40,12,13,26,,
eb7fc0ef91c28459376acd428c070017,2024-01-01,Brisbane International - Brisbane,Australia,2024-01-05,Grigor Dimitrov,Rinky Hijikata,Quarter-Finals,,,18,4,4,4,,
e95149c9ffe0657975dcb38d1d0833b0,2024-01-01,Brisbane International - Brisbane,Australia,2024-01-05,Holger Rune,James Duckworth,Quarter-Finals,,,33,11,13,19,,
b307b87cdccdee36ff864f1ce367d274,2024-01-01,Brisbane International - Brisbane,Australia,2024-01-05,Jordan Thompson,Rafael Nadal,Quarter-Finals,,,44,14,35,45,,
fd1c638fabfa41225bcf5cdffe172d3f,2024-01-01,Brisbane International - Brisbane,Australia,2024-01-05,Roman Safiullin,Matteo Arnaldi,Quarter-Finals,,,20,9,7,13,,
cceb72ae61c1372a16491403d3100625,2024-01-01,Brisbane International - Brisbane,Australia,2024-01-06,Grigor Dimitrov,Jordan Thompson,Semi-Finals,,,31,7,15,17,,
4ccf42b4e4efba2fd7d85266197f461f,2024-01-01,Brisbane International - Brisbane,Australia,2024-01-06,Holger Rune,Roman Safiullin,Semi-Finals,,,14,12,3,5,,
f7f1a1081e0270c731fe546fc1220d8c,2024-01-01,Brisbane International - Brisbane,Australia,2024-01-07,Grigor Dimitrov,Holger Rune,Final,,,27,8,16,25,,
3cd0f1e76bfdec5b46c5da8b1588b9f0,2024-01-01,Hong Kong Tennis Open - Hong Kong,China,2023-12-31,Jan Choinski,Zizou Bergs,Qualifying First Round,,,5,6,2,3,,
570642d929a3ae1ae553cc024900db6c,2024-01-01,Hong Kong Tennis Open - Hong Kong,China,2023-12-31,Liam Broady,Aziz Dougaz,Qualifying First Round,,,12,17,5,14,,
64427477043d24490f8c12d5a4c33e30,2024-01-01,Hong Kong Tennis Open - Hong Kong,China,2023-12-31,Marc-Andrea Huesler,Sho Shimabukuro,Qualifying First Round,,,7,13,3,8,,
0f302afd5be68e12e1071746dba4aa27,2024-01-01,Hong Kong Tennis Open - Hong Kong,China,2023-12-31,Otto Virtanen,Jaume Antoni Munar Clar,Qualifying First Round,,,39,21,15,21,,
faa4715c6d8e541e533d39ba097b4f37,2024-01-01,Hong Kong Tennis Open - Hong Kong,China,2023-12-31,Roman Andres Burruchaga,Joris De Loore,Qualifying First Round,,,29,23,16,43,,
2bb3dfaf4debcbf260e5952eba1795ac,2024-01-01,Hong Kong Tennis Open - Hong Kong,China,2023-12-31,Taro Daniel,Tsz Fu Wong,Qualifying First Round,,,4,4,4,6,,
f234a2a72fd0e9c0e7f5574a825b421e,2024-01-01,Hong Kong Tennis Open - Hong Kong,China,2023-12-31,Terence Atmane,Hong Kit Wong,Qualifying First Round,,,14,16,8,12,,
ced257c7d02cd05966d396b716b28a51,2024-01-01,Hong Kong Tennis Open - Hong Kong,China,2023-12-31,Vitaliy Sachko,Zsombor Piros,Qualifying First Round,,,19,9,13,19,,
5bf51d20f5e363b0afc07da391be4a5a,2024-01-01,Hong Kong Tennis Open - Hong Kong,China,2024-01-01,Botic Van De Zandschulp,Shintaro Mochizuki,First Round,,,15,7,6,11,,
2a49edfabc9b9850e7cb656356683de7,2024-01-01,Hong Kong Tennis Open - Hong Kong,China,2024-01-01,Emil Ruusuvuori,Benjamin Bonzi,First Round,,,31,29,15,23,,
af990e8844479fcfc2a05a7b734c48ed,2024-01-01,Hong Kong Tennis Open - Hong Kong,China,2024-01-01,Juncheng Shang,Laslo Djere,First Round,,,19,21,13,15,,
9e6df11bfd6af5d5c7a201c68cf76711,2024-01-01,Hong Kong Tennis Open - Hong Kong,China,2024-01-01,Liam Broady,Roman Andres Burruchaga,Qualifying Final Round,,,21,10,17,24,,
da56d56eba5915f3c24fee13423df44a,2024-01-01,Hong Kong Tennis Open - Hong Kong,China,2024-01-01,Marc-Andrea Huesler,Otto Virtanen,Qualifying Final Round,,,24,4,6,9,,
97407bf3e2987ae7c5d869e4abb8a261,2024-01-01,Hong Kong Tennis Open - Hong Kong,China,2024-01-01,Pavel Kotov,Nuno Borges,First Round,,,18,11,7,9,,
5b684053e4c3f979f07dc238a6832cef,2024-01-01,Hong Kong Tennis Open - Hong Kong,China,2024-01-01,Taro Daniel,Jan Choinski,Qualifying Final Round,,,28,16,5,7,,
9adda905f7e22ff05659f3f1757e4c96,2024-01-01,Hong Kong Tennis Open - Hong Kong,China,2024-01-01,Vitaliy Sachko,Terence Atmane,Qualifying Final Round,,,14,12,8,9,,
9349bfceced2cc6ac1e20550c753a60d,2024-01-01,Hong Kong Tennis Open - Hong Kong,China,2024-01-02,Arthur Fils,Borna Gojo,First Round,,,27,9,5,5,,
4c703d0ca425473c95506ee10c4dee84,2024-01-01,Hong Kong Tennis Open - Hong Kong,China,2024-01-02,Jan-Lennard Struff,Marin Cilic,First Round,,,22,16,9,18,,
6c3163fcb49bfbbbd403f203d965fd5e,2024-01-01,Hong Kong Tennis Open - Hong Kong,China,2024-01-02,Liam Broady,Pedro Cachin,First Round,,,20,8,7,12,,
121c168a08ad7aa5fc160b69603b953b,2024-01-01,Hong Kong Tennis Open - Hong Kong,China,2024-01-02,Lorenzo Musetti,Chak Lam Coleman Wong,First Round,,,17,10,7,10,,
fec7c05189729217f872b7a7950c36e3,2024-01-01,Hong Kong Tennis Open - Hong Kong,China,2024-01-02,Marc-Andrea Huesler,Vitaliy Sachko,First Round,,,22,10,8,13,,
3a20b071595662e27b54ba8b60236a45,2024-01-01,Hong Kong Tennis Open - Hong Kong,China,2024-01-02,Miomir Kecmanovic,Taro Daniel,First Round,,,24,5,10,15,,
54a77570b2dbd75f623c26e4ba85410f,2024-01-01,Hong Kong Tennis Open - Hong Kong,China,2024-01-02,Roberto Bautista Agut,Fabian Marozsan,First Round,,,16,9,8,13,,
2ae15bd0bf05c4155063564fc935ab3e,2024-01-01,Hong Kong Tennis Open - Hong Kong,China,2024-01-02,Sebastian Ofner,Mackenzie Mcdonald,First Round,,,12,7,7,10,,
85b21aca7ce56a2003b5ef6a2f27aeb3,2024-01-01,Hong Kong Tennis Open - Hong Kong,China,2024-01-03,Emil Ruusuvuori,Karen Khachanov,Second Round,,,33,23,18,19,,
7ef53c289662d5cc7cfbab5926f8cf03,2024-01-01,Hong Kong Tennis Open - Hong Kong,China,2024-01-03,Frances Tiafoe,Miomir Kecmanovic,Second Round,,,26,11,11,18,,
3bd708adc1e6829fb395136f393e285a,2024-01-01,Hong Kong Tennis Open - Hong Kong,China,2024-01-03,Juncheng Shang,Botic Van De Zandschulp,Second Round,,,22,29,19,28,,
663fa8b614ad4ac1e9625638cd7a91d9,2024-01-01,Hong Kong Tennis Open - Hong Kong,China,2024-01-03,Pavel Kotov,Lorenzo Musetti,Second Round,,,16,13,17,19,,
8422efe622043c0f2650dba40341519e,2024-01-01,Hong Kong Tennis Open - Hong Kong,China,2024-01-04,Andrey Rublev,Liam Broady,Second Round,,,32,11,9,12,,
f439a6e439c474abe48f45faeebc20e1,2024-01-01,Hong Kong Tennis Open - Hong Kong,China,2024-01-04,Arthur Fils,Marc-Andrea Huesler,Second Round,,,18,16,12,15,,
920f0bc68df7f9f7ba1df9ff8ab62a4d,2024-01-01,Hong Kong Tennis Open - Hong Kong,China,2024-01-04,Roberto Bautista Agut,Francisco Cerundolo,Second Round,,,11,8,8,14,,
ec426a979da3a431df099935ee95718d,2024-01-01,Hong Kong Tennis Open - Hong Kong,China,2024-01-04,Sebastian Ofner,Jan-Lennard Struff,Second Round,,,56,21,15,17,,
5e344872801b12fa79fb77410c8dd16b,2024-01-01,Hong Kong Tennis Open - Hong Kong,China,2024-01-05,Andrey Rublev,Arthur Fils,Quarter-Finals,,,24,4,4,7,,
de14e7229968c4c0c809e5cbd868da7e,2024-01-01,Hong Kong Tennis Open - Hong Kong,China,2024-01-05,Emil Ruusuvuori,Pavel Kotov,Quarter-Finals,,,23,10,21,26,,
d7cef71769ea4442bab85867190f8c12,2024-01-01,Hong Kong Tennis Open - Hong Kong,China,2024-01-05,Juncheng Shang,Frances Tiafoe,Quarter-Finals,,,18,8,10,13,,
7266c6c39f8adf3a570de16f43bd3b99,2024-01-01,Hong Kong Tennis Open - Hong Kong,China,2024-01-05,Sebastian Ofner,Roberto Bautista Agut,Quarter-Finals,,,39,11,2,4,,
cdd33d5dd950d378d92349e9e268e441,2024-01-01,Hong Kong Tennis Open - Hong Kong,China,2024-01-06,Andrey Rublev,Juncheng Shang,Semi-Finals,,,29,13,6,9,,
d38c5e7cc5e39b92df00cb3d3424573b,2024-01-01,Hong Kong Tennis Open - Hong Kong,China,2024-01-06,Emil Ruusuvuori,Sebastian Ofner,Semi-Finals,,,26,6,5,9,,
3cbf3a68ec1b6054d78ecc9ab1af4be2,2024-01-01,Hong Kong Tennis Open - Hong Kong,China,2024-01-07,Andrey Rublev,Emil Ruusuvuori,Final,,,13,6,3,5,,
7e5b9a7f315038dbdaf53557edfb027d,2024-01-08,ASB Classic - Auckland,New Zealand,2024-01-06,Alejandro Tabilo,Isaac Becroft,Qualifying First Round,,,16,5,2,2,,
a306995238e37bcebc1c8d9cc35c484b,2024-01-08,ASB Classic - Auckland,New Zealand,2024-01-06,Alex Michelsen,Gregoire Barrere,Qualifying First Round,,,21,2,9,17,,
d18c211dd3e435652c493e9d61a2dc06,2024-01-08,ASB Classic - Auckland,New Zealand,2024-01-06,Alexandre Muller,Nino Serdarusic,Qualifying First Round,,,22,8,10,15,,
0e9a2d436e6d6b3a2210724cbd216d4b,2024-01-08,ASB Classic - Auckland,New Zealand,2024-01-06,Constant Lestienne,Alexander Klintcharov,Qualifying First Round,,,24,8,8,10,,
e56374d7c2d83c14be19cf39a7215238,2024-01-08,ASB Classic - Auckland,New Zealand,2024-01-06,Jack Loutit,Blake Mott,Qualifying First Round,,,20,10,4,6,,
c4a4a1de8c205040954b415187d5160d,2024-01-08,ASB Classic - Auckland,New Zealand,2024-01-06,Jaume Antoni Munar Clar,Jiri Vesely,Qualifying First Round,,,29,6,5,7,,
6ef98f53619c4a6159d6f762b7117a69,2024-01-08,ASB Classic - Auckland,New Zealand,2024-01-06,Luca Van Assche,Artem Sitak,Qualifying First Round,,,23,1,1,3,,
0750789d34ec20d6d6ffff5710029fdd,2024-01-08,ASB Classic - Auckland,New Zealand,2024-01-06,Patrick Kypson,Jake Delaney,Qualifying First Round,,,17,1,3,3,,
858076e900f09a36f450082ad5270545,2024-01-08,ASB Classic - Auckland,New Zealand,2024-01-07,Alejandro Tabilo,Patrick Kypson,Qualifying Final Round,,,32,7,3,3,,
26fc256276ee499aa6a0e90915ddb52c,2024-01-08,ASB Classic - Auckland,New Zealand,2024-01-07,Alex Michelsen,Jack Loutit,Qualifying Final Round,,,17,17,6,6,,
30204f4573871f038e4e7d7741fd2c5f,2024-01-08,ASB Classic - Auckland,New Zealand,2024-01-07,Alexandre Muller,Constant Lestienne,Qualifying Final Round,,,28,19,16,29,,
33037873324e9ea67594334f411bae91,2024-01-08,ASB Classic - Auckland,New Zealand,2024-01-07,Luca Van Assche,Jaume Antoni Munar Clar,Qualifying Final Round,,,31,24,7,13,,
82118b744f6a34cf167be6f7fcf3dd63,2024-01-08,ASB Classic - Auckland,New Zealand,2024-01-08,Alejandro Tabilo,Borna Gojo,First Round,,,25,16,5,11,,
1cb81de10f7607b5bb997852a831f9fe,2024-01-08,ASB Classic - Auckland,New Zealand,2024-01-08,Alexandre Muller,Benjamin Bonzi,First Round,,,30,11,9,12,,
8b80f8f37b5d405160549cd7ea6f3a4d,2024-01-08,ASB Classic - Auckland,New Zealand,2024-01-08,Botic Van De Zandschulp,Christopher Eubanks,First Round,,,22,8,8,8,,
d07f386219371d4def3d4495da19008a,2024-01-08,ASB Classic - Auckland,New Zealand,2024-01-08,Daniel Altmaier,Marcos Giron,First Round,,,22,12,10,13,,
57e213b1b7ab6b27235cfae53896a8d0,2024-01-08,ASB Classic - Auckland,New Zealand,2024-01-08,Fabian Marozsan,Gael Monfils,First Round,,,38,17,31,41,,
c0ec1d2fbf9cc413273eee0cc5455fc1,2024-01-08,ASB Classic - Auckland,New Zealand,2024-01-08,Luca Van Assche,Jeff Wolf,First Round,,,16,15,8,9,,
fb54fccb9562a03870310ca2b67f05c6,2024-01-08,ASB Classic - Auckland,New Zealand,2024-01-08,Nuno Borges,Alex Michelsen,First Round,,,30,12,5,7,,
36e08f5ad742b043702cd7ab388ea38c,2024-01-08,ASB Classic - Auckland,New Zealand,2024-01-08,Taro Daniel,Aleksandar Vukic,First Round,,,19,7,6,10,,
804d0f8a78b94b058f076028bb93079c,2024-01-08,ASB Classic - Auckland,New Zealand,2024-01-09,Arthur Fils,Richard Gasquet,First Round,,,23,7,4,7,,
2a327916f517757d40e0be84efe3b8ad,2024-01-08,ASB Classic - Auckland,New Zealand,2024-01-09,Max Purcell,Kiranpal Pannu,First Round,,,22,9,11,19,,
8a237ba6b18f0870741776b53323afa9,2024-01-08,ASB Classic - Auckland,New Zealand,2024-01-09,Roberto Carballes Baena,Roberto Bautista Agut,First Round,,,24,10,6,11,,
1bb16a7ae30ee5c7115288e2bb2489c2,2024-01-08,ASB Classic - Auckland,New Zealand,2024-01-09,Sebastian Ofner,Denis Shapovalov,First Round,,,10,12,2,4,,
98827632181c5c0f45da2f3646ddfb8e,2024-01-08,ASB Classic - Auckland,New Zealand,2024-01-10,Alejandro Tabilo,Botic Van De Zandschulp,Second Round,,,17,18,10,11,,
369c3a05b17f737758257d15e8a39588,2024-01-08,ASB Classic - Auckland,New Zealand,2024-01-10,Alexandre Muller,Francisco Cerundolo,Second Round,,,13,6,3,4,,
2da4ca7f7b1b792e78fbfe673927cebd,2024-01-08,ASB Classic - Auckland,New Zealand,2024-01-10,Arthur Fils,Nuno Borges,Second Round,,,16,6,3,3,,
d35cd529617fb5fb2d685a633fb6ec8f,2024-01-08,ASB Classic - Auckland,New Zealand,2024-01-10,Ben Shelton,Fabian Marozsan,Second Round,,,30,8,12,22,,
d776ab4a27dc02f9925174e061bb2cf1,2024-01-08,ASB Classic - Auckland,New Zealand,2024-01-10,Cameron Norrie,Luca Van Assche,Second Round,,,32,17,20,27,,
80bfa49e7df5195559faec912196a4a2,2024-01-08,ASB Classic - Auckland,New Zealand,2024-01-10,Daniel Altmaier,Felix Auger Aliassime,Second Round,,,21,16,8,17,,
fe1ed835d2e82b0ed1f4f5daab62bb15,2024-01-08,ASB Classic - Auckland,New Zealand,2024-01-10,Roberto Carballes Baena,Sebastian Ofner,Second Round,,,9,11,4,8,,
5eeb65211ce072e26c4ca7b264bad729,2024-01-08,ASB Classic - Auckland,New Zealand,2024-01-10,Taro Daniel,Max Purcell,Second Round,,,20,11,7,9,,
2ae586dd67e6559db70d308440ddd840,2024-01-08,ASB Classic - Auckland,New Zealand,2024-01-11,Ben Shelton,Roberto Carballes Baena,Quarter-Finals,,,29,16,20,34,,
6b114cc4fca6e2cb094456a4f953c28d,2024-01-08,ASB Classic - Auckland,New Zealand,2024-01-11,Taro Daniel,Alexandre Muller,Quarter-Finals,,,40,21,18,27,,
71b771bb5a9a3ae22e86cc9766387fe5,2024-01-08,ASB Classic - Auckland,New Zealand,2024-01-12,Alejandro Tabilo,Arthur Fils,Semi-Finals,,,22,10,9,17,,
4c576bd38240cd459d6093f57d6d0b9a,2024-01-08,ASB Classic - Auckland,New Zealand,2024-01-12,Taro Daniel,Ben Shelton,Semi-Finals,,,17,13,13,18,,
543dc2a5e859fe97430a03a6dd2b0723,2024-01-08,ASB Classic - Auckland,New Zealand,2024-01-13,Alejandro Tabilo,Taro Daniel,Final,,,27,7,15,25,,
86f0671c1e4d94cb5f6e012b2127b244,2024-01-08,Adelaide International - Adelaide,Australia,2024-01-07,Adam Walton,Pedro Cachin,Qualifying First Round,,,19,5,12,20,,
9376a0f6111d9c6a184086601f8e0506,2024-01-08,Adelaide International - Adelaide,Australia,2024-01-07,Alex Bolt,Tomas Machac,Qualifying First Round,,,13,0,0,1,,
9fa2d33d8596eea8fa53705181bdafc3,2024-01-08,Adelaide International - Adelaide,Australia,2024-01-07,Arthur Rinderknech,Jacob Bradshaw,Qualifying First Round,,,31,11,22,27,,
4b077d9d80050aaf82f09993cdcc6568,2024-01-08,Adelaide International - Adelaide,Australia,2024-01-07,Bernabe Zapata Miralles,Blake Ellis,Qualifying First Round,,,14,10,11,11,,
09a81c188491cc2349b3304f6ac5aa12,2024-01-08,Adelaide International - Adelaide,Australia,2024-01-07,Facundo Diaz Acosta,Yosuke Watanuki,Qualifying First Round,,,16,22,7,12,,
c7a264476eacaaa8b4857bee77b1fb68,2024-01-08,Adelaide International - Adelaide,Australia,2024-01-07,James McCabe,Mikalai Haliak,Qualifying First Round,,,30,7,14,19,,
f909a643ffb596b914f9807dbd047edb,2024-01-08,Adelaide International - Adelaide,Australia,2024-01-07,Matthew Dellavedova,Juan Pablo Varillas,Qualifying First Round,,,17,12,4,11,,
baf34f54993a8891eb8b866b7f7f354f,2024-01-08,Adelaide International - Adelaide,Australia,2024-01-07,Thiago Seyboth Wild,Luke Saville,Qualifying First Round,,,21,20,14,18,,
f1641d1e2c0a846b794cb3af156a0863,2024-01-08,Adelaide International - Adelaide,Australia,2024-01-08,Adam Walton,Bernabe Zapata Miralles,Qualifying Final Round,,,14,11,7,12,,
ffb5e61df960995c8af631f98967f26a,2024-01-08,Adelaide International - Adelaide,Australia,2024-01-08,Alex Bolt,Matthew Dellavedova,Qualifying Final Round,,,22,8,17,25,,
8738425b8c0c0f27a4079dea51701d95,2024-01-08,Adelaide International - Adelaide,Australia,2024-01-08,Alexander Shevchenko,Tomas Martin Etcheverry,First Round,,,26,18,14,23,,
4d7da555f30f9ff2252ee440dd416595,2024-01-08,Adelaide International - Adelaide,Australia,2024-01-08,Arthur Rinderknech,James McCabe,Qualifying Final Round,,,19,5,14,20,,
50920fcdceb917c0ba1a704520348f43,2024-01-08,Adelaide International - Adelaide,Australia,2024-01-08,Dusan Lajovic,Thanasi Kokkinakis,First Round,,,40,9,12,16,,
46800a716b2e3d3cb9a320268a4385fb,2024-01-08,Adelaide International - Adelaide,Australia,2024-01-08,Facundo Diaz Acosta,Thiago Seyboth Wild,Qualifying Final Round,,,27,27,27,36,,
89f5d531655031b757ecdcfd166c1e1d,2024-01-08,Adelaide International - Adelaide,Australia,2024-01-08,Jack Draper,Sebastian Baez,First Round,,,17,12,11,16,,
b20cb2a8afb1901ea3c7819c03fc246d,2024-01-08,Adelaide International - Adelaide,Australia,2024-01-08,Miomir Kecmanovic,Mackenzie Mcdonald,First Round,,,13,6,9,16,,
a2a4642241933075c63b8e1e51dd6113,2024-01-08,Adelaide International - Adelaide,Australia,2024-01-09,Alex Bolt,Thiago Seyboth Wild,First Round,,,25,7,7,12,,
aa9c90f37a5aa6700ed78eff55dfe1cc,2024-01-08,Adelaide International - Adelaide,Australia,2024-01-09,Alexander Bublik,James McCabe,First Round,,,21,9,13,16,,
b14e3905d4883378526703873d0252a0,2024-01-08,Adelaide International - Adelaide,Australia,2024-01-09,Christopher O'Connell,Arthur Rinderknech,First Round,,,27,12,5,9,,
2a82b7f20811371a313f91c771a00d49,2024-01-08,Adelaide International - Adelaide,Australia,2024-01-09,Daniel Evans,Rinky Hijikata,First Round,,,22,7,7,10,,
87b6cafc70804a7b9596e8ef8a20b6d1,2024-01-08,Adelaide International - Adelaide,Australia,2024-01-09,Jiri Lehecka,Adam Walton,First Round,,,20,10,16,21,,
48fa45b185e7980d6cb70ee7109bc7d4,2024-01-08,Adelaide International - Adelaide,Australia,2024-01-09,Jordan Thompson,Facundo Diaz Acosta,First Round,,,12,6,13,16,,
76f36b42ddf46fc54d053b1b19a040dc,2024-01-08,Adelaide International - Adelaide,Australia,2024-01-09,Lorenzo Sonego,Yannick Hanfmann,First Round,,,38,15,15,23,,
745f604035f4dbada2d1859ea7515878,2024-01-08,Adelaide International - Adelaide,Australia,2024-01-09,Matteo Arnaldi,Bernabe Zapata Miralles,First Round,,,25,11,16,23,,
407e3db450d9cc37582707e7af0d5c38,2024-01-08,Adelaide International - Adelaide,Australia,2024-01-10,Alexander Bublik,Daniel Evans,Second Round,,,42,24,11,15,,
fec22cc0ce593c6a035dfaab69b55241,2024-01-08,Adelaide International - Adelaide,Australia,2024-01-10,Christopher O'Connell,Alexander Shevchenko,Second Round,,,25,10,8,16,,
9881cf9c17fea36809c8aae8fe162467,2024-01-08,Adelaide International - Adelaide,Australia,2024-01-10,Jack Draper,Miomir Kecmanovic,Second Round,,,41,40,26,26,,
a36de1475271c6d41c0f5b0bfecbd6dd,2024-01-08,Adelaide International - Adelaide,Australia,2024-01-10,Jiri Lehecka,Dusan Lajovic,Second Round,,,36,21,21,29,,
74b1a02ddaad69ac6ceba4f783504e7b,2024-01-08,Adelaide International - Adelaide,Australia,2024-01-10,Lorenzo Musetti,Jordan Thompson,Second Round,,,22,3,6,8,,
a3955ba34d31f8ece8636755042dd036,2024-01-08,Adelaide International - Adelaide,Australia,2024-01-10,Nicolas Jarry,Matteo Arnaldi,Second Round,,,32,28,32,46,,
89f5b079255985fcf85654946a35c019,2024-01-08,Adelaide International - Adelaide,Australia,2024-01-10,Sebastian Korda,Lorenzo Sonego,Second Round,,,17,15,14,22,,
0a586cdaba2f78f24d25073e0233261f,2024-01-08,Adelaide International - Adelaide,Australia,2024-01-10,Tommy Paul,Alex Bolt,Second Round,,,25,11,5,9,,
f0c1b791b950b4296f8fec1934d407e2,2024-01-08,Adelaide International - Adelaide,Australia,2024-01-11,Alexander Bublik,Lorenzo Musetti,Quarter-Finals,,,41,27,31,49,,
9415c792490beee6dfdcd748c2e76622,2024-01-08,Adelaide International - Adelaide,Australia,2024-01-11,Jack Draper,Tommy Paul,Quarter-Finals,,,24,9,6,7,,
54015e111af45b4a532dcea4a77de759,2024-01-08,Adelaide International - Adelaide,Australia,2024-01-11,Jiri Lehecka,Nicolas Jarry,Quarter-Finals,,,17,9,5,13,,
58cf64fe433c0ceb1c8eaf8bc10d3103,2024-01-08,Adelaide International - Adelaide,Australia,2024-01-11,Sebastian Korda,Christopher O'Connell,Quarter-Finals,,,26,9,13,19,,
a738dbe53478b33a2a9a8cc7cfab3c22,2024-01-08,Adelaide International - Adelaide,Australia,2024-01-12,Jack Draper,Alexander Bublik,Semi-Finals,,,20,7,15,28,,
30d823638c38b8597d1159e4384f6e1a,2024-01-08,Adelaide International - Adelaide,Australia,2024-01-12,Jiri Lehecka,Sebastian Korda,Semi-Finals,,,22,6,,,,
e7ce83015852dcf6bf5fe9477d6d1695,2024-01-08,Adelaide International - Adelaide,Australia,2024-01-13,Jiri Lehecka,Jack Draper,Final,,,34,17,15,21,,
9492980624a1ec26525f6273c6158f3d,2024-02-05,Dallas Open - Dallas,United States of America,2024-02-04,Denis Kudla,Jerry Barton,Qualifying First Round,,,25,12,7,8,,
28c6622f92bb9b671f47bc73b429cf9e,2024-02-05,Dallas Open - Dallas,United States of America,2024-02-04,Emilio Nava,Aidan Mayo,Qualifying First Round,,,28,13,11,15,,
13b98917448ad47a4d3f4891f40055c9,2024-02-05,Dallas Open - Dallas,United States of America,2024-02-04,Illya Marchenko,Brandon Holt,Qualifying First Round,,,43,22,13,20,,
f490b61807daf81d8bfec266a44eec48,2024-02-05,Dallas Open - Dallas,United States of America,2024-02-04,Marco Trungelliti,Juan Pablo Ficovich,Qualifying First Round,,,45,14,24,32,,
9955a9a66b81feb2d07152d410b7de8c,2024-02-05,Dallas Open - Dallas,United States of America,2024-02-04,Nicolas Moreno De Alboran,Trevor Svajda,Qualifying First Round,,,25,10,15,19,,
c93cdc262c9811d7e44f3d27b04d8124,2024-02-05,Dallas Open - Dallas,United States of America,2024-02-04,Steve Johnson,Timo Stodder,Qualifying First Round,,,18,6,7,11,,
939e193033f500ce6c66b2f07b81726e,2024-02-05,Dallas Open - Dallas,United States of America,2024-02-04,Tennys Sandgren,Sho Shimabukuro,Qualifying First Round,,,19,9,4,6,,
94500259177013bfa972b238bd085477,2024-02-05,Dallas Open - Dallas,United States of America,2024-02-04,Terence Atmane,Thai Kwiatkowski,Qualifying First Round,,,39,15,27,37,,
8bdd01b9f0d0b380f1710de32239f0d1,2024-02-05,Dallas Open - Dallas,United States of America,2024-02-05,Emilio Nava,Marco Trungelliti,Qualifying Final Round,,,43,22,16,30,,
1ea67d34dcfd31b4d048169d01fa3e3d,2024-02-05,Dallas Open - Dallas,United States of America,2024-02-05,Max Purcell,Mitchell Krueger,First Round,,,50,12,19,23,,
8748330523428551dd260720add8ddf1,2024-02-05,Dallas Open - Dallas,United States of America,2024-02-05,Nicolas Moreno De Alboran,Denis Kudla,Qualifying Final Round,,,43,11,12,14,,
859c2da111334fc5daa0a04e6f634bf8,2024-02-05,Dallas Open - Dallas,United States of America,2024-02-05,Steve Johnson,Terence Atmane,Qualifying Final Round,,,36,7,21,28,,
9bdf60f0362bc342a8e7453f5ed964f0,2024-02-05,Dallas Open - Dallas,United States of America,2024-02-05,Tennys Sandgren,Illya Marchenko,Qualifying Final Round,,,33,5,11,20,,
de30df053d75e8945fb25cec5e04b518,2024-02-05,Dallas Open - Dallas,United States of America,2024-02-06,Alex Michelsen,Tennys Sandgren,First Round,,,32,11,17,26,,
e68849ba97413715f9826bd172e8f128,2024-02-05,Dallas Open - Dallas,United States of America,2024-02-06,Christopher Eubanks,Steve Johnson,First Round,,,29,7,17,23,,
1b1843a0bcaaac8feabfe1b298cf6e93,2024-02-05,Dallas Open - Dallas,United States of America,2024-02-06,Dominik Koepfer,Aleksandar Kovacevic,First Round,,,22,8,4,5,,
932e62e44d10c3af08fccbc5c34096de,2024-02-05,Dallas Open - Dallas,United States of America,2024-02-06,James Duckworth,Zachary Svajda,First Round,,,23,3,14,20,,
8f7799d1c0d14e3d85cfd8140226e487,2024-02-05,Dallas Open - Dallas,United States of America,2024-02-06,Jordan Thompson,Adam Neff,First Round,,,18,0,5,5,,
8e8060fef561564b46945ba4e40d8e0f,2024-02-05,Dallas Open - Dallas,United States of America,2024-02-06,Marcos Giron,Nicolas Moreno De Alboran,First Round,,,17,3,8,8,,
2c3624773a98e46e84d85172759f9792,2024-02-05,Dallas Open - Dallas,United States of America,2024-02-06,Michael Mmoh,Emilio Nava,First Round,,,14,5,7,9,,
737c7d01f8a4ddddecedbe74c01ef3cc,2024-02-05,Dallas Open - Dallas,United States of America,2024-02-06,Yoshihito Nishioka,Terence Atmane,First Round,,,16,7,17,25,,
82ed1896eb4775541855bcaf24ac7e96,2024-02-05,Dallas Open - Dallas,United States of America,2024-02-07,Ben Shelton,Michael Mmoh,Second Round,,,23,2,12,14,,
5a602ad66f113aef1456b19a2042a6bc,2024-02-05,Dallas Open - Dallas,United States of America,2024-02-07,Denis Kudla,Radu Albot,First Round,,,23,9,13,17,,
cea9c83a5cbb3cfbae526541af423ad3,2024-02-05,Dallas Open - Dallas,United States of America,2024-02-07,James Duckworth,Christopher Eubanks,Second Round,,,18,3,9,14,,
c6ce5d22b7f20a04cc2a0fae64420f82,2024-02-05,Dallas Open - Dallas,United States of America,2024-02-07,Marcos Giron,Max Purcell,Second Round,,,21,9,14,15,,
9e13d5f71eec4d1fb036b9a1d5f6af93,2024-02-05,Dallas Open - Dallas,United States of America,2024-02-07,Rinky Hijikata,Ethan Quinn,First Round,,,19,11,6,8,,
c7e660838510560973a18f90bd7222dd,2024-02-05,Dallas Open - Dallas,United States of America,2024-02-07,Tommy Paul,Taro Daniel,Second Round,,,24,11,15,22,,
8268bc33d2607ffa0089d7308205ce26,2024-02-05,Dallas Open - Dallas,United States of America,2024-02-08,Dominik Koepfer,Rinky Hijikata,Second Round,,,23,11,8,15,,
905d7cc0b1d80b42cbcc09af996ca6f2,2024-02-05,Dallas Open - Dallas,United States of America,2024-02-08,Frances Tiafoe,Alex Michelsen,Second Round,,,15,5,12,17,,
2315d2f01d27358790ac28543690f8e6,2024-02-05,Dallas Open - Dallas,United States of America,2024-02-08,Jordan Thompson,Denis Kudla,Second Round,,,21,3,10,13,,
5227e5f3393e8ba9b8fa08a3602dbeee,2024-02-05,Dallas Open - Dallas,United States of America,2024-02-09,Ben Shelton,Jordan Thompson,Quarter-Finals,,,35,12,19,30,,
3faba4979ebe9559e056e5fbef22926c,2024-02-05,Dallas Open - Dallas,United States of America,2024-02-09,Marcos Giron,Frances Tiafoe,Quarter-Finals,,,21,4,9,12,,
9386d770d9071b09dd7cfd84db67cbe1,2024-02-05,Dallas Open - Dallas,United States of America,2024-02-09,Tommy Paul,Dominik Koepfer,Quarter-Finals,,,18,12,16,16,,
3f416ff6b97851ae2d5ca8dae65c0ab5,2024-02-05,Dallas Open - Dallas,United States of America,2024-02-10,Marcos Giron,Adrian Mannarino,Semi-Finals,,,24,5,6,9,,
8b2ec3ddc61a0338ae2fb5b7170e0e26,2024-02-05,Dallas Open - Dallas,United States of America,2024-02-10,Tommy Paul,Ben Shelton,Semi-Finals,,,16,3,9,14,,
b6868407772d24eb28dba040568f738a,2024-02-05,Dallas Open - Dallas,United States of America,2024-02-11,Tommy Paul,Marcos Giron,Final,,,30,10,19,26,,
b5c70f6fcafb876a1ffa87d2db541506,2024-02-12,ABN AMRO Open - Rotterdam,Netherlands,2024-02-10,David Goffin,Gregoire Barrere,Qualifying First Round,,,17,5,5,8,,
1cc215879ac1ee7f4105887b0248e6b6,2024-02-12,ABN AMRO Open - Rotterdam,Netherlands,2024-02-10,Denis Shapovalov,Maximilian Marterer,Qualifying First Round,,,34,14,5,7,,
6401cc138d5740d464e5741e02987b1b,2024-02-12,ABN AMRO Open - Rotterdam,Netherlands,2024-02-10,Gijs Brouwer,Luca Van Assche,Qualifying First Round,,,31,9,13,15,,
e59665f57dcc80255db068c6915be420,2024-02-12,ABN AMRO Open - Rotterdam,Netherlands,2024-02-10,Giulio Zeppieri,Roberto Bautista Agut,Qualifying First Round,,,33,15,15,21,,
d7b3664dead8d8adc101e94809977683,2024-02-12,ABN AMRO Open - Rotterdam,Netherlands,2024-02-10,Hugo Gaston,Thijs Boogaard,Qualifying First Round,,,26,5,7,8,,
65551cc4a2a42a1f56f427c0a2f879c9,2024-02-12,ABN AMRO Open - Rotterdam,Netherlands,2024-02-10,Maxime Cressy,Arthur Rinderknech,Qualifying First Round,,,38,26,25,38,,
f8dc54a8bedec51e989e528dae197292,2024-02-12,ABN AMRO Open - Rotterdam,Netherlands,2024-02-10,Pablo Llamas Ruiz,Guy Den Ouden,Qualifying First Round,,,16,15,15,24,,
e5ee25eac73231a2ef42ce59556cea4a,2024-02-12,ABN AMRO Open - Rotterdam,Netherlands,2024-02-10,Zizou Bergs,Jurij Rodionov,Qualifying First Round,,,28,7,15,26,,
5cadd94559ecdb11dd349f8c7dc7b0be,2024-02-12,ABN AMRO Open - Rotterdam,Netherlands,2024-02-11,David Goffin,Gijs Brouwer,Qualifying Final Round,,,13,16,8,10,,
763d3509e212c83f044fe23727792ed3,2024-02-12,ABN AMRO Open - Rotterdam,Netherlands,2024-02-11,Denis Shapovalov,Hugo Gaston,Qualifying Final Round,,,28,8,12,17,,
1bc5cf30bb417f45453190cb660d0896,2024-02-12,ABN AMRO Open - Rotterdam,Netherlands,2024-02-11,Maxime Cressy,Pablo Llamas Ruiz,Qualifying Final Round,,,48,20,49,71,,
14c1b16f63f18da80edb645cd96cbf7e,2024-02-12,ABN AMRO Open - Rotterdam,Netherlands,2024-02-11,Zizou Bergs,Giulio Zeppieri,Qualifying Final Round,,,27,15,16,20,,
c35ec8d19d748d10d57fb57774bc30c2,2024-02-12,ABN AMRO Open - Rotterdam,Netherlands,2024-02-12,David Goffin,Dino Prizmic,First Round,,,27,22,11,25,,
7ba5ea4662cb3778be132de059cd41f7,2024-02-12,ABN AMRO Open - Rotterdam,Netherlands,2024-02-12,Felix Auger Aliassime,Maxime Cressy,First Round,,,40,12,13,23,,
085104ea8f9430cdb3fcae8a6c6ff060,2024-02-12,ABN AMRO Open - Rotterdam,Netherlands,2024-02-12,Milos Raonic,Jesper De Jong,First Round,,,36,15,13,16,,
1f2be1833d0f2952a28c60a9ce277718,2024-02-12,ABN AMRO Open - Rotterdam,Netherlands,2024-02-12,Tallon Griekspoor,Lorenzo Musetti,First Round,,,47,24,38,47,,
1fbd39bb1ddcfcad68da6d5770070d63,2024-02-12,ABN AMRO Open - Rotterdam,Netherlands,2024-02-13,Alex De Minaur,Sebastian Korda,First Round,,,16,8,7,9,,
d5a76ee5d2ef1388f5611f11b24a9437,2024-02-12,ABN AMRO Open - Rotterdam,Netherlands,2024-02-13,Alexander Bublik,Borna Coric,First Round,,,28,15,16,27,,
8cc909ae70045723f2dcb3cbaff251a6,2024-02-12,ABN AMRO Open - Rotterdam,Netherlands,2024-02-13,Alexander Shevchenko,Zhizhen Zhang,First Round,,,41,11,7,13,,
dc538422d0641d9b526458868349e06c,2024-02-12,ABN AMRO Open - Rotterdam,Netherlands,2024-02-13,Andrey Rublev,Zizou Bergs,First Round,,,10,11,5,6,,
41d398ed90909e726ccf00cd0c33c923,2024-02-12,ABN AMRO Open - Rotterdam,Netherlands,2024-02-13,Hubert Hurkacz,Jiri Lehecka,First Round,,,32,19,12,16,,
13cc151d9ffa938c652ca6616ec2ae48,2024-02-12,ABN AMRO Open - Rotterdam,Netherlands,2024-02-13,Jan-Lennard Struff,Alejandro Davidovich Fokina,First Round,,,33,29,19,28,,
45efbadea0d7924d9b03d3a5dbdf1ad4,2024-02-12,ABN AMRO Open - Rotterdam,Netherlands,2024-02-13,Marton Fucsovics,Fabian Marozsan,First Round,,,25,11,2,5,,
918ee9b49b0845f9ed5dc74bcc348532,2024-02-12,ABN AMRO Open - Rotterdam,Netherlands,2024-02-14,Alex De Minaur,David Goffin,Second Round,,,15,10,7,7,,
ff05b06f11e25414b702dc20beaaf737,2024-02-12,ABN AMRO Open - Rotterdam,Netherlands,2024-02-14,Andrey Rublev,Felix Auger Aliassime,Second Round,,,22,12,9,13,,
02b0cc475713667134b0ba95fd700698,2024-02-12,ABN AMRO Open - Rotterdam,Netherlands,2024-02-14,Emil Ruusuvuori,Ugo Humbert,First Round,,,25,18,7,9,,
c5c177656342db045e05e0af11177535,2024-02-12,ABN AMRO Open - Rotterdam,Netherlands,2024-02-14,Gael Monfils,Denis Shapovalov,First Round,,,15,8,18,23,,
9be9cd6418b0b204163fc6d3d5111e26,2024-02-12,ABN AMRO Open - Rotterdam,Netherlands,2024-02-14,Grigor Dimitrov,Lorenzo Sonego,First Round,,,24,6,18,23,,
c99f30a14bd99310b144197b66e72af3,2024-02-12,ABN AMRO Open - Rotterdam,Netherlands,2024-02-14,Holger Rune,Roman Safiullin,First Round,,,30,8,14,23,,
53b580b53034ba7ed22c7d0043d84d1a,2024-02-12,ABN AMRO Open - Rotterdam,Netherlands,2024-02-14,Jannik Sinner,Botic Van De Zandschulp,First Round,,,17,10,11,16,,
cea8e330c8bfa66ccd31221c10fb779a,2024-02-12,ABN AMRO Open - Rotterdam,Netherlands,2024-02-14,Milos Raonic,Alexander Bublik,Second Round,,,30,15,18,30,,
4fdac317beb0a592d48937587e8a05b6,2024-02-12,ABN AMRO Open - Rotterdam,Netherlands,2024-02-15,Alexander Shevchenko,Holger Rune,Second Round,,,21,15,10,15,,
c261d95c86f816b8975e904b6d7aeeca,2024-02-12,ABN AMRO Open - Rotterdam,Netherlands,2024-02-15,Emil Ruusuvuori,Jan-Lennard Struff,Second Round,,,17,12,8,11,,
814f35d6bc4b3027996bd8e1af4b1487,2024-02-12,ABN AMRO Open - Rotterdam,Netherlands,2024-02-15,Grigor Dimitrov,Marton Fucsovics,Second Round,,,20,8,15,19,,
e2d96d8c0d82267dda03ee8f8b202244,2024-02-12,ABN AMRO Open - Rotterdam,Netherlands,2024-02-15,Jannik Sinner,Gael Monfils,Second Round,,,13,15,7,12,,
3d972098a1705bace1b5d14d82610ca4,2024-02-12,ABN AMRO Open - Rotterdam,Netherlands,2024-02-15,Tallon Griekspoor,Hubert Hurkacz,Second Round,,,52,21,29,38,,
c1e922ed15989e56372ce7cb0e9e34ca,2024-02-12,ABN AMRO Open - Rotterdam,Netherlands,2024-02-16,Alex De Minaur,Andrey Rublev,Quarter-Finals,,,27,22,,,,
053ed4f6c50636adaa99660fcc068578,2024-02-12,ABN AMRO Open - Rotterdam,Netherlands,2024-02-16,Grigor Dimitrov,Alexander Shevchenko,Quarter-Finals,,,24,9,17,23,,
91a9ed7439660cb36a538ff6fbf797c7,2024-02-12,ABN AMRO Open - Rotterdam,Netherlands,2024-02-16,Tallon Griekspoor,Emil Ruusuvuori,Quarter-Finals,,,28,13,7,10,,
cf8cab6d83792067e1b866120818a535,2024-02-12,ABN AMRO Open - Rotterdam,Netherlands,2024-02-17,Alex De Minaur,Grigor Dimitrov,Semi-Finals,,,16,6,3,5,,
1d4d1c8426b7595c56b7335047bff71e,2024-02-12,Delray Beach Open - Delray Beach,United States of America,2024-02-10,Flavio Cobolli,Illya Marchenko,Qualifying First Round,,,17,15,5,7,,
ca3422402771bfde5d67e7778756bb1e,2024-02-12,Delray Beach Open - Delray Beach,United States of America,2024-02-10,Gabriel Diallo,Valentin Vacherot,Qualifying First Round,,,14,8,2,6,,
1f0a378b3578dba0db0f978a24cff8e9,2024-02-12,Delray Beach Open - Delray Beach,United States of America,2024-02-10,Nicolas Moreno De Alboran,Sho Shimabukuro,Qualifying First Round,,,37,18,22,29,,
1a5e9e5d3f208fdbc8bc9425c2eb3997,2024-02-12,Delray Beach Open - Delray Beach,United States of America,2024-02-10,Radu Albot,August Holmgren,Qualifying First Round,,,10,10,5,6,,
68d98bd5e1c91cbdff0acf346c6dc67a,2024-02-12,Delray Beach Open - Delray Beach,United States of America,2024-02-10,Terence Atmane,Preston Brown,Qualifying First Round,,,23,9,10,20,,
9ef18f81ead979058b98a7dead337dcf,2024-02-12,Delray Beach Open - Delray Beach,United States of America,2024-02-10,Zachary Svajda,Ethan Quinn,Qualifying First Round,,,10,2,1,5,,
8273c1035c0d23afc0be01f4ffe64831,2024-02-12,Delray Beach Open - Delray Beach,United States of America,2024-02-11,Nicolas Moreno De Alboran,Flavio Cobolli,Qualifying Final Round,,,31,10,14,23,,
e24c226e3da852c83eb8a896b4766f69,2024-02-12,Delray Beach Open - Delray Beach,United States of America,2024-02-11,Radu Albot,Terence Atmane,Qualifying Final Round,,,20,20,12,15,,
f4711516d5ba75b7772da30d1b5b5bd8,2024-02-12,Delray Beach Open - Delray Beach,United States of America,2024-02-11,Shintaro Mochizuki,Stefan Kozlov,Qualifying First Round,,,36,24,33,51,,
3f6a94fedd6962cd26b9f8600447d60e,2024-02-12,Delray Beach Open - Delray Beach,United States of America,2024-02-11,Thanasi Kokkinakis,Brandon Holt,Qualifying First Round,,,31,13,11,12,,
2aaedf32c15e8da89faaf56bd4ba29e2,2024-02-12,Delray Beach Open - Delray Beach,United States of America,2024-02-11,Zachary Svajda,Gabriel Diallo,Qualifying Final Round,,,16,16,9,16,,
87351e16303f42b5d2316bcf33f4cbb9,2024-02-12,Delray Beach Open - Delray Beach,United States of America,2024-02-12,Constant Lestienne,Aleksandar Vukic,First Round,,,17,8,4,5,,
0355751d4f625801ec973a2934b491fb,2024-02-12,Delray Beach Open - Delray Beach,United States of America,2024-02-12,Matteo Arnaldi,Yoshihito Nishioka,First Round,,,50,22,16,25,,
1049f9b3591a7c21c4f62df46feebb4d,2024-02-12,Delray Beach Open - Delray Beach,United States of America,2024-02-12,Nuno Borges,Gabriel Diallo,First Round,,,20,4,7,10,,
13eaf7d6ba410996ebc2c4c211eb79fc,2024-02-12,Delray Beach Open - Delray Beach,United States of America,2024-02-12,Patrick Kypson,Miomir Kecmanovic,First Round,,,32,9,10,12,,
3833df59a727852947889818a49fe06d,2024-02-12,Delray Beach Open - Delray Beach,United States of America,2024-02-12,Thanasi Kokkinakis,Shintaro Mochizuki,Qualifying Final Round,,,14,8,2,3,,
613def4be423e751803b64d6734311f0,2024-02-12,Delray Beach Open - Delray Beach,United States of America,2024-02-13,Alex Michelsen,Thanasi Kokkinakis,First Round,,,7,5,4,5,,
5484b2712ea5e55f36aa4e1bb1f36e6a,2024-02-12,Delray Beach Open - Delray Beach,United States of America,2024-02-13,Flavio Cobolli,Taro Daniel,First Round,,,25,29,7,11,,
ec0c9c284e92982782b50cf462494b23,2024-02-12,Delray Beach Open - Delray Beach,United States of America,2024-02-13,Jordan Thompson,Daniel Evans,First Round,,,20,,7,10,,
2f94d8cff185578e9aae7c09709b4333,2024-02-12,Delray Beach Open - Delray Beach,United States of America,2024-02-13,Marcos Giron,Emilio Nava,First Round,,,6,10,8,10,,
3e91f00315ce48c7d218c61abade6ca6,2024-02-12,Delray Beach Open - Delray Beach,United States of America,2024-02-13,Nicolas Moreno De Alboran,Aleksandar Kovacevic,First Round,,,11,17,1,2,,
6b45e99ce7d5357c4af0631993d634e5,2024-02-12,Delray Beach Open - Delray Beach,United States of America,2024-02-13,Radu Albot,Juncheng Shang,First Round,,,19,18,10,17,,
dbe895217116867c3ade2a5d1b672319,2024-02-12,Delray Beach Open - Delray Beach,United States of America,2024-02-13,Rinky Hijikata,Liam Broady,First Round,,,39,22,14,20,,
9c4f6ee706af6905f25b515987c21aaf,2024-02-12,Delray Beach Open - Delray Beach,United States of America,2024-02-13,Zachary Svajda,Max Purcell,First Round,,,22,23,10,14,,
86adfb196117b4482c29c27cb8f85a31,2024-02-12,Delray Beach Open - Delray Beach,United States of America,2024-02-14,Marcos Giron,Adrian Mannarino,Second Round,,,25,10,8,10,,
1090bcc473c2a90ac3b813a388b89b07,2024-02-12,Delray Beach Open - Delray Beach,United States of America,2024-02-14,Patrick Kypson,Constant Lestienne,Second Round,,,23,15,8,13,,
0ad747aa989bc176ec39961c317a2964,2024-02-12,Delray Beach Open - Delray Beach,United States of America,2024-02-14,Rinky Hijikata,Matteo Arnaldi,Second Round,,,21,20,16,26,,
33ded867ddc82110d28321bd62303159,2024-02-12,Delray Beach Open - Delray Beach,United States of America,2024-02-14,Taylor Harry Fritz,Nuno Borges,Second Round,,,21,11,2,6,,
df0afd4663e1e250cb118cddf17b1a41,2024-02-12,Delray Beach Open - Delray Beach,United States of America,2024-02-15,Flavio Cobolli,Zachary Svajda,Second Round,,,40,17,24,31,,
0b42b7d39d6b39f52debea746ecaaf21,2024-02-12,Delray Beach Open - Delray Beach,United States of America,2024-02-15,Frances Tiafoe,Radu Albot,Second Round,,,35,15,21,27,,
b9151c023bcba380bd0472463d70e064,2024-02-12,Delray Beach Open - Delray Beach,United States of America,2024-02-15,Jordan Thompson,Nicolas Moreno De Alboran,Second Round,,,15,9,6,11,,
10682779ae9e595c3fb1183b8f3c9873,2024-02-12,Delray Beach Open - Delray Beach,United States of America,2024-02-15,Tommy Paul,Alex Michelsen,Second Round,,,35,21,14,17,,
2a66ea46c3d5d0d4465e0beefb42a7e5,2024-02-12,Delray Beach Open - Delray Beach,United States of America,2024-02-16,Marcos Giron,Patrick Kypson,Quarter-Finals,,,17,2,,,,
72457f11d31746de1f27ed07a6c89a9f,2024-02-12,Delray Beach Open - Delray Beach,United States of America,2024-02-16,Taylor Harry Fritz,Rinky Hijikata,Quarter-Finals,,,12,1,,,,
779ae486e2caa8b883b6b784f745df4e,2024-02-12,Delray Beach Open - Delray Beach,United States of America,2024-02-16,Tommy Paul,Jordan Thompson,Quarter-Finals,,,10,7,,,,
d3ef40ba30ddfa91f165636293819fa9,2024-02-12,Delray Beach Open - Delray Beach,United States of America,2024-02-17,Taylor Harry Fritz,Marcos Giron,Semi-Finals,,,17,3,3,6,,
000c62be8c94008f5330d25e1c03a1ad,2024-02-19,Mifel Tennis Open - Los Cabos,Mexico,2024-02-17,Aidan Mayo,Shintaro Mochizuki,Qualifying First Round,,,14,18,6,8,,
6a8b7e826a23dc2015823c084c39b097,2024-02-19,Mifel Tennis Open - Los Cabos,Mexico,2024-02-17,Aleksandar Kovacevic,Steve Johnson,Qualifying First Round,,,25,9,5,8,,
a4b500d601c1744eb179bfac3d08cb91,2024-02-19,Mifel Tennis Open - Los Cabos,Mexico,2024-02-17,Brandon Holt,Terence Atmane,Qualifying First Round,,,4,14,2,4,,
69716d327de5e5ecf243e7edcfc40feb,2024-02-19,Mifel Tennis Open - Los Cabos,Mexico,2024-02-17,Emilio Nava,Nicolas Mejia,Qualifying First Round,,,25,18,11,17,,
9041bb05660e065411cfbb592a13dab5,2024-02-19,Mifel Tennis Open - Los Cabos,Mexico,2024-02-17,Flavio Cobolli,Sho Shimabukuro,Qualifying First Round,,,27,16,16,28,,
ac5bc4187d77b39c7a1e7f13c35a2fb1,2024-02-19,Mifel Tennis Open - Los Cabos,Mexico,2024-02-17,Marc Polmans,Nicolas Moreno De Alboran,Qualifying First Round,,,18,6,11,14,,
3dc61e05f87dd293a39cf84844784113,2024-02-19,Mifel Tennis Open - Los Cabos,Mexico,2024-02-17,Yosuke Watanuki,Alan Fernando Rubio Fierros,Qualifying First Round,,,36,34,29,35,,
e137edf55f101963f7b3108f85cc65b9,2024-02-19,Mifel Tennis Open - Los Cabos,Mexico,2024-02-17,Zachary Svajda,Guido Andreozzi,Qualifying First Round,,,15,3,0,1,,
71d2b9d07726ebef077eb4902b09d2ee,2024-02-19,Mifel Tennis Open - Los Cabos,Mexico,2024-02-18,Aleksandar Kovacevic,Zachary Svajda,Qualifying Final Round,,,18,17,9,9,,
4b1ccf940889e9e2986ac72341c5d40e,2024-02-19,Mifel Tennis Open - Los Cabos,Mexico,2024-02-18,Brandon Holt,Yosuke Watanuki,Qualifying Final Round,,,12,4,7,13,,
17ba115d084206b45200a6342671ad3d,2024-02-19,Mifel Tennis Open - Los Cabos,Mexico,2024-02-18,Emilio Nava,Aidan Mayo,Qualifying Final Round,,,17,18,10,17,,
5cbf89492aa395d3c3a58229af46e1c8,2024-02-19,Mifel Tennis Open - Los Cabos,Mexico,2024-02-18,Flavio Cobolli,Marc Polmans,Qualifying Final Round,,,23,8,5,7,,
acec959688ee26188d10b52a77a4f0e5,2024-02-19,Mifel Tennis Open - Los Cabos,Mexico,2024-02-19,Aleksandar Kovacevic,Brandon Holt,First Round,,,17,5,,,,
c97b51e9d74a46bb57f33df69f4f9895,2024-02-19,Mifel Tennis Open - Los Cabos,Mexico,2024-02-19,Alex Michelsen,Constant Lestienne,First Round,,,15,10,8,10,,
45a6c8a49d4bbc9048d23dfc5df3c2a8,2024-02-19,Mifel Tennis Open - Los Cabos,Mexico,2024-02-19,Daniel Evans,Roman Safiullin,First Round,,,9,5,4,4,,
c1e76b3f179165145d408fbe664ec84d,2024-02-19,Mifel Tennis Open - Los Cabos,Mexico,2024-02-19,Max Purcell,Matteo Arnaldi,First Round,,,22,18,,,,
1f3cf620e1c78dfb4d9057cf026892e5,2024-02-19,Mifel Tennis Open - Los Cabos,Mexico,2024-02-19,Thanasi Kokkinakis,Jack Draper,First Round,,,43,19,8,14,,
68f2cbf9a4879984230a62c5bbd7de01,2024-02-19,Mifel Tennis Open - Los Cabos,Mexico,2024-02-21,Alex Michelsen,Alex De Minaur,Second Round,,,11,3,12,14,,
b339a7b229176983202ec9f577e0cd37,2024-02-19,Mifel Tennis Open - Los Cabos,Mexico,2024-02-21,Stefanos Tsitsipas,Aleksandar Vukic,Second Round,,,12,4,4,6,,
a3d0f868ab0a151523b941b6b1ef6449,2024-02-19,Mifel Tennis Open - Los Cabos,Mexico,2024-02-22,Alexander Zverev,Thanasi Kokkinakis,Quarter-Finals,,,23,18,18,28,,
e67d30c367efd30d641fa0275974b780,2024-02-19,Mifel Tennis Open - Los Cabos,Mexico,2024-02-22,Casper Ruud,Nuno Borges,Quarter-Finals,,,12,4,6,6,,
34c12e71beb2f8caa59ea894adf09092,2024-02-19,Mifel Tennis Open - Los Cabos,Mexico,2024-02-22,Jordan Thompson,Alex Michelsen,Quarter-Finals,,,20,14,14,24,,
618a3a36a86a4f1f6e9203f7d8629c6f,2024-02-19,Mifel Tennis Open - Los Cabos,Mexico,2024-02-22,Stefanos Tsitsipas,Aleksandar Kovacevic,Quarter-Finals,,,26,5,12,16,,
6477a482dbfc69574d1ec080ca036c77,2024-02-19,Mifel Tennis Open - Los Cabos,Mexico,2024-02-23,Casper Ruud,Stefanos Tsitsipas,Semi-Finals,,,18,5,12,15,,
5ddbc52c5336fc97705353d9a9db9aeb,2024-02-19,Mifel Tennis Open - Los Cabos,Mexico,2024-02-23,Jordan Thompson,Alexander Zverev,Semi-Finals,,,39,17,27,35,,
943a8396448d814ae5c0eaa8be4f62e4,2024-02-19,Mifel Tennis Open - Los Cabos,Mexico,2024-02-24,Jordan Thompson,Casper Ruud,Final,,,27,8,17,21,,
68892ad6e3510f12c4d5c3512f47356d,2024-02-19,Qatar ExxonMobil Open - Doha,Qatar,2024-02-17,Damir Dzumhur,Fabio Fognini,Qualifying First Round,,,6,4,,,,
978c8b2c5012d1327e2344bc9c4ca9d7,2024-02-19,Qatar ExxonMobil Open - Doha,Qatar,2024-02-17,Giulio Zeppieri,Rashed Nawaf,Qualifying First Round,,,21,2,5,5,,
da64fee53bf3a5344dbfa4a8add36fa9,2024-02-19,Qatar ExxonMobil Open - Doha,Qatar,2024-02-17,Hugo Grenier,Benjamin Hassan,Qualifying First Round,,,36,10,9,16,,
b61ce075880b9faab01c62cb07d51c8a,2024-02-19,Qatar ExxonMobil Open - Doha,Qatar,2024-02-17,Lukas Klein,Beibit Zhukayev,Qualifying First Round,,,8,1,,,,
1eed3c56c39a573a3cb0c56e509965d9,2024-02-19,Qatar ExxonMobil Open - Doha,Qatar,2024-02-17,Maxime Cressy,Luca Van Assche,Qualifying First Round,,,31,14,18,21,,
43c69eb167febd3d8b0395c59cbfc0b8,2024-02-19,Qatar ExxonMobil Open - Doha,Qatar,2024-02-17,Maximilian Marterer,Elias Ymer,Qualifying First Round,,,10,13,2,5,,
1b87fff761bbe57a0d1fa0a36ef4ab5e,2024-02-19,Qatar ExxonMobil Open - Doha,Qatar,2024-02-17,Vit Kopriva,Mubarak Shannan Zayid,Qualifying First Round,,,19,10,8,11,,
a46de2aeef3cd3d5b062b1108ce33bb6,2024-02-19,Qatar ExxonMobil Open - Doha,Qatar,2024-02-19,Fabian Marozsan,Vit Kopriva,First Round,,,15,6,0,0,,
7095b0e4f7a64c5dbe08d6f99d12afc7,2024-02-19,Qatar ExxonMobil Open - Doha,Qatar,2024-02-19,Marton Fucsovics,Roberto Bautista Agut,First Round,,,22,4,5,9,,
be5eb47493055ef3d4f52b40177b8c5f,2024-02-19,Qatar ExxonMobil Open - Doha,Qatar,2024-02-19,Pavel Kotov,Lorenzo Sonego,First Round,,,23,14,18,21,,
2cbbfdeba971459a6610187b7a327b2b,2024-02-19,Qatar ExxonMobil Open - Doha,Qatar,2024-02-19,Zhizhen Zhang,Lorenzo Musetti,First Round,,,19,5,3,9,,
c7f4021b8f453dff6fd44b640ab498c2,2024-02-19,Qatar ExxonMobil Open - Doha,Qatar,2024-02-21,Alexei Popyrin,Hugo Grenier,Second Round,,,14,3,,,,
1c3e20720ae9961f1694bd451384ab31,2024-02-19,Qatar ExxonMobil Open - Doha,Qatar,2024-02-21,Emil Ruusuvuori,Christopher O'Connell,Second Round,,,17,6,6,12,,
fd9533c3f660d69dca56ec3b4e0706a3,2024-02-19,Qatar ExxonMobil Open - Doha,Qatar,2024-02-21,Jakub Mensik,Andy Murray,Second Round,,,54,14,19,33,,
7ee8a1ad5c9ef4ca621504fe4b25cfd9,2024-02-19,Qatar ExxonMobil Open - Doha,Qatar,2024-02-21,Karen Khachanov,Fabian Marozsan,Second Round,,,20,7,9,10,,
4efd9d705e14de6ed0a109d30ce779da,2024-02-19,Qatar ExxonMobil Open - Doha,Qatar,2024-02-21,Ugo Humbert,Pavel Kotov,Second Round,,,23,4,11,13,,
f41aa8f561e535f9e89fc745b081c258,2024-02-19,Qatar ExxonMobil Open - Doha,Qatar,2024-02-22,Alexei Popyrin,Alexander Bublik,Quarter-Finals,,,23,9,19,27,,
797d8426ee889419d18e9baf19d46fb2,2024-02-19,Qatar ExxonMobil Open - Doha,Qatar,2024-02-22,Gael Monfils,Ugo Humbert,Quarter-Finals,,,22,6,6,7,,
ec5cf74a05d85d0c55b62c9736320f0b,2024-02-19,Qatar ExxonMobil Open - Doha,Qatar,2024-02-22,Jakub Mensik,Andrey Rublev,Quarter-Finals,,,21,6,6,8,,
083a60264b0b296193b7eb014d8d760d,2024-02-19,Qatar ExxonMobil Open - Doha,Qatar,2024-02-23,Jakub Mensik,Gael Monfils,Semi-Finals,,,26,13,10,24,,
9fcc6c2cc9c07ea4f5f3db9e0cc16237,2024-02-19,Qatar ExxonMobil Open - Doha,Qatar,2024-02-23,Karen Khachanov,Alexei Popyrin,Semi-Finals,,,23,4,12,21,,
782df9598ddc336c8d2a5dc575ad5087,2024-02-19,Qatar ExxonMobil Open - Doha,Qatar,2024-02-24,Karen Khachanov,Jakub Mensik,Final,,,23,7,7,12,,
8a63a3c175a82b5660229beecd9928bf,2024-02-26,Abierto Mexicano Telcel - Acapulco,Mexico,2024-02-24,Aleksandar Kovacevic,Nicolas Mejia,Qualifying First Round,,,29,15,14,23,,
6853cc51528816e8d8843149749d9259,2024-02-26,Abierto Mexicano Telcel - Acapulco,Mexico,2024-02-24,Constant Lestienne,Liam Broady,Qualifying First Round,,,19,8,6,11,,
400fc9647dd752b1d7a3ff783f615cde,2024-02-26,Abierto Mexicano Telcel - Acapulco,Mexico,2024-02-24,Flavio Cobolli,Brandon Holt,Qualifying First Round,,,25,15,18,26,,
538620e80dc1cd4df23cba4a1471e6cc,2024-02-26,Abierto Mexicano Telcel - Acapulco,Mexico,2024-02-24,Rinky Hijikata,Shintaro Mochizuki,Qualifying First Round,,,26,14,11,21,,
f043d8dad852248e8145f4d2545f301f,2024-02-26,Abierto Mexicano Telcel - Acapulco,Mexico,2024-02-24,Terence Atmane,Aleksandar Vukic,Qualifying First Round,,,13,9,5,8,,
8b4ce7be7eb1c8d2145da5ae17ac6aa7,2024-02-26,Abierto Mexicano Telcel - Acapulco,Mexico,2024-02-24,Yoshihito Nishioka,Alan Fernando Rubio Fierros,Qualifying First Round,,,14,7,14,15,,
723b5efe0227ead439df8663e63bafdc,2024-02-26,Abierto Mexicano Telcel - Acapulco,Mexico,2024-02-25,Aleksandar Kovacevic,Rinky Hijikata,Qualifying Final Round,,,27,19,7,16,,
e16e7cf4541075786fe657238fdd7b1d,2024-02-26,Abierto Mexicano Telcel - Acapulco,Mexico,2024-02-25,Flavio Cobolli,Constant Lestienne,Qualifying Final Round,,,29,10,5,15,,
d0a88b285f5795f7a7702b9358a0de36,2024-02-26,Abierto Mexicano Telcel - Acapulco,Mexico,2024-02-25,Michael Mmoh,Yoshihito Nishioka,Qualifying Final Round,,,26,10,8,16,,
57449da6b9df2c23735c8fd45925e143,2024-02-26,Abierto Mexicano Telcel - Acapulco,Mexico,2024-02-25,Terence Atmane,Zachary Svajda,Qualifying Final Round,,,38,22,24,39,,
8abf2746f82c516e80b31d54e67f3ccc,2024-02-26,Abierto Mexicano Telcel - Acapulco,Mexico,2024-02-26,Alex De Minaur,Taro Daniel,First Round,,,27,7,9,16,,
1f50901cd76a2250a006ade8f357f76e,2024-02-26,Abierto Mexicano Telcel - Acapulco,Mexico,2024-02-26,Ben Shelton,Daniel Evans,First Round,,,43,18,30,46,,
38b34be6465ceeca5a7c79f290383dd6,2024-02-26,Abierto Mexicano Telcel - Acapulco,Mexico,2024-02-26,Flavio Cobolli,Felix Auger Aliassime,First Round,,,15,10,7,8,,
a69d14c92d195d8eeb1c9833bff3a54d,2024-02-26,Abierto Mexicano Telcel - Acapulco,Mexico,2024-02-26,Jack Draper,Tommy Paul,First Round,,,13,7,7,10,,
b947b8bca361e98e87956ea2895bce4f,2024-02-26,Abierto Mexicano Telcel - Acapulco,Mexico,2024-02-26,Matteo Arnaldi,Taylor Harry Fritz,First Round,,,39,16,19,24,,
16206155ad750406ed3595d832a7a12b,2024-02-26,Abierto Mexicano Telcel - Acapulco,Mexico,2024-02-26,Miomir Kecmanovic,Diego Sebastian Schwartzman,First Round,,,21,10,7,11,,
082c6e663ddad280453825da779405e1,2024-02-26,Abierto Mexicano Telcel - Acapulco,Mexico,2024-02-26,Sebastian Ofner,Ernesto Escobedo,First Round,,,37,20,18,24,,
97af42d70654fe6543f165a5792454a9,2024-02-26,Abierto Mexicano Telcel - Acapulco,Mexico,2024-02-26,Yoshihito Nishioka,Nuno Borges,First Round,,,15,9,15,26,,
f60c271e37a43339a8bcdbe3087e31ab,2024-02-26,Abierto Mexicano Telcel - Acapulco,Mexico,2024-02-27,Aleksandar Kovacevic,Jordan Thompson,First Round,,,20,14,6,15,,
dc5beb979b70e4c7ec0d5127a65a0d57,2024-02-26,Abierto Mexicano Telcel - Acapulco,Mexico,2024-02-27,Casper Ruud,Christopher Eubanks,First Round,,,29,7,11,19,,
a82682315a0417245d379707cc20aa25,2024-02-26,Abierto Mexicano Telcel - Acapulco,Mexico,2024-02-27,Daniel Altmaier,Alexander Zverev,First Round,,,22,15,19,28,,
ab1c29191f6a5cd530e6598bb182fb9c,2024-02-26,Abierto Mexicano Telcel - Acapulco,Mexico,2024-02-27,Dominik Koepfer,Terence Atmane,First Round,,,,,12,19,,
0cddfea97c782d3a45ef6ff5722d8e13,2024-02-26,Abierto Mexicano Telcel - Acapulco,Mexico,2024-02-27,Dusan Lajovic,Rodrigo Pacheco Mendez,First Round,,,25,6,9,9,,
f80a39a5e9ce6c487b220ec2994093e1,2024-02-26,Abierto Mexicano Telcel - Acapulco,Mexico,2024-02-27,Frances Tiafoe,Max Purcell,First Round,,,23,13,19,28,,
17fced6f31138549f8016ecebfbd19e4,2024-02-26,Abierto Mexicano Telcel - Acapulco,Mexico,2024-02-27,Holger Rune,Michael Mmoh,First Round,,,24,7,10,14,,
62f4e227c0a9872d05e7a7bb7a5c13b9,2024-02-26,Abierto Mexicano Telcel - Acapulco,Mexico,2024-02-27,Stefanos Tsitsipas,Roman Safiullin,First Round,,,14,2,6,11,,
a3d86aa788e5f4b1df63c8aae8b7089f,2024-02-26,Abierto Mexicano Telcel - Acapulco,Mexico,2024-02-28,Alex De Minaur,Sebastian Ofner,Second Round,,,10,3,6,10,,
8b83db945ed41c2cf3e1114af32e49f7,2024-02-26,Abierto Mexicano Telcel - Acapulco,Mexico,2024-02-28,Ben Shelton,Matteo Arnaldi,Second Round,,,33,5,32,53,,
7e2a1ccdf9dde26e86584b524564613b,2024-02-26,Abierto Mexicano Telcel - Acapulco,Mexico,2024-02-28,Dominik Koepfer,Frances Tiafoe,Second Round,,,32,10,11,19,,
7882ffb78d265cdf36bdd1bf4519b2d3,2024-02-26,Abierto Mexicano Telcel - Acapulco,Mexico,2024-02-28,Holger Rune,Aleksandar Kovacevic,Second Round,,,,,14,20,,
35643f29ebf7e2757ea9d04385a3644b,2024-02-26,Abierto Mexicano Telcel - Acapulco,Mexico,2024-02-28,Jack Draper,Yoshihito Nishioka,Second Round,,,19,7,6,6,,
f35b2c48fecdad743ecc91598ce584f1,2024-02-26,Abierto Mexicano Telcel - Acapulco,Mexico,2024-02-28,Miomir Kecmanovic,Daniel Altmaier,Second Round,,,20,8,16,21,,
1e4e3a9da1e17af8e621f1e5b0b83b14,2024-02-26,Abierto Mexicano Telcel - Acapulco,Mexico,2024-02-28,Stefanos Tsitsipas,Flavio Cobolli,Second Round,,,18,13,12,16,,
c43809bbafa8909bf60dbe94bb6ef680,2024-02-26,Abierto Mexicano Telcel - Acapulco,Mexico,2024-02-29,Alex De Minaur,Stefanos Tsitsipas,Quarter-Finals,,,13,14,21,30,,
25d30626d00cf1623d41d19f44dfa51a,2024-02-26,Abierto Mexicano Telcel - Acapulco,Mexico,2024-02-29,Casper Ruud,Ben Shelton,Quarter-Finals,,,32,9,16,23,,
2a06a71aa8bc44087f1bfe9387398528,2024-02-26,Abierto Mexicano Telcel - Acapulco,Mexico,2024-02-29,Holger Rune,Dominik Koepfer,Quarter-Finals,,,22,7,16,24,,
faaf51991524c8984568e4ee181a2450,2024-02-26,Abierto Mexicano Telcel - Acapulco,Mexico,2024-02-29,Jack Draper,Miomir Kecmanovic,Quarter-Finals,,,18,9,7,10,,
24510df5f69792cd726947df6e87dabf,2024-02-26,Abierto Mexicano Telcel - Acapulco,Mexico,2024-03-01,Casper Ruud,Holger Rune,Semi-Finals,,,23,8,13,24,,
e2bebadc393f1878ccd90e739a1b5e57,2024-02-26,Abierto Mexicano Telcel - Acapulco,Mexico,2024-03-02,Alex De Minaur,Casper Ruud,Final,,,27,9,23,29,,
21c5b5f964be52d310416b6ef0c68aea,2024-02-26,Dubai Duty Free Tennis Championships - Dubai,United Arab Emirates,2024-02-24,Arthur Cazaux,Damir Dzumhur,Qualifying First Round,,,23,1,18,30,,
723c2df79eb3c258bfcbfff861146001,2024-02-26,Dubai Duty Free Tennis Championships - Dubai,United Arab Emirates,2024-02-24,Giulio Zeppieri,Alexandre Muller,Qualifying First Round,,,25,13,7,13,,
94b2352325c1fe6bcd554bb442827811,2024-02-26,Dubai Duty Free Tennis Championships - Dubai,United Arab Emirates,2024-02-24,Luca Van Assche,Aziz Dougaz,Qualifying First Round,,,16,9,7,10,,
a252e213e5d2ee737834ee00a530bdbe,2024-02-26,Dubai Duty Free Tennis Championships - Dubai,United Arab Emirates,2024-02-24,Marton Fucsovics,Maxime Cressy,Qualifying First Round,,,15,4,6,10,,
915cf7ee5af6e212d50ebbb315c7ebcc,2024-02-26,Dubai Duty Free Tennis Championships - Dubai,United Arab Emirates,2024-02-24,Maximilian Marterer,Yanki Erel,Qualifying First Round,,,11,15,6,9,,
b912ec07a6ff9e6564c8960518c62e82,2024-02-26,Dubai Duty Free Tennis Championships - Dubai,United Arab Emirates,2024-02-24,Richard Gasquet,Vasek Pospisil,Qualifying First Round,,,8,2,5,7,,
f6b713f34d559879b5f720337c9481ff,2024-02-26,Dubai Duty Free Tennis Championships - Dubai,United Arab Emirates,2024-02-24,Roberto Bautista Agut,Hugo Grenier,Qualifying First Round,,,18,7,11,14,,
e1458c089e78879c1d11a940e62c632e,2024-02-26,Dubai Duty Free Tennis Championships - Dubai,United Arab Emirates,2024-02-24,Tomas Machac,Elias Ymer,Qualifying First Round,,,16,8,7,10,,
35a94db6ec665e6fc1a0b778e52a60bb,2024-02-26,Dubai Duty Free Tennis Championships - Dubai,United Arab Emirates,2024-02-25,Arthur Cazaux,Giulio Zeppieri,Qualifying Final Round,,,31,7,12,18,,
21a0926926b5d42cfb6d1bd6083ba25e,2024-02-26,Dubai Duty Free Tennis Championships - Dubai,United Arab Emirates,2024-02-25,Marton Fucsovics,Richard Gasquet,Qualifying Final Round,,,32,11,9,10,,
a6695074fea3973a2f0081804b63d89f,2024-02-26,Dubai Duty Free Tennis Championships - Dubai,United Arab Emirates,2024-02-25,Maximilian Marterer,Luca Van Assche,Qualifying Final Round,,,39,15,9,13,,
9c487dc0eb693ba29e8b247be8f0575a,2024-02-26,Dubai Duty Free Tennis Championships - Dubai,United Arab Emirates,2024-02-25,Tomas Machac,Roberto Bautista Agut,Qualifying Final Round,,,,,20,25,,
6a5d9027fcf76b2d13cc789a080db8a6,2024-02-26,Dubai Duty Free Tennis Championships - Dubai,United Arab Emirates,2024-02-26,Alexander Bublik,Tomas Machac,First Round,,,32,13,20,27,,
2a4a248de60ddc9a91f1b3a30f504425,2024-02-26,Dubai Duty Free Tennis Championships - Dubai,United Arab Emirates,2024-02-26,Andrey Rublev,Zhizhen Zhang,First Round,,,38,7,3,5,,
291ce8a7b5727e4e93bd1be44ab16925,2024-02-26,Dubai Duty Free Tennis Championships - Dubai,United Arab Emirates,2024-02-26,Andy Murray,Denis Shapovalov,First Round,,,8,5,8,12,,
8efbc78127efe3c3f22270cf395ff266,2024-02-26,Dubai Duty Free Tennis Championships - Dubai,United Arab Emirates,2024-02-26,Botic Van De Zandschulp,Adrian Mannarino,First Round,,,16,8,6,8,,
8c37296bc4a2193c767879f45c5d223c,2024-02-26,Dubai Duty Free Tennis Championships - Dubai,United Arab Emirates,2024-02-26,Hubert Hurkacz,Jan-Lennard Struff,First Round,,,44,15,16,30,,
62b604c16e58af6d6b38a33c93fdeac5,2024-02-26,Dubai Duty Free Tennis Championships - Dubai,United Arab Emirates,2024-02-26,Sebastian Korda,Pavel Kotov,First Round,,,16,2,6,9,,
bf0485c23a5e00e9ed29689a41fca58f,2024-02-26,Dubai Duty Free Tennis Championships - Dubai,United Arab Emirates,2024-02-27,Alejandro Davidovich Fokina,Fabian Marozsan,First Round,,,23,6,6,9,,
9c0c8ac9bdf5414952e02fe42288da6c,2024-02-26,Dubai Duty Free Tennis Championships - Dubai,United Arab Emirates,2024-02-27,Arthur Cazaux,Lorenzo Musetti,First Round,,,21,9,20,29,,
e23d8955c87db795c37fbbec5f0290ab,2024-02-26,Dubai Duty Free Tennis Championships - Dubai,United Arab Emirates,2024-02-27,Christopher O'Connell,Maximilian Marterer,First Round,,,17,2,3,3,,
f912201d61af5eae24f69bc308098636,2024-02-26,Dubai Duty Free Tennis Championships - Dubai,United Arab Emirates,2024-02-27,Daniil Medvedev,Alexander Shevchenko,First Round,,,10,13,6,10,,
d06667745b996e307ad538b4393fd54a,2024-02-26,Dubai Duty Free Tennis Championships - Dubai,United Arab Emirates,2024-02-27,Jakub Mensik,Borna Coric,First Round,,,43,16,18,27,,
93522c0a5d2b431385f45f37c35f765a,2024-02-26,Dubai Duty Free Tennis Championships - Dubai,United Arab Emirates,2024-02-27,Jiri Lehecka,Marton Fucsovics,First Round,,,31,5,24,35,,
1c261014cd4f984fe9a84c28e503ea3a,2024-02-26,Dubai Duty Free Tennis Championships - Dubai,United Arab Emirates,2024-02-27,Karen Khachanov,Luca Van Assche,First Round,,,16,11,3,6,,
6bdb68b4941a7f7590f8628ce13ffb81,2024-02-26,Dubai Duty Free Tennis Championships - Dubai,United Arab Emirates,2024-02-27,Lorenzo Sonego,Sumit Nagal,First Round,,,33,8,19,24,,
c6b2d0beca42a4f39c6d31e32f3c18a6,2024-02-26,Dubai Duty Free Tennis Championships - Dubai,United Arab Emirates,2024-02-27,Ugo Humbert,Gael Monfils,First Round,,,21,10,11,17,,
de1e5c3f36b40d3e563f9816dae7d0e8,2024-02-26,Dubai Duty Free Tennis Championships - Dubai,United Arab Emirates,2024-02-28,Alexander Bublik,Tallon Griekspoor,Second Round,,,37,8,7,13,,
349be5f50e4eaebd5e02f7c4386d40bc,2024-02-26,Dubai Duty Free Tennis Championships - Dubai,United Arab Emirates,2024-02-28,Andrey Rublev,Arthur Cazaux,Second Round,,,29,6,10,11,,
d5d2d4dc446902c88cd0d78082075fa6,2024-02-26,Dubai Duty Free Tennis Championships - Dubai,United Arab Emirates,2024-02-28,Daniil Medvedev,Lorenzo Sonego,Second Round,,,12,11,21,27,,
6fd7ba7f3194a270843411a5e52c8301,2024-02-26,Dubai Duty Free Tennis Championships - Dubai,United Arab Emirates,2024-02-28,Hubert Hurkacz,Christopher O'Connell,Second Round,,,22,7,13,21,,
33329ea4648a77f4f1de98563a13b2f0,2024-02-26,Dubai Duty Free Tennis Championships - Dubai,United Arab Emirates,2024-02-28,Jiri Lehecka,Karen Khachanov,Second Round,,,53,19,25,40,,
b1769989f773e8c4ca49ea55580ba435,2024-02-26,Dubai Duty Free Tennis Championships - Dubai,United Arab Emirates,2024-02-28,Sebastian Korda,Botic Van De Zandschulp,Second Round,,,16,3,5,8,,
bb6269cba4bd928b69ab8dcc6572a887,2024-02-26,Dubai Duty Free Tennis Championships - Dubai,United Arab Emirates,2024-02-28,Ugo Humbert,Andy Murray,Second Round,,,20,7,4,7,,
f26f0bb80a9a0acbc021ef4d51f78663,2024-02-26,Dubai Duty Free Tennis Championships - Dubai,United Arab Emirates,2024-02-29,Daniil Medvedev,Alejandro Davidovich Fokina,Quarter-Finals,,,15,6,10,16,,
6df43df44f0048ed35b7cb55cef1d698,2024-02-26,Dubai Duty Free Tennis Championships - Dubai,United Arab Emirates,2024-02-29,Ugo Humbert,Hubert Hurkacz,Quarter-Finals,,,24,18,10,17,,
22e216415a5a9e22b70c58dd43a7666a,2024-02-26,Dubai Duty Free Tennis Championships - Dubai,United Arab Emirates,2024-03-01,Alexander Bublik,Andrey Rublev,Semi-Finals,,,42,13,15,23,,
21ce5ec30d90a0ea9861e4d050cc02d1,2024-02-26,Dubai Duty Free Tennis Championships - Dubai,United Arab Emirates,2024-03-01,Ugo Humbert,Daniil Medvedev,Semi-Finals,,,30,11,20,25,,
2f9af0934d2e9646b53df33ff30bf7cf,2024-02-26,Dubai Duty Free Tennis Championships - Dubai,United Arab Emirates,2024-03-02,Ugo Humbert,Alexander Bublik,Final,,,25,5,10,19,,
ae72b0b56cacd8084e2d3389e6402dd3,2024-03-04,BNP Paribas Open - Indian Wells,United States of America,2024-03-04,Alex Molcan,Benoit Paire,Qualifying First Round,,,16,19,8,15,,
72ecaf8d00a9620e91acfcc44baa5ba4,2024-03-04,BNP Paribas Open - Indian Wells,United States of America,2024-03-04,Andrea Vavassori,Damir Dzumhur,Qualifying First Round,,,24,9,20,32,,
77bb00d623ad9a6d1c9ce6f9977f4d51,2024-03-04,BNP Paribas Open - Indian Wells,United States of America,2024-03-04,Benjamin Hassan,Arthur Cazaux,Qualifying First Round,,,19,18,13,19,,
4ed7a1ffa580f0cb7cc77f7576bb04b7,2024-03-04,BNP Paribas Open - Indian Wells,United States of America,2024-03-04,Constant Lestienne,Elias Ymer,Qualifying First Round,,,20,18,6,7,,
bb27bc2a977c53c54139a89f64256fd2,2024-03-04,BNP Paribas Open - Indian Wells,United States of America,2024-03-04,David Goffin,Maxime Cressy,Qualifying First Round,,,29,36,21,33,,
ce742508ec2d5738cc5e6e734595ee4b,2024-03-04,BNP Paribas Open - Indian Wells,United States of America,2024-03-04,Denis Kudla,Hugo Gaston,Qualifying First Round,,,12,12,14,20,,
acf49db50dc7b229eb6929a70bf86cb7,2024-03-04,BNP Paribas Open - Indian Wells,United States of America,2024-03-04,Emilio Nava,Steve Johnson,Qualifying First Round,,,40,47,28,36,,
1488cdd259d7e10332fa8163f9d15480,2024-03-04,BNP Paribas Open - Indian Wells,United States of America,2024-03-04,Ethan Quinn,Quentin Halys,Qualifying First Round,,,20,9,12,19,,
1c9bec66dd908c1253858eb64e6a07b9,2024-03-04,BNP Paribas Open - Indian Wells,United States of America,2024-03-04,Facundo Bagnis,Michael Mmoh,Qualifying First Round,,,26,23,29,39,,
fab2a77b1b01eab6e60089d67c534299,2024-03-04,BNP Paribas Open - Indian Wells,United States of America,2024-03-04,Harold Mayot,Beibit Zhukayev,Qualifying First Round,,,13,17,6,10,,
67d5c7ba3ddbb157f8d7325b531c5064,2024-03-04,BNP Paribas Open - Indian Wells,United States of America,2024-03-04,Hugo Grenier,Hamad Medjedovic,Qualifying First Round,,,14,9,7,9,,
92f4bfdbe4e97db8551d7dbf7f323c90,2024-03-04,BNP Paribas Open - Indian Wells,United States of America,2024-03-04,Juncheng Shang,Yoshihito Nishioka,Qualifying First Round,,,37,36,13,17,,
b0797e7a3a9106b30d6a105f2db50059,2024-03-04,BNP Paribas Open - Indian Wells,United States of America,2024-03-04,Jurij Rodionov,Federico Gaio,Qualifying First Round,,,18,10,17,21,,
fd5926ed440f9d066e416dcb9c839095,2024-03-04,BNP Paribas Open - Indian Wells,United States of America,2024-03-04,Liam Broady,Marc Polmans,Qualifying First Round,,,23,11,8,11,,
a5d1c6e166f195d586ccb34221303970,2024-03-04,BNP Paribas Open - Indian Wells,United States of America,2024-03-04,Luca Nardi,Terence Atmane,Qualifying First Round,,,3,13,8,13,,
ccf9807ad3faf1290ed2ef61926334b0,2024-03-04,BNP Paribas Open - Indian Wells,United States of America,2024-03-04,Lucas Pouille,Rinky Hijikata,Qualifying First Round,,,28,28,15,25,,
cd83d3c38a30484e61adecea8fa82ef7,2024-03-04,BNP Paribas Open - Indian Wells,United States of America,2024-03-04,Lukas Klein,Maximilian Marterer,Qualifying First Round,,,14,15,7,8,,
85df9dc7f08f7207909584c630ad18eb,2024-03-04,BNP Paribas Open - Indian Wells,United States of America,2024-03-04,Nicolas Moreno De Alboran,Felipe Meligeni Alves,Qualifying First Round,,,15,4,3,4,,
b09c16ed2bb86db83b981543d5148545,2024-03-04,BNP Paribas Open - Indian Wells,United States of America,2024-03-04,Seongchan Hong,Soon-Woo Kwon,Qualifying First Round,,,10,10,9,15,,
a338bddfa87e96383e2f43b518e9b572,2024-03-04,BNP Paribas Open - Indian Wells,United States of America,2024-03-04,Shintaro Mochizuki,Diego Sebastian Schwartzman,Qualifying First Round,,,16,23,17,22,,
60db5e3f8df40a9e87d4184975eca43c,2024-03-04,BNP Paribas Open - Indian Wells,United States of America,2024-03-04,Sumit Nagal,Stefan Dostanic,Qualifying First Round,,,10,9,1,4,,
052aa41c94a472ccc20b514e4047bcc3,2024-03-04,BNP Paribas Open - Indian Wells,United States of America,2024-03-04,Thiago Seyboth Wild,Adam Walton,Qualifying First Round,,,18,9,11,13,,
8c6b38cd11628437869069a54909919c,2024-03-04,BNP Paribas Open - Indian Wells,United States of America,2024-03-04,Vit Kopriva,Cooper Woestendick,Qualifying First Round,,,11,13,4,8,,
c2316da9e4b57f07af0cafd2b2fbf3ea,2024-03-04,BNP Paribas Open - Indian Wells,United States of America,2024-03-04,Zachary Svajda,Duje Ajdukovic,Qualifying First Round,,,11,15,2,6,,
58b64db0e64adc398b7f32be5cbe4c75,2024-03-04,BNP Paribas Open - Indian Wells,United States of America,2024-03-05,Constant Lestienne,Vit Kopriva,Qualifying Final Round,,,9,10,3,6,,
6b3e2ebfc79f7c932a686b380c182f03,2024-03-04,BNP Paribas Open - Indian Wells,United States of America,2024-03-05,David Goffin,Luca Nardi,Qualifying Final Round,,,26,18,15,24,,
8423374f07dcf5a8a9a726ffcbe157f5,2024-03-04,BNP Paribas Open - Indian Wells,United States of America,2024-03-05,Denis Kudla,Emilio Nava,Qualifying Final Round,,,8,9,3,6,,
25841dde85e23f277232df09fa373403,2024-03-04,BNP Paribas Open - Indian Wells,United States of America,2024-03-05,Ethan Quinn,Andrea Vavassori,Qualifying Final Round,,,30,10,21,33,,
390130b3ae41d1e143a4016a6ca7d712,2024-03-04,BNP Paribas Open - Indian Wells,United States of America,2024-03-05,Hugo Grenier,Alex Molcan,Qualifying Final Round,,,17,9,12,21,,
4c3750f57935b237dcad5d41a6cc88de,2024-03-04,BNP Paribas Open - Indian Wells,United States of America,2024-03-05,Juncheng Shang,Facundo Bagnis,Qualifying Final Round,,,24,17,15,21,,
5865277a2ed684e1dbc1b4fde5da6bdc,2024-03-04,BNP Paribas Open - Indian Wells,United States of America,2024-03-05,Lucas Pouille,Harold Mayot,Qualifying Final Round,,,28,19,14,24,,
c5e8a3f04514396596d52e8dd7db3ef9,2024-03-04,BNP Paribas Open - Indian Wells,United States of America,2024-03-05,Lukas Klein,Zachary Svajda,Qualifying Final Round,,,41,21,26,37,,
1ab1db924900e5a0c76539653df196d1,2024-03-04,BNP Paribas Open - Indian Wells,United States of America,2024-03-05,Nicolas Moreno De Alboran,Jurij Rodionov,Qualifying Final Round,,,21,6,15,21,,
9a01037935840866ff69d3454380e2d3,2024-03-04,BNP Paribas Open - Indian Wells,United States of America,2024-03-05,Seongchan Hong,Sumit Nagal,Qualifying Final Round,,,26,11,18,24,,
8e0603e4513236ea40612da175ebfa9b,2024-03-04,BNP Paribas Open - Indian Wells,United States of America,2024-03-05,Shintaro Mochizuki,Benjamin Hassan,Qualifying Final Round,,,24,12,24,34,,
c300d86e819d993c07498102e76ac18e,2024-03-04,BNP Paribas Open - Indian Wells,United States of America,2024-03-05,Thiago Seyboth Wild,Liam Broady,Qualifying Final Round,,,12,4,6,11,,
e9f6210451a09920fe47aa7875d7dc7c,2024-03-04,BNP Paribas Open - Indian Wells,United States of America,2024-03-06,Alexander Shevchenko,Dominik Koepfer,First Round,,,26,25,12,18,,
51f2e9d2189719e85c02683b379c96aa,2024-03-04,BNP Paribas Open - Indian Wells,United States of America,2024-03-06,Andy Murray,David Goffin,First Round,,,11,8,4,4,,
0918262d5f50aa60b955f9efc4bc8ec1,2024-03-04,BNP Paribas Open - Indian Wells,United States of America,2024-03-06,Brandon Nakashima,Christopher Eubanks,First Round,,,9,7,3,7,,
a600b130bd853c1327e61102ea71e1dc,2024-03-04,BNP Paribas Open - Indian Wells,United States of America,2024-03-06,Christopher O'Connell,Jack Draper,First Round,,,33,25,25,36,,
1efc1bc82d8c37916ecae8b7a979dcf9,2024-03-04,BNP Paribas Open - Indian Wells,United States of America,2024-03-06,Fabian Marozsan,Jurij Rodionov,First Round,,,14,22,14,19,,
80e89fff9dcd9a2ffa7f033bd16f78be,2024-03-04,BNP Paribas Open - Indian Wells,United States of America,2024-03-06,Matteo Arnaldi,Luca Van Assche,First Round,,,26,23,13,20,,
18aa49ac2dbe0d0ab4e8fef86121eecf,2024-03-04,BNP Paribas Open - Indian Wells,United States of America,2024-03-06,Taro Daniel,Daniel Elahi Galan,First Round,,,17,20,10,16,,
270e409659c09df1587c57f3d5865766,2024-03-04,BNP Paribas Open - Indian Wells,United States of America,2024-03-06,Thanasi Kokkinakis,Marcos Giron,First Round,,,20,11,3,3,,
fa7bb4976efd38602965abf9e2692156,2024-03-04,BNP Paribas Open - Indian Wells,United States of America,2024-03-06,Yannick Hanfmann,Pedro Cachin,First Round,,,32,24,28,34,,
8c0f75b4f82a0a927876a99b09c31094,2024-03-04,BNP Paribas Open - Indian Wells,United States of America,2024-03-07,Aleksandar Vukic,Shintaro Mochizuki,First Round,,,16,15,9,18,,
71a32005a169903418c6cd65c97677a5,2024-03-04,BNP Paribas Open - Indian Wells,United States of America,2024-03-07,Alex Michelsen,Jaume Antoni Munar Clar,First Round,,,13,18,8,15,,
03fd4db025c71034db9ed3bbaf894c92,2024-03-04,BNP Paribas Open - Indian Wells,United States of America,2024-03-07,Arthur Fils,Nuno Borges,First Round,,,16,14,11,19,,
863939a6fbeefb57857306d238fac497,2024-03-04,BNP Paribas Open - Indian Wells,United States of America,2024-03-07,Borna Coric,Sebastian Ofner,First Round,,,12,22,8,9,,
4f63a9aecbace9c8891315450991026e,2024-03-04,BNP Paribas Open - Indian Wells,United States of America,2024-03-07,Constant Lestienne,Denis Kudla,First Round,,,19,28,6,11,,
5feb27cf58c14994b0c3149d0d4f915a,2024-03-04,BNP Paribas Open - Indian Wells,United States of America,2024-03-07,Dusan Lajovic,Emil Ruusuvuori,First Round,,,17,9,7,10,,
b8d377039f669b3d0d5936715528b863,2024-03-04,BNP Paribas Open - Indian Wells,United States of America,2024-03-07,Fabio Fognini,Bernabe Zapata Miralles,First Round,,,24,30,10,15,,
081c224cd9150a6941d865fb42f48aaa,2024-03-04,BNP Paribas Open - Indian Wells,United States of America,2024-03-07,Gael Monfils,Max Purcell,First Round,,,13,13,6,6,,
aebab887c0b88bb6eb0485af2229c084,2024-03-04,BNP Paribas Open - Indian Wells,United States of America,2024-03-07,Jakub Mensik,Seongchan Hong,First Round,,,18,24,13,21,,
a43158584b0129d953a04d3a378c8831,2024-03-04,BNP Paribas Open - Indian Wells,United States of America,2024-03-07,Juncheng Shang,Jordan Thompson,First Round,,,14,22,3,9,,
c82c74596464787a821e0c935982e752,2024-03-04,BNP Paribas Open - Indian Wells,United States of America,2024-03-07,Lorenzo Sonego,Miomir Kecmanovic,First Round,,,27,12,9,13,,
f4744ae1b8a053c3e7169938164461c2,2024-03-04,BNP Paribas Open - Indian Wells,United States of America,2024-03-07,Lucas Pouille,Daniel Altmaier,First Round,,,22,15,18,28,,
ed3cb20782cbdfb33b0be3157b00a8b4,2024-03-04,BNP Paribas Open - Indian Wells,United States of America,2024-03-07,Milos Raonic,Sumit Nagal,First Round,,,23,19,17,20,,
6e993ff34f22b275e45682f4e8fb3474,2024-03-04,BNP Paribas Open - Indian Wells,United States of America,2024-03-07,Patrick Kypson,Ethan Quinn,First Round,,,19,7,5,7,,
3dd35ae9e5917a250ce565d6f2c4a00c,2024-03-04,BNP Paribas Open - Indian Wells,United States of America,2024-03-07,Roman Safiullin,Daniel Evans,First Round,,,31,25,22,32,,
48ca6b9c656d6f8b87df035a67d10212,2024-03-04,BNP Paribas Open - Indian Wells,United States of America,2024-03-07,Thiago Seyboth Wild,Jeff Wolf,First Round,,,9,14,1,2,,
3f989ad4f32a67f78a7cc8bc6a6fa265,2024-03-04,BNP Paribas Open - Indian Wells,United States of America,2024-03-07,Tomas Machac,Stan Wawrinka,First Round,,,18,17,14,22,,
959235e301690cd447b73003bc110b99,2024-03-04,BNP Paribas Open - Indian Wells,United States of America,2024-03-08,Alejandro Tabilo,Pavel Kotov,First Round,,,22,15,10,14,,
d363b6253fc03a570564d1f2378c741d,2024-03-04,BNP Paribas Open - Indian Wells,United States of America,2024-03-08,Alex De Minaur,Taro Daniel,Second Round,,,15,7,14,18,,
c2880d756f484dc54ff187c780d21c8d,2024-03-04,BNP Paribas Open - Indian Wells,United States of America,2024-03-08,Alexander Bublik,Juncheng Shang,Second Round,,,22,8,6,15,,
29262b36b063e8dae01426d68ca4b87a,2024-03-04,BNP Paribas Open - Indian Wells,United States of America,2024-03-08,Alexander Zverev,Christopher O'Connell,Second Round,,,23,15,17,25,,
9f7d49b6045d192b0982578b59c4af09,2024-03-04,BNP Paribas Open - Indian Wells,United States of America,2024-03-08,Alexandre Muller,Hugo Grenier,First Round,,,18,10,19,24,,
081dac2ae9e57deb7aa76be3c5fff7c8,2024-03-04,BNP Paribas Open - Indian Wells,United States of America,2024-03-08,Andrey Rublev,Andy Murray,Second Round,,,31,16,14,18,,
4c6853bdadf59b3168cb0bf8785d2127,2024-03-04,BNP Paribas Open - Indian Wells,United States of America,2024-03-08,Ben Shelton,Jakub Mensik,Second Round,,,17,19,16,29,,
a7505dd3587def5ad01305e536f94ac0,2024-03-04,BNP Paribas Open - Indian Wells,United States of America,2024-03-08,Carlos Alcaraz,Matteo Arnaldi,Second Round,,,16,14,19,27,,
b7ba4010ae5f306559c5c04ecab6c28a,2024-03-04,BNP Paribas Open - Indian Wells,United States of America,2024-03-08,Denis Shapovalov,Botic Van De Zandschulp,First Round,,,22,13,11,14,,
cb5d07be1aae3ef039a458de69f098f5,2024-03-04,BNP Paribas Open - Indian Wells,United States of America,2024-03-08,Fabian Marozsan,Nicolas Jarry,Second Round,,,27,28,16,26,,
942a5079531a4532cf7e2c93819dbddb,2024-03-04,BNP Paribas Open - Indian Wells,United States of America,2024-03-08,Felix Auger Aliassime,Constant Lestienne,Second Round,,,21,13,12,14,,
d843a44c156926f9797f3a17b128e407,2024-03-04,BNP Paribas Open - Indian Wells,United States of America,2024-03-08,Frances Tiafoe,Dusan Lajovic,Second Round,,,19,17,12,16,,
7c73d0e8145b30b56271a93189a2d9f9,2024-03-04,BNP Paribas Open - Indian Wells,United States of America,2024-03-08,Jan-Lennard Struff,Borna Coric,Second Round,,,30,29,25,35,,
f9f78f3061c4feebbb47bb8d90320310,2024-03-04,BNP Paribas Open - Indian Wells,United States of America,2024-03-08,Jannik Sinner,Thanasi Kokkinakis,Second Round,,,13,1,7,7,,
d9be7091806a30bd4c4e4a33162c3d41,2024-03-04,BNP Paribas Open - Indian Wells,United States of America,2024-03-08,Jiri Lehecka,Brandon Nakashima,Second Round,,,22,15,14,22,,
bda4de59e6e8cb88c5ddece7a37e29ac,2024-03-04,BNP Paribas Open - Indian Wells,United States of America,2024-03-08,Lukas Klein,Nicolas Moreno De Alboran,First Round,,,23,12,19,23,,
ab22633f260a3f5ce97b7ea7e1f38942,2024-03-04,BNP Paribas Open - Indian Wells,United States of America,2024-03-08,Roberto Carballes Baena,Flavio Cobolli,First Round,,,7,15,6,7,,
1b0eec93d9d0c08421bccdd39bc83b40,2024-03-04,BNP Paribas Open - Indian Wells,United States of America,2024-03-08,Stefanos Tsitsipas,Lucas Pouille,Second Round,,,16,11,9,13,,
51120605f1277ca4fa447645b6992313,2024-03-04,BNP Paribas Open - Indian Wells,United States of America,2024-03-08,Tallon Griekspoor,Yannick Hanfmann,Second Round,,,13,7,3,8,,
8195704746b6f28deed9fa1b6113970d,2024-03-04,BNP Paribas Open - Indian Wells,United States of America,2024-03-08,Thiago Seyboth Wild,Karen Khachanov,Second Round,,,23,12,5,8,,
2abc044d905d9a7475f079571c1a204f,2024-03-04,BNP Paribas Open - Indian Wells,United States of America,2024-03-08,Zhizhen Zhang,Aleksandar Kovacevic,First Round,,,27,26,9,16,,
8833567ab277642b71d7fe8c7075e507,2024-03-04,BNP Paribas Open - Indian Wells,United States of America,2024-03-09,Adrian Mannarino,Tomas Machac,Second Round,,,16,6,9,12,,
d4a350d7674ffe38caed477ca44b27cc,2024-03-04,BNP Paribas Open - Indian Wells,United States of America,2024-03-09,Arthur Fils,Alejandro Davidovich Fokina,Second Round,,,17,7,3,5,,
de7e7a6b336ac31b307bb4cbdb92bef6,2024-03-04,BNP Paribas Open - Indian Wells,United States of America,2024-03-09,Cameron Norrie,Lorenzo Sonego,Second Round,,,9,9,12,19,,
21dbb5a9773ec5792ca4ddcf88331d91,2024-03-04,BNP Paribas Open - Indian Wells,United States of America,2024-03-09,Casper Ruud,Lukas Klein,Second Round,,,13,6,5,10,,
8a9ef295ee1d515e1ef9f812a8ea72b5,2024-03-04,BNP Paribas Open - Indian Wells,United States of America,2024-03-09,Daniil Medvedev,Roberto Carballes Baena,Second Round,,,14,9,13,16,,
5b8628dcc7607f22526faa64cab58749,2024-03-04,BNP Paribas Open - Indian Wells,United States of America,2024-03-09,Gael Monfils,Hubert Hurkacz,Second Round,,,17,19,10,16,,
b74e3d008cf220b791a2cfd9aa67fd9e,2024-03-04,BNP Paribas Open - Indian Wells,United States of America,2024-03-09,Grigor Dimitrov,Alexandre Muller,Second Round,,,19,7,12,15,,
59e7604c695e5997867daaadbb7179ef,2024-03-04,BNP Paribas Open - Indian Wells,United States of America,2024-03-09,Lorenzo Musetti,Denis Shapovalov,Second Round,,,15,9,9,15,,
c7b282e9de74f53d8f0e4cae96b7b2c8,2024-03-04,BNP Paribas Open - Indian Wells,United States of America,2024-03-09,Luca Nardi,Zhizhen Zhang,Second Round,,,32,6,6,10,,
e9c4ad27f494e12162c509335679a160,2024-03-04,BNP Paribas Open - Indian Wells,United States of America,2024-03-09,Novak Djokovic,Aleksandar Vukic,Second Round,,,23,12,12,16,,
6b1fbb9942d8ec5e3fea91d69220140a,2024-03-04,BNP Paribas Open - Indian Wells,United States of America,2024-03-09,Sebastian Baez,Fabio Fognini,Second Round,,,15,13,6,10,,
04f1e629818072b96fbcbc0d34d336c0,2024-03-04,BNP Paribas Open - Indian Wells,United States of America,2024-03-09,Sebastian Korda,Roman Safiullin,Second Round,,,14,11,4,6,,
b9220edff6650a52ba882698ea88da26,2024-03-04,BNP Paribas Open - Indian Wells,United States of America,2024-03-09,Taylor Harry Fritz,Alejandro Tabilo,Second Round,,,22,6,6,9,,
87f11583f5f637d68c56d86885b578a8,2024-03-04,BNP Paribas Open - Indian Wells,United States of America,2024-03-09,Tommy Paul,Alex Michelsen,Second Round,,,18,10,12,15,,
19c11a215afcd274a63ab0e208230369,2024-03-04,BNP Paribas Open - Indian Wells,United States of America,2024-03-09,Ugo Humbert,Patrick Kypson,Second Round,,,23,8,6,8,,
16e6d2ddd48d7456208d8679d43788c8,2024-03-04,BNP Paribas Open - Indian Wells,United States of America,2024-03-10,Alex De Minaur,Alexander Bublik,Third Round,,,19,8,13,27,,
d9ea52b0f3b520e28ec61a251b9316a3,2024-03-04,BNP Paribas Open - Indian Wells,United States of America,2024-03-10,Alexander Zverev,Tallon Griekspoor,Third Round,,,22,9,12,18,,
e16a8a8233434e8e8fd985c0b065e062,2024-03-04,BNP Paribas Open - Indian Wells,United States of America,2024-03-10,Ben Shelton,Francisco Cerundolo,Third Round,,,26,15,25,34,,
951bad78fe1b73f7d2ae351f98eb82e7,2024-03-04,BNP Paribas Open - Indian Wells,United States of America,2024-03-10,Carlos Alcaraz,Felix Auger Aliassime,Third Round,,,13,4,15,18,,
914409b2c037f3a5b02329d564a619cb,2024-03-04,BNP Paribas Open - Indian Wells,United States of America,2024-03-10,Fabian Marozsan,Thiago Seyboth Wild,Third Round,,,25,4,11,12,,
0aefa52dd7fa441cb964ea2c07503b4b,2024-03-04,BNP Paribas Open - Indian Wells,United States of America,2024-03-10,Jannik Sinner,Jan-Lennard Struff,Third Round,,,27,5,6,8,,
0a86d3d447266536e40bbe496c81388a,2024-03-04,BNP Paribas Open - Indian Wells,United States of America,2024-03-10,Jiri Lehecka,Andrey Rublev,Third Round,,,31,8,8,10,,
5a760772ec7c740b76e96f1412359d1f,2024-03-04,BNP Paribas Open - Indian Wells,United States of America,2024-03-10,Stefanos Tsitsipas,Frances Tiafoe,Third Round,,,20,10,10,17,,
d4de84839b744e58aa9bb294428c9f5e,2024-03-04,BNP Paribas Open - Indian Wells,United States of America,2024-03-11,Casper Ruud,Arthur Fils,Third Round,,,7,6,7,8,,
f17ae0925a17ac04ba5886bd9af6d66a,2024-03-04,BNP Paribas Open - Indian Wells,United States of America,2024-03-11,Daniil Medvedev,Sebastian Korda,Third Round,,,11,17,14,21,,
b840549d9f82d6d0f9eb190be6ddf1c9,2024-03-04,BNP Paribas Open - Indian Wells,United States of America,2024-03-11,Gael Monfils,Cameron Norrie,Third Round,,,35,23,9,21,,
330f11cd4fde550a96a44ebbba584e92,2024-03-04,BNP Paribas Open - Indian Wells,United States of America,2024-03-11,Grigor Dimitrov,Adrian Mannarino,Third Round,,,20,5,11,13,,
674d0302c0ec9eb02c39479c38252cde,2024-03-04,BNP Paribas Open - Indian Wells,United States of America,2024-03-11,Holger Rune,Lorenzo Musetti,Third Round,,,24,9,24,26,,
fca6f53307457c69f914b0cf839f57c8,2024-03-04,BNP Paribas Open - Indian Wells,United States of America,2024-03-11,Luca Nardi,Novak Djokovic,Third Round,,,34,19,19,27,,
a752eeb631eefc975109eb442aca4d54,2024-03-04,BNP Paribas Open - Indian Wells,United States of America,2024-03-11,Taylor Harry Fritz,Sebastian Baez,Third Round,,,16,10,8,8,,
8bf398252d195561c42cb2fd8424719a,2024-03-04,BNP Paribas Open - Indian Wells,United States of America,2024-03-11,Tommy Paul,Ugo Humbert,Third Round,,,9,8,17,21,,
513e99ab04634e4b14aa677e1611424b,2024-03-04,BNP Paribas Open - Indian Wells,United States of America,2024-03-12,Alexander Zverev,Alex De Minaur,Fourth Round,,,22,22,20,33,,
d437f5a2c42c642f5edf987b414602ab,2024-03-04,BNP Paribas Open - Indian Wells,United States of America,2024-03-12,Carlos Alcaraz,Fabian Marozsan,Fourth Round,,,24,5,7,12,,
663e3c67df5e39ee9845bdbccb6050c4,2024-03-04,BNP Paribas Open - Indian Wells,United States of America,2024-03-12,Jannik Sinner,Ben Shelton,Fourth Round,,,16,6,14,18,,
49daab29459daf871fa167b227cff647,2024-03-04,BNP Paribas Open - Indian Wells,United States of America,2024-03-12,Jiri Lehecka,Stefanos Tsitsipas,Fourth Round,,,20,8,13,16,,
fd8643c99eeda26bde358b5b7ecc01be,2024-03-04,BNP Paribas Open - Indian Wells,United States of America,2024-03-13,Casper Ruud,Gael Monfils,Fourth Round,,,23,16,25,33,,
827e6d923449b31591cb9bd808563d54,2024-03-04,BNP Paribas Open - Indian Wells,United States of America,2024-03-13,Daniil Medvedev,Grigor Dimitrov,Fourth Round,,,7,5,6,6,,
e870c84be3dbf0bcf8e0a5fc494e84de,2024-03-04,BNP Paribas Open - Indian Wells,United States of America,2024-03-13,Holger Rune,Taylor Harry Fritz,Fourth Round,,,27,12,23,34,,
a7f5cd49f80470ab3685b7327c1e5232,2024-03-04,BNP Paribas Open - Indian Wells,United States of America,2024-03-13,Tommy Paul,Luca Nardi,Fourth Round,,,20,6,18,24,,
3f86c7895798e560eba6b328ccab4839,2024-03-04,BNP Paribas Open - Indian Wells,United States of America,2024-03-14,Carlos Alcaraz,Alexander Zverev,Quarter-Finals,,,17,6,15,19,,
160708c897cac68e7eb640ba6274a00a,2024-03-04,BNP Paribas Open - Indian Wells,United States of America,2024-03-14,Daniil Medvedev,Holger Rune,Quarter-Finals,,,18,11,12,21,,
29399ac149f4d346645aa3540f6c52cc,2024-03-04,BNP Paribas Open - Indian Wells,United States of America,2024-03-14,Jannik Sinner,Jiri Lehecka,Quarter-Finals,,,12,5,10,13,,
cdb01d0ca38bff9148245898418d434c,2024-03-04,BNP Paribas Open - Indian Wells,United States of America,2024-03-14,Tommy Paul,Casper Ruud,Quarter-Finals,,,27,24,26,41,,
d59ec8250b5f84d1bed819d22ca412fe,2024-03-04,BNP Paribas Open - Indian Wells,United States of America,2024-03-16,Carlos Alcaraz,Jannik Sinner,Semi-Finals,,,15,13,12,17,,
5d553c22323953150c0b114334392ea1,2024-03-04,BNP Paribas Open - Indian Wells,United States of America,2024-03-16,Daniil Medvedev,Tommy Paul,Semi-Finals,,,26,17,18,34,,
4747b17ea8f257a9899a453c9a9a96f4,2024-03-04,BNP Paribas Open - Indian Wells,United States of America,2024-03-17,Carlos Alcaraz,Daniil Medvedev,Final,,,23,11,9,18,,
0de681867af048acc9830b99fb602696,2024-03-18,Miami Open - Miami,United States of America,2024-03-18,Adam Walton,Thiago Moura Monteiro,Qualifying First Round,,,39,17,16,24,,
7dba7d56c70d8e1546d06675f5c5a25e,2024-03-18,Miami Open - Miami,United States of America,2024-03-18,Aleksandar Kovacevic,Patrick Kypson,Qualifying First Round,,,27,10,9,11,,
9493c8a56756ad74926dbd03642240a5,2024-03-18,Miami Open - Miami,United States of America,2024-03-18,Andrea Vavassori,Duje Ajdukovic,Qualifying First Round,,,23,25,13,21,,
b06cb1197f23c3e4927541564993ba0d,2024-03-18,Miami Open - Miami,United States of America,2024-03-18,Arthur Rinderknech,Blaise Bicknell,Qualifying First Round,,,18,7,13,17,,
ed705b4569993043f6742d70766b989e,2024-03-18,Miami Open - Miami,United States of America,2024-03-18,Brandon Nakashima,Michael Mmoh,Qualifying First Round,,,39,16,16,26,,
b21ed72213ea728f25537e635bc8629c,2024-03-18,Miami Open - Miami,United States of America,2024-03-18,Chak Lam Coleman Wong,Hugo Gaston,Qualifying First Round,,,31,13,15,25,,
61c4bff02ab9e163c8b36fa90ef18b89,2024-03-18,Miami Open - Miami,United States of America,2024-03-18,David Goffin,Shintaro Mochizuki,Qualifying First Round,,,16,7,11,15,,
b7370f8086d15ca324bada77f8fddf48,2024-03-18,Miami Open - Miami,United States of America,2024-03-18,Diego Sebastian Schwartzman,Zachary Svajda,Qualifying First Round,,,18,15,10,13,,
58b2506e575fe01bbe5ddaa8a8119aee,2024-03-18,Miami Open - Miami,United States of America,2024-03-18,Emilio Nava,Quentin Halys,Qualifying First Round,,,25,8,16,19,,
cff72f822c7c6ee8d4af06bc7ecf648e,2024-03-18,Miami Open - Miami,United States of America,2024-03-18,Jakub Mensik,Luca Nardi,Qualifying First Round,,,11,10,8,11,,
8ea55c5f003522603fa0cb3eb1110a04,2024-03-18,Miami Open - Miami,United States of America,2024-03-18,Jeff Wolf,Eliot Spizzirri,Qualifying First Round,,,26,13,7,9,,
fd09702fbd20a70881216a806277304d,2024-03-18,Miami Open - Miami,United States of America,2024-03-18,Lukas Klein,Benoit Paire,Qualifying First Round,,,25,7,16,24,,
404a92d6dadacf91123140107ddd0285,2024-03-18,Miami Open - Miami,United States of America,2024-03-18,Otto Virtanen,Jurij Rodionov,Qualifying First Round,,,31,39,16,22,,
af95ace9d5c5adbf1d5ec94be920a325,2024-03-18,Miami Open - Miami,United States of America,2024-03-18,Pedro Martinez Portero,Alexander Blockx,Qualifying First Round,,,20,5,17,21,,
f85f42156854405825c948f16c941e8b,2024-03-18,Miami Open - Miami,United States of America,2024-03-18,Roberto Bautista Agut,Benjamin Hassan,Qualifying First Round,,,17,11,18,22,,
e3543237e80b421a0021d4b8f5a57178,2024-03-18,Miami Open - Miami,United States of America,2024-03-18,Sumit Nagal,Gabriel Diallo,Qualifying First Round,,,19,4,9,11,,
05ed8c55acdabf134b77f332309024f2,2024-03-18,Miami Open - Miami,United States of America,2024-03-18,Terence Atmane,Mikhail Kukushkin,Qualifying First Round,,,15,12,9,12,,
341585932485a6e6e0de0833f910ba1b,2024-03-18,Miami Open - Miami,United States of America,2024-03-18,Thiago Seyboth Wild,Damir Dzumhur,Qualifying First Round,,,17,8,12,16,,
db570e7ae85bf0c527c1d9c545b7a060,2024-03-18,Miami Open - Miami,United States of America,2024-03-18,Valentin Vacherot,Cristian Garin,Qualifying First Round,,,14,7,8,11,,
e216b172ce3ffd5b4de8907e0284a6c8,2024-03-18,Miami Open - Miami,United States of America,2024-03-18,Vit Kopriva,Rei Sakamoto,Qualifying First Round,,,11,15,7,9,,
f8458db09d492ed5fc261ec0dfa72dd3,2024-03-18,Miami Open - Miami,United States of America,2024-03-18,Yoshihito Nishioka,Elias Ymer,Qualifying First Round,,,15,15,12,20,,
2d7ad3962d2bcff72c387d2efc75c92c,2024-03-18,Miami Open - Miami,United States of America,2024-03-18,Zizou Bergs,Felipe Meligeni Alves,Qualifying First Round,,,29,5,12,13,,
447a1247671889c6ea11f34b8b10c3f6,2024-03-18,Miami Open - Miami,United States of America,2024-03-19,Adam Walton,Pedro Martinez Portero,Qualifying Final Round,,,42,11,25,33,,
5f6f161581d05434f8db8f8f790d49e7,2024-03-18,Miami Open - Miami,United States of America,2024-03-19,Aleksandar Kovacevic,Zizou Bergs,Qualifying Final Round,,,7,7,9,11,,
d73fa6b30ceb722ef0dca45bda957c70,2024-03-18,Miami Open - Miami,United States of America,2024-03-19,Andrea Vavassori,Valentin Vacherot,Qualifying Final Round,,,33,12,21,31,,
52bd3232e5f03e19e93ae3454c2a0cb1,2024-03-18,Miami Open - Miami,United States of America,2024-03-19,Chak Lam Coleman Wong,Sumit Nagal,Qualifying Final Round,,,46,27,23,30,,
ea8e7ab2515512cfd4d02f54984e397e,2024-03-18,Miami Open - Miami,United States of America,2024-03-19,Diego Sebastian Schwartzman,Arthur Rinderknech,Qualifying Final Round,,,21,10,8,14,,
636d28c0ad34cce686e487b1ec9ce173,2024-03-18,Miami Open - Miami,United States of America,2024-03-19,Emilio Nava,Yoshihito Nishioka,Qualifying Final Round,,,40,16,15,28,,
3f98cff429b93769de1fb73de259ed9f,2024-03-18,Miami Open - Miami,United States of America,2024-03-19,Harold Mayot,David Goffin,Qualifying Final Round,,,10,8,14,17,,
9228aadf78b234bc04cde7f43124d818,2024-03-18,Miami Open - Miami,United States of America,2024-03-19,Lukas Klein,Jakub Mensik,Qualifying Final Round,,,25,4,14,18,,
5550f8fa36f8a3c87cfcdbe52257859c,2024-03-18,Miami Open - Miami,United States of America,2024-03-19,Roberto Bautista Agut,Otto Virtanen,Qualifying Final Round,,,19,9,17,25,,
a9e068ba740d0a3e1cdda1cdf328abbb,2024-03-18,Miami Open - Miami,United States of America,2024-03-19,Thiago Seyboth Wild,Hugo Grenier,Qualifying Final Round,,,18,5,13,16,,
7d76b23587a9ee080b4d9d6053e2e587,2024-03-18,Miami Open - Miami,United States of America,2024-03-19,Vit Kopriva,Jeff Wolf,Qualifying Final Round,,,28,17,10,12,,
cb88c7e8c51846a4c0116f3f342eac15,2024-03-18,Miami Open - Miami,United States of America,2024-03-20,Alex Michelsen,Lukas Klein,First Round,,,14,7,13,19,,
9b7830709d0c64e29c24d426247d2303,2024-03-18,Miami Open - Miami,United States of America,2024-03-20,Andrea Vavassori,Pedro Cachin,First Round,,,15,10,10,13,,
acca685859e1593c1746a69c04fc86de,2024-03-18,Miami Open - Miami,United States of America,2024-03-20,Andy Murray,Matteo Berrettini,First Round,,,27,15,18,26,,
9ca33560873f0b7d545d1c29c970db58,2024-03-18,Miami Open - Miami,United States of America,2024-03-20,Botic Van De Zandschulp,Rinky Hijikata,First Round,,,21,12,11,19,,
d1b46a4267e952119cc8d032e692b2b5,2024-03-18,Miami Open - Miami,United States of America,2024-03-20,Christopher O'Connell,Vit Kopriva,First Round,,,15,10,11,18,,
6ed48424c54d9b1a1d07a14331084f59,2024-03-18,Miami Open - Miami,United States of America,2024-03-20,Denis Shapovalov,Luciano Darderi,First Round,,,55,22,21,28,,
b1b1a8f972ac4f53f04a8bcea4164db4,2024-03-18,Miami Open - Miami,United States of America,2024-03-20,Dominik Koepfer,Marcos Giron,First Round,,,32,14,14,22,,
5e64ec0708ebf4c7ce16f12fc80a6012,2024-03-18,Miami Open - Miami,United States of America,2024-03-20,Flavio Cobolli,Yoshihito Nishioka,First Round,,,18,21,15,24,,
2cf42de13624aaef702432c8beb3929e,2024-03-18,Miami Open - Miami,United States of America,2024-03-20,Jack Draper,Taro Daniel,First Round,,,22,12,7,9,,
f98a468973af71908310dc0b352bdb8f,2024-03-18,Miami Open - Miami,United States of America,2024-03-20,Juncheng Shang,Miomir Kecmanovic,First Round,,,38,26,10,18,,
711f72f53f4ba809a7b6c984e47a9f4c,2024-03-18,Miami Open - Miami,United States of America,2024-03-20,Luca Van Assche,Pavel Kotov,First Round,,,13,15,7,8,,
cecaec03b79adf259224351d2675484f,2024-03-18,Miami Open - Miami,United States of America,2024-03-20,Martin Damm,Zhizhen Zhang,First Round,,,40,18,20,33,,
a004731536f2a4eaddf84497abbc5b24,2024-03-18,Miami Open - Miami,United States of America,2024-03-20,Marton Fucsovics,Max Purcell,First Round,,,18,9,8,11,,
114854cef4ed4277cfd4e7c50a9d7b3d,2024-03-18,Miami Open - Miami,United States of America,2024-03-20,Matteo Arnaldi,Arthur Fils,First Round,,,13,9,8,11,,
732091e08e594fcba0fd0fd668bd5b79,2024-03-18,Miami Open - Miami,United States of America,2024-03-20,Thiago Seyboth Wild,Nuno Borges,First Round,,,22,13,11,16,,
0e5a6103bce999efe509cc0b95924888,2024-03-18,Miami Open - Miami,United States of America,2024-03-20,Tomas Machac,Darwin Blanch,First Round,,,12,12,8,11,,
600fcc68edf8aa648f5a085585b30d78,2024-03-18,Miami Open - Miami,United States of America,2024-03-21,Alejandro Tabilo,Brandon Nakashima,First Round,,,30,12,14,23,,
bd9d23db591ad6e3543019dd9cba209c,2024-03-18,Miami Open - Miami,United States of America,2024-03-21,Alexander Shevchenko,Daniel Elahi Galan,First Round,,,41,37,22,35,,
99bf6bd42ca834b7139a7078d880efa5,2024-03-18,Miami Open - Miami,United States of America,2024-03-21,Alexei Popyrin,Facundo Diaz Acosta,First Round,,,15,13,16,20,,
33c96643a6ca1069eb2bddcf9cfd4c07,2024-03-18,Miami Open - Miami,United States of America,2024-03-21,Daniel Altmaier,Harold Mayot,First Round,,,24,9,12,17,,
d937074e5c3fd9e75df79521537e0d62,2024-03-18,Miami Open - Miami,United States of America,2024-03-21,Daniel Evans,Lorenzo Sonego,First Round,,,16,14,21,30,,
51f88baca47326f944a2dd656992acc4,2024-03-18,Miami Open - Miami,United States of America,2024-03-21,Fabian Marozsan,Aleksandar Kovacevic,First Round,,,14,12,8,9,,
465b0fd36b8b5a32e06a115489ea414a,2024-03-18,Miami Open - Miami,United States of America,2024-03-21,Felix Auger Aliassime,Adam Walton,First Round,,,32,17,16,18,,
005dd9496e8e0480d93f7b206319a35c,2024-03-18,Miami Open - Miami,United States of America,2024-03-21,Gael Monfils,Dusan Lajovic,First Round,,,20,9,10,13,,
4f783113791cbbc7ed7bd5082a534ddd,2024-03-18,Miami Open - Miami,United States of America,2024-03-21,Laslo Djere,Chak Lam Coleman Wong,First Round,,,16,17,4,8,,
2024ad231776d41a00b5ac03531e9215,2024-03-18,Miami Open - Miami,United States of America,2024-03-21,Martin Landaluce,Jaume Antoni Munar Clar,First Round,,,21,29,12,22,,
5b9ea6cfa588361609f107bd6ed61a58,2024-03-18,Miami Open - Miami,United States of America,2024-03-21,Roberto Bautista Agut,Emilio Nava,First Round,,,8,12,11,21,,
952dd023f12eb4a0ca397af8994f3b5c,2024-03-18,Miami Open - Miami,United States of America,2024-03-21,Roberto Carballes Baena,Aleksandar Vukic,First Round,,,15,10,4,7,,
8039836cccb0f773514834b401b80c38,2024-03-18,Miami Open - Miami,United States of America,2024-03-21,Roman Safiullin,Diego Sebastian Schwartzman,First Round,,,28,18,9,19,,
6af376cd13e0cdf74cb7850fd03cca9d,2024-03-18,Miami Open - Miami,United States of America,2024-03-21,Sebastian Ofner,Kei Nishikori,First Round,,,30,9,4,5,,
b37473190dd13830b6dfaa700ddecba1,2024-03-18,Miami Open - Miami,United States of America,2024-03-21,Soon-Woo Kwon,Alexandre Muller,First Round,,,20,10,12,14,,
907ef5f7ba298a880a532abdb4b1fe1e,2024-03-18,Miami Open - Miami,United States of America,2024-03-21,Yannick Hanfmann,Emil Ruusuvuori,First Round,,,29,22,22,31,,
a79e528535386af63fba9ee8f5694f32,2024-03-18,Miami Open - Miami,United States of America,2024-03-22,Tomas Machac,Andrey Rublev,Second Round,,,17,22,3,3,,
ebf7a371dee3e821830b4745d0a9b008,2024-03-18,Miami Open - Miami,United States of America,2024-03-22,Ugo Humbert,Botic Van De Zandschulp,Second Round,,,23,9,13,16,,
0ff9877dea8f387bd13bcf0d553f9e3a,2024-03-18,Miami Open - Miami,United States of America,2024-03-23,Alejandro Davidovich Fokina,Juncheng Shang,Second Round,,,11,11,14,22,,
8109c4ae497a9852800fa98d4c316e42,2024-03-18,Miami Open - Miami,United States of America,2024-03-23,Alexander Zverev,Felix Auger Aliassime,Second Round,,,11,6,9,9,,
58b529ffdba1ec90214119c64dadaa20,2024-03-18,Miami Open - Miami,United States of America,2024-03-23,Andy Murray,Tomas Martin Etcheverry,Second Round,,,25,9,14,18,,
1fd3c15bba36b3e993f8e1d2ac5e5812,2024-03-18,Miami Open - Miami,United States of America,2024-03-23,Cameron Norrie,Flavio Cobolli,Second Round,,,25,34,15,20,,
3aedc44454520c3e6bfa7884fc9c4c07,2024-03-18,Miami Open - Miami,United States of America,2024-03-23,Carlos Alcaraz,Roberto Carballes Baena,Second Round,,,18,14,24,31,,
281bccbb389d4e5cc7359de12a422133,2024-03-18,Miami Open - Miami,United States of America,2024-03-23,Casper Ruud,Luca Van Assche,Second Round,,,19,13,10,12,,
f8a11c2f33b37ac6e7456385b8b71f54,2024-03-18,Miami Open - Miami,United States of America,2024-03-23,Christopher Eubanks,Daniel Evans,Second Round,,,45,34,24,44,,
506fc9f751c2b1f49a18ffbfcdd54200,2024-03-18,Miami Open - Miami,United States of America,2024-03-23,Christopher O'Connell,Frances Tiafoe,Second Round,,,28,18,11,20,,
12f7e3add7ba11a90a216e9fceaeb91f,2024-03-18,Miami Open - Miami,United States of America,2024-03-23,Daniil Medvedev,Marton Fucsovics,Second Round,,,12,6,10,12,,
80f61da07c7d59964fa55f171ab24e76,2024-03-18,Miami Open - Miami,United States of America,2024-03-23,Denis Shapovalov,Stefanos Tsitsipas,Second Round,,,16,23,10,11,,
c9230522850cd1c9cc2afcb5dd190cd3,2024-03-18,Miami Open - Miami,United States of America,2024-03-23,Dominik Koepfer,Sebastian Baez,Second Round,,,10,8,8,8,,
5572f3675445fe567ae88b84af4deb51,2024-03-18,Miami Open - Miami,United States of America,2024-03-23,Francisco Cerundolo,Sebastian Ofner,Second Round,,,22,25,4,4,,
ee724fad80505f49a707d3c94a24dec1,2024-03-18,Miami Open - Miami,United States of America,2024-03-23,Gael Monfils,Jordan Thompson,Second Round,,,24,19,15,17,,
686d9741df8137114655e8dad92ba89d,2024-03-18,Miami Open - Miami,United States of America,2024-03-23,Hubert Hurkacz,Alexander Shevchenko,Second Round,,,43,22,16,28,,
42ea6714b84d827c7eb61984cd3f7c50,2024-03-18,Miami Open - Miami,United States of America,2024-03-23,Jannik Sinner,Andrea Vavassori,Second Round,,,16,10,15,16,,
e4a8158ae8b449a6faa06d804992bcae,2024-03-18,Miami Open - Miami,United States of America,2024-03-23,Karen Khachanov,Laslo Djere,Second Round,,,13,7,3,6,,
81957e054dc2ce156d8ab20d4e3951da,2024-03-18,Miami Open - Miami,United States of America,2024-03-23,Matteo Arnaldi,Alexander Bublik,Second Round,,,21,12,16,21,,
a5d708756542e85451fdefdd7addc002,2024-03-18,Miami Open - Miami,United States of America,2024-03-23,Nicolas Jarry,Jack Draper,Second Round,,,44,39,20,28,,
27f364ebd815b1e1dee648f5595b8323,2024-03-18,Miami Open - Miami,United States of America,2024-03-23,Sebastian Korda,Roberto Bautista Agut,Second Round,,,38,27,17,25,,
aa3e4a7df84dd6e70ef1edad739da702,2024-03-18,Miami Open - Miami,United States of America,2024-03-23,Tallon Griekspoor,Alex Michelsen,Second Round,,,43,24,17,31,,
32300c0b277d2dd89c449de638cce531,2024-03-18,Miami Open - Miami,United States of America,2024-03-23,Thiago Seyboth Wild,Taylor Harry Fritz,Second Round,,,12,17,3,5,,
96c159f94643e9cc1328bbcac8579111,2024-03-18,Miami Open - Miami,United States of America,2024-03-24,Alex De Minaur,Soon-Woo Kwon,Second Round,,,20,8,10,15,,
8cc02e62a447ebd5feaf1f0079b81a38,2024-03-18,Miami Open - Miami,United States of America,2024-03-24,Alexei Popyrin,Jiri Lehecka,Second Round,,,18,4,2,4,,
ddecb043fe1fd497cbda116d70995e04,2024-03-18,Miami Open - Miami,United States of America,2024-03-24,Ben Shelton,Martin Landaluce,Second Round,,,22,2,13,20,,
9dff429807be12ba331fcd7a2c3c74cd,2024-03-18,Miami Open - Miami,United States of America,2024-03-24,Casper Ruud,Alejandro Davidovich Fokina,Third Round,,,18,8,12,16,,
a4fa839d57daa2c8d8303ef4f0558ba7,2024-03-18,Miami Open - Miami,United States of America,2024-03-24,Christopher O'Connell,Martin Damm,Third Round,,,30,9,11,22,,
9b27cfc610d0797f22e6dc511562f4fb,2024-03-18,Miami Open - Miami,United States of America,2024-03-24,Daniil Medvedev,Cameron Norrie,Third Round,,,18,11,8,12,,
41543f9a6912b78d78fe6463f30d4d35,2024-03-18,Miami Open - Miami,United States of America,2024-03-24,Dominik Koepfer,Ugo Humbert,Third Round,,,14,7,6,9,,
930c98694632a79932de258908bdb998,2024-03-18,Miami Open - Miami,United States of America,2024-03-24,Fabian Marozsan,Holger Rune,Second Round,,,23,4,6,10,,
700a3ac96a35fd5a8b379f56010d5b9e,2024-03-18,Miami Open - Miami,United States of America,2024-03-24,Grigor Dimitrov,Alejandro Tabilo,Second Round,,,44,12,17,20,,
856d4669af2dd0f663d3ab717947b543,2024-03-18,Miami Open - Miami,United States of America,2024-03-24,Jan-Lennard Struff,Daniel Altmaier,Second Round,,,19,8,25,37,,
df5294c51e60bd5d7f4697cdf6900018,2024-03-18,Miami Open - Miami,United States of America,2024-03-24,Jannik Sinner,Tallon Griekspoor,Third Round,,,36,6,7,8,,
c089c0936eed6c56f243e2493c3cc6fc,2024-03-18,Miami Open - Miami,United States of America,2024-03-24,Lorenzo Musetti,Roman Safiullin,Second Round,,,21,9,7,11,,
d792f950ff82645c2e743d4f215671e5,2024-03-18,Miami Open - Miami,United States of America,2024-03-24,Matteo Arnaldi,Denis Shapovalov,Third Round,,,21,11,9,13,,
008dcec8c0f49f4b14da9a52e8d7b760,2024-03-18,Miami Open - Miami,United States of America,2024-03-24,Nicolas Jarry,Thiago Seyboth Wild,Third Round,,,37,13,21,24,,
ee91a78a73cfeb008197642cf23110ef,2024-03-18,Miami Open - Miami,United States of America,2024-03-24,Tomas Machac,Andy Murray,Third Round,,,50,28,37,48,,
92edbba4758b61865c063e7e6a62629c,2024-03-18,Miami Open - Miami,United States of America,2024-03-24,Yannick Hanfmann,Adrian Mannarino,Second Round,,,27,22,16,30,,
95b5360325c95a788ba3105d204ec894,2024-03-18,Miami Open - Miami,United States of America,2024-03-25,Alex De Minaur,Jan-Lennard Struff,Third Round,,,18,8,12,15,,
7ef5a47658d9586143345c0bad3be756,2024-03-18,Miami Open - Miami,United States of America,2024-03-25,Alexander Zverev,Christopher Eubanks,Third Round,,,19,3,8,12,,
847a8d03a796e513a8e04abe1ce6533b,2024-03-18,Miami Open - Miami,United States of America,2024-03-25,Carlos Alcaraz,Gael Monfils,Third Round,,,11,9,12,16,,
cf62f589eefd9c7fb35905cdf0435156,2024-03-18,Miami Open - Miami,United States of America,2024-03-25,Fabian Marozsan,Alexei Popyrin,Third Round,,,22,7,14,17,,
0c7662e0bec8ef833c3641f31ac2691e,2024-03-18,Miami Open - Miami,United States of America,2024-03-25,Grigor Dimitrov,Yannick Hanfmann,Third Round,,,12,4,8,9,,
c201c3c51810a74a1f885896bb690a18,2024-03-18,Miami Open - Miami,United States of America,2024-03-25,Hubert Hurkacz,Sebastian Korda,Third Round,,,28,11,10,22,,
e34acfd3a5db6766f4ae78b31ae48f30,2024-03-18,Miami Open - Miami,United States of America,2024-03-25,Karen Khachanov,Francisco Cerundolo,Third Round,,,20,10,7,14,,
c4ad342ca640a9bb08503befb49d1e94,2024-03-18,Miami Open - Miami,United States of America,2024-03-25,Lorenzo Musetti,Ben Shelton,Third Round,,,14,1,9,11,,
33c1c5b2d7fcc2e8b6fd9a7ad53ca0bb,2024-03-18,Miami Open - Miami,United States of America,2024-03-26,Alexander Zverev,Karen Khachanov,Fourth Round,,,24,5,14,21,,
0b5b22a4e79b75263d1b0bfc69ad9b2d,2024-03-18,Miami Open - Miami,United States of America,2024-03-26,Carlos Alcaraz,Lorenzo Musetti,Fourth Round,,,23,18,22,26,,
3672999d40e651062379b19d0e11950e,2024-03-18,Miami Open - Miami,United States of America,2024-03-26,Daniil Medvedev,Dominik Koepfer,Fourth Round,,,17,6,11,16,,
bef22d467752e31f856772cdf605bfc0,2024-03-18,Miami Open - Miami,United States of America,2024-03-26,Fabian Marozsan,Alex De Minaur,Fourth Round,,,19,15,14,26,,
648e60dbfd7b8287ef8ecbf6d2b4b9d1,2024-03-18,Miami Open - Miami,United States of America,2024-03-26,Grigor Dimitrov,Hubert Hurkacz,Fourth Round,,,43,20,35,43,,
1b0af0e7a71780fa359d3a9e28f21623,2024-03-18,Miami Open - Miami,United States of America,2024-03-26,Jannik Sinner,Christopher O'Connell,Fourth Round,,,21,7,13,16,,
b8ba9b250a8f2bbaa6b16b35be8f1f80,2024-03-18,Miami Open - Miami,United States of America,2024-03-26,Nicolas Jarry,Casper Ruud,Fourth Round,,,37,8,17,24,,
5f9804420e59bdf152e2895a97263de3,2024-03-18,Miami Open - Miami,United States of America,2024-03-26,Tomas Machac,Matteo Arnaldi,Fourth Round,,,14,13,10,13,,
62df78b857ffba24361059fdfba394f3,2024-03-18,Miami Open - Miami,United States of America,2024-03-27,Daniil Medvedev,Nicolas Jarry,Quarter-Finals,,,12,14,5,11,,
741ab839bb5c20896c1b6d4549d4b044,2024-03-18,Miami Open - Miami,United States of America,2024-03-27,Jannik Sinner,Tomas Machac,Quarter-Finals,,,16,13,6,8,,
7356c4eacafa6dba8d81523ff57f6782,2024-03-18,Miami Open - Miami,United States of America,2024-03-28,Alexander Zverev,Fabian Marozsan,Quarter-Finals,,,20,10,8,13,,
b6a5351a7732ee2553a49f2c6bcd48c6,2024-03-18,Miami Open - Miami,United States of America,2024-03-28,Grigor Dimitrov,Carlos Alcaraz,Quarter-Finals,,,24,14,14,19,,
d45cdf0518f866e670b129ba211a0994,2024-03-18,Miami Open - Miami,United States of America,2024-03-29,Grigor Dimitrov,Alexander Zverev,Semi-Finals,,,44,25,21,26,,
9f396c81f65f42f2ee4864a2586cb7bf,2024-03-18,Miami Open - Miami,United States of America,2024-03-29,Jannik Sinner,Daniil Medvedev,Semi-Finals,,,16,12,4,6,,
409966013ced01ad5d7f1e9ca93952fd,2024-03-18,Miami Open - Miami,United States of America,2024-03-31,Jannik Sinner,Grigor Dimitrov,Final,,,15,9,5,5,,
2d956ae08e2a494eb579ddd2be2f16a6,2024-04-08,Monte-Carlo Rolex Masters - Monte-Carlo,Monaco,2024-04-06,Aleksandar Vukic,Lucas Catarina,Qualifying First Round,,,23,4,5,7,,
fae26d08717e8b7a75ad490c36b73096,2024-04-08,Monte-Carlo Rolex Masters - Monte-Carlo,Monaco,2024-04-06,Alexandre Muller,Dusan Lajovic,Qualifying First Round,,,21,1,14,15,,
0e8bb6fcd058d6d07eaa18088bfc9c73,2024-04-08,Monte-Carlo Rolex Masters - Monte-Carlo,Monaco,2024-04-06,Arthur Rinderknech,Hugo Nys,Qualifying First Round,,,19,9,14,25,,
bf8e2dc27e583f4dbad4a91cfc04800c,2024-04-08,Monte-Carlo Rolex Masters - Monte-Carlo,Monaco,2024-04-06,Christopher O'Connell,Maximilian Marterer,Qualifying First Round,,,31,9,9,11,,
26a25b431f827dbad80ccb4d54d5859a,2024-04-08,Monte-Carlo Rolex Masters - Monte-Carlo,Monaco,2024-04-06,Corentin Moutet,Alex Michelsen,Qualifying First Round,,,24,7,10,20,,
bcf460ffe16bec6a3200049f39e02060,2024-04-08,Monte-Carlo Rolex Masters - Monte-Carlo,Monaco,2024-04-06,Daniel Altmaier,Luca Van Assche,Qualifying First Round,,,31,17,17,23,,
1afece35a407e8789c7ae90b573a5bcc,2024-04-08,Monte-Carlo Rolex Masters - Monte-Carlo,Monaco,2024-04-06,Facundo Diaz Acosta,Diego Sebastian Schwartzman,Qualifying First Round,,,23,14,12,19,,
ab2ca4b61427c5e0f1da71167b351221,2024-04-08,Monte-Carlo Rolex Masters - Monte-Carlo,Monaco,2024-04-06,Federico Coria,Alexander Shevchenko,Qualifying First Round,,,11,5,7,10,,
62eca67dcad5a852666547275b152bdf,2024-04-08,Monte-Carlo Rolex Masters - Monte-Carlo,Monaco,2024-04-06,Lorenzo Sonego,David Goffin,Qualifying First Round,,,23,19,15,23,,
96edb5b31870317c0328b12d1cac4001,2024-04-08,Monte-Carlo Rolex Masters - Monte-Carlo,Monaco,2024-04-06,Luca Nardi,Lucas Pouille,Qualifying First Round,,,8,8,12,17,,
b49223663fc643ede9869c79a6144958,2024-04-08,Monte-Carlo Rolex Masters - Monte-Carlo,Monaco,2024-04-06,Roberto Bautista Agut,Dominic Thiem,Qualifying First Round,,,9,5,2,7,,
7de8095664b39e259ee5d5389af73ee1,2024-04-08,Monte-Carlo Rolex Masters - Monte-Carlo,Monaco,2024-04-06,Sumit Nagal,Flavio Cobolli,Qualifying First Round,,,8,9,8,11,,
94d7927a7cb06b974b8b843dafb7f7e1,2024-04-08,Monte-Carlo Rolex Masters - Monte-Carlo,Monaco,2024-04-06,Yannick Hanfmann,Hugo Gaston,Qualifying First Round,,,32,20,22,33,,
6a197bb17cbb49866a9bc48f2907baa7,2024-04-08,Monte-Carlo Rolex Masters - Monte-Carlo,Monaco,2024-04-07,Borna Coric,Alexander Bublik,First Round,,,14,11,13,17,,
e44b0a7d3b43d4b04671b34bc01864a1,2024-04-08,Monte-Carlo Rolex Masters - Monte-Carlo,Monaco,2024-04-07,Christopher O'Connell,Aleksandar Vukic,Qualifying Final Round,,,,,3,8,,
694660979434c0a437bce903a7d6eecc,2024-04-08,Monte-Carlo Rolex Masters - Monte-Carlo,Monaco,2024-04-07,Corentin Moutet,Daniel Altmaier,Qualifying Final Round,,,22,5,12,15,,
680f08c0f3dc424bca928f3885dfe63f,2024-04-08,Monte-Carlo Rolex Masters - Monte-Carlo,Monaco,2024-04-07,Federico Coria,Arthur Rinderknech,Qualifying Final Round,,,15,10,8,19,,
52bb6049f47d060b8bbff7d165e59851,2024-04-08,Monte-Carlo Rolex Masters - Monte-Carlo,Monaco,2024-04-07,Jan-Lennard Struff,Sebastian Baez,First Round,,,27,35,15,28,,
9061099ba7c110d435df18230af8e6d0,2024-04-08,Monte-Carlo Rolex Masters - Monte-Carlo,Monaco,2024-04-07,Jaume Antoni Munar Clar,Yannick Hanfmann,Qualifying Final Round,,,20,10,12,26,,
4764fdcbf6ba3d52ea34521315e360b9,2024-04-08,Monte-Carlo Rolex Masters - Monte-Carlo,Monaco,2024-04-07,Lorenzo Musetti,Taylor Harry Fritz,First Round,,,15,14,4,8,,
904d00feda1733e33195dc3e7050ce76,2024-04-08,Monte-Carlo Rolex Masters - Monte-Carlo,Monaco,2024-04-07,Luca Nardi,Alexandre Muller,Qualifying Final Round,,,23,32,16,27,,
bed63c1f13394146b2e822754a12aa8d,2024-04-08,Monte-Carlo Rolex Masters - Monte-Carlo,Monaco,2024-04-07,Roberto Bautista Agut,Lorenzo Sonego,Qualifying Final Round,,,,,12,17,,
5b5404733afc2bbfa134f5cc787da3c1,2024-04-08,Monte-Carlo Rolex Masters - Monte-Carlo,Monaco,2024-04-07,Sumit Nagal,Facundo Diaz Acosta,Qualifying Final Round,,,18,17,13,20,,
b11909ebc70ee6f50f489aabbe3ddc7c,2024-04-08,Monte-Carlo Rolex Masters - Monte-Carlo,Monaco,2024-04-07,Tallon Griekspoor,Dominik Koepfer,First Round,,,32,21,28,32,,
0e35a1bc0940c6a9dcb2b4eff2609423,2024-04-08,Monte-Carlo Rolex Masters - Monte-Carlo,Monaco,2024-04-08,Alejandro Tabilo,Christopher O'Connell,First Round,,,21,20,15,23,,
2467f5c577eb000610a91fbd24019aec,2024-04-08,Monte-Carlo Rolex Masters - Monte-Carlo,Monaco,2024-04-08,Alexei Popyrin,Corentin Moutet,First Round,,,51,18,51,69,,
8ceb29d36bbd5798a5920c151e5dcff6,2024-04-08,Monte-Carlo Rolex Masters - Monte-Carlo,Monaco,2024-04-08,Arthur Fils,Yannick Hanfmann,First Round,,,11,7,4,8,,
4a686f9a52e85533c511839f15f646a3,2024-04-08,Monte-Carlo Rolex Masters - Monte-Carlo,Monaco,2024-04-08,Felix Auger Aliassime,Luca Nardi,First Round,,,21,9,11,12,,
0e572d70cbb15c25c875a15ecdfb1233,2024-04-08,Monte-Carlo Rolex Masters - Monte-Carlo,Monaco,2024-04-08,Francisco Cerundolo,Daniel Altmaier,First Round,,,19,18,19,23,,
f358d4db75bdaf2fab3c957e4c15510e,2024-04-08,Monte-Carlo Rolex Masters - Monte-Carlo,Monaco,2024-04-08,Grigor Dimitrov,Valentin Vacherot,First Round,,,20,9,11,13,,
3600f71659577ed0bfd486cc13699b24,2024-04-08,Monte-Carlo Rolex Masters - Monte-Carlo,Monaco,2024-04-08,Karen Khachanov,Cameron Norrie,First Round,,,30,25,12,21,,
97c71f51035007d2041ab1a73d0f2837,2024-04-08,Monte-Carlo Rolex Masters - Monte-Carlo,Monaco,2024-04-08,Roman Safiullin,Jaume Antoni Munar Clar,First Round,,,29,20,31,44,,
4c303cb57636bf6902d1bf795b652aa6,2024-04-08,Monte-Carlo Rolex Masters - Monte-Carlo,Monaco,2024-04-08,Sebastian Ofner,Daniel Evans,First Round,,,25,7,6,8,,
55f625d96f2130b78c99765fd96d74bf,2024-04-08,Monte-Carlo Rolex Masters - Monte-Carlo,Monaco,2024-04-08,Sumit Nagal,Matteo Arnaldi,First Round,,,17,10,12,22,,
3258cf86d124ae1f0aa3a72c31fde0ec,2024-04-08,Monte-Carlo Rolex Masters - Monte-Carlo,Monaco,2024-04-08,Ugo Humbert,Federico Coria,First Round,,,32,22,16,26,,
0066547bbfe21f810d9a89c2e8b1de79,2024-04-08,Monte-Carlo Rolex Masters - Monte-Carlo,Monaco,2024-04-09,Alex De Minaur,Stan Wawrinka,First Round,,,12,18,9,10,,
dfb59bed2efb0a40cb4272477f36ec2c,2024-04-08,Monte-Carlo Rolex Masters - Monte-Carlo,Monaco,2024-04-09,Alexander Zverev,Sebastian Ofner,Second Round,,,10,8,6,8,,
0dc914829eb51207ba8178c43bc9bd27,2024-04-08,Monte-Carlo Rolex Masters - Monte-Carlo,Monaco,2024-04-09,Gael Monfils,Aleksandar Vukic,First Round,,,45,23,15,20,,
2027b8f8abc297b14bd3874294f894be,2024-04-08,Monte-Carlo Rolex Masters - Monte-Carlo,Monaco,2024-04-09,Hubert Hurkacz,Jack Draper,First Round,,,31,28,20,27,,
07f6b0d98d5fec37effbcdbde280a638,2024-04-08,Monte-Carlo Rolex Masters - Monte-Carlo,Monaco,2024-04-09,Jan-Lennard Struff,Borna Coric,Second Round,,,18,16,15,20,,
8de52c3049ee06e11136f09f82c7f2b4,2024-04-08,Monte-Carlo Rolex Masters - Monte-Carlo,Monaco,2024-04-09,Lorenzo Musetti,Arthur Fils,Second Round,,,12,6,8,10,,
405d36ccd78e7398a194f3561a8ae8b5,2024-04-08,Monte-Carlo Rolex Masters - Monte-Carlo,Monaco,2024-04-09,Miomir Kecmanovic,Matteo Berrettini,First Round,,,13,8,5,11,,
2eafa7f2dcea01859d2e2a7b2d0cc1ac,2024-04-08,Monte-Carlo Rolex Masters - Monte-Carlo,Monaco,2024-04-09,Novak Djokovic,Roman Safiullin,Second Round,,,14,5,6,7,,
f18d0445a0a17409a03de5246f3756c3,2024-04-08,Monte-Carlo Rolex Masters - Monte-Carlo,Monaco,2024-04-09,Roberto Bautista Agut,Facundo Diaz Acosta,First Round,,,12,12,9,13,,
5abaffefef419c409e16bcc092dcbeca,2024-04-08,Monte-Carlo Rolex Masters - Monte-Carlo,Monaco,2024-04-09,Sebastian Korda,Alejandro Davidovich Fokina,First Round,,,18,9,6,11,,
1c02dc656aaf224b44ae6bcd788016c7,2024-04-08,Monte-Carlo Rolex Masters - Monte-Carlo,Monaco,2024-04-09,Tomas Martin Etcheverry,Nicolas Jarry,First Round,,,9,8,7,9,,
d69567c5504546da9cd9fed7b726ea88,2024-04-08,Monte-Carlo Rolex Masters - Monte-Carlo,Monaco,2024-04-09,Zhizhen Zhang,Marcos Giron,First Round,,,25,20,16,23,,
1bb656d3f53e5fd018c0c3b78e855347,2024-04-08,Monte-Carlo Rolex Masters - Monte-Carlo,Monaco,2024-04-10,Alex De Minaur,Tallon Griekspoor,Second Round,,,21,18,16,20,,
f80330430cf9157880777c973ab6a751,2024-04-08,Monte-Carlo Rolex Masters - Monte-Carlo,Monaco,2024-04-10,Alexei Popyrin,Andrey Rublev,Second Round,,,25,15,14,21,,
e76f1e98537c029aed8a902819c5b326,2024-04-08,Monte-Carlo Rolex Masters - Monte-Carlo,Monaco,2024-04-10,Casper Ruud,Alejandro Tabilo,Second Round,,,25,7,9,13,,
3e09b548d0de5343e722a4af771913f9,2024-04-08,Monte-Carlo Rolex Masters - Monte-Carlo,Monaco,2024-04-10,Daniil Medvedev,Gael Monfils,Second Round,,,11,11,10,14,,
2187d70ab9bd71e99a04716c3c2fe46b,2024-04-08,Monte-Carlo Rolex Masters - Monte-Carlo,Monaco,2024-04-10,Hubert Hurkacz,Roberto Bautista Agut,Second Round,,,42,15,21,30,,
af64636d5a3e2b6c533e6cf097a70da3,2024-04-08,Monte-Carlo Rolex Masters - Monte-Carlo,Monaco,2024-04-10,Jannik Sinner,Sebastian Korda,Second Round,,,17,9,7,10,,
8a80f544f0291fe15fb4e6cf30b6df21,2024-04-08,Monte-Carlo Rolex Masters - Monte-Carlo,Monaco,2024-04-10,Karen Khachanov,Francisco Cerundolo,Second Round,,,24,7,21,28,,
77f0519e7635e2e4e5d60343c4997efc,2024-04-08,Monte-Carlo Rolex Masters - Monte-Carlo,Monaco,2024-04-10,Lorenzo Sonego,Felix Auger Aliassime,Second Round,,,10,4,5,8,,
764ed95cc5369508b52985abb95f61ec,2024-04-08,Monte-Carlo Rolex Masters - Monte-Carlo,Monaco,2024-04-10,Stefanos Tsitsipas,Tomas Martin Etcheverry,Second Round,,,22,8,8,14,,
dc395a623b1a05fff132d3d3627cd36c,2024-04-08,Monte-Carlo Rolex Masters - Monte-Carlo,Monaco,2024-04-10,Ugo Humbert,Zhizhen Zhang,Second Round,,,21,5,6,7,,
e656e5697f795aae9f6ce1f6a293c998,2024-04-08,Monte-Carlo Rolex Masters - Monte-Carlo,Monaco,2024-04-11,Alex De Minaur,Alexei Popyrin,Third Round,,,18,3,10,12,,
847932124c6fba83374dc857bd5aff90,2024-04-08,Monte-Carlo Rolex Masters - Monte-Carlo,Monaco,2024-04-11,Casper Ruud,Hubert Hurkacz,Third Round,,,15,3,4,10,,
c045995729069ad66b67466d90282e79,2024-04-08,Monte-Carlo Rolex Masters - Monte-Carlo,Monaco,2024-04-11,Grigor Dimitrov,Miomir Kecmanovic,Second Round,,,19,7,14,19,,
8750c2553dfac921c90354ad9773cc96,2024-04-08,Monte-Carlo Rolex Masters - Monte-Carlo,Monaco,2024-04-11,Holger Rune,Sumit Nagal,Second Round,,,22,22,14,22,,
5623bb6932027eedc1a1b61a4ce11fd5,2024-04-08,Monte-Carlo Rolex Masters - Monte-Carlo,Monaco,2024-04-11,Holger Rune,Grigor Dimitrov,Third Round,,,36,16,28,45,,
7b61034c8c74ebdbad255263f1d9bf07,2024-04-08,Monte-Carlo Rolex Masters - Monte-Carlo,Monaco,2024-04-11,Jannik Sinner,Jan-Lennard Struff,Third Round,,,14,10,5,8,,
0ad7762a0f9d6d5b758cdbd97581754e,2024-04-08,Monte-Carlo Rolex Masters - Monte-Carlo,Monaco,2024-04-11,Karen Khachanov,Daniil Medvedev,Third Round,,,22,12,11,19,,
d4306370e9f134c22c6351d49484a5b8,2024-04-08,Monte-Carlo Rolex Masters - Monte-Carlo,Monaco,2024-04-11,Novak Djokovic,Lorenzo Musetti,Third Round,,,17,19,16,30,,
06410864ae398dd1ba817fc0aee51218,2024-04-08,Monte-Carlo Rolex Masters - Monte-Carlo,Monaco,2024-04-11,Stefanos Tsitsipas,Alexander Zverev,Third Round,,,24,16,16,21,,
9258cf9b7720434942576f7ed7e23399,2024-04-08,Monte-Carlo Rolex Masters - Monte-Carlo,Monaco,2024-04-11,Ugo Humbert,Lorenzo Sonego,Third Round,,,34,11,20,31,,
1fcd3a74c3fa0687915828f62026549f,2024-04-08,Monte-Carlo Rolex Masters - Monte-Carlo,Monaco,2024-04-12,Casper Ruud,Ugo Humbert,Quarter-Finals,,,24,12,10,11,,
45259793f0d76d86b66fea4e1a1f6f94,2024-04-08,Monte-Carlo Rolex Masters - Monte-Carlo,Monaco,2024-04-12,Jannik Sinner,Holger Rune,Quarter-Finals,,,28,11,11,19,,
4dfbe38cd57d12805934452048a4ed7f,2024-04-08,Monte-Carlo Rolex Masters - Monte-Carlo,Monaco,2024-04-12,Novak Djokovic,Alex De Minaur,Quarter-Finals,,,12,18,12,17,,
2c2bc31a565e77d667e2fd4ef8fff753,2024-04-08,Monte-Carlo Rolex Masters - Monte-Carlo,Monaco,2024-04-12,Stefanos Tsitsipas,Karen Khachanov,Quarter-Finals,,,20,8,8,13,,
df2604b1db9076d1f8eac8035bc68bcd,2024-04-08,Monte-Carlo Rolex Masters - Monte-Carlo,Monaco,2024-04-13,Casper Ruud,Novak Djokovic,Semi-Finals,,,19,13,10,20,,
66841502d8a4710273601ed361a23c54,2024-04-08,Monte-Carlo Rolex Masters - Monte-Carlo,Monaco,2024-04-13,Stefanos Tsitsipas,Jannik Sinner,Semi-Finals,,,27,18,11,16,,
20eba6d16108cd0c240d6567824a240b,2024-04-08,Monte-Carlo Rolex Masters - Monte-Carlo,Monaco,2024-04-14,Stefanos Tsitsipas,Casper Ruud,Final,,,23,12,21,29,,
6f2c0e873512116660c999a20f0a3702,2024-04-22,Mutua Madrid Open - Madrid,Spain,2024-04-22,Albert Ramos-Vinolas,Diego Sebastian Schwartzman,Qualifying First Round,,,12,32,9,16,,
8a6c8925fdd266854bcf09d0904a17c0,2024-04-22,Mutua Madrid Open - Madrid,Spain,2024-04-22,Benjamin Hassan,Emilio Nava,Qualifying First Round,,,12,17,8,15,,
aa69ff877181e546f0e75fafbce1301a,2024-04-22,Mutua Madrid Open - Madrid,Spain,2024-04-22,Brandon Nakashima,Reda Bennani,Qualifying First Round,,,35,19,19,24,,
09bf09342b5fb794c022d1fe9b22a61c,2024-04-22,Mutua Madrid Open - Madrid,Spain,2024-04-22,Camilo Ugo Carabelli,Bernabe Zapata Miralles,Qualifying First Round,,,15,16,6,10,,
96e4c84b9947e219e168311734554613,2024-04-22,Mutua Madrid Open - Madrid,Spain,2024-04-22,Corentin Moutet,Terence Atmane,Qualifying First Round,,,20,17,15,26,,
16578af5fd667e7b1810a13f6f604b1e,2024-04-22,Mutua Madrid Open - Madrid,Spain,2024-04-22,Dominic Thiem,Felipe Meligeni Alves,Qualifying First Round,,,18,28,17,24,,
73b4fb20b71bfdadb3f5c5ff350c8651,2024-04-22,Mutua Madrid Open - Madrid,Spain,2024-04-22,Duje Ajdukovic,Pierre-Hugues Herbert,Qualifying First Round,,,18,28,10,14,,
ed7e882d191a03c6864ce1fa0557ed4f,2024-04-22,Mutua Madrid Open - Madrid,Spain,2024-04-22,Facundo Bagnis,David Goffin,Qualifying First Round,,,20,14,14,22,,
b76fc9747427f11ff5199faaae70cab3,2024-04-22,Mutua Madrid Open - Madrid,Spain,2024-04-22,Federico Coria,Mikhail Kukushkin,Qualifying First Round,,,16,29,6,12,,
d0164cc88f0f6858f4735e5d713c2ea8,2024-04-22,Mutua Madrid Open - Madrid,Spain,2024-04-22,Francisco Comesana,Andrea Vavassori,Qualifying First Round,,,13,20,17,25,,
c28420866023d3480c1bc3e26e152b1d,2024-04-22,Mutua Madrid Open - Madrid,Spain,2024-04-22,Giulio Zeppieri,Maximilian Marterer,Qualifying First Round,,,26,17,5,7,,
c464eb32f8a65eac63a25d236a9a1a20,2024-04-22,Mutua Madrid Open - Madrid,Spain,2024-04-22,Hamad Medjedovic,Hugo Gaston,Qualifying First Round,,,24,31,12,23,,
72b9db79f391b04b9fe56ba20416f6c7,2024-04-22,Mutua Madrid Open - Madrid,Spain,2024-04-22,Lukas Klein,Pol Martin Tiffon,Qualifying First Round,,,22,8,19,21,,
90d3d6a2d124ffa92f90983b23a0ba18,2024-04-22,Mutua Madrid Open - Madrid,Spain,2024-04-22,Pablo Llamas Ruiz,Quentin Halys,Qualifying First Round,,,9,20,9,12,,
d6f6d4c68f800473126f60e1fbecc0d0,2024-04-22,Mutua Madrid Open - Madrid,Spain,2024-04-22,Radu Albot,Pedro Martinez Portero,Qualifying First Round,,,14,11,9,13,,
d114c51debeecfe3ae4be7236a64356d,2024-04-22,Mutua Madrid Open - Madrid,Spain,2024-04-22,Richard Gasquet,Stefano Napolitano,Qualifying First Round,,,15,26,6,9,,
b9b7074c73786b78b442a55391cf706d,2024-04-22,Mutua Madrid Open - Madrid,Spain,2024-04-22,Roberto Bautista Agut,Amir Omarkhanov,Qualifying First Round,,,3,6,7,7,,
0b63a9caf5d6618290da62e45cc7ca38,2024-04-22,Mutua Madrid Open - Madrid,Spain,2024-04-22,Thiago Agustin Tirante,Titouan Droguet,Qualifying First Round,,,14,6,17,23,,
b5ec0d687bf1cf6642a7fdfd3b2278ed,2024-04-22,Mutua Madrid Open - Madrid,Spain,2024-04-22,Thiago Moura Monteiro,Lucas Pouille,Qualifying First Round,,,17,15,13,22,,
095f93f31bf0fe31a3504cc6d00073ed,2024-04-22,Mutua Madrid Open - Madrid,Spain,2024-04-23,Albert Ramos-Vinolas,Roberto Bautista Agut,Qualifying Final Round,,,33,11,15,23,,
2b1fb812570f97fd6294468694c5ed2c,2024-04-22,Mutua Madrid Open - Madrid,Spain,2024-04-23,Aleksandar Kovacevic,Valentin Vacherot,Qualifying Final Round,,,21,9,5,7,,
f762a95e673032b0547f667e5ad7e0cb,2024-04-22,Mutua Madrid Open - Madrid,Spain,2024-04-23,Benjamin Hassan,Shintaro Mochizuki,Qualifying Final Round,,,35,6,11,23,,
2d48f7008d0093549597044e8b9f52c8,2024-04-22,Mutua Madrid Open - Madrid,Spain,2024-04-23,Brandon Nakashima,Camilo Ugo Carabelli,Qualifying Final Round,,,32,12,18,26,,
9861ded5b7d7ee721c68eddff9d6f3b9,2024-04-22,Mutua Madrid Open - Madrid,Spain,2024-04-23,Corentin Moutet,Abedallah Shelbayh,Qualifying Final Round,,,21,4,16,19,,
9972d932115b3ff13594b572f113572f,2024-04-22,Mutua Madrid Open - Madrid,Spain,2024-04-23,Facundo Bagnis,Giulio Zeppieri,Qualifying Final Round,,,17,4,11,15,,
a18e68e0bf78d67555f0fcfe8c83f25a,2024-04-22,Mutua Madrid Open - Madrid,Spain,2024-04-23,Hamad Medjedovic,Francisco Comesana,Qualifying Final Round,,,25,8,8,17,,
c501d77840f0c06e617874541777c0f0,2024-04-22,Mutua Madrid Open - Madrid,Spain,2024-04-23,Lukas Klein,Thiago Agustin Tirante,Qualifying Final Round,,,30,5,16,24,,
4b4380fac0588b7cd7638fd6a4098774,2024-04-22,Mutua Madrid Open - Madrid,Spain,2024-04-23,Pablo Llamas Ruiz,Federico Coria,Qualifying Final Round,,,32,10,15,25,,
de745ec2a286d14641965252b0fffb61,2024-04-22,Mutua Madrid Open - Madrid,Spain,2024-04-23,Richard Gasquet,Duje Ajdukovic,Qualifying Final Round,,,16,3,5,8,,
2c4e6b7832b681f71c48ef00103a3656,2024-04-22,Mutua Madrid Open - Madrid,Spain,2024-04-23,Thanasi Kokkinakis,Dominic Thiem,Qualifying Final Round,,,18,3,6,11,,
54381561af60837495069f68477f14c6,2024-04-22,Mutua Madrid Open - Madrid,Spain,2024-04-23,Thiago Moura Monteiro,Radu Albot,Qualifying Final Round,,,20,14,5,11,,
3da673beca0a8519cff6a3b80752f051,2024-04-22,Mutua Madrid Open - Madrid,Spain,2024-04-24,Alexander Shevchenko,Arthur Rinderknech,First Round,,,25,14,7,15,,
19cf65fdc7fe77101d7c92f0d55d2497,2024-04-22,Mutua Madrid Open - Madrid,Spain,2024-04-24,Borna Coric,Benjamin Hassan,First Round,,,24,30,19,32,,
ed92db3b13ebcf11ffaa9057aef94942,2024-04-22,Mutua Madrid Open - Madrid,Spain,2024-04-24,Botic Van De Zandschulp,Christopher Eubanks,First Round,,,13,14,5,6,,
5bcb7ff28ba55998f4fd6b594d237303,2024-04-22,Mutua Madrid Open - Madrid,Spain,2024-04-24,Daniel Altmaier,Martin Landaluce,First Round,,,18,15,6,8,,
c932ef9ee487d6de10227ed9d3498d20,2024-04-22,Mutua Madrid Open - Madrid,Spain,2024-04-24,Denis Shapovalov,Facundo Diaz Acosta,First Round,,,28,21,18,27,,
5f45abca7ee804388dbe050e1e0c06c7,2024-04-22,Mutua Madrid Open - Madrid,Spain,2024-04-24,Fabian Marozsan,Aslan Karatsev,First Round,,,19,24,8,12,,
e715998cee261dc0c59e390e6fd5cea9,2024-04-22,Mutua Madrid Open - Madrid,Spain,2024-04-24,Facundo Bagnis,Brandon Nakashima,First Round,,,22,19,10,14,,
38c109ac99089b76bc316e65762f056a,2024-04-22,Mutua Madrid Open - Madrid,Spain,2024-04-24,Jack Draper,Thanasi Kokkinakis,First Round,,,22,15,17,21,,
ab814af1645cd0cef69adbaac94c6a29,2024-04-22,Mutua Madrid Open - Madrid,Spain,2024-04-24,Jaume Antoni Munar Clar,Nuno Borges,First Round,,,21,12,12,18,,
0e92c20fba70631b4897908a4aaa9caa,2024-04-22,Mutua Madrid Open - Madrid,Spain,2024-04-24,Juncheng Shang,Corentin Moutet,First Round,,,43,35,3,61,,
0a1cac520d5fb3bea3c05335b7103671,2024-04-22,Mutua Madrid Open - Madrid,Spain,2024-04-24,Luca Van Assche,Zizou Bergs,First Round,,,28,26,12,16,,
b98f35813b747fc16dd8229f8aa1c37d,2024-04-22,Mutua Madrid Open - Madrid,Spain,2024-04-24,Luciano Darderi,Gael Monfils,First Round,,,7,7,3,7,,
a118d59c815a98538feaaa460463bcce,2024-04-22,Mutua Madrid Open - Madrid,Spain,2024-04-24,Lukas Klein,Pablo Llamas Ruiz,First Round,,,33,24,18,26,,
a531c2cfde890dc4a13a45e2a4406ea3,2024-04-22,Mutua Madrid Open - Madrid,Spain,2024-04-24,Mariano Navone,Alexei Popyrin,First Round,,,13,5,5,7,,
a355559aca566bcdb9ecd22a369a5d47,2024-04-22,Mutua Madrid Open - Madrid,Spain,2024-04-24,Taro Daniel,Aleksandar Vukic,First Round,,,30,4,16,24,,
8ca5d67c0c2eee339807956d6edb5ec4,2024-04-22,Mutua Madrid Open - Madrid,Spain,2024-04-24,Thiago Seyboth Wild,Roman Safiullin,First Round,,,30,11,8,11,,
ac09db89590db8f430ae62b5f7c4015c,2024-04-22,Mutua Madrid Open - Madrid,Spain,2024-04-25,Felix Auger Aliassime,Yoshihito Nishioka,First Round,,,32,18,22,31,,
6719cc3e462625060ef22b616bdb32fe,2024-04-22,Mutua Madrid Open - Madrid,Spain,2024-04-25,Flavio Cobolli,Alejandro Tabilo,First Round,,,35,10,11,20,,
d6f76c1a2e6bd37d130fdf04914d50a6,2024-04-22,Mutua Madrid Open - Madrid,Spain,2024-04-25,Hamad Medjedovic,Aleksandar Kovacevic,First Round,,,41,32,18,22,,
c482fa7bb59457133d8b87babcb93372,2024-04-22,Mutua Madrid Open - Madrid,Spain,2024-04-25,Jakub Mensik,Yannick Hanfmann,First Round,,,18,26,9,12,,
81305754a9486c1a526d4f1f2b9b9422,2024-04-22,Mutua Madrid Open - Madrid,Spain,2024-04-25,Joao Fonseca,Alex Michelsen,First Round,,,22,21,15,20,,
ba454bf56b06f904c949aa42b3b1e523,2024-04-22,Mutua Madrid Open - Madrid,Spain,2024-04-25,Lorenzo Sonego,Richard Gasquet,First Round,,,29,7,10,16,,
8243310148bad7579d456b231cf6f1c1,2024-04-22,Mutua Madrid Open - Madrid,Spain,2024-04-25,Matteo Arnaldi,Christopher O'Connell,First Round,,,17,11,6,14,,
7ba40fe57c9f4f57ccd4b2e628084815,2024-04-22,Mutua Madrid Open - Madrid,Spain,2024-04-25,Max Purcell,Marcos Giron,First Round,,,31,21,11,14,,
866f904619461f14eda4ef1c5e4e1da9,2024-04-22,Mutua Madrid Open - Madrid,Spain,2024-04-25,Miomir Kecmanovic,Zhizhen Zhang,First Round,,,17,9,7,15,,
fba802c7d2e9e61d72c274598222b0b5,2024-04-22,Mutua Madrid Open - Madrid,Spain,2024-04-25,Pavel Kotov,Albert Ramos-Vinolas,First Round,,,22,13,6,10,,
392865d23fc75b205b8848cc8790d693,2024-04-22,Mutua Madrid Open - Madrid,Spain,2024-04-25,Pedro Cachin,Sebastian Ofner,First Round,,,9,13,2,2,,
85dec988e5adba2cb005e5d2d61bffcf,2024-04-22,Mutua Madrid Open - Madrid,Spain,2024-04-25,Rafael Nadal,Darwin Blanch,First Round,,,9,9,7,7,,
a5ed1592b05cb39d8ee13a774f6db52d,2024-04-22,Mutua Madrid Open - Madrid,Spain,2024-04-25,Roberto Bautista Agut,Daniel Elahi Galan,First Round,,,20,23,14,16,,
539eadc5bdb077882101cdc4b7db3eef,2024-04-22,Mutua Madrid Open - Madrid,Spain,2024-04-25,Roberto Carballes Baena,Dominik Koepfer,First Round,,,18,16,17,18,,
2e5303fed5ec48b34ca96cdff9ac6821,2024-04-22,Mutua Madrid Open - Madrid,Spain,2024-04-25,Thiago Moura Monteiro,Dusan Lajovic,First Round,,,13,10,6,10,,
a765930c0fd443ad42543460e77c98ec,2024-04-22,Mutua Madrid Open - Madrid,Spain,2024-04-25,Tomas Machac,Emil Ruusuvuori,First Round,,,18,19,11,14,,
80513fecdf164a68b5123b10cf2412e8,2024-04-22,Mutua Madrid Open - Madrid,Spain,2024-04-26,Alejandro Davidovich Fokina,Juncheng Shang,Second Round,,,21,15,16,21,,
a31bebdbf6d3cc67b923f395a03b4f59,2024-04-22,Mutua Madrid Open - Madrid,Spain,2024-04-26,Alexander Zverev,Borna Coric,Second Round,,,16,16,8,12,,
259f0a5100ba216f6b4c054add224986,2024-04-22,Mutua Madrid Open - Madrid,Spain,2024-04-26,Andrey Rublev,Facundo Bagnis,Second Round,,,24,10,10,12,,
0b35f637a10af74302fa43e137d51de2,2024-04-22,Mutua Madrid Open - Madrid,Spain,2024-04-26,Carlos Alcaraz,Alexander Shevchenko,Second Round,,,19,14,12,14,,
90897621a2b9a945e54c335b28eff38d,2024-04-22,Mutua Madrid Open - Madrid,Spain,2024-04-26,Daniel Altmaier,Arthur Fils,Second Round,,,16,6,4,6,,
4e414abff513664430055369cda0cea8,2024-04-22,Mutua Madrid Open - Madrid,Spain,2024-04-26,Denis Shapovalov,Tomas Martin Etcheverry,Second Round,,,28,28,6,13,,
f424c11f2e7362769785a00455997211,2024-04-22,Mutua Madrid Open - Madrid,Spain,2024-04-26,Francisco Cerundolo,Fabian Marozsan,Second Round,,,36,11,10,12,,
34201fda91d43a7841a2e0ff9e46a7ce,2024-04-22,Mutua Madrid Open - Madrid,Spain,2024-04-26,Holger Rune,Mariano Navone,Second Round,,,34,24,27,44,,
07cef929b293623c7c5dcd2061f6474c,2024-04-22,Mutua Madrid Open - Madrid,Spain,2024-04-26,Hubert Hurkacz,Jack Draper,Second Round,,,30,11,18,22,,
4c8c280a14447412486e28243be4d424,2024-04-22,Mutua Madrid Open - Madrid,Spain,2024-04-26,Jan-Lennard Struff,Jaume Antoni Munar Clar,Second Round,,,28,7,20,31,,
3d0742abe35d3443bf38e59ceda69358,2024-04-22,Mutua Madrid Open - Madrid,Spain,2024-04-26,Sebastian Baez,Luca Van Assche,Second Round,,,26,26,13,19,,
34f4275a5aab7f9fca16269c36fe1bd9,2024-04-22,Mutua Madrid Open - Madrid,Spain,2024-04-26,Tallon Griekspoor,Taro Daniel,Second Round,,,45,15,18,24,,
841a562c13bbce86f246f0dd2e975776,2024-04-22,Mutua Madrid Open - Madrid,Spain,2024-04-26,Taylor Harry Fritz,Luciano Darderi,Second Round,,,25,7,15,21,,
685a7562b8d352e51794240062725695,2024-04-22,Mutua Madrid Open - Madrid,Spain,2024-04-26,Thiago Seyboth Wild,Lorenzo Musetti,Second Round,,,29,14,11,22,,
fc8a678d62e6aef276bd5fbc3241c4e6,2024-04-22,Mutua Madrid Open - Madrid,Spain,2024-04-26,Tommy Paul,Lukas Klein,Second Round,,,17,10,14,17,,
1da67781df52afa44fcbf1f471c3fece,2024-04-22,Mutua Madrid Open - Madrid,Spain,2024-04-26,Ugo Humbert,Botic Van De Zandschulp,Second Round,,,9,9,9,11,,
39436249be6a8dfedea6006150411e68,2024-04-22,Mutua Madrid Open - Madrid,Spain,2024-04-27,Alexander Bublik,Roberto Carballes Baena,Second Round,,,22,24,13,18,,
08de6923a97dd0b797c05f8d4c0f6c02,2024-04-22,Mutua Madrid Open - Madrid,Spain,2024-04-27,Ben Shelton,Tomas Machac,Second Round,,,15,12,9,13,,
d308e110f46b93fe04f1d7dc0bdbb7f4,2024-04-22,Mutua Madrid Open - Madrid,Spain,2024-04-27,Cameron Norrie,Joao Fonseca,Second Round,,,10,11,8,9,,
ebe22557f6d4398140e90a66dad63338,2024-04-22,Mutua Madrid Open - Madrid,Spain,2024-04-27,Casper Ruud,Miomir Kecmanovic,Second Round,,,22,11,13,16,,
74004582388074633a079290487d7173,2024-04-22,Mutua Madrid Open - Madrid,Spain,2024-04-27,Daniil Medvedev,Matteo Arnaldi,Second Round,,,12,15,18,24,,
147e5cff2c1f0b211cfec5b6b04931d1,2024-04-22,Mutua Madrid Open - Madrid,Spain,2024-04-27,Felix Auger Aliassime,Adrian Mannarino,Second Round,,,7,13,1,1,,
fcab0a499e2b5b2a54c3ff8681fe7ec6,2024-04-22,Mutua Madrid Open - Madrid,Spain,2024-04-27,Flavio Cobolli,Nicolas Jarry,Second Round,,,21,24,13,16,,
a855178e4ec27e2d9e2910df5285a0d6,2024-04-22,Mutua Madrid Open - Madrid,Spain,2024-04-27,Jakub Mensik,Grigor Dimitrov,Second Round,,,30,38,16,31,,
671fc3ac6692fca715208316a248a795,2024-04-22,Mutua Madrid Open - Madrid,Spain,2024-04-27,Jannik Sinner,Lorenzo Sonego,Second Round,,,16,5,15,18,,
fdc110c61cddbf3ded04d77bd6f28309,2024-04-22,Mutua Madrid Open - Madrid,Spain,2024-04-27,Jiri Lehecka,Hamad Medjedovic,Second Round,,,17,8,14,15,,
f662fb5c2a18e8c6aeb13a99b8e9e119,2024-04-22,Mutua Madrid Open - Madrid,Spain,2024-04-27,Karen Khachanov,Roberto Bautista Agut,Second Round,,,27,25,20,25,,
f8e5458665a60e8ea891e7e2b2d761e1,2024-04-22,Mutua Madrid Open - Madrid,Spain,2024-04-27,Pavel Kotov,Jordan Thompson,Second Round,,,19,34,11,21,,
4065b0af45ced81c0fc9d6ec63344cbe,2024-04-22,Mutua Madrid Open - Madrid,Spain,2024-04-27,Pedro Cachin,Frances Tiafoe,Second Round,,,33,31,10,31,,
c52c122c77c9e9e3dda247b1acb5a96a,2024-04-22,Mutua Madrid Open - Madrid,Spain,2024-04-27,Rafael Nadal,Alex De Minaur,Second Round,,,15,21,4,6,,
36f84dd06dbdeac9ad248c0345b3179f,2024-04-22,Mutua Madrid Open - Madrid,Spain,2024-04-27,Sebastian Korda,Max Purcell,Second Round,,,16,3,8,12,,
4c1d6c03e80349d884a8ecedcd0ba70b,2024-04-22,Mutua Madrid Open - Madrid,Spain,2024-04-27,Thiago Moura Monteiro,Stefanos Tsitsipas,Second Round,,,24,4,9,12,,
0af1aba4508ec2e94333530cc81e2896,2024-04-22,Mutua Madrid Open - Madrid,Spain,2024-04-28,Alexander Zverev,Denis Shapovalov,Third Round,,,31,7,13,19,,
295316772971e97fb5deb34c2312b288,2024-04-22,Mutua Madrid Open - Madrid,Spain,2024-04-28,Andrey Rublev,Alejandro Davidovich Fokina,Third Round,,,28,23,13,21,,
2bd065e5412adebd7d84b999b0b06afa,2024-04-22,Mutua Madrid Open - Madrid,Spain,2024-04-28,Carlos Alcaraz,Thiago Seyboth Wild,Third Round,,,19,7,11,13,,
f7d67d5f94107927da6f2387f95e2007,2024-04-22,Mutua Madrid Open - Madrid,Spain,2024-04-28,Francisco Cerundolo,Tommy Paul,Third Round,,,36,12,25,29,,
c26abe3194126ac3faf985c8c2cabf8b,2024-04-22,Mutua Madrid Open - Madrid,Spain,2024-04-28,Hubert Hurkacz,Daniel Altmaier,Third Round,,,28,10,30,41,,
82106db1b29b01aaa634864b45bc0adf,2024-04-22,Mutua Madrid Open - Madrid,Spain,2024-04-28,Jan-Lennard Struff,Ugo Humbert,Third Round,,,30,8,16,18,,
c7d0d5087ef2694f4eae9b77a522971a,2024-04-22,Mutua Madrid Open - Madrid,Spain,2024-04-28,Tallon Griekspoor,Holger Rune,Third Round,,,25,14,22,32,,
34fa6dda2622370af037df160043683a,2024-04-22,Mutua Madrid Open - Madrid,Spain,2024-04-28,Taylor Harry Fritz,Sebastian Baez,Third Round,,,20,3,6,10,,
24ea3b5e4713137b69b6bcbd07cc6a68,2024-04-22,Mutua Madrid Open - Madrid,Spain,2024-04-29,Alexander Bublik,Ben Shelton,Third Round,,,35,17,23,32,,
aca176583b5d562b7d239d20cf64f997,2024-04-22,Mutua Madrid Open - Madrid,Spain,2024-04-29,Casper Ruud,Cameron Norrie,Third Round,,,19,9,6,10,,
e95dbb75b7fa21ab6ed656c6833af829,2024-04-22,Mutua Madrid Open - Madrid,Spain,2024-04-29,Daniil Medvedev,Sebastian Korda,Third Round,,,25,12,13,22,,
ceabb62412ad740f91931194df6e312b,2024-04-22,Mutua Madrid Open - Madrid,Spain,2024-04-29,Jannik Sinner,Pavel Kotov,Third Round,,,21,12,8,12,,
03298ba011865d0a7bcae24490c3543d,2024-04-22,Mutua Madrid Open - Madrid,Spain,2024-04-29,Jiri Lehecka,Thiago Moura Monteiro,Third Round,,,22,12,14,19,,
d0661d6e17ea9692593f3f51522e1814,2024-04-22,Mutua Madrid Open - Madrid,Spain,2024-04-29,Karen Khachanov,Flavio Cobolli,Third Round,,,9,6,3,6,,
e5fcb5939bbfb6011737d848e76a56da,2024-04-22,Mutua Madrid Open - Madrid,Spain,2024-04-29,Rafael Nadal,Pedro Cachin,Third Round,,,35,20,24,33,,
cc9f2853e02c6d4567e2bcb48958671f,2024-04-22,Mutua Madrid Open - Madrid,Spain,2024-04-30,Andrey Rublev,Tallon Griekspoor,Fourth Round,,,29,5,9,11,,
ed89b152acdfa1fb7d7159e847960d48,2024-04-22,Mutua Madrid Open - Madrid,Spain,2024-04-30,Carlos Alcaraz,Jan-Lennard Struff,Fourth Round,,,37,24,20,36,,
475fbc1006917e734b3b7dd37adab906,2024-04-22,Mutua Madrid Open - Madrid,Spain,2024-04-30,Daniil Medvedev,Alexander Bublik,Fourth Round,,,17,10,16,33,,
be8b53854f9a9e9d2d1c443b560c4fe4,2024-04-22,Mutua Madrid Open - Madrid,Spain,2024-04-30,Felix Auger Aliassime,Casper Ruud,Fourth Round,,,32,13,24,28,,
e591f0d41f77718c845ec1dc7c552c5f,2024-04-22,Mutua Madrid Open - Madrid,Spain,2024-04-30,Francisco Cerundolo,Alexander Zverev,Fourth Round,,,19,11,9,10,,
0cb4a20b75e4fb577db69b662da14269,2024-04-22,Mutua Madrid Open - Madrid,Spain,2024-04-30,Jannik Sinner,Karen Khachanov,Fourth Round,,,27,22,12,18,,
765e640b9e5776a7aab3290ea30da5d3,2024-04-22,Mutua Madrid Open - Madrid,Spain,2024-04-30,Jiri Lehecka,Rafael Nadal,Fourth Round,,,33,12,22,29,,
cfcbe83af5938c59f16096d48e4239de,2024-04-22,Mutua Madrid Open - Madrid,Spain,2024-04-30,Taylor Harry Fritz,Hubert Hurkacz,Fourth Round,,,21,5,14,17,,
4bc0af8fb1b83edd392f6893fb34f5d5,2024-04-22,Mutua Madrid Open - Madrid,Spain,2024-05-01,Andrey Rublev,Carlos Alcaraz,Quarter-Finals,,,27,13,18,26,,
f648df808843131095962b7f93887297,2024-04-22,Mutua Madrid Open - Madrid,Spain,2024-05-01,Taylor Harry Fritz,Francisco Cerundolo,Quarter-Finals,,,18,14,13,16,,
b4121df7921ae77e74f261028150c10f,2024-04-22,Mutua Madrid Open - Madrid,Spain,2024-05-03,Andrey Rublev,Taylor Harry Fritz,Semi-Finals,,,20,10,4,5,,
8f410ac129be09c0bd0f56c0213fe6f3,2024-04-22,Mutua Madrid Open - Madrid,Spain,2024-05-05,Andrey Rublev,Felix Auger Aliassime,Final,,,25,15,14,20,,
29ccd5d5e04c45aa9886f84c1d33922d,2024-05-06,Internazionali BNL d'Italia - Rome,Italy,2024-05-06,Alexandre Muller,Emilio Nava,Qualifying First Round,,,14,14,10,13,,
796ac47a83b8a50ada55f429de2b35c6,2024-05-06,Internazionali BNL d'Italia - Rome,Italy,2024-05-06,Botic Van De Zandschulp,Zachary Svajda,Qualifying First Round,,,11,16,10,14,,
6426b95e16fa9a21715c818610fbaec3,2024-05-06,Internazionali BNL d'Italia - Rome,Italy,2024-05-06,Corentin Moutet,Damir Dzumhur,Qualifying First Round,,,21,11,11,20,,
2064e4b078553d1cbdcfc1dcb8e8ac11,2024-05-06,Internazionali BNL d'Italia - Rome,Italy,2024-05-06,Diego Sebastian Schwartzman,Albert Ramos-Vinolas,Qualifying First Round,,,37,29,15,25,,
8bcb7ef01d8682a97db6fb04075e9bec,2024-05-06,Internazionali BNL d'Italia - Rome,Italy,2024-05-06,Duje Ajdukovic,Zsombor Piros,Qualifying First Round,,,27,21,13,25,,
45c3470b3d7e1b3906c316a4d0dacfec,2024-05-06,Internazionali BNL d'Italia - Rome,Italy,2024-05-06,Facundo Bagnis,Thiago Agustin Tirante,Qualifying First Round,,,21,24,11,22,,
0589fb1d984dcbcbbadf105de7ece46f,2024-05-06,Internazionali BNL d'Italia - Rome,Italy,2024-05-06,Felipe Meligeni Alves,Hugo Gaston,Qualifying First Round,,,31,15,10,13,,
fc6366623be97c0a8c485dab3fcb12b2,2024-05-06,Internazionali BNL d'Italia - Rome,Italy,2024-05-06,Francesco Passaro,Aleksandar Kovacevic,Qualifying First Round,,,22,18,15,16,,
bb4377e50a43c3a1297c54099489a3f4,2024-05-06,Internazionali BNL d'Italia - Rome,Italy,2024-05-06,Gregoire Barrere,Giovanni Mpetshi Perricard,Qualifying First Round,,,16,5,4,5,,
b3bec55db1ffd1aee78092b3b11c61e4,2024-05-06,Internazionali BNL d'Italia - Rome,Italy,2024-05-06,Hamad Medjedovic,Camilo Ugo Carabelli,Qualifying First Round,,,18,21,10,17,,
3cad5574692634941f97ebafb2025c3c,2024-05-06,Internazionali BNL d'Italia - Rome,Italy,2024-05-06,Harold Mayot,Valentin Vacherot,Qualifying First Round,,,17,7,6,11,,
a3d26b2a822f75e6e56213efc3778adf,2024-05-06,Internazionali BNL d'Italia - Rome,Italy,2024-05-06,Jesper De Jong,Jurij Rodionov,Qualifying First Round,,,25,27,17,32,,
d6746529586a314d3dbb665b97087440,2024-05-06,Internazionali BNL d'Italia - Rome,Italy,2024-05-06,Juncheng Shang,Francesco Maestrelli,Qualifying First Round,,,8,28,9,15,,
0b9a1ef801eac7983c87fee197261be9,2024-05-06,Internazionali BNL d'Italia - Rome,Italy,2024-05-06,Maximilian Marterer,Andrea Picchione,Qualifying First Round,,,19,17,19,22,,
a5b32a9f1c34e4c28d4d85545d9bfea3,2024-05-06,Internazionali BNL d'Italia - Rome,Italy,2024-05-06,Mikhail Kukushkin,Cristian Garin,Qualifying First Round,,,18,33,16,32,,
d1227a1d8d71b863e2be87aa2223d570,2024-05-06,Internazionali BNL d'Italia - Rome,Italy,2024-05-06,Nicolas Moreno De Alboran,Juan Pablo Varillas,Qualifying First Round,,,10,20,8,10,,
088c5a9e5452dfd881e5afe11bf30776,2024-05-06,Internazionali BNL d'Italia - Rome,Italy,2024-05-06,Radu Albot,Taro Daniel,Qualifying First Round,,,16,22,9,19,,
ea072fc0f8447a74964f8980ffdd3f6d,2024-05-06,Internazionali BNL d'Italia - Rome,Italy,2024-05-06,Richard Gasquet,Samuel Vincent Ruggeri,Qualifying First Round,,,13,12,8,11,,
75f4bd5ffa80f9286034330caab2cfaa,2024-05-06,Internazionali BNL d'Italia - Rome,Italy,2024-05-07,Hamad Medjedovic,Jeff Wolf,Qualifying Final Round,,,25,4,7,11,,
e650f8e2c13fac4a2ca09b09320015bc,2025-01-01,Hong Kong Tennis Open - Hong Kong,China,2024-12-29,Alejandro Moro Canas,Daniel Altmaier,Qualifying First Round,192,164,28,15,11,14,178,145
8fc54bb1c8d973d79621a684a59d0e3f,2025-01-01,Hong Kong Tennis Open - Hong Kong,China,2024-12-29,Denis Yevseyev,Cristian Garin,Qualifying First Round,183,140,10,20,4,6,190,152
d37d019ff4499708aa117e40ea6b128d,2025-01-01,Hong Kong Tennis Open - Hong Kong,China,2024-12-29,Francesco Passaro,Aziz Dougaz,Qualifying First Round,184,156,25,32,11,11,185,162
bfc158d42cf4afaaa915800190b2b763,2025-01-01,Hong Kong Tennis Open - Hong Kong,China,2024-12-29,Gabriel Diallo,Ki Lung Ng,Qualifying First Round,196,182,27,36,11,12,183,166
2cee2251ba7aa9600a5b48e8cfcf5a44,2025-01-01,Hong Kong Tennis Open - Hong Kong,China,2024-12-29,Hugo Grenier,Terence Atmane,Qualifying First Round,189,178,22,23,13,15,165,152
54b127589a499ae2d25c3edc7e813541,2025-01-01,Hong Kong Tennis Open - Hong Kong,China,2024-12-29,Jie Cui,Juan Manuel Cerundolo,Qualifying First Round,177,148,19,18,14,18,181,147
74b6e89c324f6c516a302a6ddd21f7c0,2025-01-01,Hong Kong Tennis Open - Hong Kong,China,2024-12-29,Marc-Andrea Huesler,Laslo Djere,Qualifying First Round,193,159,16,21,7,9,191,164
8b54c3c65f827003a4a420092717413a,2025-01-01,Hong Kong Tennis Open - Hong Kong,China,2024-12-29,Pavel Kotov,Valentin Royer,Qualifying First Round,191,155,28,38,2,5,190,155
c47b0266db1d3237ac7f9260c789acc4,2025-01-01,Hong Kong Tennis Open - Hong Kong,China,2024-12-30,Alejandro Moro Canas,Jie Cui,Qualifying Final Round,185,152,27,28,5,5,169,139
2ed6d99099c2d0f806d7fc1391a0a74c,2025-01-01,Hong Kong Tennis Open - Hong Kong,China,2024-12-30,Cameron Norrie,Learner Tien,First Round,188,138,27,29,10,15,179,158
3f19548a45dc91d181c122a52de51456,2025-01-01,Hong Kong Tennis Open - Hong Kong,China,2024-12-30,Fabian Marozsan,Roman Safiullin,First Round,186,148,27,23,5,8,186,161
d2c5511767f29e867d569e45049d48bf,2025-01-01,Hong Kong Tennis Open - Hong Kong,China,2024-12-30,Francesco Passaro,Denis Yevseyev,Qualifying Final Round,186,155,33,43,20,23,175,142
898445317266a08cea1e640f7b4cf8f9,2025-01-01,Hong Kong Tennis Open - Hong Kong,China,2024-12-30,Gabriel Diallo,Hugo Grenier,Qualifying Final Round,202,168,41,30,17,25,191,153
b57ed880c09f7fc2c371da9b6e4aed8f,2025-01-01,Hong Kong Tennis Open - Hong Kong,China,2024-12-30,Lorenzo Sonego,Brandon Nakashima,First Round,202,170,21,10,17,17,185,161
7aebf5ac90f2b63f0e34232df20c5aa8,2025-01-01,Hong Kong Tennis Open - Hong Kong,China,2024-12-30,Marc-Andrea Huesler,Pavel Kotov,Qualifying Final Round,201,153,29,35,8,12,194,152
785597722d979c82b6edcc70d688ac77,2025-01-01,Hong Kong Tennis Open - Hong Kong,China,2024-12-30,Miomir Kecmanovic,Luciano Darderi,First Round,190,143,25,21,2,2,191,158
5a37bb67e17e4faa00317a98a4d570b0,2025-01-01,Hong Kong Tennis Open - Hong Kong,China,2024-12-31,Alexandre Muller,Marc-Andrea Huesler,First Round,180,174,31,25,10,11,189,190
2d7dfbb3a42d2dc4e3121737f0a7bd4b,2025-01-01,Hong Kong Tennis Open - Hong Kong,China,2024-12-31,Gabriel Diallo,Roberto Carballes Baena,First Round,200,191,48,64,32,45,193,172
e2b3cc1580bd6b2f5335eb8924643e58,2025-01-01,Hong Kong Tennis Open - Hong Kong,China,2024-12-31,Jaume Antoni Munar Clar,Alejandro Davidovich Fokina,First Round,198,199,15,27,3,6,189,181
50269190eb4d19900137ca8860dba3c1,2025-01-01,Hong Kong Tennis Open - Hong Kong,China,2024-12-31,Juncheng Shang,Chak Lam Coleman Wong,First Round,191,172,16,15,4,4,194,174
7b9ae1b1dc732c11ebffc7fc1c5d0055,2025-01-01,Hong Kong Tennis Open - Hong Kong,China,2024-12-31,Kei Nishikori,Denis Shapovalov,First Round,177,170,11,8,2,3,200,190
f81899ca472a1094cf18bb0d10911a32,2025-01-01,Hong Kong Tennis Open - Hong Kong,China,2024-12-31,Nuno Borges,Bu Yunchaokete,First Round,191,192,26,40,4,5,195,204
6089ed88e269cb130cf39c3b7c2e459f,2025-01-01,Hong Kong Tennis Open - Hong Kong,China,2024-12-31,Pedro Martinez Portero,Francesco Passaro,First Round,185,182,8,16,2,3,188,182
f0261fbee32161a734842af9ad7c38c0,2025-01-01,Hong Kong Tennis Open - Hong Kong,China,2024-12-31,Zizou Bergs,Alejandro Moro Canas,First Round,197,189,25,31,11,16,185,169
caadcade764cc5620c6e6b94798d3ce8,2025-01-01,Hong Kong Tennis Open - Hong Kong,China,2025-01-01,Alexandre Muller,Miomir Kecmanovic,Second Round,183,165,59,49,21,27,186,160
8afe7e6d5f2dc6847d7252b52e627fe0,2025-01-01,Hong Kong Tennis Open - Hong Kong,China,2025-01-01,Arthur Fils,Zizou Bergs,Second Round,205,176,12,29,6,8,197,178
705c2b56bcd29fdfbca8dad5d0ef5323,2025-01-01,Hong Kong Tennis Open - Hong Kong,China,2025-01-01,Cameron Norrie,Lorenzo Sonego,Second Round,184,159,21,18,10,14,196,181
fdeb77c96010f58228a632a6dac3c55a,2025-01-01,Hong Kong Tennis Open - Hong Kong,China,2025-01-01,Kei Nishikori,Karen Khachanov,Second Round,175,153,29,36,10,14,193,163
c75727d6534ff96d0bd055c241781a17,2025-01-01,Hong Kong Tennis Open - Hong Kong,China,2025-01-02,Fabian Marozsan,Andrey Rublev,Second Round,189,154,29,37,9,12,192,153
a484b44b67261f5fdab13c15f8903262,2025-01-01,Hong Kong Tennis Open - Hong Kong,China,2025-01-02,Jaume Antoni Munar Clar,Nuno Borges,Second Round,192,174,16,17,3,3,193,180
484421c27a5477d0ef5b7ffdea98bfb6,2025-01-01,Hong Kong Tennis Open - Hong Kong,China,2025-01-02,Juncheng Shang,Pedro Martinez Portero,Second Round,191,148,28,17,6,7,185,159
baa38af91ebd03a83d3d76fd527fc3a9,2025-01-01,Hong Kong Tennis Open - Hong Kong,China,2025-01-02,Lorenzo Musetti,Gabriel Diallo,Second Round,194,183,19,16,4,5,203,189
4e21e10fed12769851b665149462539c,2025-01-01,Hong Kong Tennis Open - Hong Kong,China,2025-01-03,Alexandre Muller,Arthur Fils,Quarter-Finals,181,162,11,30,7,9,195,172
9a9c02943cae4643b9a85bf4ccca2250,2025-01-01,Hong Kong Tennis Open - Hong Kong,China,2025-01-03,Jaume Antoni Munar Clar,Lorenzo Musetti,Quarter-Finals,194,160,29,43,16,19,195,158
ffa238f021ccf107d86bb08955de51a5,2025-01-01,Hong Kong Tennis Open - Hong Kong,China,2025-01-03,Juncheng Shang,Fabian Marozsan,Quarter-Finals,182,155,36,33,3,3,185,161
08aa17874d5de0040c9d5d5a5b62eef6,2025-01-01,Hong Kong Tennis Open - Hong Kong,China,2025-01-03,Kei Nishikori,Cameron Norrie,Quarter-Finals,175,146,24,32,7,8,183,150
93cc2e3949d4e65d19bba51c26dbd6ac,2025-01-01,Hong Kong Tennis Open - Hong Kong,China,2025-01-04,Alexandre Muller,Jaume Antoni Munar Clar,Semi-Finals,183,155,27,41,21,23,192,157
63e222af70f34bf4c7cb54b992cb0656,2025-01-01,Hong Kong Tennis Open - Hong Kong,China,2025-01-05,Alexandre Muller,Kei Nishikori,Final,179,154,13,22,7,8,174,151
11272cd68bf3c9579148aa74d662d31e,2025-03-03,BNP Paribas Open - Indian Wells,United States of America,2025-03-03,Adam Walton,Constant Lestienne,Qualifying First Round,,,21,29,8,13,,
124acfe378e6199bc8feee22811acdc9,2025-03-03,BNP Paribas Open - Indian Wells,United States of America,2025-03-03,Alexis Galarneau,Arthur Cazaux,Qualifying First Round,,,14,37,5,10,,
45bfae354561f8d923c306a4d4faf029,2025-03-03,BNP Paribas Open - Indian Wells,United States of America,2025-03-03,Botic Van De Zandschulp,Lukas Klein,Qualifying First Round,,,34,36,11,15,,
c208281aa40f1a99b18a675868d35bc6,2025-03-03,BNP Paribas Open - Indian Wells,United States of America,2025-03-03,Colton Smith,Fabio Fognini,Qualifying First Round,,,11,28,10,16,,
00b2b689a16cc2bb004e5ae5f0afc4fb,2025-03-03,BNP Paribas Open - Indian Wells,United States of America,2025-03-03,Cristian Garin,Daniel Altmaier,Qualifying First Round,,,18,33,10,17,,
8b06757b125fceed22ece027a018a569,2025-03-03,BNP Paribas Open - Indian Wells,United States of America,2025-03-03,Damir Dzumhur,Brandon Holt,Qualifying First Round,,,20,23,11,12,,
6031f79b13d7f34bf89d0a9a4a24e0f3,2025-03-03,BNP Paribas Open - Indian Wells,United States of America,2025-03-03,Eliot Spizzirri,Lloyd Harris,Qualifying First Round,,,11,30,3,6,,
a860dd50d71456786e68ad1313572983,2025-03-03,BNP Paribas Open - Indian Wells,United States of America,2025-03-03,Ethan Quinn,Tristan Schoolkate,Qualifying First Round,,,46,34,15,21,,
142b59c6c7ee2efe6aa2374ecab58809,2025-03-03,BNP Paribas Open - Indian Wells,United States of America,2025-03-03,Gabriel Diallo,Hady Habib,Qualifying First Round,,,29,35,11,15,,
095d496794e9b46c5118d7140962dbbd,2025-03-03,BNP Paribas Open - Indian Wells,United States of America,2025-03-03,Giulio Zeppieri,Chun Hsin Tseng,Qualifying First Round,,,18,22,1,1,,
05f4eee00290b70d7aa96db955fa3c3e,2025-03-03,BNP Paribas Open - Indian Wells,United States of America,2025-03-03,Hugo Gaston,James Kent Trotter,Qualifying First Round,,,8,11,3,3,,
5786de4f8787ee0f053bcafef9eac593,2025-03-03,BNP Paribas Open - Indian Wells,United States of America,2025-03-03,James Duckworth,Terence Atmane,Qualifying First Round,,,16,23,7,12,,
656d42bfc12043e1a55e6f9755e500a9,2025-03-03,BNP Paribas Open - Indian Wells,United States of America,2025-03-03,Kamil Majchrzak,Trevor Svajda,Qualifying First Round,,,15,19,0,1,,
ffc54694623a7f0e88124a69c6611027,2025-03-03,BNP Paribas Open - Indian Wells,United States of America,2025-03-03,Li Tu,Adrian Mannarino,Qualifying First Round,,,18,32,6,8,,
814a83b5be467de440e782afe342df27,2025-03-03,BNP Paribas Open - Indian Wells,United States of America,2025-03-03,Matteo Gigante,Mitchell Krueger,Qualifying First Round,,,16,18,4,5,,
1e723b7b952dffa0bc3989b6d6d912b6,2025-03-03,BNP Paribas Open - Indian Wells,United States of America,2025-03-03,Michael Mmoh,Billy Harris,Qualifying First Round,,,14,21,7,8,,
15c79c77a7492ec203dc64b46a75c425,2025-03-03,BNP Paribas Open - Indian Wells,United States of America,2025-03-03,Mikhail Kukushkin,Theo Papamalamis,Qualifying First Round,,,28,68,18,29,,
c11eeb530086522317ba71fb11c2c408,2025-03-03,BNP Paribas Open - Indian Wells,United States of America,2025-03-03,Nikoloz Basilashvili,Christopher Eubanks,Qualifying First Round,,,16,20,3,5,,
ae15bf76d0b7758b42a9004d9b448297,2025-03-03,BNP Paribas Open - Indian Wells,United States of America,2025-03-03,Pablo Carreno-Busta,Zachary Svajda,Qualifying First Round,,,30,37,4,5,,
61efe2fb4ca2e250e4ad9fbfe90c349f,2025-03-03,BNP Paribas Open - Indian Wells,United States of America,2025-03-03,Pavel Kotov,Chak Lam Coleman Wong,Qualifying First Round,,,13,43,3,10,,
7882527476803b42b4c7a89639fdbd13,2025-03-03,BNP Paribas Open - Indian Wells,United States of America,2025-03-03,Radu Albot,Taro Daniel,Qualifying First Round,,,43,46,12,16,,
0537b07eb3a7f632e0b0309cc3300b05,2025-03-03,BNP Paribas Open - Indian Wells,United States of America,2025-03-03,Rudy Quan,Federico Agustin Gomez,Qualifying First Round,,,16,21,4,4,,
0875a2b3f33ef511db16bbc279c69b3a,2025-03-03,BNP Paribas Open - Indian Wells,United States of America,2025-03-03,Yasutaka Uchiyama,Jozef Kovalik,Qualifying First Round,,,20,16,6,7,,
b3f34c4911fcd3c3bc5bca010568c59c,2025-03-03,BNP Paribas Open - Indian Wells,United States of America,2025-03-03,Yosuke Watanuki,Mattia Bellucci,Qualifying First Round,,,22,29,8,10,,
0bfaafc79e285af72207bf44bd35feec,2025-03-03,BNP Paribas Open - Indian Wells,United States of America,2025-03-04,Adam Walton,Michael Mmoh,Qualifying Final Round,,,18,31,9,14,,
c1b007de617d999144e9443b0ffd75ca,2025-03-03,BNP Paribas Open - Indian Wells,United States of America,2025-03-04,Colton Smith,Pavel Kotov,Qualifying Final Round,,,25,33,10,19,,
9eb57bbcedef143b6585f637a1977fe6,2025-03-03,BNP Paribas Open - Indian Wells,United States of America,2025-03-04,Damir Dzumhur,Radu Albot,Qualifying Final Round,,,14,22,7,10,,
07cf6e4e94b8ecbcd52263fc11794a1c,2025-03-03,BNP Paribas Open - Indian Wells,United States of America,2025-03-04,Ethan Quinn,Gabriel Diallo,Qualifying Final Round,,,26,23,14,18,,
a1de22885249a3082be72a68dfcd3cdb,2025-03-03,BNP Paribas Open - Indian Wells,United States of America,2025-03-04,Giulio Zeppieri,Mikhail Kukushkin,Qualifying Final Round,,,28,33,2,6,,
fead1964f09dfc8d0441195e6180077b,2025-03-03,BNP Paribas Open - Indian Wells,United States of America,2025-03-04,Hugo Gaston,Eliot Spizzirri,Qualifying Final Round,,,24,9,7,7,,
2fe85571e549cb1da6f46527a741dc69,2025-03-03,BNP Paribas Open - Indian Wells,United States of America,2025-03-04,Kamil Majchrzak,Cristian Garin,Qualifying Final Round,,,21,22,3,6,,
8427c2397462168e076052180c53595b,2025-03-03,BNP Paribas Open - Indian Wells,United States of America,2025-03-04,Li Tu,James Duckworth,Qualifying Final Round,,,12,19,9,12,,
92f405d56740ec73d1c28ff7513dd51b,2025-03-03,BNP Paribas Open - Indian Wells,United States of America,2025-03-04,Matteo Gigante,Botic Van De Zandschulp,Qualifying Final Round,,,14,31,5,6,,
25edf47d1b3adcd0b0d325a210c58ffa,2025-03-03,BNP Paribas Open - Indian Wells,United States of America,2025-03-04,Nikoloz Basilashvili,Yasutaka Uchiyama,Qualifying Final Round,,,26,35,5,7,,
99bb7b4540d2aca98e1aac9e22a5364a,2025-03-03,BNP Paribas Open - Indian Wells,United States of America,2025-03-04,Pablo Carreno-Busta,Alexis Galarneau,Qualifying Final Round,,,18,19,5,11,,
793d4a972c49bbd11cf2a59198612118,2025-03-03,BNP Paribas Open - Indian Wells,United States of America,2025-03-04,Yosuke Watanuki,Rudy Quan,Qualifying Final Round,,,22,20,6,8,,
6a7d3f5ae3d6a22f3b8f4ab1018df737,2025-03-03,BNP Paribas Open - Indian Wells,United States of America,2025-03-05,Bu Yunchaokete,Nishesh Basavareddy,First Round,186,193,18,19,6,6,188,173
9e4ad1a3b08391e37ba55644525f8640,2025-03-03,BNP Paribas Open - Indian Wells,United States of America,2025-03-05,Cameron Norrie,Luca Nardi,First Round,189,150,21,14,6,7,200,161
d0d8d6d9644de2d3fdb3be06a5f6dfe9,2025-03-03,BNP Paribas Open - Indian Wells,United States of America,2025-03-05,Christopher O'Connell,Roberto Carballes Baena,First Round,180,167,24,39,14,18,181,160
30a0df2c667594f8aa009b7bcefaac1d,2025-03-03,BNP Paribas Open - Indian Wells,United States of America,2025-03-05,Colton Smith,Flavio Cobolli,First Round,186,179,30,35,18,24,189,177
7434a9e6e677dadd7d22d608fd7eb1d3,2025-03-03,BNP Paribas Open - Indian Wells,United States of America,2025-03-05,Corentin Moutet,Jordan Thompson,First Round,173,148,27,34,10,13,193,168
fa476c579f25f008f0a39b2ff6df41b5,2025-03-03,BNP Paribas Open - Indian Wells,United States of America,2025-03-05,Damir Dzumhur,Roberto Bautista Agut,First Round,168,150,36,42,13,16,178,168
d42498802e61b27e332b5892a2b5f2a7,2025-03-03,BNP Paribas Open - Indian Wells,United States of America,2025-03-05,Fabian Marozsan,Pedro Martinez Portero,First Round,196,197,23,20,7,10,172,179
11599618029701afad7117dc29c91114,2025-03-03,BNP Paribas Open - Indian Wells,United States of America,2025-03-05,Kei Nishikori,Jaume Antoni Munar Clar,First Round,173,164,44,59,22,32,185,179
ec288b0913cddf4ec58b08dce308b94a,2025-03-03,BNP Paribas Open - Indian Wells,United States of America,2025-03-05,Marcos Giron,Nikoloz Basilashvili,First Round,193,180,20,30,1,1,191,175
20dfb538b3fa976fac63f2955170850c,2025-03-03,BNP Paribas Open - Indian Wells,United States of America,2025-03-05,Roman Safiullin,Reilly Opelka,First Round,191,177,13,17,3,4,205,188
4a0dc6033871e46a8bc9768967606d01,2025-03-03,BNP Paribas Open - Indian Wells,United States of America,2025-03-05,Tallon Griekspoor,Miomir Kecmanovic,First Round,198,184,47,38,14,17,190,179
9d45e0983ab1402f5bc18439a85f1748,2025-03-03,BNP Paribas Open - Indian Wells,United States of America,2025-03-05,Thiago Seyboth Wild,Alexandre Muller,First Round,192,169,40,49,12,16,187,168
99b0d49d91228d0e80b65ef6cdebbb48,2025-03-03,BNP Paribas Open - Indian Wells,United States of America,2025-03-05,Tristan Boyer,Aleksandar Vukic,First Round,183,171,21,32,8,10,194,184
2d001cbf38172e30affa89250f0561ce,2025-03-03,BNP Paribas Open - Indian Wells,United States of America,2025-03-05,Yosuke Watanuki,Alexander Bublik,First Round,191,162,37,21,6,11,193,177
cc25b5a58a1d1ee783951b9996f306b7,2025-03-03,BNP Paribas Open - Indian Wells,United States of America,2025-03-05,Zizou Bergs,Ethan Quinn,First Round,186,182,18,30,15,20,196,186
f1e8da03953719e8f7a195ab4c33f59c,2025-03-03,BNP Paribas Open - Indian Wells,United States of America,2025-03-06,Adam Walton,Giulio Zeppieri,First Round,174,171,9,18,7,7,193,180
91393458df839146472229f5396c1dd7,2025-03-03,BNP Paribas Open - Indian Wells,United States of America,2025-03-06,David Goffin,Lorenzo Sonego,First Round,178,168,13,38,7,11,191,189
f5f53f013ceecd018642275527528fa2,2025-03-03,BNP Paribas Open - Indian Wells,United States of America,2025-03-06,Dusan Lajovic,Li Tu,First Round,174,179,18,14,5,5,182,183
4730756bb8f76c948ae9f8c2d7d547c2,2025-03-03,BNP Paribas Open - Indian Wells,United States of America,2025-03-06,Gabriel Diallo,Zhizhen Zhang,First Round,205,183,29,35,13,22,205,173
78317db6686cc6d37e0e7dfbaac7c2d9,2025-03-03,BNP Paribas Open - Indian Wells,United States of America,2025-03-06,Gael Monfils,Jan-Lennard Struff,First Round,200,194,22,18,6,7,205,199
67d44d1ba089dc0a6272b84c0902ef48,2025-03-03,BNP Paribas Open - Indian Wells,United States of America,2025-03-06,Hugo Gaston,Luciano Darderi,First Round,178,165,34,23,8,10,186,164
26774c1fb72d720cbb55b5b259b4acf5,2025-03-03,BNP Paribas Open - Indian Wells,United States of America,2025-03-06,Jakub Mensik,Tomas Martin Etcheverry,First Round,204,190,25,34,8,9,201,192
4b3a628a324030e4a5daf05e028b440b,2025-03-03,BNP Paribas Open - Indian Wells,United States of America,2025-03-06,Jenson Brooksby,Benjamin Bonzi,First Round,183,166,35,48,18,23,177,170
36cb59bcd2b458c4ef51a691eb58aa46,2025-03-03,BNP Paribas Open - Indian Wells,United States of America,2025-03-06,Joao Fonseca,Jacob Fearnley,First Round,196,184,17,34,9,11,193,180
64cb29e285ba62492377f9ea696a18cd,2025-03-03,BNP Paribas Open - Indian Wells,United States of America,2025-03-06,Mackenzie Mcdonald,Alejandro Davidovich Fokina,First Round,184,159,14,46,8,10,171,169
78b95cb561aa4287b7aaf97a58ab58b0,2025-03-03,BNP Paribas Open - Indian Wells,United States of America,2025-03-06,Matteo Arnaldi,Aleksandar Kovacevic,First Round,191,182,28,33,7,14,191,183
dd281f3345629dc1692f1b3c511a12f8,2025-03-03,BNP Paribas Open - Indian Wells,United States of America,2025-03-06,Matteo Gigante,Sebastian Baez,First Round,192,180,24,53,7,13,167,158
3531224cfccbdf1262fda75919ea0056,2025-03-03,BNP Paribas Open - Indian Wells,United States of America,2025-03-06,Nuno Borges,Arthur Rinderknech,First Round,195,180,39,36,8,8,194,187
124a599edcd48549de5102f666c3547f,2025-03-03,BNP Paribas Open - Indian Wells,United States of America,2025-03-06,Rinky Hijikata,Alexander Shevchenko,First Round,155,167,17,16,6,9,171,152
087b2a9419b2362d4caa7d728a7e8fb6,2025-03-03,BNP Paribas Open - Indian Wells,United States of America,2025-03-07,Alex Michelsen,Colton Smith,Second Round,189,192,22,28,12,19,186,173
2f952d4aecfe5128e366be6f31246e9e,2025-03-03,BNP Paribas Open - Indian Wells,United States of America,2025-03-07,Alexei Popyrin,Zizou Bergs,Second Round,198,183,22,30,10,13,181,180
1306a75e16e89a50b0f0035a72040b8e,2025-03-03,BNP Paribas Open - Indian Wells,United States of America,2025-03-07,Arthur Fils,Gabriel Diallo,Second Round,195,180,14,13,6,8,202,204
4d376012ad6682a17e82a1dbe3d2e072,2025-03-03,BNP Paribas Open - Indian Wells,United States of America,2025-03-07,Cameron Norrie,Jiri Lehecka,Second Round,186,170,21,41,8,12,209,197
3704ae87d59158a468558f7ffdb2c748,2025-03-03,BNP Paribas Open - Indian Wells,United States of America,2025-03-07,Daniil Medvedev,Bu Yunchaokete,Second Round,193,177,23,22,3,5,187,171
dd172d9b3b2295521626b132d50a48a8,2025-03-03,BNP Paribas Open - Indian Wells,United States of America,2025-03-07,Frances Tiafoe,Damir Dzumhur,Second Round,198,141,36,57,14,21,168,149
43680ba818d733e0326035890e25835f,2025-03-03,BNP Paribas Open - Indian Wells,United States of America,2025-03-07,Holger Rune,Corentin Moutet,Second Round,189,171,12,17,9,11,171,168
7599f57f366e9f4c9eefb9cc29a02289,2025-03-03,BNP Paribas Open - Indian Wells,United States of America,2025-03-07,Lorenzo Musetti,Roman Safiullin,Second Round,179,179,37,39,9,12,182,176
8bd1ec8775cb1d2f7ef158b60b57f2b8,2025-03-03,BNP Paribas Open - Indian Wells,United States of America,2025-03-07,Marcos Giron,Casper Ruud,Second Round,187,187,35,43,11,15,187,183
d94f1cdb6e1757a6bd7f19e5e64ebfd6,2025-03-03,BNP Paribas Open - Indian Wells,United States of America,2025-03-07,Mariano Navone,Learner Tien,First Round,189,161,15,38,4,8,175,151
d279ae7317ac19adc2209a16d93220f2,2025-03-03,BNP Paribas Open - Indian Wells,United States of America,2025-03-07,Matteo Berrettini,Christopher O'Connell,Second Round,215,210,22,26,8,11,182,176
ab8ad71838291ace46f25be061adf8f6,2025-03-03,BNP Paribas Open - Indian Wells,United States of America,2025-03-07,Quentin Halys,Pablo Carreno-Busta,First Round,195,160,34,27,6,6,181,167
ca74ddbacef95c1d4c6bc96ef6a9ac6b,2025-03-03,BNP Paribas Open - Indian Wells,United States of America,2025-03-07,Stefanos Tsitsipas,Thiago Seyboth Wild,Second Round,194,163,24,15,11,12,195,190
df87261f8cb235100f34770f28b21618,2025-03-03,BNP Paribas Open - Indian Wells,United States of America,2025-03-07,Tallon Griekspoor,Alexander Zverev,Second Round,205,176,39,56,16,25,202,181
73ad7946b0c760a83cda6e4285c3e09c,2025-03-03,BNP Paribas Open - Indian Wells,United States of America,2025-03-07,Tommy Paul,Tristan Boyer,Second Round,180,184,11,16,4,6,198,173
2a9edf0ba29aaa6c0a3b35e8e1d5f09e,2025-03-03,BNP Paribas Open - Indian Wells,United States of America,2025-03-07,Ugo Humbert,Kei Nishikori,Second Round,195,180,21,32,1,1,168,168
6717fea1dccc76302c8a96cadcf7ef01,2025-03-03,BNP Paribas Open - Indian Wells,United States of America,2025-03-08,Alejandro Tabilo,Dusan Lajovic,Second Round,187,177,24,26,11,15,182,178
87e741e4ea021e46de8a5b8878ee1de4,2025-03-03,BNP Paribas Open - Indian Wells,United States of America,2025-03-08,Alex De Minaur,David Goffin,Second Round,200,166,12,25,10,13,177,151
75791e6bd98e383aa8d455c398cbf9ee,2025-03-03,BNP Paribas Open - Indian Wells,United States of America,2025-03-08,Ben Shelton,Mariano Navone,Second Round,194,194,21,20,8,14,192,175
1d93ff9613b66693bd9960647bd206ab,2025-03-03,BNP Paribas Open - Indian Wells,United States of America,2025-03-08,Botic Van De Zandschulp,Novak Djokovic,Second Round,182,175,26,25,10,12,187,191
02811cf784f8994f0298f42759d670e6,2025-03-03,BNP Paribas Open - Indian Wells,United States of America,2025-03-08,Brandon Nakashima,Rinky Hijikata,Second Round,199,193,29,19,8,11,178,155
ce0a3c6b087f50771601d2d414dafad8,2025-03-03,BNP Paribas Open - Indian Wells,United States of America,2025-03-08,Carlos Alcaraz,Quentin Halys,Second Round,201,200,25,18,2,2,196,195
e348b6cc50a3a34eec84716311392ff4,2025-03-03,BNP Paribas Open - Indian Wells,United States of America,2025-03-08,Denis Shapovalov,Adam Walton,Second Round,185,189,17,26,6,8,188,189
25a86ca9a81352da8c7f361b9704ea49,2025-03-03,BNP Paribas Open - Indian Wells,United States of America,2025-03-08,Francisco Cerundolo,Mackenzie Mcdonald,Second Round,185,189,31,57,11,13,178,183
7555cd96655ec33067af33f16a2fb95c,2025-03-03,BNP Paribas Open - Indian Wells,United States of America,2025-03-08,Gael Monfils,Sebastian Korda,Second Round,200,176,18,27,10,11,195,161
b977a053b3eae30995539455d1ff0bb4,2025-03-03,BNP Paribas Open - Indian Wells,United States of America,2025-03-08,Grigor Dimitrov,Nuno Borges,Second Round,193,183,22,32,8,9,196,162
3c91d69af629a8eaaa18250fc8113b44,2025-03-03,BNP Paribas Open - Indian Wells,United States of America,2025-03-08,Hubert Hurkacz,Hugo Gaston,Second Round,201,197,26,30,10,15,174,162
676fd513c37bb2352622116f7dc234d7,2025-03-03,BNP Paribas Open - Indian Wells,United States of America,2025-03-08,Jack Draper,Joao Fonseca,Second Round,200,182,19,16,3,5,192,182
8530549874f86c578352dce56701474f,2025-03-03,BNP Paribas Open - Indian Wells,United States of America,2025-03-08,Jenson Brooksby,Felix Auger Aliassime,Second Round,183,177,10,19,4,5,201,196
1da124efea72909fba6d08ec64908204,2025-03-03,BNP Paribas Open - Indian Wells,United States of America,2025-03-08,Karen Khachanov,Jakub Mensik,Second Round,196,180,25,29,10,14,202,166
b0c41d322f5ae0961557421710cdb459,2025-03-03,BNP Paribas Open - Indian Wells,United States of America,2025-03-08,Matteo Arnaldi,Andrey Rublev,Second Round,186,191,8,11,2,3,181,189
b9f6ff12ccfbb65c3fa50774e67ad2b1,2025-03-03,BNP Paribas Open - Indian Wells,United States of America,2025-03-08,Taylor Harry Fritz,Matteo Gigante,Second Round,200,190,17,23,9,13,196,186
f84e979e74c0699f2d6fe44d64c01e63,2025-03-03,BNP Paribas Open - Indian Wells,United States of America,2025-03-09,Arthur Fils,Lorenzo Musetti,Third Round,203,165,34,52,16,20,187,151
f3cc4b012c1010e05a3564099807ed82,2025-03-03,BNP Paribas Open - Indian Wells,United States of America,2025-03-09,Holger Rune,Ugo Humbert,Third Round,191,160,29,42,7,9,195,167
ca9b0996f5bd13e4df529b942eeb86d2,2025-03-03,BNP Paribas Open - Indian Wells,United States of America,2025-03-09,Marcos Giron,Alexei Popyrin,Third Round,186,173,25,46,10,13,197,184
c32387ae5d71890807099945fa504021,2025-03-03,BNP Paribas Open - Indian Wells,United States of America,2025-03-09,Stefanos Tsitsipas,Matteo Berrettini,Third Round,203,185,12,11,7,7,204,197
ce0cc2c2171f0a97a78909e1a094223b,2025-03-03,BNP Paribas Open - Indian Wells,United States of America,2025-03-09,Tallon Griekspoor,Giovanni Mpetshi Perricard,Third Round,196,194,25,10,8,10,210,206
09e04b0e58adb662b18bd53f436b6dba,2025-03-03,BNP Paribas Open - Indian Wells,United States of America,2025-03-09,Tommy Paul,Cameron Norrie,Third Round,191,188,24,29,7,8,188,176
d8fccdb7dbb95b6660e1a42e656a183c,2025-03-03,BNP Paribas Open - Indian Wells,United States of America,2025-03-09,Yosuke Watanuki,Frances Tiafoe,Third Round,197,164,47,31,9,14,200,164
11ab9c38ba34e9ae767c32b0ffb6543c,2025-03-03,BNP Paribas Open - Indian Wells,United States of America,2025-03-10,Alex De Minaur,Hubert Hurkacz,Third Round,204,178,7,10,1,2,193,201
e8fba1504fcb52e19068f9559107dd97,2025-03-03,BNP Paribas Open - Indian Wells,United States of America,2025-03-10,Ben Shelton,Karen Khachanov,Third Round,188,175,30,25,12,21,200,165
f3c5b80b584ec9957b582db3ea4a8af4,2025-03-03,BNP Paribas Open - Indian Wells,United States of America,2025-03-10,Brandon Nakashima,Matteo Arnaldi,Third Round,201,180,15,12,10,12,188,185
b46c05180c94302793081fe66ae187b5,2025-03-03,BNP Paribas Open - Indian Wells,United States of America,2025-03-10,Carlos Alcaraz,Denis Shapovalov,Third Round,198,161,15,17,6,10,188,164
d56afc219eeddcab63f7cf2c95fb89fb,2025-03-03,BNP Paribas Open - Indian Wells,United States of America,2025-03-10,Francisco Cerundolo,Botic Van De Zandschulp,Third Round,186,173,19,30,9,9,181,176
cf6063fd226fe21ede5b91e9551e5158,2025-03-03,BNP Paribas Open - Indian Wells,United States of America,2025-03-10,Grigor Dimitrov,Gael Monfils,Third Round,194,154,28,49,11,18,195,158
4728ce98cc6075b16bfed4919cbf03b5,2025-03-03,BNP Paribas Open - Indian Wells,United States of America,2025-03-10,Jack Draper,Jenson Brooksby,Third Round,199,182,21,26,8,9,182,175
8d051ed7810d64d6c36b91ea92ed657e,2025-03-03,BNP Paribas Open - Indian Wells,United States of America,2025-03-10,Taylor Harry Fritz,Alejandro Tabilo,Third Round,201,178,31,43,9,10,182,174
082bd4bce705f9e34a9411469a74ef63,2025-03-03,BNP Paribas Open - Indian Wells,United States of America,2025-03-11,Arthur Fils,Marcos Giron,Fourth Round,206,160,27,45,9,11,186,143
ef91acef7cf06e0e2f13b43d92fb5aab,2025-03-03,BNP Paribas Open - Indian Wells,United States of America,2025-03-11,Daniil Medvedev,Tommy Paul,Fourth Round,193,156,17,15,3,4,194,154
907d13cf9a4e3850a0e79efc8f31db9c,2025-03-03,BNP Paribas Open - Indian Wells,United States of America,2025-03-11,Holger Rune,Stefanos Tsitsipas,Fourth Round,198,153,22,22,10,11,200,171
d278e063f69139d0d5942fa9e4913a09,2025-03-03,BNP Paribas Open - Indian Wells,United States of America,2025-03-11,Tallon Griekspoor,Yosuke Watanuki,Fourth Round,200,170,14,11,4,4,197,161
788002a32c20a69c4e411315ab8876de,2025-03-03,BNP Paribas Open - Indian Wells,United States of America,2025-03-12,Ben Shelton,Brandon Nakashima,Fourth Round,193,189,26,18,6,15,185,151
a3db1d0b567306e56ed554c42cba95cd,2025-03-03,BNP Paribas Open - Indian Wells,United States of America,2025-03-12,Carlos Alcaraz,Grigor Dimitrov,Fourth Round,190,153,20,14,6,7,194,161
78284c4689ccb4140fba5ef7e56bdacd,2025-03-03,BNP Paribas Open - Indian Wells,United States of America,2025-03-12,Francisco Cerundolo,Alex De Minaur,Fourth Round,184,157,22,39,8,10,194,174
cf066f945c238cb444b68248b869de7f,2025-03-03,BNP Paribas Open - Indian Wells,United States of America,2025-03-12,Jack Draper,Taylor Harry Fritz,Fourth Round,206,157,23,17,7,7,198,162
241f7c1082d2f4e147b466694b3bf5a3,2025-03-03,BNP Paribas Open - Indian Wells,United States of America,2025-03-13,Carlos Alcaraz,Francisco Cerundolo,Quarter-Finals,194,156,23,27,18,23,184,157
fbf8428b4f94caadef653c72c7d83a90,2025-03-03,BNP Paribas Open - Indian Wells,United States of America,2025-03-13,Daniil Medvedev,Arthur Fils,Quarter-Finals,190,166,17,30,3,3,198,172
e5d963e336ec234fd8eb3d85b225052f,2025-03-03,BNP Paribas Open - Indian Wells,United States of America,2025-03-13,Holger Rune,Tallon Griekspoor,Quarter-Finals,185,169,33,26,8,9,201,167
054f2bb5973019b03d0b8aab83f8a3be,2025-03-03,BNP Paribas Open - Indian Wells,United States of America,2025-03-13,Jack Draper,Ben Shelton,Quarter-Finals,190,151,20,9,11,15,199,178
35bfdcd8b2a20eeea2a5c6b3a809fbdf,2025-03-03,BNP Paribas Open - Indian Wells,United States of America,2025-03-15,Holger Rune,Daniil Medvedev,Semi-Finals,196,152,20,28,7,10,193,158
dc04ed35abe4d7c2b0e8dcc02439699f,2025-03-03,BNP Paribas Open - Indian Wells,United States of America,2025-03-15,Jack Draper,Carlos Alcaraz,Semi-Finals,190,163,13,24,6,8,191,184
0dd436f4eb8e0afaba4e14eb2a51af43,2025-03-03,BNP Paribas Open - Indian Wells,United States of America,2025-03-16,Jack Draper,Holger Rune,Final,202,188,21,16,3,5,193,166
3edd74f2d0c4af2aea49f71d6db86903,2025-03-17,Miami Open - Miami,United States of America,2025-03-17,Adam Walton,Mikhail Kukushkin,Qualifying First Round,177,199,20,13,2,2,185,158
15f583678bdaa9c9cd499f30a4dbe794,2025-03-17,Miami Open - Miami,United States of America,2025-03-17,Alexander Blockx,Otto Virtanen,Qualifying First Round,181,152,34,26,6,12,198,175
a47439825e874c3bd2f179e855d52f38,2025-03-17,Miami Open - Miami,United States of America,2025-03-17,Alexander Shevchenko,Lukas Klein,Qualifying First Round,180,193,20,18,5,6,187,172
d7a7e2c2616aea8fa3d82024b6438fac,2025-03-17,Miami Open - Miami,United States of America,2025-03-17,Billy Harris,Mikael Ymer,Qualifying First Round,195,173,34,44,14,19,165,180
d951c32d31547fda39f48ef61570723c,2025-03-17,Miami Open - Miami,United States of America,2025-03-17,Brandon Holt,Martin Damm,Qualifying First Round,177,171,13,17,3,4,194,186
9f874112046d86f11a47e4c9d37c5aa3,2025-03-17,Miami Open - Miami,United States of America,2025-03-17,Camilo Ugo Carabelli,Mitchell Krueger,Qualifying First Round,185,174,25,32,7,8,189,178
891f4af83e3a642860bf52f31f895e55,2025-03-17,Miami Open - Miami,United States of America,2025-03-17,Christopher O'Connell,Liam Draxl,Qualifying First Round,181,163,27,24,9,11,180,163
3fa6f31af6d8bb3ccf3b399fc08b8aa3,2025-03-17,Miami Open - Miami,United States of America,2025-03-17,Chun Hsin Tseng,Alejandro Moro Canas,Qualifying First Round,172,191,22,23,10,14,184,157
e6feb424b2257cf4defa55e31f9bda71,2025-03-17,Miami Open - Miami,United States of America,2025-03-17,Darwin Blanch,Taro Daniel,Qualifying First Round,186,179,39,45,2,2,169,175
2241aa24c85e0fa846b10403bf6c5498,2025-03-17,Miami Open - Miami,United States of America,2025-03-17,Ethan Quinn,Adrian Mannarino,Qualifying First Round,204,178,39,43,11,20,185,154
66d17ee29b265953d58cd49d8edf64ce,2025-03-17,Miami Open - Miami,United States of America,2025-03-17,Francisco Comesana,Michael Mmoh,Qualifying First Round,188,190,24,15,3,8,195,190
5f6a06038e5c2bdf5f2a077198095a27,2025-03-17,Miami Open - Miami,United States of America,2025-03-17,Gabriel Diallo,Yosuke Watanuki,Qualifying First Round,201,193,26,26,4,5,188,189
719e6de619a58ec88d9c088e6e7979dd,2025-03-17,Miami Open - Miami,United States of America,2025-03-17,Hugo Gaston,Hady Habib,Qualifying First Round,173,165,15,16,3,4,196,182
da074abc099f686b629d2bd37db0508e,2025-03-17,Miami Open - Miami,United States of America,2025-03-17,Jacob Fearnley,Thijs Boogaard,Qualifying First Round,194,174,13,25,4,5,186,170
5e5b584d7654ef063bef28a8c7d17822,2025-03-17,Miami Open - Miami,United States of America,2025-03-17,James Duckworth,Federico Agustin Gomez,Qualifying First Round,198,187,17,21,8,11,194,186
ea9251997ba9192b250a0924103e2af1,2025-03-17,Miami Open - Miami,United States of America,2025-03-17,Marco Trungelliti,Alexander Ritschard,Qualifying First Round,189,176,24,40,3,7,165,172
21baa05259a1e77cdab97e61c3d7154a,2025-03-17,Miami Open - Miami,United States of America,2025-03-17,Pavel Kotov,Alexis Galarneau,Qualifying First Round,205,163,28,32,11,18,179,159
e25259cb225e2524606f86526c40a916,2025-03-17,Miami Open - Miami,United States of America,2025-03-17,Rei Sakamoto,Kamil Majchrzak,Qualifying First Round,199,170,41,44,8,11,186,178
77ff96e1c019f27d8d67242a0ad6c7ed,2025-03-17,Miami Open - Miami,United States of America,2025-03-17,Shintaro Mochizuki,Yannick Hanfmann,Qualifying First Round,168,151,26,31,17,22,186,156
32166c91c8144f86036584216ac64ef8,2025-03-17,Miami Open - Miami,United States of America,2025-03-17,Terence Atmane,Luca Nardi,Qualifying First Round,166,141,26,32,13,14,184,174
56d8875931b59882e8aaac370f92ad47,2025-03-17,Miami Open - Miami,United States of America,2025-03-17,Thiago Agustin Tirante,Dusan Lajovic,Qualifying First Round,197,171,20,22,4,6,174,161
0ddd6dacaa07a2e03051b5822b7d8334,2025-03-17,Miami Open - Miami,United States of America,2025-03-17,Tristan Boyer,Yasutaka Uchiyama,Qualifying First Round,172,165,23,25,12,21,199,168
74b1d7d51b8d8b357a85126164236556,2025-03-17,Miami Open - Miami,United States of America,2025-03-17,Tristan Schoolkate,Stefano Napolitano,Qualifying First Round,194,175,41,57,8,15,189,165
aeff3f26c6828c9ade80ed5cd209a9ad,2025-03-17,Miami Open - Miami,United States of America,2025-03-18,Alexander Blockx,Terence Atmane,Qualifying Final Round,183,163,22,21,5,6,173,131
d299b4122ff3c7cc1656b799400d3dc2,2025-03-17,Miami Open - Miami,United States of America,2025-03-18,Billy Harris,Hugo Gaston,Qualifying Final Round,195,185,25,22,4,5,167,153
cb14b0b2a33f0f028475bd2bf245e447,2025-03-17,Miami Open - Miami,United States of America,2025-03-18,Brandon Holt,Gabriel Diallo,Qualifying Final Round,180,145,14,20,4,6,209,186
55ee64046f14cb340d8b1ef7b0c29799,2025-03-17,Miami Open - Miami,United States of America,2025-03-18,Christopher O'Connell,Marco Trungelliti,Qualifying Final Round,178,190,19,16,5,9,184,183
f864295821d9abcce7b2cec991d84d1b,2025-03-17,Miami Open - Miami,United States of America,2025-03-18,Chun Hsin Tseng,Darwin Blanch,Qualifying Final Round,180,168,10,17,0,0,187,173
2baec6eb1fd45c112ed6c34c81acde71,2025-03-17,Miami Open - Miami,United States of America,2025-03-18,Ethan Quinn,Camilo Ugo Carabelli,Qualifying Final Round,194,201,43,37,17,29,195,167
1f1bb40bca3c98e87348d2ae9d3e447d,2025-03-17,Miami Open - Miami,United States of America,2025-03-18,Francisco Comesana,Shintaro Mochizuki,Qualifying Final Round,193,174,20,47,6,10,167,134
eab33f49d89617bde3c814034c50ae82,2025-03-17,Miami Open - Miami,United States of America,2025-03-18,Jacob Fearnley,Tristan Boyer,Qualifying Final Round,196,182,13,24,7,9,185,166
1ae2ae54a31dd245d62b300212e19daa,2025-03-17,Miami Open - Miami,United States of America,2025-03-18,Mackenzie Mcdonald,Pavel Kotov,Qualifying Final Round,181,165,13,13,5,6,189,169
706912bfb4ec6de0c76806a01dcdafd0,2025-03-17,Miami Open - Miami,United States of America,2025-03-18,Rei Sakamoto,James Duckworth,Qualifying Final Round,192,188,34,26,6,7,190,179
0b54016cb938fd938de40acbe121cd9b,2025-03-17,Miami Open - Miami,United States of America,2025-03-18,Thiago Agustin Tirante,Alexander Shevchenko,Qualifying Final Round,202,194,21,21,4,4,183,164
257987e2f38ee1b752b332154a1ce258,2025-03-17,Miami Open - Miami,United States of America,2025-03-18,Tristan Schoolkate,Adam Walton,Qualifying Final Round,196,175,29,25,6,7,192,173
b9961ae5304e3c377d39e1a7b73e4676,2025-03-17,Miami Open - Miami,United States of America,2025-03-19,Alexander Bublik,Sebastian Baez,First Round,196,190,20,27,7,11,178,162
852d185841dba7604eecdb14e0726533,2025-03-17,Miami Open - Miami,United States of America,2025-03-19,Camilo Ugo Carabelli,Brandon Holt,First Round,189,175,25,50,4,6,174,154
d50c6f08e61ca8b3b590a31a7a236a4b,2025-03-17,Miami Open - Miami,United States of America,2025-03-19,Chun Hsin Tseng,Mattia Bellucci,First Round,190,167,13,14,3,3,194,190
8e836925f1036dc1b0bcb1f39fd7ebd5,2025-03-17,Miami Open - Miami,United States of America,2025-03-19,Corentin Moutet,Alexander Blockx,First Round,170,172,16,25,12,17,186,175
8327404a38c72a3c2b6001833e358f4c,2025-03-17,Miami Open - Miami,United States of America,2025-03-19,David Goffin,Aleksandar Vukic,First Round,178,169,23,25,5,7,187,179
9421a0131377029dfa6020beebe09231,2025-03-17,Miami Open - Miami,United States of America,2025-03-19,Federico Cina,Francisco Comesana,First Round,185,168,24,29,12,20,185,202
8a97529719c6e809a974ec15bafd7d53,2025-03-17,Miami Open - Miami,United States of America,2025-03-19,Gael Monfils,Fabian Marozsan,First Round,184,187,38,19,3,4,196,178
b1555b138259431c59e8ddd9b43caaf4,2025-03-17,Miami Open - Miami,United States of America,2025-03-19,Miomir Kecmanovic,Aleksandar Kovacevic,First Round,191,192,18,23,2,3,186,211
66c2684f7225406ac7ecfd3ade0dc7f2,2025-03-17,Miami Open - Miami,United States of America,2025-03-19,Nick Kyrgios,Mackenzie Mcdonald,First Round,205,183,36,30,3,7,180,153
b46f60f33cc59fdb5f3c2b1761ef2f51,2025-03-17,Miami Open - Miami,United States of America,2025-03-19,Rinky Hijikata,Hamad Medjedovic,First Round,173,177,19,25,7,13,194,190
ff4c790bde1367641e4d6c89d3bd216f,2025-03-17,Miami Open - Miami,United States of America,2025-03-19,Roberto Carballes Baena,Christopher O'Connell,First Round,187,183,26,33,9,15,185,169
4ae1e72fbab1a9dc8c7f57a258f3d2b8,2025-03-17,Miami Open - Miami,United States of America,2025-03-19,Tristan Schoolkate,Ethan Quinn,First Round,189,163,21,9,5,7,195,163
